{
	"credit": "Made with Blockbench",
	"textures": {
		"0": "prominent:item/transmog/abominable_scythe",
		"particle": "prominent:item/transmog/abominable_scythe"
	},
	"elements": [
		{
			"name": "abominable_scythe_0",
			"from": [8.125, 11.5, 7.9],
			"to": [8.375, 12.125, 8.225],
			"faces": {
				"north": {"uv": [8.375, 3.125, 8.125, 3.75], "texture": "#0"},
				"east": {"uv": [8.25, 3.125, 8.375, 3.75], "texture": "#0"},
				"south": {"uv": [8.125, 3.125, 8.375, 3.75], "texture": "#0"},
				"west": {"uv": [8.125, 3.125, 8.25, 3.75], "texture": "#0"},
				"up": {"uv": [8.125, 3.125, 8.375, 3.25], "texture": "#0"},
				"down": {"uv": [8.125, 3.625, 8.375, 3.75], "texture": "#0"}
			}
		},
		{
			"name": "abominable_scythe_1",
			"from": [8.375, 12, 7.9],
			"to": [8.5, 12.125, 8.225],
			"faces": {
				"north": {"uv": [8.5, 3.125, 8.375, 3.25], "texture": "#0"},
				"east": {"uv": [8.375, 3.125, 8.5, 3.25], "texture": "#0"},
				"south": {"uv": [8.375, 3.125, 8.5, 3.25], "texture": "#0"},
				"west": {"uv": [8.375, 3.125, 8.5, 3.25], "texture": "#0"},
				"up": {"uv": [8.375, 3.125, 8.5, 3.25], "texture": "#0"},
				"down": {"uv": [8.375, 3.125, 8.5, 3.25], "texture": "#0"}
			}
		},
		{
			"name": "abominable_scythe_2",
			"from": [7.75, 11.75, 7.9],
			"to": [8.125, 12, 8.225],
			"faces": {
				"north": {"uv": [8.125, 3.25, 7.75, 3.5], "texture": "#0"},
				"east": {"uv": [8, 3.25, 8.125, 3.5], "texture": "#0"},
				"south": {"uv": [7.75, 3.25, 8.125, 3.5], "texture": "#0"},
				"west": {"uv": [7.75, 3.25, 7.875, 3.5], "texture": "#0"},
				"up": {"uv": [7.75, 3.25, 8.125, 3.375], "texture": "#0"},
				"down": {"uv": [7.75, 3.375, 8.125, 3.5], "texture": "#0"}
			}
		},
		{
			"name": "abominable_scythe_3",
			"from": [7.5, 11.75, 7.9],
			"to": [7.75, 11.875, 8.225],
			"faces": {
				"north": {"uv": [7.75, 3.375, 7.5, 3.5], "texture": "#0"},
				"east": {"uv": [7.625, 3.375, 7.75, 3.5], "texture": "#0"},
				"south": {"uv": [7.5, 3.375, 7.75, 3.5], "texture": "#0"},
				"west": {"uv": [7.5, 3.375, 7.625, 3.5], "texture": "#0"},
				"up": {"uv": [7.5, 3.375, 7.75, 3.5], "texture": "#0"},
				"down": {"uv": [7.5, 3.375, 7.75, 3.5], "texture": "#0"}
			}
		},
		{
			"name": "abominable_scythe_4",
			"from": [8.375, 11.5, 7.9],
			"to": [8.5, 11.875, 8.225],
			"faces": {
				"north": {"uv": [8.5, 3.375, 8.375, 3.75], "texture": "#0"},
				"east": {"uv": [8.375, 3.375, 8.5, 3.75], "texture": "#0"},
				"south": {"uv": [8.375, 3.375, 8.5, 3.75], "texture": "#0"},
				"west": {"uv": [8.375, 3.375, 8.5, 3.75], "texture": "#0"},
				"up": {"uv": [8.375, 3.375, 8.5, 3.5], "texture": "#0"},
				"down": {"uv": [8.375, 3.625, 8.5, 3.75], "texture": "#0"}
			}
		},
		{
			"name": "abominable_scythe_5",
			"from": [7.875, 11.625, 7.9],
			"to": [8.125, 11.75, 8.225],
			"faces": {
				"north": {"uv": [8.125, 3.5, 7.875, 3.625], "texture": "#0"},
				"east": {"uv": [8, 3.5, 8.125, 3.625], "texture": "#0"},
				"south": {"uv": [7.875, 3.5, 8.125, 3.625], "texture": "#0"},
				"west": {"uv": [7.875, 3.5, 8, 3.625], "texture": "#0"},
				"up": {"uv": [7.875, 3.5, 8.125, 3.625], "texture": "#0"},
				"down": {"uv": [7.875, 3.5, 8.125, 3.625], "texture": "#0"}
			}
		},
		{
			"name": "abominable_scythe_6",
			"from": [8.5, 11.375, 7.9],
			"to": [8.625, 11.625, 8.225],
			"faces": {
				"north": {"uv": [8.625, 3.625, 8.5, 3.875], "texture": "#0"},
				"east": {"uv": [8.5, 3.625, 8.625, 3.875], "texture": "#0"},
				"south": {"uv": [8.5, 3.625, 8.625, 3.875], "texture": "#0"},
				"west": {"uv": [8.5, 3.625, 8.625, 3.875], "texture": "#0"},
				"up": {"uv": [8.5, 3.625, 8.625, 3.75], "texture": "#0"},
				"down": {"uv": [8.5, 3.75, 8.625, 3.875], "texture": "#0"}
			}
		},
		{
			"name": "abominable_scythe_7",
			"from": [8.375, 11.875, 8],
			"to": [8.875, 12, 8.125],
			"faces": {
				"north": {"uv": [8.875, 4, 8.375, 4.125], "texture": "#0"},
				"east": {"uv": [8.75, 4, 8.875, 4.125], "texture": "#0"},
				"south": {"uv": [8.375, 4, 8.875, 4.125], "texture": "#0"},
				"west": {"uv": [8.375, 4, 8.5, 4.125], "texture": "#0"},
				"up": {"uv": [8.375, 4, 8.875, 4.125], "texture": "#0"},
				"down": {"uv": [8.375, 4, 8.875, 4.125], "texture": "#0"}
			}
		},
		{
			"name": "abominable_scythe_8",
			"from": [6.5, 11.625, 8],
			"to": [7.5, 11.875, 8.125],
			"faces": {
				"north": {"uv": [7.5, 4.125, 6.5, 4.375], "texture": "#0"},
				"east": {"uv": [7.375, 4.125, 7.5, 4.375], "texture": "#0"},
				"south": {"uv": [6.5, 4.125, 7.5, 4.375], "texture": "#0"},
				"west": {"uv": [6.5, 4.125, 6.625, 4.375], "texture": "#0"},
				"up": {"uv": [6.5, 4.125, 7.5, 4.25], "texture": "#0"},
				"down": {"uv": [6.5, 4.25, 7.5, 4.375], "texture": "#0"}
			}
		},
		{
			"name": "abominable_scythe_9",
			"from": [8.5, 11.75, 8],
			"to": [8.75, 11.875, 8.125],
			"faces": {
				"north": {"uv": [8.75, 4.125, 8.5, 4.25], "texture": "#0"},
				"east": {"uv": [8.625, 4.125, 8.75, 4.25], "texture": "#0"},
				"south": {"uv": [8.5, 4.125, 8.75, 4.25], "texture": "#0"},
				"west": {"uv": [8.5, 4.125, 8.625, 4.25], "texture": "#0"},
				"up": {"uv": [8.5, 4.125, 8.75, 4.25], "texture": "#0"},
				"down": {"uv": [8.5, 4.125, 8.75, 4.25], "texture": "#0"}
			}
		},
		{
			"name": "abominable_scythe_10",
			"from": [9.5, 11.625, 8],
			"to": [9.625, 11.875, 8.225],
			"faces": {
				"north": {"uv": [12.625, 4.125, 12.5, 4.375], "texture": "#0"},
				"east": {"uv": [12.5, 4.125, 12.625, 4.375], "texture": "#0"},
				"south": {"uv": [12.5, 4.125, 12.625, 4.375], "texture": "#0"},
				"west": {"uv": [12.5, 4.125, 12.625, 4.375], "texture": "#0"},
				"up": {"uv": [12.5, 4.125, 12.625, 4.25], "texture": "#0"},
				"down": {"uv": [12.5, 4.25, 12.625, 4.375], "texture": "#0"}
			}
		},
		{
			"name": "abominable_scythe_11",
			"from": [5.875, 11.5, 8],
			"to": [6.375, 11.75, 8.125],
			"faces": {
				"north": {"uv": [6.375, 4.25, 5.875, 4.5], "texture": "#0"},
				"east": {"uv": [6.25, 4.25, 6.375, 4.5], "texture": "#0"},
				"south": {"uv": [5.875, 4.25, 6.375, 4.5], "texture": "#0"},
				"west": {"uv": [5.875, 4.25, 6, 4.5], "texture": "#0"},
				"up": {"uv": [5.875, 4.25, 6.375, 4.375], "texture": "#0"},
				"down": {"uv": [5.875, 4.375, 6.375, 4.5], "texture": "#0"}
			}
		},
		{
			"name": "abominable_scythe_12",
			"from": [6.375, 11.625, 8],
			"to": [6.5, 11.75, 8.125],
			"faces": {
				"north": {"uv": [6.5, 4.25, 6.375, 4.375], "texture": "#0"},
				"east": {"uv": [6.375, 4.25, 6.5, 4.375], "texture": "#0"},
				"south": {"uv": [6.375, 4.25, 6.5, 4.375], "texture": "#0"},
				"west": {"uv": [6.375, 4.25, 6.5, 4.375], "texture": "#0"},
				"up": {"uv": [6.375, 4.25, 6.5, 4.375], "texture": "#0"},
				"down": {"uv": [6.375, 4.25, 6.5, 4.375], "texture": "#0"}
			}
		},
		{
			"name": "abominable_scythe_13",
			"from": [7.5, 11.5, 8],
			"to": [7.875, 11.75, 8.125],
			"faces": {
				"north": {"uv": [7.875, 4.25, 7.5, 4.5], "texture": "#0"},
				"east": {"uv": [7.75, 4.25, 7.875, 4.5], "texture": "#0"},
				"south": {"uv": [7.5, 4.25, 7.875, 4.5], "texture": "#0"},
				"west": {"uv": [7.5, 4.25, 7.625, 4.5], "texture": "#0"},
				"up": {"uv": [7.5, 4.25, 7.875, 4.375], "texture": "#0"},
				"down": {"uv": [7.5, 4.375, 7.875, 4.5], "texture": "#0"}
			}
		},
		{
			"name": "abominable_scythe_14",
			"from": [8.5, 11.625, 8],
			"to": [8.625, 11.75, 8.125],
			"faces": {
				"north": {"uv": [8.625, 4.25, 8.5, 4.375], "texture": "#0"},
				"east": {"uv": [8.5, 4.25, 8.625, 4.375], "texture": "#0"},
				"south": {"uv": [8.5, 4.25, 8.625, 4.375], "texture": "#0"},
				"west": {"uv": [8.5, 4.25, 8.625, 4.375], "texture": "#0"},
				"up": {"uv": [8.5, 4.25, 8.625, 4.375], "texture": "#0"},
				"down": {"uv": [8.5, 4.25, 8.625, 4.375], "texture": "#0"}
			}
		},
		{
			"name": "abominable_scythe_15",
			"from": [9.375, 11.5, 8],
			"to": [9.5, 11.75, 8.225],
			"faces": {
				"north": {"uv": [12.5, 4.25, 12.375, 4.5], "texture": "#0"},
				"east": {"uv": [12.375, 4.25, 12.5, 4.5], "texture": "#0"},
				"south": {"uv": [12.375, 4.25, 12.5, 4.5], "texture": "#0"},
				"west": {"uv": [12.375, 4.25, 12.5, 4.5], "texture": "#0"},
				"up": {"uv": [12.375, 4.25, 12.5, 4.375], "texture": "#0"},
				"down": {"uv": [12.375, 4.375, 12.5, 4.5], "texture": "#0"}
			}
		},
		{
			"name": "abominable_scythe_16",
			"from": [6.375, 11.375, 7.95],
			"to": [7.5, 11.625, 8.175],
			"faces": {
				"north": {"uv": [4.5, 4.375, 3.375, 4.625], "texture": "#0"},
				"east": {"uv": [4.375, 4.375, 4.5, 4.625], "texture": "#0"},
				"south": {"uv": [3.375, 4.375, 4.5, 4.625], "texture": "#0"},
				"west": {"uv": [3.375, 4.375, 3.5, 4.625], "texture": "#0"},
				"up": {"uv": [3.375, 4.375, 4.5, 4.5], "texture": "#0"},
				"down": {"uv": [3.375, 4.5, 4.5, 4.625], "texture": "#0"}
			}
		},
		{
			"name": "abominable_scythe_17",
			"from": [5.5, 11.375, 8],
			"to": [5.875, 11.625, 8.125],
			"faces": {
				"north": {"uv": [5.875, 4.375, 5.5, 4.625], "texture": "#0"},
				"east": {"uv": [5.75, 4.375, 5.875, 4.625], "texture": "#0"},
				"south": {"uv": [5.5, 4.375, 5.875, 4.625], "texture": "#0"},
				"west": {"uv": [5.5, 4.375, 5.625, 4.625], "texture": "#0"},
				"up": {"uv": [5.5, 4.375, 5.875, 4.5], "texture": "#0"},
				"down": {"uv": [5.5, 4.5, 5.875, 4.625], "texture": "#0"}
			}
		},
		{
			"name": "abominable_scythe_18",
			"from": [7.875, 11.5, 8],
			"to": [8.125, 11.625, 8.125],
			"faces": {
				"north": {"uv": [8.125, 4.375, 7.875, 4.5], "texture": "#0"},
				"east": {"uv": [8, 4.375, 8.125, 4.5], "texture": "#0"},
				"south": {"uv": [7.875, 4.375, 8.125, 4.5], "texture": "#0"},
				"west": {"uv": [7.875, 4.375, 8, 4.5], "texture": "#0"},
				"up": {"uv": [7.875, 4.375, 8.125, 4.5], "texture": "#0"},
				"down": {"uv": [7.875, 4.375, 8.125, 4.5], "texture": "#0"}
			}
		},
		{
			"name": "abominable_scythe_19",
			"from": [8.625, 11.5, 8],
			"to": [9, 11.625, 8.125],
			"faces": {
				"north": {"uv": [9, 4.375, 8.625, 4.5], "texture": "#0"},
				"east": {"uv": [8.875, 4.375, 9, 4.5], "texture": "#0"},
				"south": {"uv": [8.625, 4.375, 9, 4.5], "texture": "#0"},
				"west": {"uv": [8.625, 4.375, 8.75, 4.5], "texture": "#0"},
				"up": {"uv": [8.625, 4.375, 9, 4.5], "texture": "#0"},
				"down": {"uv": [8.625, 4.375, 9, 4.5], "texture": "#0"}
			}
		},
		{
			"name": "abominable_scythe_20",
			"from": [9, 11.375, 8],
			"to": [9.375, 11.625, 8.225],
			"faces": {
				"north": {"uv": [12.375, 4.375, 12, 4.625], "texture": "#0"},
				"east": {"uv": [12.25, 4.375, 12.375, 4.625], "texture": "#0"},
				"south": {"uv": [12, 4.375, 12.375, 4.625], "texture": "#0"},
				"west": {"uv": [12, 4.375, 12.125, 4.625], "texture": "#0"},
				"up": {"uv": [12, 4.375, 12.375, 4.5], "texture": "#0"},
				"down": {"uv": [12, 4.5, 12.375, 4.625], "texture": "#0"}
			}
		},
		{
			"name": "abominable_scythe_21",
			"from": [6, 11.375, 7.95],
			"to": [6.375, 11.5, 8.175],
			"faces": {
				"north": {"uv": [3.375, 4.5, 3, 4.625], "texture": "#0"},
				"east": {"uv": [3.25, 4.5, 3.375, 4.625], "texture": "#0"},
				"south": {"uv": [3, 4.5, 3.375, 4.625], "texture": "#0"},
				"west": {"uv": [3, 4.5, 3.125, 4.625], "texture": "#0"},
				"up": {"uv": [3, 4.5, 3.375, 4.625], "texture": "#0"},
				"down": {"uv": [3, 4.5, 3.375, 4.625], "texture": "#0"}
			}
		},
		{
			"name": "abominable_scythe_22",
			"from": [7.5, 11.375, 7.95],
			"to": [7.75, 11.5, 8.175],
			"faces": {
				"north": {"uv": [4.75, 4.5, 4.5, 4.625], "texture": "#0"},
				"east": {"uv": [4.625, 4.5, 4.75, 4.625], "texture": "#0"},
				"south": {"uv": [4.5, 4.5, 4.75, 4.625], "texture": "#0"},
				"west": {"uv": [4.5, 4.5, 4.625, 4.625], "texture": "#0"},
				"up": {"uv": [4.5, 4.5, 4.75, 4.625], "texture": "#0"},
				"down": {"uv": [4.5, 4.5, 4.75, 4.625], "texture": "#0"}
			}
		},
		{
			"name": "abominable_scythe_23",
			"from": [5.125, 10.75, 8],
			"to": [5.5, 11.5, 8.125],
			"faces": {
				"north": {"uv": [5.5, 4.5, 5.125, 5.25], "texture": "#0"},
				"east": {"uv": [5.375, 4.5, 5.5, 5.25], "texture": "#0"},
				"south": {"uv": [5.125, 4.5, 5.5, 5.25], "texture": "#0"},
				"west": {"uv": [5.125, 4.5, 5.25, 5.25], "texture": "#0"},
				"up": {"uv": [5.125, 4.5, 5.5, 4.625], "texture": "#0"},
				"down": {"uv": [5.125, 5.125, 5.5, 5.25], "texture": "#0"}
			}
		},
		{
			"name": "abominable_scythe_24",
			"from": [5.875, 11.375, 8],
			"to": [6, 11.5, 8.125],
			"faces": {
				"north": {"uv": [6, 4.5, 5.875, 4.625], "texture": "#0"},
				"east": {"uv": [5.875, 4.5, 6, 4.625], "texture": "#0"},
				"south": {"uv": [5.875, 4.5, 6, 4.625], "texture": "#0"},
				"west": {"uv": [5.875, 4.5, 6, 4.625], "texture": "#0"},
				"up": {"uv": [5.875, 4.5, 6, 4.625], "texture": "#0"},
				"down": {"uv": [5.875, 4.5, 6, 4.625], "texture": "#0"}
			}
		},
		{
			"name": "abominable_scythe_25",
			"from": [7.75, 11.375, 7.8],
			"to": [8.5, 11.5, 8.325],
			"faces": {
				"north": {"uv": [11.25, 4.5, 10.5, 4.625], "texture": "#0"},
				"east": {"uv": [11.125, 4.5, 11.25, 4.625], "texture": "#0"},
				"south": {"uv": [10.5, 4.5, 11.25, 4.625], "texture": "#0"},
				"west": {"uv": [10.5, 4.5, 10.625, 4.625], "texture": "#0"},
				"up": {"uv": [10.5, 4.5, 11.25, 4.625], "texture": "#0"},
				"down": {"uv": [10.5, 4.5, 11.25, 4.625], "texture": "#0"}
			}
		},
		{
			"name": "abominable_scythe_26",
			"from": [8.625, 11.375, 8],
			"to": [9, 11.5, 8.225],
			"faces": {
				"north": {"uv": [12, 4.5, 11.625, 4.625], "texture": "#0"},
				"east": {"uv": [11.875, 4.5, 12, 4.625], "texture": "#0"},
				"south": {"uv": [11.625, 4.5, 12, 4.625], "texture": "#0"},
				"west": {"uv": [11.625, 4.5, 11.75, 4.625], "texture": "#0"},
				"up": {"uv": [11.625, 4.5, 12, 4.625], "texture": "#0"},
				"down": {"uv": [11.625, 4.5, 12, 4.625], "texture": "#0"}
			}
		},
		{
			"name": "abominable_scythe_27",
			"from": [5.75, 11.25, 7.95],
			"to": [6, 11.375, 8.175],
			"faces": {
				"north": {"uv": [3, 4.625, 2.75, 4.75], "texture": "#0"},
				"east": {"uv": [2.875, 4.625, 3, 4.75], "texture": "#0"},
				"south": {"uv": [2.75, 4.625, 3, 4.75], "texture": "#0"},
				"west": {"uv": [2.75, 4.625, 2.875, 4.75], "texture": "#0"},
				"up": {"uv": [2.75, 4.625, 3, 4.75], "texture": "#0"},
				"down": {"uv": [2.75, 4.625, 3, 4.75], "texture": "#0"}
			}
		},
		{
			"name": "abominable_scythe_28",
			"from": [6.875, 11.25, 7.95],
			"to": [7.125, 11.375, 8.175],
			"faces": {
				"north": {"uv": [4.125, 4.625, 3.875, 4.75], "texture": "#0"},
				"east": {"uv": [4, 4.625, 4.125, 4.75], "texture": "#0"},
				"south": {"uv": [3.875, 4.625, 4.125, 4.75], "texture": "#0"},
				"west": {"uv": [3.875, 4.625, 4, 4.75], "texture": "#0"},
				"up": {"uv": [3.875, 4.625, 4.125, 4.75], "texture": "#0"},
				"down": {"uv": [3.875, 4.625, 4.125, 4.75], "texture": "#0"}
			}
		},
		{
			"name": "abominable_scythe_29",
			"from": [7.25, 11.25, 7.95],
			"to": [7.625, 11.375, 8.175],
			"faces": {
				"north": {"uv": [4.625, 4.625, 4.25, 4.75], "texture": "#0"},
				"east": {"uv": [4.5, 4.625, 4.625, 4.75], "texture": "#0"},
				"south": {"uv": [4.25, 4.625, 4.625, 4.75], "texture": "#0"},
				"west": {"uv": [4.25, 4.625, 4.375, 4.75], "texture": "#0"},
				"up": {"uv": [4.25, 4.625, 4.625, 4.75], "texture": "#0"},
				"down": {"uv": [4.25, 4.625, 4.625, 4.75], "texture": "#0"}
			}
		},
		{
			"name": "abominable_scythe_30",
			"from": [4.875, 10.75, 8],
			"to": [5.125, 11.375, 8.125],
			"faces": {
				"north": {"uv": [5.125, 4.625, 4.875, 5.25], "texture": "#0"},
				"east": {"uv": [5, 4.625, 5.125, 5.25], "texture": "#0"},
				"south": {"uv": [4.875, 4.625, 5.125, 5.25], "texture": "#0"},
				"west": {"uv": [4.875, 4.625, 5, 5.25], "texture": "#0"},
				"up": {"uv": [4.875, 4.625, 5.125, 4.75], "texture": "#0"},
				"down": {"uv": [4.875, 5.125, 5.125, 5.25], "texture": "#0"}
			}
		},
		{
			"name": "abominable_scythe_31",
			"from": [5.5, 10.875, 8],
			"to": [5.75, 11.375, 8.125],
			"faces": {
				"north": {"uv": [5.75, 4.625, 5.5, 5.125], "texture": "#0"},
				"east": {"uv": [5.625, 4.625, 5.75, 5.125], "texture": "#0"},
				"south": {"uv": [5.5, 4.625, 5.75, 5.125], "texture": "#0"},
				"west": {"uv": [5.5, 4.625, 5.625, 5.125], "texture": "#0"},
				"up": {"uv": [5.5, 4.625, 5.75, 4.75], "texture": "#0"},
				"down": {"uv": [5.5, 5, 5.75, 5.125], "texture": "#0"}
			}
		},
		{
			"name": "abominable_scythe_32",
			"from": [6, 10.875, 8],
			"to": [6.875, 11.375, 8.125],
			"faces": {
				"north": {"uv": [6.875, 4.625, 6, 5.125], "texture": "#0"},
				"east": {"uv": [6.75, 4.625, 6.875, 5.125], "texture": "#0"},
				"south": {"uv": [6, 4.625, 6.875, 5.125], "texture": "#0"},
				"west": {"uv": [6, 4.625, 6.125, 5.125], "texture": "#0"},
				"up": {"uv": [6, 4.625, 6.875, 4.75], "texture": "#0"},
				"down": {"uv": [6, 5, 6.875, 5.125], "texture": "#0"}
			}
		},
		{
			"name": "abominable_scythe_33",
			"from": [7.125, 10.75, 8],
			"to": [7.25, 11.375, 8.125],
			"faces": {
				"north": {"uv": [7.25, 4.625, 7.125, 5.25], "texture": "#0"},
				"east": {"uv": [7.125, 4.625, 7.25, 5.25], "texture": "#0"},
				"south": {"uv": [7.125, 4.625, 7.25, 5.25], "texture": "#0"},
				"west": {"uv": [7.125, 4.625, 7.25, 5.25], "texture": "#0"},
				"up": {"uv": [7.125, 4.625, 7.25, 4.75], "texture": "#0"},
				"down": {"uv": [7.125, 5.125, 7.25, 5.25], "texture": "#0"}
			}
		},
		{
			"name": "abominable_scythe_34",
			"from": [7.75, 10.5, 8],
			"to": [8.375, 11.375, 8.125],
			"faces": {
				"north": {"uv": [8.375, 4.625, 7.75, 5.5], "texture": "#0"},
				"east": {"uv": [8.25, 4.625, 8.375, 5.5], "texture": "#0"},
				"south": {"uv": [7.75, 4.625, 8.375, 5.5], "texture": "#0"},
				"west": {"uv": [7.75, 4.625, 7.875, 5.5], "texture": "#0"},
				"up": {"uv": [7.75, 4.625, 8.375, 4.75], "texture": "#0"},
				"down": {"uv": [7.75, 5.375, 8.375, 5.5], "texture": "#0"}
			}
		},
		{
			"name": "abominable_scythe_35",
			"from": [8.625, 11, 8],
			"to": [9, 11.375, 8.125],
			"faces": {
				"north": {"uv": [9, 4.625, 8.625, 5], "texture": "#0"},
				"east": {"uv": [8.875, 4.625, 9, 5], "texture": "#0"},
				"south": {"uv": [8.625, 4.625, 9, 5], "texture": "#0"},
				"west": {"uv": [8.625, 4.625, 8.75, 5], "texture": "#0"},
				"up": {"uv": [8.625, 4.625, 9, 4.75], "texture": "#0"},
				"down": {"uv": [8.625, 4.875, 9, 5], "texture": "#0"}
			}
		},
		{
			"name": "abominable_scythe_36",
			"from": [9.25, 10.75, 8],
			"to": [9.375, 11.375, 8.125],
			"faces": {
				"north": {"uv": [9.375, 4.625, 9.25, 5.25], "texture": "#0"},
				"east": {"uv": [9.25, 4.625, 9.375, 5.25], "texture": "#0"},
				"south": {"uv": [9.25, 4.625, 9.375, 5.25], "texture": "#0"},
				"west": {"uv": [9.25, 4.625, 9.375, 5.25], "texture": "#0"},
				"up": {"uv": [9.25, 4.625, 9.375, 4.75], "texture": "#0"},
				"down": {"uv": [9.25, 5.125, 9.375, 5.25], "texture": "#0"}
			}
		},
		{
			"name": "abominable_scythe_37",
			"from": [7.625, 11.25, 7.8],
			"to": [7.75, 11.375, 8.325],
			"faces": {
				"north": {"uv": [10.5, 4.625, 10.375, 4.75], "texture": "#0"},
				"east": {"uv": [10.375, 4.625, 10.5, 4.75], "texture": "#0"},
				"south": {"uv": [10.375, 4.625, 10.5, 4.75], "texture": "#0"},
				"west": {"uv": [10.375, 4.625, 10.5, 4.75], "texture": "#0"},
				"up": {"uv": [10.375, 4.625, 10.5, 4.75], "texture": "#0"},
				"down": {"uv": [10.375, 4.625, 10.5, 4.75], "texture": "#0"}
			}
		},
		{
			"name": "abominable_scythe_38",
			"from": [8.375, 11.25, 7.8],
			"to": [8.5, 11.375, 8.325],
			"faces": {
				"north": {"uv": [11.25, 4.625, 11.125, 4.75], "texture": "#0"},
				"east": {"uv": [11.125, 4.625, 11.25, 4.75], "texture": "#0"},
				"south": {"uv": [11.125, 4.625, 11.25, 4.75], "texture": "#0"},
				"west": {"uv": [11.125, 4.625, 11.25, 4.75], "texture": "#0"},
				"up": {"uv": [11.125, 4.625, 11.25, 4.75], "texture": "#0"},
				"down": {"uv": [11.125, 4.625, 11.25, 4.75], "texture": "#0"}
			}
		},
		{
			"name": "abominable_scythe_39",
			"from": [8.5, 11.25, 8],
			"to": [8.625, 11.375, 8.225],
			"faces": {
				"north": {"uv": [11.625, 4.625, 11.5, 4.75], "texture": "#0"},
				"east": {"uv": [11.5, 4.625, 11.625, 4.75], "texture": "#0"},
				"south": {"uv": [11.5, 4.625, 11.625, 4.75], "texture": "#0"},
				"west": {"uv": [11.5, 4.625, 11.625, 4.75], "texture": "#0"},
				"up": {"uv": [11.5, 4.625, 11.625, 4.75], "texture": "#0"},
				"down": {"uv": [11.5, 4.625, 11.625, 4.75], "texture": "#0"}
			}
		},
		{
			"name": "abominable_scythe_40",
			"from": [9, 11.25, 8],
			"to": [9.25, 11.375, 8.225],
			"faces": {
				"north": {"uv": [12.25, 4.625, 12, 4.75], "texture": "#0"},
				"east": {"uv": [12.125, 4.625, 12.25, 4.75], "texture": "#0"},
				"south": {"uv": [12, 4.625, 12.25, 4.75], "texture": "#0"},
				"west": {"uv": [12, 4.625, 12.125, 4.75], "texture": "#0"},
				"up": {"uv": [12, 4.625, 12.25, 4.75], "texture": "#0"},
				"down": {"uv": [12, 4.625, 12.25, 4.75], "texture": "#0"}
			}
		},
		{
			"name": "abominable_scythe_41",
			"from": [4.75, 10.625, 8],
			"to": [4.875, 11.25, 8.125],
			"faces": {
				"north": {"uv": [4.875, 4.75, 4.75, 5.375], "texture": "#0"},
				"east": {"uv": [4.75, 4.75, 4.875, 5.375], "texture": "#0"},
				"south": {"uv": [4.75, 4.75, 4.875, 5.375], "texture": "#0"},
				"west": {"uv": [4.75, 4.75, 4.875, 5.375], "texture": "#0"},
				"up": {"uv": [4.75, 4.75, 4.875, 4.875], "texture": "#0"},
				"down": {"uv": [4.75, 5.25, 4.875, 5.375], "texture": "#0"}
			}
		},
		{
			"name": "abominable_scythe_42",
			"from": [5.75, 10.875, 8],
			"to": [6, 11.25, 8.125],
			"faces": {
				"north": {"uv": [6, 4.75, 5.75, 5.125], "texture": "#0"},
				"east": {"uv": [5.875, 4.75, 6, 5.125], "texture": "#0"},
				"south": {"uv": [5.75, 4.75, 6, 5.125], "texture": "#0"},
				"west": {"uv": [5.75, 4.75, 5.875, 5.125], "texture": "#0"},
				"up": {"uv": [5.75, 4.75, 6, 4.875], "texture": "#0"},
				"down": {"uv": [5.75, 5, 6, 5.125], "texture": "#0"}
			}
		},
		{
			"name": "abominable_scythe_43",
			"from": [6.875, 10.75, 8],
			"to": [7.125, 11.25, 8.125],
			"faces": {
				"north": {"uv": [7.125, 4.75, 6.875, 5.25], "texture": "#0"},
				"east": {"uv": [7, 4.75, 7.125, 5.25], "texture": "#0"},
				"south": {"uv": [6.875, 4.75, 7.125, 5.25], "texture": "#0"},
				"west": {"uv": [6.875, 4.75, 7, 5.25], "texture": "#0"},
				"up": {"uv": [6.875, 4.75, 7.125, 4.875], "texture": "#0"},
				"down": {"uv": [6.875, 5.125, 7.125, 5.25], "texture": "#0"}
			}
		},
		{
			"name": "abominable_scythe_44",
			"from": [7.25, 10.875, 8],
			"to": [7.5, 11.25, 8.125],
			"faces": {
				"north": {"uv": [7.5, 4.75, 7.25, 5.125], "texture": "#0"},
				"east": {"uv": [7.375, 4.75, 7.5, 5.125], "texture": "#0"},
				"south": {"uv": [7.25, 4.75, 7.5, 5.125], "texture": "#0"},
				"west": {"uv": [7.25, 4.75, 7.375, 5.125], "texture": "#0"},
				"up": {"uv": [7.25, 4.75, 7.5, 4.875], "texture": "#0"},
				"down": {"uv": [7.25, 5, 7.5, 5.125], "texture": "#0"}
			}
		},
		{
			"name": "abominable_scythe_45",
			"from": [7.625, 10.625, 8],
			"to": [7.75, 11.25, 8.125],
			"faces": {
				"north": {"uv": [7.75, 4.75, 7.625, 5.375], "texture": "#0"},
				"east": {"uv": [7.625, 4.75, 7.75, 5.375], "texture": "#0"},
				"south": {"uv": [7.625, 4.75, 7.75, 5.375], "texture": "#0"},
				"west": {"uv": [7.625, 4.75, 7.75, 5.375], "texture": "#0"},
				"up": {"uv": [7.625, 4.75, 7.75, 4.875], "texture": "#0"},
				"down": {"uv": [7.625, 5.25, 7.75, 5.375], "texture": "#0"}
			}
		},
		{
			"name": "abominable_scythe_46",
			"from": [8.375, 10.625, 8],
			"to": [8.5, 11.25, 8.125],
			"faces": {
				"north": {"uv": [8.5, 4.75, 8.375, 5.375], "texture": "#0"},
				"east": {"uv": [8.375, 4.75, 8.5, 5.375], "texture": "#0"},
				"south": {"uv": [8.375, 4.75, 8.5, 5.375], "texture": "#0"},
				"west": {"uv": [8.375, 4.75, 8.5, 5.375], "texture": "#0"},
				"up": {"uv": [8.375, 4.75, 8.5, 4.875], "texture": "#0"},
				"down": {"uv": [8.375, 5.25, 8.5, 5.375], "texture": "#0"}
			}
		},
		{
			"name": "abominable_scythe_47",
			"from": [9.125, 10.875, 8],
			"to": [9.25, 11.25, 8.125],
			"faces": {
				"north": {"uv": [9.25, 4.75, 9.125, 5.125], "texture": "#0"},
				"east": {"uv": [9.125, 4.75, 9.25, 5.125], "texture": "#0"},
				"south": {"uv": [9.125, 4.75, 9.25, 5.125], "texture": "#0"},
				"west": {"uv": [9.125, 4.75, 9.25, 5.125], "texture": "#0"},
				"up": {"uv": [9.125, 4.75, 9.25, 4.875], "texture": "#0"},
				"down": {"uv": [9.125, 5, 9.25, 5.125], "texture": "#0"}
			}
		},
		{
			"name": "abominable_scythe_48",
			"from": [9.375, 10.75, 8],
			"to": [9.5, 11.25, 8.125],
			"faces": {
				"north": {"uv": [9.5, 4.75, 9.375, 5.25], "texture": "#0"},
				"east": {"uv": [9.375, 4.75, 9.5, 5.25], "texture": "#0"},
				"south": {"uv": [9.375, 4.75, 9.5, 5.25], "texture": "#0"},
				"west": {"uv": [9.375, 4.75, 9.5, 5.25], "texture": "#0"},
				"up": {"uv": [9.375, 4.75, 9.5, 4.875], "texture": "#0"},
				"down": {"uv": [9.375, 5.125, 9.5, 5.25], "texture": "#0"}
			}
		},
		{
			"name": "abominable_scythe_49",
			"from": [7.5, 10.5, 7.8],
			"to": [7.625, 11.25, 8.325],
			"faces": {
				"north": {"uv": [10.375, 4.75, 10.25, 5.5], "texture": "#0"},
				"east": {"uv": [10.25, 4.75, 10.375, 5.5], "texture": "#0"},
				"south": {"uv": [10.25, 4.75, 10.375, 5.5], "texture": "#0"},
				"west": {"uv": [10.25, 4.75, 10.375, 5.5], "texture": "#0"},
				"up": {"uv": [10.25, 4.75, 10.375, 4.875], "texture": "#0"},
				"down": {"uv": [10.25, 5.375, 10.375, 5.5], "texture": "#0"}
			}
		},
		{
			"name": "abominable_scythe_50",
			"from": [8.5, 10.625, 7.8],
			"to": [8.625, 11.25, 8.325],
			"faces": {
				"north": {"uv": [11.375, 4.75, 11.25, 5.375], "texture": "#0"},
				"east": {"uv": [11.25, 4.75, 11.375, 5.375], "texture": "#0"},
				"south": {"uv": [11.25, 4.75, 11.375, 5.375], "texture": "#0"},
				"west": {"uv": [11.25, 4.75, 11.375, 5.375], "texture": "#0"},
				"up": {"uv": [11.25, 4.75, 11.375, 4.875], "texture": "#0"},
				"down": {"uv": [11.25, 5.25, 11.375, 5.375], "texture": "#0"}
			}
		},
		{
			"name": "abominable_scythe_51",
			"from": [9, 11, 8],
			"to": [9.125, 11.25, 8.225],
			"faces": {
				"north": {"uv": [12.125, 4.75, 12, 5], "texture": "#0"},
				"east": {"uv": [12, 4.75, 12.125, 5], "texture": "#0"},
				"south": {"uv": [12, 4.75, 12.125, 5], "texture": "#0"},
				"west": {"uv": [12, 4.75, 12.125, 5], "texture": "#0"},
				"up": {"uv": [12, 4.75, 12.125, 4.875], "texture": "#0"},
				"down": {"uv": [12, 4.875, 12.125, 5], "texture": "#0"}
			}
		},
		{
			"name": "abominable_scythe_52",
			"from": [4.5, 10.625, 8],
			"to": [4.75, 11.125, 8.125],
			"faces": {
				"north": {"uv": [4.75, 4.875, 4.5, 5.375], "texture": "#0"},
				"east": {"uv": [4.625, 4.875, 4.75, 5.375], "texture": "#0"},
				"south": {"uv": [4.5, 4.875, 4.75, 5.375], "texture": "#0"},
				"west": {"uv": [4.5, 4.875, 4.625, 5.375], "texture": "#0"},
				"up": {"uv": [4.5, 4.875, 4.75, 5], "texture": "#0"},
				"down": {"uv": [4.5, 5.25, 4.75, 5.375], "texture": "#0"}
			}
		},
		{
			"name": "abominable_scythe_53",
			"from": [9.5, 10.75, 8],
			"to": [9.75, 11.125, 8.125],
			"faces": {
				"north": {"uv": [9.75, 4.875, 9.5, 5.25], "texture": "#0"},
				"east": {"uv": [9.625, 4.875, 9.75, 5.25], "texture": "#0"},
				"south": {"uv": [9.5, 4.875, 9.75, 5.25], "texture": "#0"},
				"west": {"uv": [9.5, 4.875, 9.625, 5.25], "texture": "#0"},
				"up": {"uv": [9.5, 4.875, 9.75, 5], "texture": "#0"},
				"down": {"uv": [9.5, 5.125, 9.75, 5.25], "texture": "#0"}
			}
		},
		{
			"name": "abominable_scythe_54",
			"from": [4.375, 10.5, 8],
			"to": [4.5, 11, 8.125],
			"faces": {
				"north": {"uv": [4.5, 5, 4.375, 5.5], "texture": "#0"},
				"east": {"uv": [4.375, 5, 4.5, 5.5], "texture": "#0"},
				"south": {"uv": [4.375, 5, 4.5, 5.5], "texture": "#0"},
				"west": {"uv": [4.375, 5, 4.5, 5.5], "texture": "#0"},
				"up": {"uv": [4.375, 5, 4.5, 5.125], "texture": "#0"},
				"down": {"uv": [4.375, 5.375, 4.5, 5.5], "texture": "#0"}
			}
		},
		{
			"name": "abominable_scythe_55",
			"from": [9, 10.875, 8],
			"to": [9.125, 11, 8.125],
			"faces": {
				"north": {"uv": [9.125, 5, 9, 5.125], "texture": "#0"},
				"east": {"uv": [9, 5, 9.125, 5.125], "texture": "#0"},
				"south": {"uv": [9, 5, 9.125, 5.125], "texture": "#0"},
				"west": {"uv": [9, 5, 9.125, 5.125], "texture": "#0"},
				"up": {"uv": [9, 5, 9.125, 5.125], "texture": "#0"},
				"down": {"uv": [9, 5, 9.125, 5.125], "texture": "#0"}
			}
		},
		{
			"name": "abominable_scythe_56",
			"from": [8.625, 10.875, 8],
			"to": [9, 11, 8.225],
			"faces": {
				"north": {"uv": [12, 5, 11.625, 5.125], "texture": "#0"},
				"east": {"uv": [11.875, 5, 12, 5.125], "texture": "#0"},
				"south": {"uv": [11.625, 5, 12, 5.125], "texture": "#0"},
				"west": {"uv": [11.625, 5, 11.75, 5.125], "texture": "#0"},
				"up": {"uv": [11.625, 5, 12, 5.125], "texture": "#0"},
				"down": {"uv": [11.625, 5, 12, 5.125], "texture": "#0"}
			}
		},
		{
			"name": "abominable_scythe_57",
			"from": [4.25, 10.5, 8],
			"to": [4.375, 10.875, 8.125],
			"faces": {
				"north": {"uv": [4.375, 5.125, 4.25, 5.5], "texture": "#0"},
				"east": {"uv": [4.25, 5.125, 4.375, 5.5], "texture": "#0"},
				"south": {"uv": [4.25, 5.125, 4.375, 5.5], "texture": "#0"},
				"west": {"uv": [4.25, 5.125, 4.375, 5.5], "texture": "#0"},
				"up": {"uv": [4.25, 5.125, 4.375, 5.25], "texture": "#0"},
				"down": {"uv": [4.25, 5.375, 4.375, 5.5], "texture": "#0"}
			}
		},
		{
			"name": "abominable_scythe_58",
			"from": [6.625, 10.75, 8],
			"to": [6.875, 10.875, 8.125],
			"faces": {
				"north": {"uv": [6.875, 5.125, 6.625, 5.25], "texture": "#0"},
				"east": {"uv": [6.75, 5.125, 6.875, 5.25], "texture": "#0"},
				"south": {"uv": [6.625, 5.125, 6.875, 5.25], "texture": "#0"},
				"west": {"uv": [6.625, 5.125, 6.75, 5.25], "texture": "#0"},
				"up": {"uv": [6.625, 5.125, 6.875, 5.25], "texture": "#0"},
				"down": {"uv": [6.625, 5.125, 6.875, 5.25], "texture": "#0"}
			}
		},
		{
			"name": "abominable_scythe_59",
			"from": [7.25, 10.75, 8],
			"to": [7.375, 10.875, 8.125],
			"faces": {
				"north": {"uv": [7.375, 5.125, 7.25, 5.25], "texture": "#0"},
				"east": {"uv": [7.25, 5.125, 7.375, 5.25], "texture": "#0"},
				"south": {"uv": [7.25, 5.125, 7.375, 5.25], "texture": "#0"},
				"west": {"uv": [7.25, 5.125, 7.375, 5.25], "texture": "#0"},
				"up": {"uv": [7.25, 5.125, 7.375, 5.25], "texture": "#0"},
				"down": {"uv": [7.25, 5.125, 7.375, 5.25], "texture": "#0"}
			}
		},
		{
			"name": "abominable_scythe_60",
			"from": [9.75, 10.625, 8],
			"to": [9.875, 10.875, 8.125],
			"faces": {
				"north": {"uv": [9.875, 5.125, 9.75, 5.375], "texture": "#0"},
				"east": {"uv": [9.75, 5.125, 9.875, 5.375], "texture": "#0"},
				"south": {"uv": [9.75, 5.125, 9.875, 5.375], "texture": "#0"},
				"west": {"uv": [9.75, 5.125, 9.875, 5.375], "texture": "#0"},
				"up": {"uv": [9.75, 5.125, 9.875, 5.25], "texture": "#0"},
				"down": {"uv": [9.75, 5.25, 9.875, 5.375], "texture": "#0"}
			}
		},
		{
			"name": "abominable_scythe_61",
			"from": [7.375, 10.5, 7.8],
			"to": [7.5, 10.875, 8.325],
			"faces": {
				"north": {"uv": [10.25, 5.125, 10.125, 5.5], "texture": "#0"},
				"east": {"uv": [10.125, 5.125, 10.25, 5.5], "texture": "#0"},
				"south": {"uv": [10.125, 5.125, 10.25, 5.5], "texture": "#0"},
				"west": {"uv": [10.125, 5.125, 10.25, 5.5], "texture": "#0"},
				"up": {"uv": [10.125, 5.125, 10.25, 5.25], "texture": "#0"},
				"down": {"uv": [10.125, 5.375, 10.25, 5.5], "texture": "#0"}
			}
		},
		{
			"name": "abominable_scythe_62",
			"from": [4.125, 10.375, 8],
			"to": [4.25, 10.75, 8.125],
			"faces": {
				"north": {"uv": [4.25, 5.25, 4.125, 5.625], "texture": "#0"},
				"east": {"uv": [4.125, 5.25, 4.25, 5.625], "texture": "#0"},
				"south": {"uv": [4.125, 5.25, 4.25, 5.625], "texture": "#0"},
				"west": {"uv": [4.125, 5.25, 4.25, 5.625], "texture": "#0"},
				"up": {"uv": [4.125, 5.25, 4.25, 5.375], "texture": "#0"},
				"down": {"uv": [4.125, 5.5, 4.25, 5.625], "texture": "#0"}
			}
		},
		{
			"name": "abominable_scythe_63",
			"from": [4.875, 10.625, 8],
			"to": [5, 10.75, 8.125],
			"faces": {
				"north": {"uv": [5, 5.25, 4.875, 5.375], "texture": "#0"},
				"east": {"uv": [4.875, 5.25, 5, 5.375], "texture": "#0"},
				"south": {"uv": [4.875, 5.25, 5, 5.375], "texture": "#0"},
				"west": {"uv": [4.875, 5.25, 5, 5.375], "texture": "#0"},
				"up": {"uv": [4.875, 5.25, 5, 5.375], "texture": "#0"},
				"down": {"uv": [4.875, 5.25, 5, 5.375], "texture": "#0"}
			}
		},
		{
			"name": "abominable_scythe_64",
			"from": [9.625, 10.625, 8],
			"to": [9.75, 10.75, 8.125],
			"faces": {
				"north": {"uv": [9.75, 5.25, 9.625, 5.375], "texture": "#0"},
				"east": {"uv": [9.625, 5.25, 9.75, 5.375], "texture": "#0"},
				"south": {"uv": [9.625, 5.25, 9.75, 5.375], "texture": "#0"},
				"west": {"uv": [9.625, 5.25, 9.75, 5.375], "texture": "#0"},
				"up": {"uv": [9.625, 5.25, 9.75, 5.375], "texture": "#0"},
				"down": {"uv": [9.625, 5.25, 9.75, 5.375], "texture": "#0"}
			}
		},
		{
			"name": "abominable_scythe_65",
			"from": [7.25, 10.375, 7.8],
			"to": [7.375, 10.75, 8.325],
			"faces": {
				"north": {"uv": [10.125, 5.25, 10, 5.625], "texture": "#0"},
				"east": {"uv": [10, 5.25, 10.125, 5.625], "texture": "#0"},
				"south": {"uv": [10, 5.25, 10.125, 5.625], "texture": "#0"},
				"west": {"uv": [10, 5.25, 10.125, 5.625], "texture": "#0"},
				"up": {"uv": [10, 5.25, 10.125, 5.375], "texture": "#0"},
				"down": {"uv": [10, 5.5, 10.125, 5.625], "texture": "#0"}
			}
		},
		{
			"name": "abominable_scythe_66",
			"from": [8.625, 10.5, 7.9],
			"to": [8.75, 10.875, 8.225],
			"faces": {
				"north": {"uv": [12.25, 5.25, 12.125, 5.625], "texture": "#0"},
				"east": {"uv": [12.125, 5.25, 12.25, 5.625], "texture": "#0"},
				"south": {"uv": [12.125, 5.25, 12.25, 5.625], "texture": "#0"},
				"west": {"uv": [12.125, 5.25, 12.25, 5.625], "texture": "#0"},
				"up": {"uv": [12.125, 5.25, 12.25, 5.375], "texture": "#0"},
				"down": {"uv": [12.125, 5.5, 12.25, 5.625], "texture": "#0"}
			}
		},
		{
			"name": "abominable_scythe_67",
			"from": [4, 10.375, 8],
			"to": [4.125, 10.625, 8.125],
			"faces": {
				"north": {"uv": [4.125, 5.375, 4, 5.625], "texture": "#0"},
				"east": {"uv": [4, 5.375, 4.125, 5.625], "texture": "#0"},
				"south": {"uv": [4, 5.375, 4.125, 5.625], "texture": "#0"},
				"west": {"uv": [4, 5.375, 4.125, 5.625], "texture": "#0"},
				"up": {"uv": [4, 5.375, 4.125, 5.5], "texture": "#0"},
				"down": {"uv": [4, 5.5, 4.125, 5.625], "texture": "#0"}
			}
		},
		{
			"name": "abominable_scythe_68",
			"from": [4.5, 10.5, 8],
			"to": [4.625, 10.625, 8.125],
			"faces": {
				"north": {"uv": [4.625, 5.375, 4.5, 5.5], "texture": "#0"},
				"east": {"uv": [4.5, 5.375, 4.625, 5.5], "texture": "#0"},
				"south": {"uv": [4.5, 5.375, 4.625, 5.5], "texture": "#0"},
				"west": {"uv": [4.5, 5.375, 4.625, 5.5], "texture": "#0"},
				"up": {"uv": [4.5, 5.375, 4.625, 5.5], "texture": "#0"},
				"down": {"uv": [4.5, 5.375, 4.625, 5.5], "texture": "#0"}
			}
		},
		{
			"name": "abominable_scythe_69",
			"from": [7.125, 10.25, 7.8],
			"to": [7.25, 10.625, 8.325],
			"faces": {
				"north": {"uv": [10, 5.375, 9.875, 5.75], "texture": "#0"},
				"east": {"uv": [9.875, 5.375, 10, 5.75], "texture": "#0"},
				"south": {"uv": [9.875, 5.375, 10, 5.75], "texture": "#0"},
				"west": {"uv": [9.875, 5.375, 10, 5.75], "texture": "#0"},
				"up": {"uv": [9.875, 5.375, 10, 5.5], "texture": "#0"},
				"down": {"uv": [9.875, 5.625, 10, 5.75], "texture": "#0"}
			}
		},
		{
			"name": "abominable_scythe_70",
			"from": [7.625, 10.5, 7.8],
			"to": [7.75, 10.625, 8.325],
			"faces": {
				"north": {"uv": [10.5, 5.375, 10.375, 5.5], "texture": "#0"},
				"east": {"uv": [10.375, 5.375, 10.5, 5.5], "texture": "#0"},
				"south": {"uv": [10.375, 5.375, 10.5, 5.5], "texture": "#0"},
				"west": {"uv": [10.375, 5.375, 10.5, 5.5], "texture": "#0"},
				"up": {"uv": [10.375, 5.375, 10.5, 5.5], "texture": "#0"},
				"down": {"uv": [10.375, 5.375, 10.5, 5.5], "texture": "#0"}
			}
		},
		{
			"name": "abominable_scythe_71",
			"from": [8.375, 10.5, 7.8],
			"to": [8.5, 10.625, 8.325],
			"faces": {
				"north": {"uv": [11.25, 5.375, 11.125, 5.5], "texture": "#0"},
				"east": {"uv": [11.125, 5.375, 11.25, 5.5], "texture": "#0"},
				"south": {"uv": [11.125, 5.375, 11.25, 5.5], "texture": "#0"},
				"west": {"uv": [11.125, 5.375, 11.25, 5.5], "texture": "#0"},
				"up": {"uv": [11.125, 5.375, 11.25, 5.5], "texture": "#0"},
				"down": {"uv": [11.125, 5.375, 11.25, 5.5], "texture": "#0"}
			}
		},
		{
			"name": "abominable_scythe_72",
			"from": [8.75, 10.5, 7.9],
			"to": [8.875, 10.75, 8.225],
			"faces": {
				"north": {"uv": [12.375, 5.375, 12.25, 5.625], "texture": "#0"},
				"east": {"uv": [12.25, 5.375, 12.375, 5.625], "texture": "#0"},
				"south": {"uv": [12.25, 5.375, 12.375, 5.625], "texture": "#0"},
				"west": {"uv": [12.25, 5.375, 12.375, 5.625], "texture": "#0"},
				"up": {"uv": [12.25, 5.375, 12.375, 5.5], "texture": "#0"},
				"down": {"uv": [12.25, 5.5, 12.375, 5.625], "texture": "#0"}
			}
		},
		{
			"name": "abominable_scythe_73",
			"from": [3.875, 10.25, 8],
			"to": [4, 10.5, 8.125],
			"faces": {
				"north": {"uv": [4, 5.5, 3.875, 5.75], "texture": "#0"},
				"east": {"uv": [3.875, 5.5, 4, 5.75], "texture": "#0"},
				"south": {"uv": [3.875, 5.5, 4, 5.75], "texture": "#0"},
				"west": {"uv": [3.875, 5.5, 4, 5.75], "texture": "#0"},
				"up": {"uv": [3.875, 5.5, 4, 5.625], "texture": "#0"},
				"down": {"uv": [3.875, 5.625, 4, 5.75], "texture": "#0"}
			}
		},
		{
			"name": "abominable_scythe_74",
			"from": [8.625, 10.375, 7.85],
			"to": [9, 10.5, 8.275],
			"faces": {
				"north": {"uv": [7.5, 5.5, 7.125, 5.625], "texture": "#0"},
				"east": {"uv": [7.375, 5.5, 7.5, 5.625], "texture": "#0"},
				"south": {"uv": [7.125, 5.5, 7.5, 5.625], "texture": "#0"},
				"west": {"uv": [7.125, 5.5, 7.25, 5.625], "texture": "#0"},
				"up": {"uv": [7.125, 5.5, 7.5, 5.625], "texture": "#0"},
				"down": {"uv": [7.125, 5.5, 7.5, 5.625], "texture": "#0"}
			}
		},
		{
			"name": "abominable_scythe_75",
			"from": [7.75, 10.375, 7.8],
			"to": [8.375, 10.5, 8.325],
			"faces": {
				"north": {"uv": [11.125, 5.5, 10.5, 5.625], "texture": "#0"},
				"east": {"uv": [11, 5.5, 11.125, 5.625], "texture": "#0"},
				"south": {"uv": [10.5, 5.5, 11.125, 5.625], "texture": "#0"},
				"west": {"uv": [10.5, 5.5, 10.625, 5.625], "texture": "#0"},
				"up": {"uv": [10.5, 5.5, 11.125, 5.625], "texture": "#0"},
				"down": {"uv": [10.5, 5.5, 11.125, 5.625], "texture": "#0"}
			}
		},
		{
			"name": "abominable_scythe_76",
			"from": [8.5, 10.25, 7.9],
			"to": [8.625, 10.625, 8.225],
			"faces": {
				"north": {"uv": [12.125, 5.5, 12, 5.875], "texture": "#0"},
				"east": {"uv": [12, 5.5, 12.125, 5.875], "texture": "#0"},
				"south": {"uv": [12, 5.5, 12.125, 5.875], "texture": "#0"},
				"west": {"uv": [12, 5.5, 12.125, 5.875], "texture": "#0"},
				"up": {"uv": [12, 5.5, 12.125, 5.625], "texture": "#0"},
				"down": {"uv": [12, 5.75, 12.125, 5.875], "texture": "#0"}
			}
		},
		{
			"name": "abominable_scythe_77",
			"from": [8.75, 10.25, 7.85],
			"to": [9.125, 10.375, 8.275],
			"faces": {
				"north": {"uv": [7.625, 5.625, 7.25, 5.75], "texture": "#0"},
				"east": {"uv": [7.5, 5.625, 7.625, 5.75], "texture": "#0"},
				"south": {"uv": [7.25, 5.625, 7.625, 5.75], "texture": "#0"},
				"west": {"uv": [7.25, 5.625, 7.375, 5.75], "texture": "#0"},
				"up": {"uv": [7.25, 5.625, 7.625, 5.75], "texture": "#0"},
				"down": {"uv": [7.25, 5.625, 7.625, 5.75], "texture": "#0"}
			}
		},
		{
			"name": "abominable_scythe_78",
			"from": [8.375, 10.25, 7.9],
			"to": [8.5, 10.5, 8.225],
			"faces": {
				"north": {"uv": [12, 5.625, 11.875, 5.875], "texture": "#0"},
				"east": {"uv": [11.875, 5.625, 12, 5.875], "texture": "#0"},
				"south": {"uv": [11.875, 5.625, 12, 5.875], "texture": "#0"},
				"west": {"uv": [11.875, 5.625, 12, 5.875], "texture": "#0"},
				"up": {"uv": [11.875, 5.625, 12, 5.75], "texture": "#0"},
				"down": {"uv": [11.875, 5.75, 12, 5.875], "texture": "#0"}
			}
		},
		{
			"name": "abominable_scythe_79",
			"from": [8.875, 10, 7.85],
			"to": [9.125, 10.25, 8.275],
			"faces": {
				"north": {"uv": [7.625, 5.75, 7.375, 6], "texture": "#0"},
				"east": {"uv": [7.5, 5.75, 7.625, 6], "texture": "#0"},
				"south": {"uv": [7.375, 5.75, 7.625, 6], "texture": "#0"},
				"west": {"uv": [7.375, 5.75, 7.5, 6], "texture": "#0"},
				"up": {"uv": [7.375, 5.75, 7.625, 5.875], "texture": "#0"},
				"down": {"uv": [7.375, 5.875, 7.625, 6], "texture": "#0"}
			}
		},
		{
			"name": "abominable_scythe_80",
			"from": [9.125, 10.125, 7.85],
			"to": [9.375, 10.25, 8.275],
			"faces": {
				"north": {"uv": [7.875, 5.75, 7.625, 5.875], "texture": "#0"},
				"east": {"uv": [7.75, 5.75, 7.875, 5.875], "texture": "#0"},
				"south": {"uv": [7.625, 5.75, 7.875, 5.875], "texture": "#0"},
				"west": {"uv": [7.625, 5.75, 7.75, 5.875], "texture": "#0"},
				"up": {"uv": [7.625, 5.75, 7.875, 5.875], "texture": "#0"},
				"down": {"uv": [7.625, 5.75, 7.875, 5.875], "texture": "#0"}
			}
		},
		{
			"name": "abominable_scythe_81",
			"from": [8.375, 9.875, 7.9],
			"to": [8.625, 10.25, 8.225],
			"faces": {
				"north": {"uv": [8.625, 5.75, 8.375, 6.125], "texture": "#0"},
				"east": {"uv": [8.5, 5.75, 8.625, 6.125], "texture": "#0"},
				"south": {"uv": [8.375, 5.75, 8.625, 6.125], "texture": "#0"},
				"west": {"uv": [8.375, 5.75, 8.5, 6.125], "texture": "#0"},
				"up": {"uv": [8.375, 5.75, 8.625, 5.875], "texture": "#0"},
				"down": {"uv": [8.375, 6, 8.625, 6.125], "texture": "#0"}
			}
		},
		{
			"name": "abominable_scythe_82",
			"from": [8, 10.25, 7.9],
			"to": [8.375, 10.375, 8.225],
			"faces": {
				"north": {"uv": [11.875, 5.75, 11.5, 5.875], "texture": "#0"},
				"east": {"uv": [11.75, 5.75, 11.875, 5.875], "texture": "#0"},
				"south": {"uv": [11.5, 5.75, 11.875, 5.875], "texture": "#0"},
				"west": {"uv": [11.5, 5.75, 11.625, 5.875], "texture": "#0"},
				"up": {"uv": [11.5, 5.75, 11.875, 5.875], "texture": "#0"},
				"down": {"uv": [11.5, 5.75, 11.875, 5.875], "texture": "#0"}
			}
		},
		{
			"name": "abominable_scythe_83",
			"from": [8.75, 9.75, 7.85],
			"to": [8.875, 10.125, 8.275],
			"faces": {
				"north": {"uv": [7.375, 5.875, 7.25, 6.25], "texture": "#0"},
				"east": {"uv": [7.25, 5.875, 7.375, 6.25], "texture": "#0"},
				"south": {"uv": [7.25, 5.875, 7.375, 6.25], "texture": "#0"},
				"west": {"uv": [7.25, 5.875, 7.375, 6.25], "texture": "#0"},
				"up": {"uv": [7.25, 5.875, 7.375, 6], "texture": "#0"},
				"down": {"uv": [7.25, 6.125, 7.375, 6.25], "texture": "#0"}
			}
		},
		{
			"name": "abominable_scythe_84",
			"from": [8.25, 9.75, 7.9],
			"to": [8.375, 10.125, 8.225],
			"faces": {
				"north": {"uv": [8.375, 5.875, 8.25, 6.25], "texture": "#0"},
				"east": {"uv": [8.25, 5.875, 8.375, 6.25], "texture": "#0"},
				"south": {"uv": [8.25, 5.875, 8.375, 6.25], "texture": "#0"},
				"west": {"uv": [8.25, 5.875, 8.375, 6.25], "texture": "#0"},
				"up": {"uv": [8.25, 5.875, 8.375, 6], "texture": "#0"},
				"down": {"uv": [8.25, 6.125, 8.375, 6.25], "texture": "#0"}
			}
		},
		{
			"name": "abominable_scythe_85",
			"from": [8.125, 10.125, 7.9],
			"to": [8.375, 10.25, 8.225],
			"faces": {
				"north": {"uv": [11.875, 5.875, 11.625, 6], "texture": "#0"},
				"east": {"uv": [11.75, 5.875, 11.875, 6], "texture": "#0"},
				"south": {"uv": [11.625, 5.875, 11.875, 6], "texture": "#0"},
				"west": {"uv": [11.625, 5.875, 11.75, 6], "texture": "#0"},
				"up": {"uv": [11.625, 5.875, 11.875, 6], "texture": "#0"},
				"down": {"uv": [11.625, 5.875, 11.875, 6], "texture": "#0"}
			}
		},
		{
			"name": "abominable_scythe_86",
			"from": [8.625, 9.625, 7.85],
			"to": [8.75, 10, 8.275],
			"faces": {
				"north": {"uv": [7.25, 6, 7.125, 6.375], "texture": "#0"},
				"east": {"uv": [7.125, 6, 7.25, 6.375], "texture": "#0"},
				"south": {"uv": [7.125, 6, 7.25, 6.375], "texture": "#0"},
				"west": {"uv": [7.125, 6, 7.25, 6.375], "texture": "#0"},
				"up": {"uv": [7.125, 6, 7.25, 6.125], "texture": "#0"},
				"down": {"uv": [7.125, 6.25, 7.25, 6.375], "texture": "#0"}
			}
		},
		{
			"name": "abominable_scythe_87",
			"from": [8.875, 9.875, 7.85],
			"to": [9, 10, 8.275],
			"faces": {
				"north": {"uv": [7.5, 6, 7.375, 6.125], "texture": "#0"},
				"east": {"uv": [7.375, 6, 7.5, 6.125], "texture": "#0"},
				"south": {"uv": [7.375, 6, 7.5, 6.125], "texture": "#0"},
				"west": {"uv": [7.375, 6, 7.5, 6.125], "texture": "#0"},
				"up": {"uv": [7.375, 6, 7.5, 6.125], "texture": "#0"},
				"down": {"uv": [7.375, 6, 7.5, 6.125], "texture": "#0"}
			}
		},
		{
			"name": "abominable_scythe_88",
			"from": [8.5, 9, 7.85],
			"to": [8.625, 9.875, 8.275],
			"faces": {
				"north": {"uv": [7.125, 6.125, 7, 7], "texture": "#0"},
				"east": {"uv": [7, 6.125, 7.125, 7], "texture": "#0"},
				"south": {"uv": [7, 6.125, 7.125, 7], "texture": "#0"},
				"west": {"uv": [7, 6.125, 7.125, 7], "texture": "#0"},
				"up": {"uv": [7, 6.125, 7.125, 6.25], "texture": "#0"},
				"down": {"uv": [7, 6.875, 7.125, 7], "texture": "#0"}
			}
		},
		{
			"name": "abominable_scythe_89",
			"from": [8.125, 9.625, 7.9],
			"to": [8.25, 9.875, 8.225],
			"faces": {
				"north": {"uv": [8.25, 6.125, 8.125, 6.375], "texture": "#0"},
				"east": {"uv": [8.125, 6.125, 8.25, 6.375], "texture": "#0"},
				"south": {"uv": [8.125, 6.125, 8.25, 6.375], "texture": "#0"},
				"west": {"uv": [8.125, 6.125, 8.25, 6.375], "texture": "#0"},
				"up": {"uv": [8.125, 6.125, 8.25, 6.25], "texture": "#0"},
				"down": {"uv": [8.125, 6.25, 8.25, 6.375], "texture": "#0"}
			}
		},
		{
			"name": "abominable_scythe_90",
			"from": [8.375, 9.75, 7.9],
			"to": [8.5, 9.875, 8.225],
			"faces": {
				"north": {"uv": [8.5, 6.125, 8.375, 6.25], "texture": "#0"},
				"east": {"uv": [8.375, 6.125, 8.5, 6.25], "texture": "#0"},
				"south": {"uv": [8.375, 6.125, 8.5, 6.25], "texture": "#0"},
				"west": {"uv": [8.375, 6.125, 8.5, 6.25], "texture": "#0"},
				"up": {"uv": [8.375, 6.125, 8.5, 6.25], "texture": "#0"},
				"down": {"uv": [8.375, 6.125, 8.5, 6.25], "texture": "#0"}
			}
		},
		{
			"name": "abominable_scythe_91",
			"from": [8.25, 9.375, 7.85],
			"to": [8.5, 9.75, 8.275],
			"faces": {
				"north": {"uv": [7, 6.25, 6.75, 6.625], "texture": "#0"},
				"east": {"uv": [6.875, 6.25, 7, 6.625], "texture": "#0"},
				"south": {"uv": [6.75, 6.25, 7, 6.625], "texture": "#0"},
				"west": {"uv": [6.75, 6.25, 6.875, 6.625], "texture": "#0"},
				"up": {"uv": [6.75, 6.25, 7, 6.375], "texture": "#0"},
				"down": {"uv": [6.75, 6.5, 7, 6.625], "texture": "#0"}
			}
		},
		{
			"name": "abominable_scythe_92",
			"from": [8.125, 9.25, 7.85],
			"to": [8.25, 9.625, 8.275],
			"faces": {
				"north": {"uv": [6.75, 6.375, 6.625, 6.75], "texture": "#0"},
				"east": {"uv": [6.625, 6.375, 6.75, 6.75], "texture": "#0"},
				"south": {"uv": [6.625, 6.375, 6.75, 6.75], "texture": "#0"},
				"west": {"uv": [6.625, 6.375, 6.75, 6.75], "texture": "#0"},
				"up": {"uv": [6.625, 6.375, 6.75, 6.5], "texture": "#0"},
				"down": {"uv": [6.625, 6.625, 6.75, 6.75], "texture": "#0"}
			}
		},
		{
			"name": "abominable_scythe_93",
			"from": [8, 9.125, 7.85],
			"to": [8.125, 9.5, 8.275],
			"faces": {
				"north": {"uv": [6.625, 6.5, 6.5, 6.875], "texture": "#0"},
				"east": {"uv": [6.5, 6.5, 6.625, 6.875], "texture": "#0"},
				"south": {"uv": [6.5, 6.5, 6.625, 6.875], "texture": "#0"},
				"west": {"uv": [6.5, 6.5, 6.625, 6.875], "texture": "#0"},
				"up": {"uv": [6.5, 6.5, 6.625, 6.625], "texture": "#0"},
				"down": {"uv": [6.5, 6.75, 6.625, 6.875], "texture": "#0"}
			}
		},
		{
			"name": "abominable_scythe_94",
			"from": [7.875, 9, 7.85],
			"to": [8, 9.375, 8.275],
			"faces": {
				"north": {"uv": [6.5, 6.625, 6.375, 7], "texture": "#0"},
				"east": {"uv": [6.375, 6.625, 6.5, 7], "texture": "#0"},
				"south": {"uv": [6.375, 6.625, 6.5, 7], "texture": "#0"},
				"west": {"uv": [6.375, 6.625, 6.5, 7], "texture": "#0"},
				"up": {"uv": [6.375, 6.625, 6.5, 6.75], "texture": "#0"},
				"down": {"uv": [6.375, 6.875, 6.5, 7], "texture": "#0"}
			}
		},
		{
			"name": "abominable_scythe_95",
			"from": [8.375, 9.125, 7.85],
			"to": [8.5, 9.375, 8.275],
			"faces": {
				"north": {"uv": [7, 6.625, 6.875, 6.875], "texture": "#0"},
				"east": {"uv": [6.875, 6.625, 7, 6.875], "texture": "#0"},
				"south": {"uv": [6.875, 6.625, 7, 6.875], "texture": "#0"},
				"west": {"uv": [6.875, 6.625, 7, 6.875], "texture": "#0"},
				"up": {"uv": [6.875, 6.625, 7, 6.75], "texture": "#0"},
				"down": {"uv": [6.875, 6.75, 7, 6.875], "texture": "#0"}
			}
		},
		{
			"name": "abominable_scythe_96",
			"from": [8.25, 8.5, 7.9],
			"to": [8.375, 9.375, 8.225],
			"faces": {
				"north": {"uv": [8.375, 6.625, 8.25, 7.5], "texture": "#0"},
				"east": {"uv": [8.25, 6.625, 8.375, 7.5], "texture": "#0"},
				"south": {"uv": [8.25, 6.625, 8.375, 7.5], "texture": "#0"},
				"west": {"uv": [8.25, 6.625, 8.375, 7.5], "texture": "#0"},
				"up": {"uv": [8.25, 6.625, 8.375, 6.75], "texture": "#0"},
				"down": {"uv": [8.25, 7.375, 8.375, 7.5], "texture": "#0"}
			}
		},
		{
			"name": "abominable_scythe_97",
			"from": [7.75, 8.625, 7.85],
			"to": [7.875, 9.25, 8.275],
			"faces": {
				"north": {"uv": [6.375, 6.75, 6.25, 7.375], "texture": "#0"},
				"east": {"uv": [6.25, 6.75, 6.375, 7.375], "texture": "#0"},
				"south": {"uv": [6.25, 6.75, 6.375, 7.375], "texture": "#0"},
				"west": {"uv": [6.25, 6.75, 6.375, 7.375], "texture": "#0"},
				"up": {"uv": [6.25, 6.75, 6.375, 6.875], "texture": "#0"},
				"down": {"uv": [6.25, 7.25, 6.375, 7.375], "texture": "#0"}
			}
		},
		{
			"name": "abominable_scythe_98",
			"from": [8.125, 8.625, 7.9],
			"to": [8.25, 9.25, 8.225],
			"faces": {
				"north": {"uv": [8.25, 6.75, 8.125, 7.375], "texture": "#0"},
				"east": {"uv": [8.125, 6.75, 8.25, 7.375], "texture": "#0"},
				"south": {"uv": [8.125, 6.75, 8.25, 7.375], "texture": "#0"},
				"west": {"uv": [8.125, 6.75, 8.25, 7.375], "texture": "#0"},
				"up": {"uv": [8.125, 6.75, 8.25, 6.875], "texture": "#0"},
				"down": {"uv": [8.125, 7.25, 8.25, 7.375], "texture": "#0"}
			}
		},
		{
			"name": "abominable_scythe_99",
			"from": [7.625, 8.75, 7.85],
			"to": [7.75, 9.125, 8.275],
			"faces": {
				"north": {"uv": [6.25, 6.875, 6.125, 7.25], "texture": "#0"},
				"east": {"uv": [6.125, 6.875, 6.25, 7.25], "texture": "#0"},
				"south": {"uv": [6.125, 6.875, 6.25, 7.25], "texture": "#0"},
				"west": {"uv": [6.125, 6.875, 6.25, 7.25], "texture": "#0"},
				"up": {"uv": [6.125, 6.875, 6.25, 7], "texture": "#0"},
				"down": {"uv": [6.125, 7.125, 6.25, 7.25], "texture": "#0"}
			}
		},
		{
			"name": "abominable_scythe_100",
			"from": [8.625, 8.875, 7.85],
			"to": [8.75, 9.125, 8.275],
			"faces": {
				"north": {"uv": [7.25, 6.875, 7.125, 7.125], "texture": "#0"},
				"east": {"uv": [7.125, 6.875, 7.25, 7.125], "texture": "#0"},
				"south": {"uv": [7.125, 6.875, 7.25, 7.125], "texture": "#0"},
				"west": {"uv": [7.125, 6.875, 7.25, 7.125], "texture": "#0"},
				"up": {"uv": [7.125, 6.875, 7.25, 7], "texture": "#0"},
				"down": {"uv": [7.125, 7, 7.25, 7.125], "texture": "#0"}
			}
		},
		{
			"name": "abominable_scythe_101",
			"from": [8.375, 8.75, 7.9],
			"to": [8.5, 9.125, 8.225],
			"faces": {
				"north": {"uv": [8.5, 6.875, 8.375, 7.25], "texture": "#0"},
				"east": {"uv": [8.375, 6.875, 8.5, 7.25], "texture": "#0"},
				"south": {"uv": [8.375, 6.875, 8.5, 7.25], "texture": "#0"},
				"west": {"uv": [8.375, 6.875, 8.5, 7.25], "texture": "#0"},
				"up": {"uv": [8.375, 6.875, 8.5, 7], "texture": "#0"},
				"down": {"uv": [8.375, 7.125, 8.5, 7.25], "texture": "#0"}
			}
		},
		{
			"name": "abominable_scythe_102",
			"from": [7.5, 8.875, 7.85],
			"to": [7.625, 9, 8.275],
			"faces": {
				"north": {"uv": [6.125, 7, 6, 7.125], "texture": "#0"},
				"east": {"uv": [6, 7, 6.125, 7.125], "texture": "#0"},
				"south": {"uv": [6, 7, 6.125, 7.125], "texture": "#0"},
				"west": {"uv": [6, 7, 6.125, 7.125], "texture": "#0"},
				"up": {"uv": [6, 7, 6.125, 7.125], "texture": "#0"},
				"down": {"uv": [6, 7, 6.125, 7.125], "texture": "#0"}
			}
		},
		{
			"name": "abominable_scythe_103",
			"from": [8.75, 8.875, 7.85],
			"to": [8.875, 9, 8.275],
			"faces": {
				"north": {"uv": [7.375, 7, 7.25, 7.125], "texture": "#0"},
				"east": {"uv": [7.25, 7, 7.375, 7.125], "texture": "#0"},
				"south": {"uv": [7.25, 7, 7.375, 7.125], "texture": "#0"},
				"west": {"uv": [7.25, 7, 7.375, 7.125], "texture": "#0"},
				"up": {"uv": [7.25, 7, 7.375, 7.125], "texture": "#0"},
				"down": {"uv": [7.25, 7, 7.375, 7.125], "texture": "#0"}
			}
		},
		{
			"name": "abominable_scythe_104",
			"from": [7.875, 8.5, 7.85],
			"to": [8, 8.875, 8.275],
			"faces": {
				"north": {"uv": [6.5, 7.125, 6.375, 7.5], "texture": "#0"},
				"east": {"uv": [6.375, 7.125, 6.5, 7.5], "texture": "#0"},
				"south": {"uv": [6.375, 7.125, 6.5, 7.5], "texture": "#0"},
				"west": {"uv": [6.375, 7.125, 6.5, 7.5], "texture": "#0"},
				"up": {"uv": [6.375, 7.125, 6.5, 7.25], "texture": "#0"},
				"down": {"uv": [6.375, 7.375, 6.5, 7.5], "texture": "#0"}
			}
		},
		{
			"name": "abominable_scythe_105",
			"from": [8, 8.75, 7.9],
			"to": [8.125, 8.875, 8.225],
			"faces": {
				"north": {"uv": [8.125, 7.125, 8, 7.25], "texture": "#0"},
				"east": {"uv": [8, 7.125, 8.125, 7.25], "texture": "#0"},
				"south": {"uv": [8, 7.125, 8.125, 7.25], "texture": "#0"},
				"west": {"uv": [8, 7.125, 8.125, 7.25], "texture": "#0"},
				"up": {"uv": [8, 7.125, 8.125, 7.25], "texture": "#0"},
				"down": {"uv": [8, 7.125, 8.125, 7.25], "texture": "#0"}
			}
		},
		{
			"name": "abominable_scythe_106",
			"from": [8, 8.375, 7.85],
			"to": [8.125, 8.75, 8.275],
			"faces": {
				"north": {"uv": [6.625, 7.25, 6.5, 7.625], "texture": "#0"},
				"east": {"uv": [6.5, 7.25, 6.625, 7.625], "texture": "#0"},
				"south": {"uv": [6.5, 7.25, 6.625, 7.625], "texture": "#0"},
				"west": {"uv": [6.5, 7.25, 6.625, 7.625], "texture": "#0"},
				"up": {"uv": [6.5, 7.25, 6.625, 7.375], "texture": "#0"},
				"down": {"uv": [6.5, 7.5, 6.625, 7.625], "texture": "#0"}
			}
		},
		{
			"name": "abominable_scythe_107",
			"from": [8.125, 7.625, 7.85],
			"to": [8.25, 8.625, 8.275],
			"faces": {
				"north": {"uv": [6.75, 7.375, 6.625, 8.375], "texture": "#0"},
				"east": {"uv": [6.625, 7.375, 6.75, 8.375], "texture": "#0"},
				"south": {"uv": [6.625, 7.375, 6.75, 8.375], "texture": "#0"},
				"west": {"uv": [6.625, 7.375, 6.75, 8.375], "texture": "#0"},
				"up": {"uv": [6.625, 7.375, 6.75, 7.5], "texture": "#0"},
				"down": {"uv": [6.625, 8.25, 6.75, 8.375], "texture": "#0"}
			}
		},
		{
			"name": "abominable_scythe_108",
			"from": [8.25, 8.125, 7.85],
			"to": [8.5, 8.5, 8.275],
			"faces": {
				"north": {"uv": [7, 7.5, 6.75, 7.875], "texture": "#0"},
				"east": {"uv": [6.875, 7.5, 7, 7.875], "texture": "#0"},
				"south": {"uv": [6.75, 7.5, 7, 7.875], "texture": "#0"},
				"west": {"uv": [6.75, 7.5, 6.875, 7.875], "texture": "#0"},
				"up": {"uv": [6.75, 7.5, 7, 7.625], "texture": "#0"},
				"down": {"uv": [6.75, 7.75, 7, 7.875], "texture": "#0"}
			}
		},
		{
			"name": "abominable_scythe_109",
			"from": [8.5, 8.25, 7.85],
			"to": [8.75, 8.375, 8.275],
			"faces": {
				"north": {"uv": [7.25, 7.625, 7, 7.75], "texture": "#0"},
				"east": {"uv": [7.125, 7.625, 7.25, 7.75], "texture": "#0"},
				"south": {"uv": [7, 7.625, 7.25, 7.75], "texture": "#0"},
				"west": {"uv": [7, 7.625, 7.125, 7.75], "texture": "#0"},
				"up": {"uv": [7, 7.625, 7.25, 7.75], "texture": "#0"},
				"down": {"uv": [7, 7.625, 7.25, 7.75], "texture": "#0"}
			}
		},
		{
			"name": "abominable_scythe_110",
			"from": [8, 2.875, 7.9],
			"to": [8.125, 8.375, 8.225],
			"faces": {
				"north": {"uv": [8.125, 7.625, 8, 13.125], "texture": "#0"},
				"east": {"uv": [8, 7.625, 8.125, 13.125], "texture": "#0"},
				"south": {"uv": [8, 7.625, 8.125, 13.125], "texture": "#0"},
				"west": {"uv": [8, 7.625, 8.125, 13.125], "texture": "#0"},
				"up": {"uv": [8, 7.625, 8.125, 7.75], "texture": "#0"},
				"down": {"uv": [8, 13, 8.125, 13.125], "texture": "#0"}
			}
		},
		{
			"name": "abominable_scythe_111",
			"from": [8.25, 8, 7.85],
			"to": [8.375, 8.125, 8.275],
			"faces": {
				"north": {"uv": [6.875, 7.875, 6.75, 8], "texture": "#0"},
				"east": {"uv": [6.75, 7.875, 6.875, 8], "texture": "#0"},
				"south": {"uv": [6.75, 7.875, 6.875, 8], "texture": "#0"},
				"west": {"uv": [6.75, 7.875, 6.875, 8], "texture": "#0"},
				"up": {"uv": [6.75, 7.875, 6.875, 8], "texture": "#0"},
				"down": {"uv": [6.75, 7.875, 6.875, 8], "texture": "#0"}
			}
		},
		{
			"name": "abominable_scythe_112",
			"from": [8.25, 6.75, 7.9],
			"to": [8.375, 8, 8.225],
			"faces": {
				"north": {"uv": [8.375, 8, 8.25, 9.25], "texture": "#0"},
				"east": {"uv": [8.25, 8, 8.375, 9.25], "texture": "#0"},
				"south": {"uv": [8.25, 8, 8.375, 9.25], "texture": "#0"},
				"west": {"uv": [8.25, 8, 8.375, 9.25], "texture": "#0"},
				"up": {"uv": [8.25, 8, 8.375, 8.125], "texture": "#0"},
				"down": {"uv": [8.25, 9.125, 8.375, 9.25], "texture": "#0"}
			}
		},
		{
			"name": "abominable_scythe_113",
			"from": [8.125, 2.875, 7.9],
			"to": [8.25, 7.625, 8.225],
			"faces": {
				"north": {"uv": [8.25, 8.375, 8.125, 13.125], "texture": "#0"},
				"east": {"uv": [8.125, 8.375, 8.25, 13.125], "texture": "#0"},
				"south": {"uv": [8.125, 8.375, 8.25, 13.125], "texture": "#0"},
				"west": {"uv": [8.125, 8.375, 8.25, 13.125], "texture": "#0"},
				"up": {"uv": [8.125, 8.375, 8.25, 8.5], "texture": "#0"},
				"down": {"uv": [8.125, 13, 8.25, 13.125], "texture": "#0"}
			}
		},
		{
			"name": "abominable_scythe_114",
			"from": [7.875, 2.875, 7.9],
			"to": [8, 6.875, 8.225],
			"faces": {
				"north": {"uv": [8, 9.125, 7.875, 13.125], "texture": "#0"},
				"east": {"uv": [7.875, 9.125, 8, 13.125], "texture": "#0"},
				"south": {"uv": [7.875, 9.125, 8, 13.125], "texture": "#0"},
				"west": {"uv": [7.875, 9.125, 8, 13.125], "texture": "#0"},
				"up": {"uv": [7.875, 9.125, 8, 9.25], "texture": "#0"},
				"down": {"uv": [7.875, 13, 8, 13.125], "texture": "#0"}
			}
		},
		{
			"name": "abominable_scythe_115",
			"from": [7.75, 2.625, 7.8],
			"to": [8.375, 2.875, 8.325],
			"faces": {
				"north": {"uv": [9.125, 13.125, 8.5, 13.375], "texture": "#0"},
				"east": {"uv": [8.5, 13.125, 9.125, 13.375], "texture": "#0"},
				"south": {"uv": [8.5, 13.125, 9.125, 13.375], "texture": "#0"},
				"west": {"uv": [8.5, 13.125, 9.125, 13.375], "texture": "#0"},
				"up": {"uv": [8.5, 13.125, 9.125, 13.25], "texture": "#0"},
				"down": {"uv": [8.5, 13.25, 9.125, 13.375], "texture": "#0"}
			}
		},
		{
			"name": "abominable_scythe_116",
			"from": [7.875, 2.125, 7.9],
			"to": [8.125, 2.625, 8.225],
			"faces": {
				"north": {"uv": [8.125, 13.375, 7.875, 13.875], "texture": "#0"},
				"east": {"uv": [8, 13.375, 8.125, 13.875], "texture": "#0"},
				"south": {"uv": [7.875, 13.375, 8.125, 13.875], "texture": "#0"},
				"west": {"uv": [7.875, 13.375, 8, 13.875], "texture": "#0"},
				"up": {"uv": [7.875, 13.375, 8.125, 13.5], "texture": "#0"},
				"down": {"uv": [7.875, 13.75, 8.125, 13.875], "texture": "#0"}
			}
		},
		{
			"name": "abominable_scythe_117",
			"from": [8.125, 2.375, 7.85],
			"to": [8.375, 2.625, 8.275],
			"faces": {
				"north": {"uv": [9.625, 13.375, 9.375, 13.625], "texture": "#0"},
				"east": {"uv": [9.5, 13.375, 9.625, 13.625], "texture": "#0"},
				"south": {"uv": [9.375, 13.375, 9.625, 13.625], "texture": "#0"},
				"west": {"uv": [9.375, 13.375, 9.5, 13.625], "texture": "#0"},
				"up": {"uv": [9.375, 13.375, 9.625, 13.5], "texture": "#0"},
				"down": {"uv": [9.375, 13.5, 9.625, 13.625], "texture": "#0"}
			}
		},
		{
			"name": "abominable_scythe_118",
			"from": [8.375, 2, 7.85],
			"to": [8.5, 2.5, 8.275],
			"faces": {
				"north": {"uv": [9.75, 13.5, 9.625, 14], "texture": "#0"},
				"east": {"uv": [9.625, 13.5, 9.75, 14], "texture": "#0"},
				"south": {"uv": [9.625, 13.5, 9.75, 14], "texture": "#0"},
				"west": {"uv": [9.625, 13.5, 9.75, 14], "texture": "#0"},
				"up": {"uv": [9.625, 13.5, 9.75, 13.625], "texture": "#0"},
				"down": {"uv": [9.625, 13.875, 9.75, 14], "texture": "#0"}
			}
		},
		{
			"name": "abominable_scythe_119",
			"from": [8.125, 2.125, 7.9],
			"to": [8.25, 2.375, 8.225],
			"faces": {
				"north": {"uv": [8.25, 13.625, 8.125, 13.875], "texture": "#0"},
				"east": {"uv": [8.125, 13.625, 8.25, 13.875], "texture": "#0"},
				"south": {"uv": [8.125, 13.625, 8.25, 13.875], "texture": "#0"},
				"west": {"uv": [8.125, 13.625, 8.25, 13.875], "texture": "#0"},
				"up": {"uv": [8.125, 13.625, 8.25, 13.75], "texture": "#0"},
				"down": {"uv": [8.125, 13.75, 8.25, 13.875], "texture": "#0"}
			}
		},
		{
			"name": "abominable_scythe_120",
			"from": [8.25, 2.125, 7.85],
			"to": [8.375, 2.375, 8.275],
			"faces": {
				"north": {"uv": [9.625, 13.625, 9.5, 13.875], "texture": "#0"},
				"east": {"uv": [9.5, 13.625, 9.625, 13.875], "texture": "#0"},
				"south": {"uv": [9.5, 13.625, 9.625, 13.875], "texture": "#0"},
				"west": {"uv": [9.5, 13.625, 9.625, 13.875], "texture": "#0"},
				"up": {"uv": [9.5, 13.625, 9.625, 13.75], "texture": "#0"},
				"down": {"uv": [9.5, 13.75, 9.625, 13.875], "texture": "#0"}
			}
		},
		{
			"name": "abominable_scythe_121",
			"from": [8.5, 1.625, 7.85],
			"to": [8.625, 2.25, 8.275],
			"faces": {
				"north": {"uv": [9.875, 13.75, 9.75, 14.375], "texture": "#0"},
				"east": {"uv": [9.75, 13.75, 9.875, 14.375], "texture": "#0"},
				"south": {"uv": [9.75, 13.75, 9.875, 14.375], "texture": "#0"},
				"west": {"uv": [9.75, 13.75, 9.875, 14.375], "texture": "#0"},
				"up": {"uv": [9.75, 13.75, 9.875, 13.875], "texture": "#0"},
				"down": {"uv": [9.75, 14.25, 9.875, 14.375], "texture": "#0"}
			}
		},
		{
			"name": "abominable_scythe_122",
			"from": [8, 2, 7.9],
			"to": [8.125, 2.125, 8.225],
			"faces": {
				"north": {"uv": [8.125, 13.875, 8, 14], "texture": "#0"},
				"east": {"uv": [8, 13.875, 8.125, 14], "texture": "#0"},
				"south": {"uv": [8, 13.875, 8.125, 14], "texture": "#0"},
				"west": {"uv": [8, 13.875, 8.125, 14], "texture": "#0"},
				"up": {"uv": [8, 13.875, 8.125, 14], "texture": "#0"},
				"down": {"uv": [8, 13.875, 8.125, 14], "texture": "#0"}
			}
		},
		{
			"name": "abominable_scythe_123",
			"from": [8.625, 1.75, 7.85],
			"to": [8.75, 2.125, 8.275],
			"faces": {
				"north": {"uv": [10, 13.875, 9.875, 14.25], "texture": "#0"},
				"east": {"uv": [9.875, 13.875, 10, 14.25], "texture": "#0"},
				"south": {"uv": [9.875, 13.875, 10, 14.25], "texture": "#0"},
				"west": {"uv": [9.875, 13.875, 10, 14.25], "texture": "#0"},
				"up": {"uv": [9.875, 13.875, 10, 14], "texture": "#0"},
				"down": {"uv": [9.875, 14.125, 10, 14.25], "texture": "#0"}
			}
		},
		{
			"name": "abominable_scythe_124",
			"from": [8.75, 1.875, 7.85],
			"to": [9, 2, 8.275],
			"faces": {
				"north": {"uv": [10.25, 14, 10, 14.125], "texture": "#0"},
				"east": {"uv": [10.125, 14, 10.25, 14.125], "texture": "#0"},
				"south": {"uv": [10, 14, 10.25, 14.125], "texture": "#0"},
				"west": {"uv": [10, 14, 10.125, 14.125], "texture": "#0"},
				"up": {"uv": [10, 14, 10.25, 14.125], "texture": "#0"},
				"down": {"uv": [10, 14, 10.25, 14.125], "texture": "#0"}
			}
		},
		{
			"name": "abominable_scythe_125",
			"from": [7.625, 2, 8],
			"to": [8, 2.125, 8.125],
			"faces": {
				"north": {"uv": [8, 14.125, 7.625, 14.25], "texture": "#0"},
				"east": {"uv": [7.875, 14.125, 8, 14.25], "texture": "#0"},
				"south": {"uv": [7.625, 14.125, 8, 14.25], "texture": "#0"},
				"west": {"uv": [7.625, 14.125, 7.75, 14.25], "texture": "#0"},
				"up": {"uv": [7.625, 14.125, 8, 14.25], "texture": "#0"},
				"down": {"uv": [7.625, 14.125, 8, 14.25], "texture": "#0"}
			}
		},
		{
			"name": "abominable_scythe_126",
			"from": [8.125, 1.875, 8],
			"to": [8.375, 2.125, 8.125],
			"faces": {
				"north": {"uv": [8.375, 14.125, 8.125, 14.375], "texture": "#0"},
				"east": {"uv": [8.25, 14.125, 8.375, 14.375], "texture": "#0"},
				"south": {"uv": [8.125, 14.125, 8.375, 14.375], "texture": "#0"},
				"west": {"uv": [8.125, 14.125, 8.25, 14.375], "texture": "#0"},
				"up": {"uv": [8.125, 14.125, 8.375, 14.25], "texture": "#0"},
				"down": {"uv": [8.125, 14.25, 8.375, 14.375], "texture": "#0"}
			}
		},
		{
			"name": "abominable_scythe_127",
			"from": [8.375, 1.5, 7.85],
			"to": [8.5, 1.875, 8.275],
			"faces": {
				"north": {"uv": [9.75, 14.125, 9.625, 14.5], "texture": "#0"},
				"east": {"uv": [9.625, 14.125, 9.75, 14.5], "texture": "#0"},
				"south": {"uv": [9.625, 14.125, 9.75, 14.5], "texture": "#0"},
				"west": {"uv": [9.625, 14.125, 9.75, 14.5], "texture": "#0"},
				"up": {"uv": [9.625, 14.125, 9.75, 14.25], "texture": "#0"},
				"down": {"uv": [9.625, 14.375, 9.75, 14.5], "texture": "#0"}
			}
		},
		{
			"name": "abominable_scythe_128",
			"from": [7.75, 1.875, 8],
			"to": [8.125, 2, 8.125],
			"faces": {
				"north": {"uv": [8.125, 14.25, 7.75, 14.375], "texture": "#0"},
				"east": {"uv": [8, 14.25, 8.125, 14.375], "texture": "#0"},
				"south": {"uv": [7.75, 14.25, 8.125, 14.375], "texture": "#0"},
				"west": {"uv": [7.75, 14.25, 7.875, 14.375], "texture": "#0"},
				"up": {"uv": [7.75, 14.25, 8.125, 14.375], "texture": "#0"},
				"down": {"uv": [7.75, 14.25, 8.125, 14.375], "texture": "#0"}
			}
		},
		{
			"name": "abominable_scythe_129",
			"from": [8.25, 1.375, 7.85],
			"to": [8.375, 1.75, 8.275],
			"faces": {
				"north": {"uv": [9.625, 14.25, 9.5, 14.625], "texture": "#0"},
				"east": {"uv": [9.5, 14.25, 9.625, 14.625], "texture": "#0"},
				"south": {"uv": [9.5, 14.25, 9.625, 14.625], "texture": "#0"},
				"west": {"uv": [9.5, 14.25, 9.625, 14.625], "texture": "#0"},
				"up": {"uv": [9.5, 14.25, 9.625, 14.375], "texture": "#0"},
				"down": {"uv": [9.5, 14.5, 9.625, 14.625], "texture": "#0"}
			}
		},
		{
			"name": "abominable_scythe_130",
			"from": [7.875, 1.625, 8],
			"to": [8.25, 1.875, 8.125],
			"faces": {
				"north": {"uv": [8.25, 14.375, 7.875, 14.625], "texture": "#0"},
				"east": {"uv": [8.125, 14.375, 8.25, 14.625], "texture": "#0"},
				"south": {"uv": [7.875, 14.375, 8.25, 14.625], "texture": "#0"},
				"west": {"uv": [7.875, 14.375, 8, 14.625], "texture": "#0"},
				"up": {"uv": [7.875, 14.375, 8.25, 14.5], "texture": "#0"},
				"down": {"uv": [7.875, 14.5, 8.25, 14.625], "texture": "#0"}
			}
		},
		{
			"name": "abominable_scythe_131",
			"from": [8.125, 1.25, 7.85],
			"to": [8.25, 1.625, 8.275],
			"faces": {
				"north": {"uv": [9.5, 14.375, 9.375, 14.75], "texture": "#0"},
				"east": {"uv": [9.375, 14.375, 9.5, 14.75], "texture": "#0"},
				"south": {"uv": [9.375, 14.375, 9.5, 14.75], "texture": "#0"},
				"west": {"uv": [9.375, 14.375, 9.5, 14.75], "texture": "#0"},
				"up": {"uv": [9.375, 14.375, 9.5, 14.5], "texture": "#0"},
				"down": {"uv": [9.375, 14.625, 9.5, 14.75], "texture": "#0"}
			}
		},
		{
			"name": "abominable_scythe_132",
			"from": [8, 1, 7.85],
			"to": [8.125, 1.5, 8.275],
			"faces": {
				"north": {"uv": [9.375, 14.5, 9.25, 15], "texture": "#0"},
				"east": {"uv": [9.25, 14.5, 9.375, 15], "texture": "#0"},
				"south": {"uv": [9.25, 14.5, 9.375, 15], "texture": "#0"},
				"west": {"uv": [9.25, 14.5, 9.375, 15], "texture": "#0"},
				"up": {"uv": [9.25, 14.5, 9.375, 14.625], "texture": "#0"},
				"down": {"uv": [9.25, 14.875, 9.375, 15], "texture": "#0"}
			}
		},
		{
			"name": "abominable_scythe_133",
			"from": [7.875, 1.5, 8],
			"to": [8.125, 1.625, 8.125],
			"faces": {
				"north": {"uv": [8.125, 14.625, 7.875, 14.75], "texture": "#0"},
				"east": {"uv": [8, 14.625, 8.125, 14.75], "texture": "#0"},
				"south": {"uv": [7.875, 14.625, 8.125, 14.75], "texture": "#0"},
				"west": {"uv": [7.875, 14.625, 8, 14.75], "texture": "#0"},
				"up": {"uv": [7.875, 14.625, 8.125, 14.75], "texture": "#0"},
				"down": {"uv": [7.875, 14.625, 8.125, 14.75], "texture": "#0"}
			}
		},
		{
			"name": "abominable_scythe_134",
			"from": [7.875, 1.25, 7.85],
			"to": [8, 1.375, 8.275],
			"faces": {
				"north": {"uv": [9.25, 14.625, 9.125, 14.75], "texture": "#0"},
				"east": {"uv": [9.125, 14.625, 9.25, 14.75], "texture": "#0"},
				"south": {"uv": [9.125, 14.625, 9.25, 14.75], "texture": "#0"},
				"west": {"uv": [9.125, 14.625, 9.25, 14.75], "texture": "#0"},
				"up": {"uv": [9.125, 14.625, 9.25, 14.75], "texture": "#0"},
				"down": {"uv": [9.125, 14.625, 9.25, 14.75], "texture": "#0"}
			}
		},
		{
			"name": "abominable_scythe_135",
			"from": [7.75, 1.375, 8],
			"to": [8, 1.5, 8.125],
			"faces": {
				"north": {"uv": [8, 14.75, 7.75, 14.875], "texture": "#0"},
				"east": {"uv": [7.875, 14.75, 8, 14.875], "texture": "#0"},
				"south": {"uv": [7.75, 14.75, 8, 14.875], "texture": "#0"},
				"west": {"uv": [7.75, 14.75, 7.875, 14.875], "texture": "#0"},
				"up": {"uv": [7.75, 14.75, 8, 14.875], "texture": "#0"},
				"down": {"uv": [7.75, 14.75, 8, 14.875], "texture": "#0"}
			}
		},
		{
			"name": "abominable_scythe_136",
			"from": [7.625, 1.25, 8],
			"to": [7.875, 1.375, 8.125],
			"faces": {
				"north": {"uv": [7.875, 14.875, 7.625, 15], "texture": "#0"},
				"east": {"uv": [7.75, 14.875, 7.875, 15], "texture": "#0"},
				"south": {"uv": [7.625, 14.875, 7.875, 15], "texture": "#0"},
				"west": {"uv": [7.625, 14.875, 7.75, 15], "texture": "#0"},
				"up": {"uv": [7.625, 14.875, 7.875, 15], "texture": "#0"},
				"down": {"uv": [7.625, 14.875, 7.875, 15], "texture": "#0"}
			}
		},
		{
			"name": "abominable_scythe_137",
			"from": [8.25, 1.25, 8],
			"to": [8.375, 1.375, 8.125],
			"faces": {
				"north": {"uv": [8.375, 14.875, 8.25, 15], "texture": "#0"},
				"east": {"uv": [8.25, 14.875, 8.375, 15], "texture": "#0"},
				"south": {"uv": [8.25, 14.875, 8.375, 15], "texture": "#0"},
				"west": {"uv": [8.25, 14.875, 8.375, 15], "texture": "#0"},
				"up": {"uv": [8.25, 14.875, 8.375, 15], "texture": "#0"},
				"down": {"uv": [8.25, 14.875, 8.375, 15], "texture": "#0"}
			}
		},
		{
			"name": "abominable_scythe_138",
			"from": [7.75, 1.125, 8],
			"to": [8, 1.25, 8.125],
			"faces": {
				"north": {"uv": [8, 15, 7.75, 15.125], "texture": "#0"},
				"east": {"uv": [7.875, 15, 8, 15.125], "texture": "#0"},
				"south": {"uv": [7.75, 15, 8, 15.125], "texture": "#0"},
				"west": {"uv": [7.75, 15, 7.875, 15.125], "texture": "#0"},
				"up": {"uv": [7.75, 15, 8, 15.125], "texture": "#0"},
				"down": {"uv": [7.75, 15, 8, 15.125], "texture": "#0"}
			}
		},
		{
			"name": "abominable_scythe_139",
			"from": [8.125, 0.875, 8],
			"to": [8.25, 1.25, 8.125],
			"faces": {
				"north": {"uv": [8.25, 15, 8.125, 15.375], "texture": "#0"},
				"east": {"uv": [8.125, 15, 8.25, 15.375], "texture": "#0"},
				"south": {"uv": [8.125, 15, 8.25, 15.375], "texture": "#0"},
				"west": {"uv": [8.125, 15, 8.25, 15.375], "texture": "#0"},
				"up": {"uv": [8.125, 15, 8.25, 15.125], "texture": "#0"},
				"down": {"uv": [8.125, 15.25, 8.25, 15.375], "texture": "#0"}
			}
		},
		{
			"name": "abominable_scythe_140",
			"from": [7.875, 0.875, 8],
			"to": [8, 1.125, 8.125],
			"faces": {
				"north": {"uv": [8, 15.125, 7.875, 15.375], "texture": "#0"},
				"east": {"uv": [7.875, 15.125, 8, 15.375], "texture": "#0"},
				"south": {"uv": [7.875, 15.125, 8, 15.375], "texture": "#0"},
				"west": {"uv": [7.875, 15.125, 8, 15.375], "texture": "#0"},
				"up": {"uv": [7.875, 15.125, 8, 15.25], "texture": "#0"},
				"down": {"uv": [7.875, 15.25, 8, 15.375], "texture": "#0"}
			}
		},
		{
			"name": "abominable_scythe_141",
			"from": [8, 0.625, 8],
			"to": [8.125, 1, 8.125],
			"faces": {
				"north": {"uv": [8.125, 15.25, 8, 15.625], "texture": "#0"},
				"east": {"uv": [8, 15.25, 8.125, 15.625], "texture": "#0"},
				"south": {"uv": [8, 15.25, 8.125, 15.625], "texture": "#0"},
				"west": {"uv": [8, 15.25, 8.125, 15.625], "texture": "#0"},
				"up": {"uv": [8, 15.25, 8.125, 15.375], "texture": "#0"},
				"down": {"uv": [8, 15.5, 8.125, 15.625], "texture": "#0"}
			}
		}
	],
	"gui_light": "front",
	"display": {
		"thirdperson_righthand": {
			"rotation": [0, -90, 0],
			"translation": [0, 4.75, 0.75],
			"scale": [3.5, 3.5, 3]
		},
		"thirdperson_lefthand": {
			"rotation": [0, 90, 0],
			"translation": [0, 4.75, 0.75],
			"scale": [3.5, 3.5, 3]
		},
		"firstperson_righthand": {
			"rotation": [0, -90, -4],
			"translation": [0.75, 7.25, 1.5],
			"scale": [2, 2, 1.75]
		},
		"firstperson_lefthand": {
			"rotation": [0, 90, 1],
			"translation": [1.5, 6.75, 0.5],
			"scale": [2, 2, 1.75]
		},
		"ground": {
			"translation": [0, 8.5, 0],
			"scale": [2.5, 2.5, 2.5]
		},
		"gui": {
			"rotation": [0, 0, -42],
			"translation": [1.5, 1.5, 0],
			"scale": [2, 2, 1]
		},
		"fixed": {
			"rotation": [-180, 0, 138],
			"translation": [-1.25, 1.75, -0.75],
			"scale": [4, 4, 3]
		}
	},
	"groups": [
		{
			"name": "abominable_scythe",
			"origin": [8, 8, 8],
			"color": 0,
			"children": [
				0,
				1,
				2,
				3,
				4,
				5,
				6,
				7,
				8,
				9,
				10,
				11,
				12,
				13,
				14,
				15,
				16,
				17,
				18,
				19,
				20,
				21,
				22,
				23,
				24,
				25,
				26,
				27,
				28,
				29,
				30,
				31,
				32,
				33,
				34,
				35,
				36,
				37,
				38,
				39,
				40,
				41,
				42,
				43,
				44,
				45,
				46,
				47,
				48,
				49,
				50,
				51,
				52,
				53,
				54,
				55,
				56,
				57,
				58,
				59,
				60,
				61,
				62,
				63,
				64,
				65,
				66,
				67,
				68,
				69,
				70,
				71,
				72,
				73,
				74,
				75,
				76,
				77,
				78,
				79,
				80,
				81,
				82,
				83,
				84,
				85,
				86,
				87,
				88,
				89,
				90,
				91,
				92,
				93,
				94,
				95,
				96,
				97,
				98,
				99,
				100,
				101,
				102,
				103,
				104,
				105,
				106,
				107,
				108,
				109,
				110,
				111,
				112,
				113,
				114,
				115,
				116,
				117,
				118,
				119,
				120,
				121,
				122,
				123,
				124,
				125,
				126,
				127,
				128,
				129,
				130,
				131,
				132,
				133,
				134,
				135,
				136,
				137,
				138,
				139,
				140,
				141
			]
		}
	]
}