{
	"credit": "Made with Blockbench",
	"textures": {
		"0": "prominent:item/transmog/abominable_blade",
		"particle": "prominent:item/transmog/abominable_blade"
	},
	"elements": [
		{
			"name": "abominable_blade_0",
			"from": [7.625, 14, 8.9],
			"to": [8.25, 14.25, 9.025],
			"faces": {
				"north": {"uv": [8.25, 1.75, 7.625, 2], "texture": "#0"},
				"east": {"uv": [8.125, 1.75, 8.25, 2], "texture": "#0"},
				"south": {"uv": [7.625, 1.75, 8.25, 2], "texture": "#0"},
				"west": {"uv": [7.625, 1.75, 7.75, 2], "texture": "#0"},
				"up": {"uv": [7.625, 1.75, 8.25, 1.875], "texture": "#0"},
				"down": {"uv": [7.625, 1.875, 8.25, 2], "texture": "#0"}
			}
		},
		{
			"name": "abominable_blade_1",
			"from": [7.5, 13.625, 8.9],
			"to": [7.625, 14.125, 9.025],
			"faces": {
				"north": {"uv": [7.625, 1.875, 7.5, 2.375], "texture": "#0"},
				"east": {"uv": [7.5, 1.875, 7.625, 2.375], "texture": "#0"},
				"south": {"uv": [7.5, 1.875, 7.625, 2.375], "texture": "#0"},
				"west": {"uv": [7.5, 1.875, 7.625, 2.375], "texture": "#0"},
				"up": {"uv": [7.5, 1.875, 7.625, 2], "texture": "#0"},
				"down": {"uv": [7.5, 2.25, 7.625, 2.375], "texture": "#0"}
			}
		},
		{
			"name": "abominable_blade_2",
			"from": [8.25, 13.625, 8.9],
			"to": [8.375, 14.125, 9.025],
			"faces": {
				"north": {"uv": [8.375, 1.875, 8.25, 2.375], "texture": "#0"},
				"east": {"uv": [8.25, 1.875, 8.375, 2.375], "texture": "#0"},
				"south": {"uv": [8.25, 1.875, 8.375, 2.375], "texture": "#0"},
				"west": {"uv": [8.25, 1.875, 8.375, 2.375], "texture": "#0"},
				"up": {"uv": [8.25, 1.875, 8.375, 2], "texture": "#0"},
				"down": {"uv": [8.25, 2.25, 8.375, 2.375], "texture": "#0"}
			}
		},
		{
			"name": "abominable_blade_3",
			"from": [7.375, 13.875, 8.9],
			"to": [7.5, 14, 9.025],
			"faces": {
				"north": {"uv": [7.5, 2, 7.375, 2.125], "texture": "#0"},
				"east": {"uv": [7.375, 2, 7.5, 2.125], "texture": "#0"},
				"south": {"uv": [7.375, 2, 7.5, 2.125], "texture": "#0"},
				"west": {"uv": [7.375, 2, 7.5, 2.125], "texture": "#0"},
				"up": {"uv": [7.375, 2, 7.5, 2.125], "texture": "#0"},
				"down": {"uv": [7.375, 2, 7.5, 2.125], "texture": "#0"}
			}
		},
		{
			"name": "abominable_blade_4",
			"from": [8.375, 13.875, 8.9],
			"to": [8.5, 14, 9.025],
			"faces": {
				"north": {"uv": [8.5, 2, 8.375, 2.125], "texture": "#0"},
				"east": {"uv": [8.375, 2, 8.5, 2.125], "texture": "#0"},
				"south": {"uv": [8.375, 2, 8.5, 2.125], "texture": "#0"},
				"west": {"uv": [8.375, 2, 8.5, 2.125], "texture": "#0"},
				"up": {"uv": [8.375, 2, 8.5, 2.125], "texture": "#0"},
				"down": {"uv": [8.375, 2, 8.5, 2.125], "texture": "#0"}
			}
		},
		{
			"name": "abominable_blade_5",
			"from": [7.625, 13.875, 8.85],
			"to": [8.25, 14, 9.075],
			"faces": {
				"north": {"uv": [9.25, 2, 8.625, 2.125], "texture": "#0"},
				"east": {"uv": [9.125, 2, 9.25, 2.125], "texture": "#0"},
				"south": {"uv": [8.625, 2, 9.25, 2.125], "texture": "#0"},
				"west": {"uv": [8.625, 2, 8.75, 2.125], "texture": "#0"},
				"up": {"uv": [8.625, 2, 9.25, 2.125], "texture": "#0"},
				"down": {"uv": [8.625, 2, 9.25, 2.125], "texture": "#0"}
			}
		},
		{
			"name": "abominable_blade_6",
			"from": [7.625, 8.25, 8.9],
			"to": [7.75, 13.875, 9.025],
			"faces": {
				"north": {"uv": [7.75, 2.125, 7.625, 7.75], "texture": "#0"},
				"east": {"uv": [7.625, 2.125, 7.75, 7.75], "texture": "#0"},
				"south": {"uv": [7.625, 2.125, 7.75, 7.75], "texture": "#0"},
				"west": {"uv": [7.625, 2.125, 7.75, 7.75], "texture": "#0"},
				"up": {"uv": [7.625, 2.125, 7.75, 2.25], "texture": "#0"},
				"down": {"uv": [7.625, 7.625, 7.75, 7.75], "texture": "#0"}
			}
		},
		{
			"name": "abominable_blade_7",
			"from": [8.125, 8.25, 8.9],
			"to": [8.25, 13.875, 9.025],
			"faces": {
				"north": {"uv": [8.25, 2.125, 8.125, 7.75], "texture": "#0"},
				"east": {"uv": [8.125, 2.125, 8.25, 7.75], "texture": "#0"},
				"south": {"uv": [8.125, 2.125, 8.25, 7.75], "texture": "#0"},
				"west": {"uv": [8.125, 2.125, 8.25, 7.75], "texture": "#0"},
				"up": {"uv": [8.125, 2.125, 8.25, 2.25], "texture": "#0"},
				"down": {"uv": [8.125, 7.625, 8.25, 7.75], "texture": "#0"}
			}
		},
		{
			"name": "abominable_blade_8",
			"from": [7.75, 8.75, 8.85],
			"to": [8.125, 13.875, 9.075],
			"faces": {
				"north": {"uv": [9.125, 2.125, 8.75, 7.25], "texture": "#0"},
				"east": {"uv": [9, 2.125, 9.125, 7.25], "texture": "#0"},
				"south": {"uv": [8.75, 2.125, 9.125, 7.25], "texture": "#0"},
				"west": {"uv": [8.75, 2.125, 8.875, 7.25], "texture": "#0"},
				"up": {"uv": [8.75, 2.125, 9.125, 2.25], "texture": "#0"},
				"down": {"uv": [8.75, 7.125, 9.125, 7.25], "texture": "#0"}
			}
		},
		{
			"name": "abominable_blade_9",
			"from": [7.5, 8.75, 8.9],
			"to": [7.625, 9.375, 9.025],
			"faces": {
				"north": {"uv": [7.625, 6.625, 7.5, 7.25], "texture": "#0"},
				"east": {"uv": [7.5, 6.625, 7.625, 7.25], "texture": "#0"},
				"south": {"uv": [7.5, 6.625, 7.625, 7.25], "texture": "#0"},
				"west": {"uv": [7.5, 6.625, 7.625, 7.25], "texture": "#0"},
				"up": {"uv": [7.5, 6.625, 7.625, 6.75], "texture": "#0"},
				"down": {"uv": [7.5, 7.125, 7.625, 7.25], "texture": "#0"}
			}
		},
		{
			"name": "abominable_blade_10",
			"from": [8.25, 8.75, 8.9],
			"to": [8.375, 9.375, 9.025],
			"faces": {
				"north": {"uv": [8.375, 6.625, 8.25, 7.25], "texture": "#0"},
				"east": {"uv": [8.25, 6.625, 8.375, 7.25], "texture": "#0"},
				"south": {"uv": [8.25, 6.625, 8.375, 7.25], "texture": "#0"},
				"west": {"uv": [8.25, 6.625, 8.375, 7.25], "texture": "#0"},
				"up": {"uv": [8.25, 6.625, 8.375, 6.75], "texture": "#0"},
				"down": {"uv": [8.25, 7.125, 8.375, 7.25], "texture": "#0"}
			}
		},
		{
			"name": "abominable_blade_11",
			"from": [7.375, 8.875, 8.9],
			"to": [7.5, 9, 9.025],
			"faces": {
				"north": {"uv": [7.5, 7, 7.375, 7.125], "texture": "#0"},
				"east": {"uv": [7.375, 7, 7.5, 7.125], "texture": "#0"},
				"south": {"uv": [7.375, 7, 7.5, 7.125], "texture": "#0"},
				"west": {"uv": [7.375, 7, 7.5, 7.125], "texture": "#0"},
				"up": {"uv": [7.375, 7, 7.5, 7.125], "texture": "#0"},
				"down": {"uv": [7.375, 7, 7.5, 7.125], "texture": "#0"}
			}
		},
		{
			"name": "abominable_blade_12",
			"from": [8.375, 8.875, 8.9],
			"to": [8.5, 9, 9.025],
			"faces": {
				"north": {"uv": [8.5, 7, 8.375, 7.125], "texture": "#0"},
				"east": {"uv": [8.375, 7, 8.5, 7.125], "texture": "#0"},
				"south": {"uv": [8.375, 7, 8.5, 7.125], "texture": "#0"},
				"west": {"uv": [8.375, 7, 8.5, 7.125], "texture": "#0"},
				"up": {"uv": [8.375, 7, 8.5, 7.125], "texture": "#0"},
				"down": {"uv": [8.375, 7, 8.5, 7.125], "texture": "#0"}
			}
		},
		{
			"name": "abominable_blade_13",
			"from": [7.75, 8.5, 8.85],
			"to": [7.875, 8.75, 9.075],
			"faces": {
				"north": {"uv": [8.875, 7.25, 8.75, 7.5], "texture": "#0"},
				"east": {"uv": [8.75, 7.25, 8.875, 7.5], "texture": "#0"},
				"south": {"uv": [8.75, 7.25, 8.875, 7.5], "texture": "#0"},
				"west": {"uv": [8.75, 7.25, 8.875, 7.5], "texture": "#0"},
				"up": {"uv": [8.75, 7.25, 8.875, 7.375], "texture": "#0"},
				"down": {"uv": [8.75, 7.375, 8.875, 7.5], "texture": "#0"}
			}
		},
		{
			"name": "abominable_blade_14",
			"from": [8, 8.5, 8.85],
			"to": [8.125, 8.75, 9.075],
			"faces": {
				"north": {"uv": [9.125, 7.25, 9, 7.5], "texture": "#0"},
				"east": {"uv": [9, 7.25, 9.125, 7.5], "texture": "#0"},
				"south": {"uv": [9, 7.25, 9.125, 7.5], "texture": "#0"},
				"west": {"uv": [9, 7.25, 9.125, 7.5], "texture": "#0"},
				"up": {"uv": [9, 7.25, 9.125, 7.375], "texture": "#0"},
				"down": {"uv": [9, 7.375, 9.125, 7.5], "texture": "#0"}
			}
		},
		{
			"name": "abominable_blade_15",
			"from": [7.25, 8.375, 8.9],
			"to": [7.5, 8.625, 9.025],
			"faces": {
				"north": {"uv": [7.5, 7.375, 7.25, 7.625], "texture": "#0"},
				"east": {"uv": [7.375, 7.375, 7.5, 7.625], "texture": "#0"},
				"south": {"uv": [7.25, 7.375, 7.5, 7.625], "texture": "#0"},
				"west": {"uv": [7.25, 7.375, 7.375, 7.625], "texture": "#0"},
				"up": {"uv": [7.25, 7.375, 7.5, 7.5], "texture": "#0"},
				"down": {"uv": [7.25, 7.5, 7.5, 7.625], "texture": "#0"}
			}
		},
		{
			"name": "abominable_blade_16",
			"from": [8.375, 8.375, 8.9],
			"to": [8.625, 8.625, 9.025],
			"faces": {
				"north": {"uv": [8.625, 7.375, 8.375, 7.625], "texture": "#0"},
				"east": {"uv": [8.5, 7.375, 8.625, 7.625], "texture": "#0"},
				"south": {"uv": [8.375, 7.375, 8.625, 7.625], "texture": "#0"},
				"west": {"uv": [8.375, 7.375, 8.5, 7.625], "texture": "#0"},
				"up": {"uv": [8.375, 7.375, 8.625, 7.5], "texture": "#0"},
				"down": {"uv": [8.375, 7.5, 8.625, 7.625], "texture": "#0"}
			}
		},
		{
			"name": "abominable_blade_17",
			"from": [7.5, 8.25, 8.9],
			"to": [7.625, 8.5, 9.025],
			"faces": {
				"north": {"uv": [7.625, 7.5, 7.5, 7.75], "texture": "#0"},
				"east": {"uv": [7.5, 7.5, 7.625, 7.75], "texture": "#0"},
				"south": {"uv": [7.5, 7.5, 7.625, 7.75], "texture": "#0"},
				"west": {"uv": [7.5, 7.5, 7.625, 7.75], "texture": "#0"},
				"up": {"uv": [7.5, 7.5, 7.625, 7.625], "texture": "#0"},
				"down": {"uv": [7.5, 7.625, 7.625, 7.75], "texture": "#0"}
			}
		},
		{
			"name": "abominable_blade_18",
			"from": [8.25, 8.25, 8.9],
			"to": [8.375, 8.5, 9.025],
			"faces": {
				"north": {"uv": [8.375, 7.5, 8.25, 7.75], "texture": "#0"},
				"east": {"uv": [8.25, 7.5, 8.375, 7.75], "texture": "#0"},
				"south": {"uv": [8.25, 7.5, 8.375, 7.75], "texture": "#0"},
				"west": {"uv": [8.25, 7.5, 8.375, 7.75], "texture": "#0"},
				"up": {"uv": [8.25, 7.5, 8.375, 7.625], "texture": "#0"},
				"down": {"uv": [8.25, 7.625, 8.375, 7.75], "texture": "#0"}
			}
		},
		{
			"name": "abominable_blade_19",
			"from": [7.375, 8.25, 8.9],
			"to": [7.5, 8.375, 9.025],
			"faces": {
				"north": {"uv": [7.5, 7.625, 7.375, 7.75], "texture": "#0"},
				"east": {"uv": [7.375, 7.625, 7.5, 7.75], "texture": "#0"},
				"south": {"uv": [7.375, 7.625, 7.5, 7.75], "texture": "#0"},
				"west": {"uv": [7.375, 7.625, 7.5, 7.75], "texture": "#0"},
				"up": {"uv": [7.375, 7.625, 7.5, 7.75], "texture": "#0"},
				"down": {"uv": [7.375, 7.625, 7.5, 7.75], "texture": "#0"}
			}
		},
		{
			"name": "abominable_blade_20",
			"from": [8.375, 8.25, 8.9],
			"to": [8.5, 8.375, 9.025],
			"faces": {
				"north": {"uv": [8.5, 7.625, 8.375, 7.75], "texture": "#0"},
				"east": {"uv": [8.375, 7.625, 8.5, 7.75], "texture": "#0"},
				"south": {"uv": [8.375, 7.625, 8.5, 7.75], "texture": "#0"},
				"west": {"uv": [8.375, 7.625, 8.5, 7.75], "texture": "#0"},
				"up": {"uv": [8.375, 7.625, 8.5, 7.75], "texture": "#0"},
				"down": {"uv": [8.375, 7.625, 8.5, 7.75], "texture": "#0"}
			}
		},
		{
			"name": "abominable_blade_21",
			"from": [7.875, 8.125, 8.8],
			"to": [8, 8.75, 9.125],
			"faces": {
				"north": {"uv": [5.5, 8, 5.375, 8.625], "texture": "#0"},
				"east": {"uv": [5.375, 8, 5.5, 8.625], "texture": "#0"},
				"south": {"uv": [5.375, 8, 5.5, 8.625], "texture": "#0"},
				"west": {"uv": [5.375, 8, 5.5, 8.625], "texture": "#0"},
				"up": {"uv": [5.375, 8, 5.5, 8.125], "texture": "#0"},
				"down": {"uv": [5.375, 8.5, 5.5, 8.625], "texture": "#0"}
			}
		},
		{
			"name": "abominable_blade_22",
			"from": [7.75, 8, 8.8],
			"to": [7.875, 8.5, 9.125],
			"faces": {
				"north": {"uv": [5.375, 8.25, 5.25, 8.75], "texture": "#0"},
				"east": {"uv": [5.25, 8.25, 5.375, 8.75], "texture": "#0"},
				"south": {"uv": [5.25, 8.25, 5.375, 8.75], "texture": "#0"},
				"west": {"uv": [5.25, 8.25, 5.375, 8.75], "texture": "#0"},
				"up": {"uv": [5.25, 8.25, 5.375, 8.375], "texture": "#0"},
				"down": {"uv": [5.25, 8.625, 5.375, 8.75], "texture": "#0"}
			}
		},
		{
			"name": "abominable_blade_23",
			"from": [8, 8, 8.8],
			"to": [8.125, 8.5, 9.125],
			"faces": {
				"north": {"uv": [5.625, 8.25, 5.5, 8.75], "texture": "#0"},
				"east": {"uv": [5.5, 8.25, 5.625, 8.75], "texture": "#0"},
				"south": {"uv": [5.5, 8.25, 5.625, 8.75], "texture": "#0"},
				"west": {"uv": [5.5, 8.25, 5.625, 8.75], "texture": "#0"},
				"up": {"uv": [5.5, 8.25, 5.625, 8.375], "texture": "#0"},
				"down": {"uv": [5.5, 8.625, 5.625, 8.75], "texture": "#0"}
			}
		},
		{
			"name": "abominable_blade_24",
			"from": [7.5, 7.875, 8.8],
			"to": [7.75, 8.25, 9.125],
			"faces": {
				"north": {"uv": [5.25, 8.5, 5, 8.875], "texture": "#0"},
				"east": {"uv": [5.125, 8.5, 5.25, 8.875], "texture": "#0"},
				"south": {"uv": [5, 8.5, 5.25, 8.875], "texture": "#0"},
				"west": {"uv": [5, 8.5, 5.125, 8.875], "texture": "#0"},
				"up": {"uv": [5, 8.5, 5.25, 8.625], "texture": "#0"},
				"down": {"uv": [5, 8.75, 5.25, 8.875], "texture": "#0"}
			}
		},
		{
			"name": "abominable_blade_25",
			"from": [8.125, 7.875, 8.8],
			"to": [8.375, 8.25, 9.125],
			"faces": {
				"north": {"uv": [5.875, 8.5, 5.625, 8.875], "texture": "#0"},
				"east": {"uv": [5.75, 8.5, 5.875, 8.875], "texture": "#0"},
				"south": {"uv": [5.625, 8.5, 5.875, 8.875], "texture": "#0"},
				"west": {"uv": [5.625, 8.5, 5.75, 8.875], "texture": "#0"},
				"up": {"uv": [5.625, 8.5, 5.875, 8.625], "texture": "#0"},
				"down": {"uv": [5.625, 8.75, 5.875, 8.875], "texture": "#0"}
			}
		},
		{
			"name": "abominable_blade_26",
			"from": [7.375, 7.625, 8.8],
			"to": [7.5, 8.125, 9.125],
			"faces": {
				"north": {"uv": [5, 8.625, 4.875, 9.125], "texture": "#0"},
				"east": {"uv": [4.875, 8.625, 5, 9.125], "texture": "#0"},
				"south": {"uv": [4.875, 8.625, 5, 9.125], "texture": "#0"},
				"west": {"uv": [4.875, 8.625, 5, 9.125], "texture": "#0"},
				"up": {"uv": [4.875, 8.625, 5, 8.75], "texture": "#0"},
				"down": {"uv": [4.875, 9, 5, 9.125], "texture": "#0"}
			}
		},
		{
			"name": "abominable_blade_27",
			"from": [8.375, 7.625, 8.8],
			"to": [8.5, 8.125, 9.125],
			"faces": {
				"north": {"uv": [6, 8.625, 5.875, 9.125], "texture": "#0"},
				"east": {"uv": [5.875, 8.625, 6, 9.125], "texture": "#0"},
				"south": {"uv": [5.875, 8.625, 6, 9.125], "texture": "#0"},
				"west": {"uv": [5.875, 8.625, 6, 9.125], "texture": "#0"},
				"up": {"uv": [5.875, 8.625, 6, 8.75], "texture": "#0"},
				"down": {"uv": [5.875, 9, 6, 9.125], "texture": "#0"}
			}
		},
		{
			"name": "abominable_blade_28",
			"from": [7.875, 7.875, 8.75],
			"to": [8, 8.125, 9.175],
			"faces": {
				"north": {"uv": [8, 8.625, 7.875, 8.875], "texture": "#0"},
				"east": {"uv": [7.875, 8.625, 8, 8.875], "texture": "#0"},
				"south": {"uv": [7.875, 8.625, 8, 8.875], "texture": "#0"},
				"west": {"uv": [7.875, 8.625, 8, 8.875], "texture": "#0"},
				"up": {"uv": [7.875, 8.625, 8, 8.75], "texture": "#0"},
				"down": {"uv": [7.875, 8.75, 8, 8.875], "texture": "#0"}
			}
		},
		{
			"name": "abominable_blade_29",
			"from": [7.25, 7.5, 8.8],
			"to": [7.375, 8, 9.125],
			"faces": {
				"north": {"uv": [4.875, 8.75, 4.75, 9.25], "texture": "#0"},
				"east": {"uv": [4.75, 8.75, 4.875, 9.25], "texture": "#0"},
				"south": {"uv": [4.75, 8.75, 4.875, 9.25], "texture": "#0"},
				"west": {"uv": [4.75, 8.75, 4.875, 9.25], "texture": "#0"},
				"up": {"uv": [4.75, 8.75, 4.875, 8.875], "texture": "#0"},
				"down": {"uv": [4.75, 9.125, 4.875, 9.25], "texture": "#0"}
			}
		},
		{
			"name": "abominable_blade_30",
			"from": [8.5, 7.5, 8.8],
			"to": [8.625, 8, 9.125],
			"faces": {
				"north": {"uv": [6.125, 8.75, 6, 9.25], "texture": "#0"},
				"east": {"uv": [6, 8.75, 6.125, 9.25], "texture": "#0"},
				"south": {"uv": [6, 8.75, 6.125, 9.25], "texture": "#0"},
				"west": {"uv": [6, 8.75, 6.125, 9.25], "texture": "#0"},
				"up": {"uv": [6, 8.75, 6.125, 8.875], "texture": "#0"},
				"down": {"uv": [6, 9.125, 6.125, 9.25], "texture": "#0"}
			}
		},
		{
			"name": "abominable_blade_31",
			"from": [7.75, 7.875, 8.75],
			"to": [7.875, 8, 9.175],
			"faces": {
				"north": {"uv": [7.875, 8.75, 7.75, 8.875], "texture": "#0"},
				"east": {"uv": [7.75, 8.75, 7.875, 8.875], "texture": "#0"},
				"south": {"uv": [7.75, 8.75, 7.875, 8.875], "texture": "#0"},
				"west": {"uv": [7.75, 8.75, 7.875, 8.875], "texture": "#0"},
				"up": {"uv": [7.75, 8.75, 7.875, 8.875], "texture": "#0"},
				"down": {"uv": [7.75, 8.75, 7.875, 8.875], "texture": "#0"}
			}
		},
		{
			"name": "abominable_blade_32",
			"from": [8, 7.875, 8.75],
			"to": [8.125, 8, 9.175],
			"faces": {
				"north": {"uv": [8.125, 8.75, 8, 8.875], "texture": "#0"},
				"east": {"uv": [8, 8.75, 8.125, 8.875], "texture": "#0"},
				"south": {"uv": [8, 8.75, 8.125, 8.875], "texture": "#0"},
				"west": {"uv": [8, 8.75, 8.125, 8.875], "texture": "#0"},
				"up": {"uv": [8, 8.75, 8.125, 8.875], "texture": "#0"},
				"down": {"uv": [8, 8.75, 8.125, 8.875], "texture": "#0"}
			}
		},
		{
			"name": "abominable_blade_33",
			"from": [7.125, 7.375, 8.8],
			"to": [7.25, 7.875, 9.125],
			"faces": {
				"north": {"uv": [4.75, 8.875, 4.625, 9.375], "texture": "#0"},
				"east": {"uv": [4.625, 8.875, 4.75, 9.375], "texture": "#0"},
				"south": {"uv": [4.625, 8.875, 4.75, 9.375], "texture": "#0"},
				"west": {"uv": [4.625, 8.875, 4.75, 9.375], "texture": "#0"},
				"up": {"uv": [4.625, 8.875, 4.75, 9], "texture": "#0"},
				"down": {"uv": [4.625, 9.25, 4.75, 9.375], "texture": "#0"}
			}
		},
		{
			"name": "abominable_blade_34",
			"from": [8.625, 7.375, 8.8],
			"to": [8.75, 7.875, 9.125],
			"faces": {
				"north": {"uv": [6.25, 8.875, 6.125, 9.375], "texture": "#0"},
				"east": {"uv": [6.125, 8.875, 6.25, 9.375], "texture": "#0"},
				"south": {"uv": [6.125, 8.875, 6.25, 9.375], "texture": "#0"},
				"west": {"uv": [6.125, 8.875, 6.25, 9.375], "texture": "#0"},
				"up": {"uv": [6.125, 8.875, 6.25, 9], "texture": "#0"},
				"down": {"uv": [6.125, 9.25, 6.25, 9.375], "texture": "#0"}
			}
		},
		{
			"name": "abominable_blade_35",
			"from": [7.5, 7.125, 8.75],
			"to": [7.75, 7.875, 9.175],
			"faces": {
				"north": {"uv": [7.75, 8.875, 7.5, 9.625], "texture": "#0"},
				"east": {"uv": [7.625, 8.875, 7.75, 9.625], "texture": "#0"},
				"south": {"uv": [7.5, 8.875, 7.75, 9.625], "texture": "#0"},
				"west": {"uv": [7.5, 8.875, 7.625, 9.625], "texture": "#0"},
				"up": {"uv": [7.5, 8.875, 7.75, 9], "texture": "#0"},
				"down": {"uv": [7.5, 9.5, 7.75, 9.625], "texture": "#0"}
			}
		},
		{
			"name": "abominable_blade_36",
			"from": [8.125, 7.125, 8.75],
			"to": [8.375, 7.875, 9.175],
			"faces": {
				"north": {"uv": [8.375, 8.875, 8.125, 9.625], "texture": "#0"},
				"east": {"uv": [8.25, 8.875, 8.375, 9.625], "texture": "#0"},
				"south": {"uv": [8.125, 8.875, 8.375, 9.625], "texture": "#0"},
				"west": {"uv": [8.125, 8.875, 8.25, 9.625], "texture": "#0"},
				"up": {"uv": [8.125, 8.875, 8.375, 9], "texture": "#0"},
				"down": {"uv": [8.125, 9.5, 8.375, 9.625], "texture": "#0"}
			}
		},
		{
			"name": "abominable_blade_37",
			"from": [7.75, 7.5, 8.8],
			"to": [8.125, 7.875, 9.125],
			"faces": {
				"north": {"uv": [9.625, 8.875, 9.25, 9.25], "texture": "#0"},
				"east": {"uv": [9.5, 8.875, 9.625, 9.25], "texture": "#0"},
				"south": {"uv": [9.25, 8.875, 9.625, 9.25], "texture": "#0"},
				"west": {"uv": [9.25, 8.875, 9.375, 9.25], "texture": "#0"},
				"up": {"uv": [9.25, 8.875, 9.625, 9], "texture": "#0"},
				"down": {"uv": [9.25, 9.125, 9.625, 9.25], "texture": "#0"}
			}
		},
		{
			"name": "abominable_blade_38",
			"from": [7, 7.375, 8.8],
			"to": [7.125, 7.75, 9.125],
			"faces": {
				"north": {"uv": [4.625, 9, 4.5, 9.375], "texture": "#0"},
				"east": {"uv": [4.5, 9, 4.625, 9.375], "texture": "#0"},
				"south": {"uv": [4.5, 9, 4.625, 9.375], "texture": "#0"},
				"west": {"uv": [4.5, 9, 4.625, 9.375], "texture": "#0"},
				"up": {"uv": [4.5, 9, 4.625, 9.125], "texture": "#0"},
				"down": {"uv": [4.5, 9.25, 4.625, 9.375], "texture": "#0"}
			}
		},
		{
			"name": "abominable_blade_39",
			"from": [8.75, 7.375, 8.8],
			"to": [8.875, 7.75, 9.125],
			"faces": {
				"north": {"uv": [6.375, 9, 6.25, 9.375], "texture": "#0"},
				"east": {"uv": [6.25, 9, 6.375, 9.375], "texture": "#0"},
				"south": {"uv": [6.25, 9, 6.375, 9.375], "texture": "#0"},
				"west": {"uv": [6.25, 9, 6.375, 9.375], "texture": "#0"},
				"up": {"uv": [6.25, 9, 6.375, 9.125], "texture": "#0"},
				"down": {"uv": [6.25, 9.25, 6.375, 9.375], "texture": "#0"}
			}
		},
		{
			"name": "abominable_blade_40",
			"from": [6.875, 7.375, 8.8],
			"to": [7, 7.625, 9.125],
			"faces": {
				"north": {"uv": [4.5, 9.125, 4.375, 9.375], "texture": "#0"},
				"east": {"uv": [4.375, 9.125, 4.5, 9.375], "texture": "#0"},
				"south": {"uv": [4.375, 9.125, 4.5, 9.375], "texture": "#0"},
				"west": {"uv": [4.375, 9.125, 4.5, 9.375], "texture": "#0"},
				"up": {"uv": [4.375, 9.125, 4.5, 9.25], "texture": "#0"},
				"down": {"uv": [4.375, 9.25, 4.5, 9.375], "texture": "#0"}
			}
		},
		{
			"name": "abominable_blade_41",
			"from": [8.875, 7.375, 8.8],
			"to": [9, 7.625, 9.125],
			"faces": {
				"north": {"uv": [6.5, 9.125, 6.375, 9.375], "texture": "#0"},
				"east": {"uv": [6.375, 9.125, 6.5, 9.375], "texture": "#0"},
				"south": {"uv": [6.375, 9.125, 6.5, 9.375], "texture": "#0"},
				"west": {"uv": [6.375, 9.125, 6.5, 9.375], "texture": "#0"},
				"up": {"uv": [6.375, 9.125, 6.5, 9.25], "texture": "#0"},
				"down": {"uv": [6.375, 9.25, 6.5, 9.375], "texture": "#0"}
			}
		},
		{
			"name": "abominable_blade_42",
			"from": [7.375, 7, 8.75],
			"to": [7.5, 7.625, 9.175],
			"faces": {
				"north": {"uv": [7.5, 9.125, 7.375, 9.75], "texture": "#0"},
				"east": {"uv": [7.375, 9.125, 7.5, 9.75], "texture": "#0"},
				"south": {"uv": [7.375, 9.125, 7.5, 9.75], "texture": "#0"},
				"west": {"uv": [7.375, 9.125, 7.5, 9.75], "texture": "#0"},
				"up": {"uv": [7.375, 9.125, 7.5, 9.25], "texture": "#0"},
				"down": {"uv": [7.375, 9.625, 7.5, 9.75], "texture": "#0"}
			}
		},
		{
			"name": "abominable_blade_43",
			"from": [8.375, 7, 8.75],
			"to": [8.5, 7.625, 9.175],
			"faces": {
				"north": {"uv": [8.5, 9.125, 8.375, 9.75], "texture": "#0"},
				"east": {"uv": [8.375, 9.125, 8.5, 9.75], "texture": "#0"},
				"south": {"uv": [8.375, 9.125, 8.5, 9.75], "texture": "#0"},
				"west": {"uv": [8.375, 9.125, 8.5, 9.75], "texture": "#0"},
				"up": {"uv": [8.375, 9.125, 8.5, 9.25], "texture": "#0"},
				"down": {"uv": [8.375, 9.625, 8.5, 9.75], "texture": "#0"}
			}
		},
		{
			"name": "abominable_blade_44",
			"from": [6.75, 7.375, 8.8],
			"to": [6.875, 7.5, 9.125],
			"faces": {
				"north": {"uv": [4.375, 9.25, 4.25, 9.375], "texture": "#0"},
				"east": {"uv": [4.25, 9.25, 4.375, 9.375], "texture": "#0"},
				"south": {"uv": [4.25, 9.25, 4.375, 9.375], "texture": "#0"},
				"west": {"uv": [4.25, 9.25, 4.375, 9.375], "texture": "#0"},
				"up": {"uv": [4.25, 9.25, 4.375, 9.375], "texture": "#0"},
				"down": {"uv": [4.25, 9.25, 4.375, 9.375], "texture": "#0"}
			}
		},
		{
			"name": "abominable_blade_45",
			"from": [9, 7.375, 8.8],
			"to": [9.125, 7.5, 9.125],
			"faces": {
				"north": {"uv": [6.625, 9.25, 6.5, 9.375], "texture": "#0"},
				"east": {"uv": [6.5, 9.25, 6.625, 9.375], "texture": "#0"},
				"south": {"uv": [6.5, 9.25, 6.625, 9.375], "texture": "#0"},
				"west": {"uv": [6.5, 9.25, 6.625, 9.375], "texture": "#0"},
				"up": {"uv": [6.5, 9.25, 6.625, 9.375], "texture": "#0"},
				"down": {"uv": [6.5, 9.25, 6.625, 9.375], "texture": "#0"}
			}
		},
		{
			"name": "abominable_blade_46",
			"from": [7.25, 7.125, 8.75],
			"to": [7.375, 7.5, 9.175],
			"faces": {
				"north": {"uv": [7.375, 9.25, 7.25, 9.625], "texture": "#0"},
				"east": {"uv": [7.25, 9.25, 7.375, 9.625], "texture": "#0"},
				"south": {"uv": [7.25, 9.25, 7.375, 9.625], "texture": "#0"},
				"west": {"uv": [7.25, 9.25, 7.375, 9.625], "texture": "#0"},
				"up": {"uv": [7.25, 9.25, 7.375, 9.375], "texture": "#0"},
				"down": {"uv": [7.25, 9.5, 7.375, 9.625], "texture": "#0"}
			}
		},
		{
			"name": "abominable_blade_47",
			"from": [7.75, 7.375, 8.75],
			"to": [8.125, 7.5, 9.175],
			"faces": {
				"north": {"uv": [8.125, 9.25, 7.75, 9.375], "texture": "#0"},
				"east": {"uv": [8, 9.25, 8.125, 9.375], "texture": "#0"},
				"south": {"uv": [7.75, 9.25, 8.125, 9.375], "texture": "#0"},
				"west": {"uv": [7.75, 9.25, 7.875, 9.375], "texture": "#0"},
				"up": {"uv": [7.75, 9.25, 8.125, 9.375], "texture": "#0"},
				"down": {"uv": [7.75, 9.25, 8.125, 9.375], "texture": "#0"}
			}
		},
		{
			"name": "abominable_blade_48",
			"from": [8.5, 7.125, 8.75],
			"to": [8.625, 7.5, 9.175],
			"faces": {
				"north": {"uv": [8.625, 9.25, 8.5, 9.625], "texture": "#0"},
				"east": {"uv": [8.5, 9.25, 8.625, 9.625], "texture": "#0"},
				"south": {"uv": [8.5, 9.25, 8.625, 9.625], "texture": "#0"},
				"west": {"uv": [8.5, 9.25, 8.625, 9.625], "texture": "#0"},
				"up": {"uv": [8.5, 9.25, 8.625, 9.375], "texture": "#0"},
				"down": {"uv": [8.5, 9.5, 8.625, 9.625], "texture": "#0"}
			}
		},
		{
			"name": "abominable_blade_49",
			"from": [7.125, 7.125, 8.75],
			"to": [7.25, 7.375, 9.175],
			"faces": {
				"north": {"uv": [7.25, 9.375, 7.125, 9.625], "texture": "#0"},
				"east": {"uv": [7.125, 9.375, 7.25, 9.625], "texture": "#0"},
				"south": {"uv": [7.125, 9.375, 7.25, 9.625], "texture": "#0"},
				"west": {"uv": [7.125, 9.375, 7.25, 9.625], "texture": "#0"},
				"up": {"uv": [7.125, 9.375, 7.25, 9.5], "texture": "#0"},
				"down": {"uv": [7.125, 9.5, 7.25, 9.625], "texture": "#0"}
			}
		},
		{
			"name": "abominable_blade_50",
			"from": [8.625, 7.125, 8.75],
			"to": [8.75, 7.375, 9.175],
			"faces": {
				"north": {"uv": [8.75, 9.375, 8.625, 9.625], "texture": "#0"},
				"east": {"uv": [8.625, 9.375, 8.75, 9.625], "texture": "#0"},
				"south": {"uv": [8.625, 9.375, 8.75, 9.625], "texture": "#0"},
				"west": {"uv": [8.625, 9.375, 8.75, 9.625], "texture": "#0"},
				"up": {"uv": [8.625, 9.375, 8.75, 9.5], "texture": "#0"},
				"down": {"uv": [8.625, 9.5, 8.75, 9.625], "texture": "#0"}
			}
		},
		{
			"name": "abominable_blade_51",
			"from": [7, 7.125, 8.75],
			"to": [7.125, 7.25, 9.175],
			"faces": {
				"north": {"uv": [7.125, 9.5, 7, 9.625], "texture": "#0"},
				"east": {"uv": [7, 9.5, 7.125, 9.625], "texture": "#0"},
				"south": {"uv": [7, 9.5, 7.125, 9.625], "texture": "#0"},
				"west": {"uv": [7, 9.5, 7.125, 9.625], "texture": "#0"},
				"up": {"uv": [7, 9.5, 7.125, 9.625], "texture": "#0"},
				"down": {"uv": [7, 9.5, 7.125, 9.625], "texture": "#0"}
			}
		},
		{
			"name": "abominable_blade_52",
			"from": [8.75, 7.125, 8.75],
			"to": [8.875, 7.25, 9.175],
			"faces": {
				"north": {"uv": [8.875, 9.5, 8.75, 9.625], "texture": "#0"},
				"east": {"uv": [8.75, 9.5, 8.875, 9.625], "texture": "#0"},
				"south": {"uv": [8.75, 9.5, 8.875, 9.625], "texture": "#0"},
				"west": {"uv": [8.75, 9.5, 8.875, 9.625], "texture": "#0"},
				"up": {"uv": [8.75, 9.5, 8.875, 9.625], "texture": "#0"},
				"down": {"uv": [8.75, 9.5, 8.875, 9.625], "texture": "#0"}
			}
		},
		{
			"name": "abominable_blade_53",
			"from": [7.5, 6.875, 8.75],
			"to": [7.625, 7.125, 9.175],
			"faces": {
				"north": {"uv": [7.625, 9.625, 7.5, 9.875], "texture": "#0"},
				"east": {"uv": [7.5, 9.625, 7.625, 9.875], "texture": "#0"},
				"south": {"uv": [7.5, 9.625, 7.625, 9.875], "texture": "#0"},
				"west": {"uv": [7.5, 9.625, 7.625, 9.875], "texture": "#0"},
				"up": {"uv": [7.5, 9.625, 7.625, 9.75], "texture": "#0"},
				"down": {"uv": [7.5, 9.75, 7.625, 9.875], "texture": "#0"}
			}
		},
		{
			"name": "abominable_blade_54",
			"from": [8.25, 6.875, 8.75],
			"to": [8.375, 7.125, 9.175],
			"faces": {
				"north": {"uv": [8.375, 9.625, 8.25, 9.875], "texture": "#0"},
				"east": {"uv": [8.25, 9.625, 8.375, 9.875], "texture": "#0"},
				"south": {"uv": [8.25, 9.625, 8.375, 9.875], "texture": "#0"},
				"west": {"uv": [8.25, 9.625, 8.375, 9.875], "texture": "#0"},
				"up": {"uv": [8.25, 9.625, 8.375, 9.75], "texture": "#0"},
				"down": {"uv": [8.25, 9.75, 8.375, 9.875], "texture": "#0"}
			}
		},
		{
			"name": "abominable_blade_55",
			"from": [7.75, 6.25, 8.8],
			"to": [8.125, 7.375, 9.125],
			"faces": {
				"north": {"uv": [8.125, 10.125, 7.75, 11.25], "texture": "#0"},
				"east": {"uv": [8, 10.125, 8.125, 11.25], "texture": "#0"},
				"south": {"uv": [7.75, 10.125, 8.125, 11.25], "texture": "#0"},
				"west": {"uv": [7.75, 10.125, 7.875, 11.25], "texture": "#0"},
				"up": {"uv": [7.75, 10.125, 8.125, 10.25], "texture": "#0"},
				"down": {"uv": [7.75, 11.125, 8.125, 11.25], "texture": "#0"}
			}
		},
		{
			"name": "abominable_blade_56",
			"from": [7.625, 6, 8.75],
			"to": [8.25, 6.25, 9.175],
			"faces": {
				"north": {"uv": [9, 10.5, 8.375, 10.75], "texture": "#0"},
				"east": {"uv": [8.875, 10.5, 9, 10.75], "texture": "#0"},
				"south": {"uv": [8.375, 10.5, 9, 10.75], "texture": "#0"},
				"west": {"uv": [8.375, 10.5, 8.5, 10.75], "texture": "#0"},
				"up": {"uv": [8.375, 10.5, 9, 10.625], "texture": "#0"},
				"down": {"uv": [8.375, 10.625, 9, 10.75], "texture": "#0"}
			}
		},
		{
			"name": "abominable_blade_57",
			"from": [7.75, 4.875, 8.8],
			"to": [8.125, 6, 9.125],
			"faces": {
				"north": {"uv": [8.125, 11.5, 7.75, 12.625], "texture": "#0"},
				"east": {"uv": [8, 11.5, 8.125, 12.625], "texture": "#0"},
				"south": {"uv": [7.75, 11.5, 8.125, 12.625], "texture": "#0"},
				"west": {"uv": [7.75, 11.5, 7.875, 12.625], "texture": "#0"},
				"up": {"uv": [7.75, 11.5, 8.125, 11.625], "texture": "#0"},
				"down": {"uv": [7.75, 12.5, 8.125, 12.625], "texture": "#0"}
			}
		},
		{
			"name": "abominable_blade_58",
			"from": [8.125, 4.875, 8.85],
			"to": [8.25, 5.375, 9.075],
			"faces": {
				"north": {"uv": [9, 12.125, 8.875, 12.625], "texture": "#0"},
				"east": {"uv": [8.875, 12.125, 9, 12.625], "texture": "#0"},
				"south": {"uv": [8.875, 12.125, 9, 12.625], "texture": "#0"},
				"west": {"uv": [8.875, 12.125, 9, 12.625], "texture": "#0"},
				"up": {"uv": [8.875, 12.125, 9, 12.25], "texture": "#0"},
				"down": {"uv": [8.875, 12.5, 9, 12.625], "texture": "#0"}
			}
		},
		{
			"name": "abominable_blade_59",
			"from": [8.25, 4.75, 8.85],
			"to": [8.375, 5.25, 9.075],
			"faces": {
				"north": {"uv": [9.125, 12.25, 9, 12.75], "texture": "#0"},
				"east": {"uv": [9, 12.25, 9.125, 12.75], "texture": "#0"},
				"south": {"uv": [9, 12.25, 9.125, 12.75], "texture": "#0"},
				"west": {"uv": [9, 12.25, 9.125, 12.75], "texture": "#0"},
				"up": {"uv": [9, 12.25, 9.125, 12.375], "texture": "#0"},
				"down": {"uv": [9, 12.625, 9.125, 12.75], "texture": "#0"}
			}
		},
		{
			"name": "abominable_blade_60",
			"from": [8.375, 4.375, 8.85],
			"to": [8.5, 5, 9.075],
			"faces": {
				"north": {"uv": [9.25, 12.5, 9.125, 13.125], "texture": "#0"},
				"east": {"uv": [9.125, 12.5, 9.25, 13.125], "texture": "#0"},
				"south": {"uv": [9.125, 12.5, 9.25, 13.125], "texture": "#0"},
				"west": {"uv": [9.125, 12.5, 9.25, 13.125], "texture": "#0"},
				"up": {"uv": [9.125, 12.5, 9.25, 12.625], "texture": "#0"},
				"down": {"uv": [9.125, 13, 9.25, 13.125], "texture": "#0"}
			}
		},
		{
			"name": "abominable_blade_61",
			"from": [8.5, 4.5, 8.85],
			"to": [8.625, 4.875, 9.075],
			"faces": {
				"north": {"uv": [9.375, 12.625, 9.25, 13], "texture": "#0"},
				"east": {"uv": [9.25, 12.625, 9.375, 13], "texture": "#0"},
				"south": {"uv": [9.25, 12.625, 9.375, 13], "texture": "#0"},
				"west": {"uv": [9.25, 12.625, 9.375, 13], "texture": "#0"},
				"up": {"uv": [9.25, 12.625, 9.375, 12.75], "texture": "#0"},
				"down": {"uv": [9.25, 12.875, 9.375, 13], "texture": "#0"}
			}
		},
		{
			"name": "abominable_blade_62",
			"from": [8.625, 4.625, 8.85],
			"to": [8.875, 4.75, 9.075],
			"faces": {
				"north": {"uv": [9.625, 12.75, 9.375, 12.875], "texture": "#0"},
				"east": {"uv": [9.5, 12.75, 9.625, 12.875], "texture": "#0"},
				"south": {"uv": [9.375, 12.75, 9.625, 12.875], "texture": "#0"},
				"west": {"uv": [9.375, 12.75, 9.5, 12.875], "texture": "#0"},
				"up": {"uv": [9.375, 12.75, 9.625, 12.875], "texture": "#0"},
				"down": {"uv": [9.375, 12.75, 9.625, 12.875], "texture": "#0"}
			}
		},
		{
			"name": "abominable_blade_63",
			"from": [7.5, 4.75, 8.9],
			"to": [8.25, 4.875, 9.025],
			"faces": {
				"north": {"uv": [8.25, 12.875, 7.5, 13], "texture": "#0"},
				"east": {"uv": [8.125, 12.875, 8.25, 13], "texture": "#0"},
				"south": {"uv": [7.5, 12.875, 8.25, 13], "texture": "#0"},
				"west": {"uv": [7.5, 12.875, 7.625, 13], "texture": "#0"},
				"up": {"uv": [7.5, 12.875, 8.25, 13], "texture": "#0"},
				"down": {"uv": [7.5, 12.875, 8.25, 13], "texture": "#0"}
			}
		},
		{
			"name": "abominable_blade_64",
			"from": [8.25, 4.25, 8.85],
			"to": [8.375, 4.625, 9.075],
			"faces": {
				"north": {"uv": [9.125, 12.875, 9, 13.25], "texture": "#0"},
				"east": {"uv": [9, 12.875, 9.125, 13.25], "texture": "#0"},
				"south": {"uv": [9, 12.875, 9.125, 13.25], "texture": "#0"},
				"west": {"uv": [9, 12.875, 9.125, 13.25], "texture": "#0"},
				"up": {"uv": [9, 12.875, 9.125, 13], "texture": "#0"},
				"down": {"uv": [9, 13.125, 9.125, 13.25], "texture": "#0"}
			}
		},
		{
			"name": "abominable_blade_65",
			"from": [7.625, 4.625, 8.9],
			"to": [8.25, 4.75, 9.025],
			"faces": {
				"north": {"uv": [8.25, 13, 7.625, 13.125], "texture": "#0"},
				"east": {"uv": [8.125, 13, 8.25, 13.125], "texture": "#0"},
				"south": {"uv": [7.625, 13, 8.25, 13.125], "texture": "#0"},
				"west": {"uv": [7.625, 13, 7.75, 13.125], "texture": "#0"},
				"up": {"uv": [7.625, 13, 8.25, 13.125], "texture": "#0"},
				"down": {"uv": [7.625, 13, 8.25, 13.125], "texture": "#0"}
			}
		},
		{
			"name": "abominable_blade_66",
			"from": [8.125, 4.125, 8.85],
			"to": [8.25, 4.5, 9.075],
			"faces": {
				"north": {"uv": [9, 13, 8.875, 13.375], "texture": "#0"},
				"east": {"uv": [8.875, 13, 9, 13.375], "texture": "#0"},
				"south": {"uv": [8.875, 13, 9, 13.375], "texture": "#0"},
				"west": {"uv": [8.875, 13, 9, 13.375], "texture": "#0"},
				"up": {"uv": [8.875, 13, 9, 13.125], "texture": "#0"},
				"down": {"uv": [8.875, 13.25, 9, 13.375], "texture": "#0"}
			}
		},
		{
			"name": "abominable_blade_67",
			"from": [7.75, 4.375, 8.9],
			"to": [8.125, 4.625, 9.025],
			"faces": {
				"north": {"uv": [8.125, 13.125, 7.75, 13.375], "texture": "#0"},
				"east": {"uv": [8, 13.125, 8.125, 13.375], "texture": "#0"},
				"south": {"uv": [7.75, 13.125, 8.125, 13.375], "texture": "#0"},
				"west": {"uv": [7.75, 13.125, 7.875, 13.375], "texture": "#0"},
				"up": {"uv": [7.75, 13.125, 8.125, 13.25], "texture": "#0"},
				"down": {"uv": [7.75, 13.25, 8.125, 13.375], "texture": "#0"}
			}
		},
		{
			"name": "abominable_blade_68",
			"from": [8, 4, 8.85],
			"to": [8.125, 4.375, 9.075],
			"faces": {
				"north": {"uv": [8.875, 13.125, 8.75, 13.5], "texture": "#0"},
				"east": {"uv": [8.75, 13.125, 8.875, 13.5], "texture": "#0"},
				"south": {"uv": [8.75, 13.125, 8.875, 13.5], "texture": "#0"},
				"west": {"uv": [8.75, 13.125, 8.875, 13.5], "texture": "#0"},
				"up": {"uv": [8.75, 13.125, 8.875, 13.25], "texture": "#0"},
				"down": {"uv": [8.75, 13.375, 8.875, 13.5], "texture": "#0"}
			}
		},
		{
			"name": "abominable_blade_69",
			"from": [7.875, 3.75, 8.85],
			"to": [8, 4.25, 9.075],
			"faces": {
				"north": {"uv": [8.75, 13.25, 8.625, 13.75], "texture": "#0"},
				"east": {"uv": [8.625, 13.25, 8.75, 13.75], "texture": "#0"},
				"south": {"uv": [8.625, 13.25, 8.75, 13.75], "texture": "#0"},
				"west": {"uv": [8.625, 13.25, 8.75, 13.75], "texture": "#0"},
				"up": {"uv": [8.625, 13.25, 8.75, 13.375], "texture": "#0"},
				"down": {"uv": [8.625, 13.625, 8.75, 13.75], "texture": "#0"}
			}
		},
		{
			"name": "abominable_blade_70",
			"from": [7.75, 4.25, 8.9],
			"to": [8, 4.375, 9.025],
			"faces": {
				"north": {"uv": [8, 13.375, 7.75, 13.5], "texture": "#0"},
				"east": {"uv": [7.875, 13.375, 8, 13.5], "texture": "#0"},
				"south": {"uv": [7.75, 13.375, 8, 13.5], "texture": "#0"},
				"west": {"uv": [7.75, 13.375, 7.875, 13.5], "texture": "#0"},
				"up": {"uv": [7.75, 13.375, 8, 13.5], "texture": "#0"},
				"down": {"uv": [7.75, 13.375, 8, 13.5], "texture": "#0"}
			}
		},
		{
			"name": "abominable_blade_71",
			"from": [7.75, 4, 8.85],
			"to": [7.875, 4.125, 9.075],
			"faces": {
				"north": {"uv": [8.625, 13.375, 8.5, 13.5], "texture": "#0"},
				"east": {"uv": [8.5, 13.375, 8.625, 13.5], "texture": "#0"},
				"south": {"uv": [8.5, 13.375, 8.625, 13.5], "texture": "#0"},
				"west": {"uv": [8.5, 13.375, 8.625, 13.5], "texture": "#0"},
				"up": {"uv": [8.5, 13.375, 8.625, 13.5], "texture": "#0"},
				"down": {"uv": [8.5, 13.375, 8.625, 13.5], "texture": "#0"}
			}
		},
		{
			"name": "abominable_blade_72",
			"from": [7.625, 4.125, 8.9],
			"to": [7.875, 4.25, 9.025],
			"faces": {
				"north": {"uv": [7.875, 13.5, 7.625, 13.625], "texture": "#0"},
				"east": {"uv": [7.75, 13.5, 7.875, 13.625], "texture": "#0"},
				"south": {"uv": [7.625, 13.5, 7.875, 13.625], "texture": "#0"},
				"west": {"uv": [7.625, 13.5, 7.75, 13.625], "texture": "#0"},
				"up": {"uv": [7.625, 13.5, 7.875, 13.625], "texture": "#0"},
				"down": {"uv": [7.625, 13.5, 7.875, 13.625], "texture": "#0"}
			}
		},
		{
			"name": "abominable_blade_73",
			"from": [7.5, 4, 8.9],
			"to": [7.75, 4.125, 9.025],
			"faces": {
				"north": {"uv": [7.75, 13.625, 7.5, 13.75], "texture": "#0"},
				"east": {"uv": [7.625, 13.625, 7.75, 13.75], "texture": "#0"},
				"south": {"uv": [7.5, 13.625, 7.75, 13.75], "texture": "#0"},
				"west": {"uv": [7.5, 13.625, 7.625, 13.75], "texture": "#0"},
				"up": {"uv": [7.5, 13.625, 7.75, 13.75], "texture": "#0"},
				"down": {"uv": [7.5, 13.625, 7.75, 13.75], "texture": "#0"}
			}
		},
		{
			"name": "abominable_blade_74",
			"from": [8.125, 4, 8.9],
			"to": [8.25, 4.125, 9.025],
			"faces": {
				"north": {"uv": [8.25, 13.625, 8.125, 13.75], "texture": "#0"},
				"east": {"uv": [8.125, 13.625, 8.25, 13.75], "texture": "#0"},
				"south": {"uv": [8.125, 13.625, 8.25, 13.75], "texture": "#0"},
				"west": {"uv": [8.125, 13.625, 8.25, 13.75], "texture": "#0"},
				"up": {"uv": [8.125, 13.625, 8.25, 13.75], "texture": "#0"},
				"down": {"uv": [8.125, 13.625, 8.25, 13.75], "texture": "#0"}
			}
		},
		{
			"name": "abominable_blade_75",
			"from": [7.625, 3.875, 8.9],
			"to": [7.875, 4, 9.025],
			"faces": {
				"north": {"uv": [7.875, 13.75, 7.625, 13.875], "texture": "#0"},
				"east": {"uv": [7.75, 13.75, 7.875, 13.875], "texture": "#0"},
				"south": {"uv": [7.625, 13.75, 7.875, 13.875], "texture": "#0"},
				"west": {"uv": [7.625, 13.75, 7.75, 13.875], "texture": "#0"},
				"up": {"uv": [7.625, 13.75, 7.875, 13.875], "texture": "#0"},
				"down": {"uv": [7.625, 13.75, 7.875, 13.875], "texture": "#0"}
			}
		},
		{
			"name": "abominable_blade_76",
			"from": [8, 3.625, 8.9],
			"to": [8.125, 4, 9.025],
			"faces": {
				"north": {"uv": [8.125, 13.75, 8, 14.125], "texture": "#0"},
				"east": {"uv": [8, 13.75, 8.125, 14.125], "texture": "#0"},
				"south": {"uv": [8, 13.75, 8.125, 14.125], "texture": "#0"},
				"west": {"uv": [8, 13.75, 8.125, 14.125], "texture": "#0"},
				"up": {"uv": [8, 13.75, 8.125, 13.875], "texture": "#0"},
				"down": {"uv": [8, 14, 8.125, 14.125], "texture": "#0"}
			}
		},
		{
			"name": "abominable_blade_77",
			"from": [7.75, 3.625, 8.9],
			"to": [7.875, 3.875, 9.025],
			"faces": {
				"north": {"uv": [7.875, 13.875, 7.75, 14.125], "texture": "#0"},
				"east": {"uv": [7.75, 13.875, 7.875, 14.125], "texture": "#0"},
				"south": {"uv": [7.75, 13.875, 7.875, 14.125], "texture": "#0"},
				"west": {"uv": [7.75, 13.875, 7.875, 14.125], "texture": "#0"},
				"up": {"uv": [7.75, 13.875, 7.875, 14], "texture": "#0"},
				"down": {"uv": [7.75, 14, 7.875, 14.125], "texture": "#0"}
			}
		},
		{
			"name": "abominable_blade_78",
			"from": [7.875, 3.5, 8.9],
			"to": [8, 3.75, 9.025],
			"faces": {
				"north": {"uv": [8, 14, 7.875, 14.25], "texture": "#0"},
				"east": {"uv": [7.875, 14, 8, 14.25], "texture": "#0"},
				"south": {"uv": [7.875, 14, 8, 14.25], "texture": "#0"},
				"west": {"uv": [7.875, 14, 8, 14.25], "texture": "#0"},
				"up": {"uv": [7.875, 14, 8, 14.125], "texture": "#0"},
				"down": {"uv": [7.875, 14.125, 8, 14.25], "texture": "#0"}
			}
		}
	],
	"gui_light": "front",
	"display": {
		"thirdperson_righthand": {
			"rotation": [0, -90, 0],
			"translation": [2.25, 3.25, 1.25],
			"scale": [2.75, 2.75, 2.5]
		},
		"thirdperson_lefthand": {
			"rotation": [0, -90, 0],
			"translation": [2.5, 3.25, 1.25],
			"scale": [2.75, 2.75, 2.5]
		},
		"firstperson_righthand": {
			"rotation": [0, -90, -8],
			"translation": [3.25, 4.25, 1.5],
			"scale": [2, 2, 2]
		},
		"firstperson_lefthand": {
			"rotation": [5, 90, 1],
			"translation": [-0.25, 4, 0.5],
			"scale": [2, 2, 2]
		},
		"ground": {
			"translation": [0, 8.5, 0],
			"scale": [2.5, 2.5, 2.5]
		},
		"gui": {
			"rotation": [0, 0, -42],
			"translation": [-1.25, -2, 0],
			"scale": [2, 2, 1]
		},
		"head": {
			"rotation": [0, -94, -117],
			"translation": [-4.25, -22.25, -0.25],
			"scale": [3, 3, 3]
		},
		"fixed": {
			"rotation": [-180, 0, 138],
			"translation": [-1.25, 1.75, 2],
			"scale": [4, 4, 3]
		}
	},
	"groups": [
		{
			"name": "abominable_blade",
			"origin": [8, 8, 8],
			"color": 0,
			"children": [
				0,
				1,
				2,
				3,
				4,
				5,
				6,
				7,
				8,
				9,
				10,
				11,
				12,
				13,
				14,
				15,
				16,
				17,
				18,
				19,
				20,
				21,
				22,
				23,
				24,
				25,
				26,
				27,
				28,
				29,
				30,
				31,
				32,
				33,
				34,
				35,
				36,
				37,
				38,
				39,
				40,
				41,
				42,
				43,
				44,
				45,
				46,
				47,
				48,
				49,
				50,
				51,
				52,
				53,
				54,
				55,
				56,
				57,
				58,
				59,
				60,
				61,
				62,
				63,
				64,
				65,
				66,
				67,
				68,
				69,
				70,
				71,
				72,
				73,
				74,
				75,
				76,
				77,
				78
			]
		}
	]
}