{
	"credit": "Made with Blockbench",
	"textures": {
		"0": "prominent:item/transmog/amethyst_shuriken",
		"particle": "prominent:item/transmog/amethyst_shuriken"
	},
	"elements": [
		{
			"name": "amethyst_shuriken_0",
			"from": [7.9, 8, 7.85],
			"to": [8.025, 8.625, 8.075],
			"faces": {
				"north": {"uv": [4.375, 3.375, 4.25, 4], "texture": "#0"},
				"east": {"uv": [4.25, 3.375, 4.375, 4], "texture": "#0"},
				"south": {"uv": [4.25, 3.375, 4.375, 4], "texture": "#0"},
				"west": {"uv": [4.25, 3.375, 4.375, 4], "texture": "#0"},
				"up": {"uv": [4.25, 3.375, 4.375, 3.5], "texture": "#0"},
				"down": {"uv": [4.25, 3.875, 4.375, 4], "texture": "#0"}
			}
		},
		{
			"name": "amethyst_shuriken_1",
			"from": [7.775, 7.875, 7.85],
			"to": [7.9, 8.375, 8.075],
			"faces": {
				"north": {"uv": [4.25, 3.625, 4.125, 4.125], "texture": "#0"},
				"east": {"uv": [4.125, 3.625, 4.25, 4.125], "texture": "#0"},
				"south": {"uv": [4.125, 3.625, 4.25, 4.125], "texture": "#0"},
				"west": {"uv": [4.125, 3.625, 4.25, 4.125], "texture": "#0"},
				"up": {"uv": [4.125, 3.625, 4.25, 3.75], "texture": "#0"},
				"down": {"uv": [4.125, 4, 4.25, 4.125], "texture": "#0"}
			}
		},
		{
			"name": "amethyst_shuriken_2",
			"from": [8.025, 7.875, 7.85],
			"to": [8.15, 8.375, 8.075],
			"faces": {
				"north": {"uv": [4.5, 3.625, 4.375, 4.125], "texture": "#0"},
				"east": {"uv": [4.375, 3.625, 4.5, 4.125], "texture": "#0"},
				"south": {"uv": [4.375, 3.625, 4.5, 4.125], "texture": "#0"},
				"west": {"uv": [4.375, 3.625, 4.5, 4.125], "texture": "#0"},
				"up": {"uv": [4.375, 3.625, 4.5, 3.75], "texture": "#0"},
				"down": {"uv": [4.375, 4, 4.5, 4.125], "texture": "#0"}
			}
		},
		{
			"name": "amethyst_shuriken_3",
			"from": [7.65, 7.625, 7.85],
			"to": [7.775, 8, 8.075],
			"faces": {
				"north": {"uv": [4.125, 4, 4, 4.375], "texture": "#0"},
				"east": {"uv": [4, 4, 4.125, 4.375], "texture": "#0"},
				"south": {"uv": [4, 4, 4.125, 4.375], "texture": "#0"},
				"west": {"uv": [4, 4, 4.125, 4.375], "texture": "#0"},
				"up": {"uv": [4, 4, 4.125, 4.125], "texture": "#0"},
				"down": {"uv": [4, 4.25, 4.125, 4.375], "texture": "#0"}
			}
		},
		{
			"name": "amethyst_shuriken_4",
			"from": [8.15, 7.625, 7.85],
			"to": [8.275, 8, 8.075],
			"faces": {
				"north": {"uv": [4.625, 4, 4.5, 4.375], "texture": "#0"},
				"east": {"uv": [4.5, 4, 4.625, 4.375], "texture": "#0"},
				"south": {"uv": [4.5, 4, 4.625, 4.375], "texture": "#0"},
				"west": {"uv": [4.5, 4, 4.625, 4.375], "texture": "#0"},
				"up": {"uv": [4.5, 4, 4.625, 4.125], "texture": "#0"},
				"down": {"uv": [4.5, 4.25, 4.625, 4.375], "texture": "#0"}
			}
		},
		{
			"name": "amethyst_shuriken_5",
			"from": [7.775, 7.5, 7.85],
			"to": [7.9, 7.75, 8.075],
			"faces": {
				"north": {"uv": [4.25, 4.25, 4.125, 4.5], "texture": "#0"},
				"east": {"uv": [4.125, 4.25, 4.25, 4.5], "texture": "#0"},
				"south": {"uv": [4.125, 4.25, 4.25, 4.5], "texture": "#0"},
				"west": {"uv": [4.125, 4.25, 4.25, 4.5], "texture": "#0"},
				"up": {"uv": [4.125, 4.25, 4.25, 4.375], "texture": "#0"},
				"down": {"uv": [4.125, 4.375, 4.25, 4.5], "texture": "#0"}
			}
		},
		{
			"name": "amethyst_shuriken_6",
			"from": [8.025, 7.5, 7.85],
			"to": [8.15, 7.75, 8.075],
			"faces": {
				"north": {"uv": [4.5, 4.25, 4.375, 4.5], "texture": "#0"},
				"east": {"uv": [4.375, 4.25, 4.5, 4.5], "texture": "#0"},
				"south": {"uv": [4.375, 4.25, 4.5, 4.5], "texture": "#0"},
				"west": {"uv": [4.375, 4.25, 4.5, 4.5], "texture": "#0"},
				"up": {"uv": [4.375, 4.25, 4.5, 4.375], "texture": "#0"},
				"down": {"uv": [4.375, 4.375, 4.5, 4.5], "texture": "#0"}
			}
		},
		{
			"name": "amethyst_shuriken_7",
			"from": [7.9, 7.5, 7.85],
			"to": [8.025, 7.625, 8.075],
			"faces": {
				"north": {"uv": [4.375, 4.375, 4.25, 4.5], "texture": "#0"},
				"east": {"uv": [4.25, 4.375, 4.375, 4.5], "texture": "#0"},
				"south": {"uv": [4.25, 4.375, 4.375, 4.5], "texture": "#0"},
				"west": {"uv": [4.25, 4.375, 4.375, 4.5], "texture": "#0"},
				"up": {"uv": [4.25, 4.375, 4.375, 4.5], "texture": "#0"},
				"down": {"uv": [4.25, 4.375, 4.375, 4.5], "texture": "#0"}
			}
		},
		{
			"name": "amethyst_shuriken_8",
			"from": [7.775, 7.25, 7.75],
			"to": [8.15, 7.5, 8.175],
			"faces": {
				"north": {"uv": [3.75, 4.5, 3.375, 4.75], "texture": "#0"},
				"east": {"uv": [3.625, 4.5, 3.75, 4.75], "texture": "#0"},
				"south": {"uv": [3.375, 4.5, 3.75, 4.75], "texture": "#0"},
				"west": {"uv": [3.375, 4.5, 3.5, 4.75], "texture": "#0"},
				"up": {"uv": [3.375, 4.5, 3.75, 4.625], "texture": "#0"},
				"down": {"uv": [3.375, 4.625, 3.75, 4.75], "texture": "#0"}
			}
		},
		{
			"name": "amethyst_shuriken_9",
			"from": [7.65, 7.125, 7.75],
			"to": [7.775, 7.375, 8.175],
			"faces": {
				"north": {"uv": [3.375, 4.625, 3.25, 4.875], "texture": "#0"},
				"east": {"uv": [3.25, 4.625, 3.375, 4.875], "texture": "#0"},
				"south": {"uv": [3.25, 4.625, 3.375, 4.875], "texture": "#0"},
				"west": {"uv": [3.25, 4.625, 3.375, 4.875], "texture": "#0"},
				"up": {"uv": [3.25, 4.625, 3.375, 4.75], "texture": "#0"},
				"down": {"uv": [3.25, 4.75, 3.375, 4.875], "texture": "#0"}
			}
		},
		{
			"name": "amethyst_shuriken_10",
			"from": [8.15, 7.125, 7.75],
			"to": [8.275, 7.375, 8.175],
			"faces": {
				"north": {"uv": [3.875, 4.625, 3.75, 4.875], "texture": "#0"},
				"east": {"uv": [3.75, 4.625, 3.875, 4.875], "texture": "#0"},
				"south": {"uv": [3.75, 4.625, 3.875, 4.875], "texture": "#0"},
				"west": {"uv": [3.75, 4.625, 3.875, 4.875], "texture": "#0"},
				"up": {"uv": [3.75, 4.625, 3.875, 4.75], "texture": "#0"},
				"down": {"uv": [3.75, 4.75, 3.875, 4.875], "texture": "#0"}
			}
		},
		{
			"name": "amethyst_shuriken_11",
			"from": [7.775, 6, 7.8],
			"to": [8.15, 7.25, 8.125],
			"faces": {
				"north": {"uv": [4.5, 4.75, 4.125, 6], "texture": "#0"},
				"east": {"uv": [4.375, 4.75, 4.5, 6], "texture": "#0"},
				"south": {"uv": [4.125, 4.75, 4.5, 6], "texture": "#0"},
				"west": {"uv": [4.125, 4.75, 4.25, 6], "texture": "#0"},
				"up": {"uv": [4.125, 4.75, 4.5, 4.875], "texture": "#0"},
				"down": {"uv": [4.125, 5.875, 4.5, 6], "texture": "#0"}
			}
		},
		{
			"name": "amethyst_shuriken_12",
			"from": [8.525, 5.5, 7.75],
			"to": [8.775, 5.625, 8.175],
			"faces": {
				"north": {"uv": [5.125, 5.625, 4.875, 5.75], "texture": "#0"},
				"east": {"uv": [5, 5.625, 5.125, 5.75], "texture": "#0"},
				"south": {"uv": [4.875, 5.625, 5.125, 5.75], "texture": "#0"},
				"west": {"uv": [4.875, 5.625, 5, 5.75], "texture": "#0"},
				"up": {"uv": [4.875, 5.625, 5.125, 5.75], "texture": "#0"},
				"down": {"uv": [4.875, 5.625, 5.125, 5.75], "texture": "#0"}
			}
		},
		{
			"name": "amethyst_shuriken_13",
			"from": [9.775, 5.5, 7.75],
			"to": [10.025, 5.625, 8.175],
			"faces": {
				"north": {"uv": [6.375, 5.625, 6.125, 5.75], "texture": "#0"},
				"east": {"uv": [6.25, 5.625, 6.375, 5.75], "texture": "#0"},
				"south": {"uv": [6.125, 5.625, 6.375, 5.75], "texture": "#0"},
				"west": {"uv": [6.125, 5.625, 6.25, 5.75], "texture": "#0"},
				"up": {"uv": [6.125, 5.625, 6.375, 5.75], "texture": "#0"},
				"down": {"uv": [6.125, 5.625, 6.375, 5.75], "texture": "#0"}
			}
		},
		{
			"name": "amethyst_shuriken_14",
			"from": [7.9, 8.625, 7.9],
			"to": [8.025, 10.375, 8.025],
			"faces": {
				"north": {"uv": [10.125, 5.625, 10, 7.375], "texture": "#0"},
				"east": {"uv": [10, 5.625, 10.125, 7.375], "texture": "#0"},
				"south": {"uv": [10, 5.625, 10.125, 7.375], "texture": "#0"},
				"west": {"uv": [10, 5.625, 10.125, 7.375], "texture": "#0"},
				"up": {"uv": [10, 5.625, 10.125, 5.75], "texture": "#0"},
				"down": {"uv": [10, 7.25, 10.125, 7.375], "texture": "#0"}
			}
		},
		{
			"name": "amethyst_shuriken_15",
			"from": [8.4, 5.125, 7.75],
			"to": [8.65, 5.5, 8.175],
			"faces": {
				"north": {"uv": [5, 5.75, 4.75, 6.125], "texture": "#0"},
				"east": {"uv": [4.875, 5.75, 5, 6.125], "texture": "#0"},
				"south": {"uv": [4.75, 5.75, 5, 6.125], "texture": "#0"},
				"west": {"uv": [4.75, 5.75, 4.875, 6.125], "texture": "#0"},
				"up": {"uv": [4.75, 5.75, 5, 5.875], "texture": "#0"},
				"down": {"uv": [4.75, 6, 5, 6.125], "texture": "#0"}
			}
		},
		{
			"name": "amethyst_shuriken_16",
			"from": [9.9, 5.125, 7.75],
			"to": [10.15, 5.5, 8.175],
			"faces": {
				"north": {"uv": [6.5, 5.75, 6.25, 6.125], "texture": "#0"},
				"east": {"uv": [6.375, 5.75, 6.5, 6.125], "texture": "#0"},
				"south": {"uv": [6.25, 5.75, 6.5, 6.125], "texture": "#0"},
				"west": {"uv": [6.25, 5.75, 6.375, 6.125], "texture": "#0"},
				"up": {"uv": [6.25, 5.75, 6.5, 5.875], "texture": "#0"},
				"down": {"uv": [6.25, 6, 6.5, 6.125], "texture": "#0"}
			}
		},
		{
			"name": "amethyst_shuriken_17",
			"from": [7.65, 5.875, 7.75],
			"to": [7.775, 6.125, 8.175],
			"faces": {
				"north": {"uv": [3.375, 5.875, 3.25, 6.125], "texture": "#0"},
				"east": {"uv": [3.25, 5.875, 3.375, 6.125], "texture": "#0"},
				"south": {"uv": [3.25, 5.875, 3.375, 6.125], "texture": "#0"},
				"west": {"uv": [3.25, 5.875, 3.375, 6.125], "texture": "#0"},
				"up": {"uv": [3.25, 5.875, 3.375, 6], "texture": "#0"},
				"down": {"uv": [3.25, 6, 3.375, 6.125], "texture": "#0"}
			}
		},
		{
			"name": "amethyst_shuriken_18",
			"from": [8.15, 5.875, 7.75],
			"to": [8.275, 6.125, 8.175],
			"faces": {
				"north": {"uv": [3.875, 5.875, 3.75, 6.125], "texture": "#0"},
				"east": {"uv": [3.75, 5.875, 3.875, 6.125], "texture": "#0"},
				"south": {"uv": [3.75, 5.875, 3.875, 6.125], "texture": "#0"},
				"west": {"uv": [3.75, 5.875, 3.875, 6.125], "texture": "#0"},
				"up": {"uv": [3.75, 5.875, 3.875, 6], "texture": "#0"},
				"down": {"uv": [3.75, 6, 3.875, 6.125], "texture": "#0"}
			}
		},
		{
			"name": "amethyst_shuriken_19",
			"from": [7.775, 5.75, 7.75],
			"to": [8.15, 6, 8.175],
			"faces": {
				"north": {"uv": [3.75, 6, 3.375, 6.25], "texture": "#0"},
				"east": {"uv": [3.625, 6, 3.75, 6.25], "texture": "#0"},
				"south": {"uv": [3.375, 6, 3.75, 6.25], "texture": "#0"},
				"west": {"uv": [3.375, 6, 3.5, 6.25], "texture": "#0"},
				"up": {"uv": [3.375, 6, 3.75, 6.125], "texture": "#0"},
				"down": {"uv": [3.375, 6.125, 3.75, 6.25], "texture": "#0"}
			}
		},
		{
			"name": "amethyst_shuriken_20",
			"from": [8.525, 5, 7.75],
			"to": [8.775, 5.125, 8.175],
			"faces": {
				"north": {"uv": [5.125, 6.125, 4.875, 6.25], "texture": "#0"},
				"east": {"uv": [5, 6.125, 5.125, 6.25], "texture": "#0"},
				"south": {"uv": [4.875, 6.125, 5.125, 6.25], "texture": "#0"},
				"west": {"uv": [4.875, 6.125, 5, 6.25], "texture": "#0"},
				"up": {"uv": [4.875, 6.125, 5.125, 6.25], "texture": "#0"},
				"down": {"uv": [4.875, 6.125, 5.125, 6.25], "texture": "#0"}
			}
		},
		{
			"name": "amethyst_shuriken_21",
			"from": [9.775, 5, 7.75],
			"to": [10.025, 5.125, 8.175],
			"faces": {
				"north": {"uv": [6.375, 6.125, 6.125, 6.25], "texture": "#0"},
				"east": {"uv": [6.25, 6.125, 6.375, 6.25], "texture": "#0"},
				"south": {"uv": [6.125, 6.125, 6.375, 6.25], "texture": "#0"},
				"west": {"uv": [6.125, 6.125, 6.25, 6.25], "texture": "#0"},
				"up": {"uv": [6.125, 6.125, 6.375, 6.25], "texture": "#0"},
				"down": {"uv": [6.125, 6.125, 6.375, 6.25], "texture": "#0"}
			}
		},
		{
			"name": "amethyst_shuriken_22",
			"from": [7.775, 8.375, 7.9],
			"to": [7.9, 9.875, 8.025],
			"faces": {
				"north": {"uv": [10, 6.125, 9.875, 7.625], "texture": "#0"},
				"east": {"uv": [9.875, 6.125, 10, 7.625], "texture": "#0"},
				"south": {"uv": [9.875, 6.125, 10, 7.625], "texture": "#0"},
				"west": {"uv": [9.875, 6.125, 10, 7.625], "texture": "#0"},
				"up": {"uv": [9.875, 6.125, 10, 6.25], "texture": "#0"},
				"down": {"uv": [9.875, 7.5, 10, 7.625], "texture": "#0"}
			}
		},
		{
			"name": "amethyst_shuriken_23",
			"from": [8.025, 8.375, 7.9],
			"to": [8.15, 9.875, 8.025],
			"faces": {
				"north": {"uv": [10.25, 6.125, 10.125, 7.625], "texture": "#0"},
				"east": {"uv": [10.125, 6.125, 10.25, 7.625], "texture": "#0"},
				"south": {"uv": [10.125, 6.125, 10.25, 7.625], "texture": "#0"},
				"west": {"uv": [10.125, 6.125, 10.25, 7.625], "texture": "#0"},
				"up": {"uv": [10.125, 6.125, 10.25, 6.25], "texture": "#0"},
				"down": {"uv": [10.125, 7.5, 10.25, 7.625], "texture": "#0"}
			}
		},
		{
			"name": "amethyst_shuriken_24",
			"from": [7.65, 5.5, 7.8],
			"to": [8.275, 5.75, 8.125],
			"faces": {
				"north": {"uv": [4.625, 6.25, 4, 6.5], "texture": "#0"},
				"east": {"uv": [4.5, 6.25, 4.625, 6.5], "texture": "#0"},
				"south": {"uv": [4, 6.25, 4.625, 6.5], "texture": "#0"},
				"west": {"uv": [4, 6.25, 4.125, 6.5], "texture": "#0"},
				"up": {"uv": [4, 6.25, 4.625, 6.375], "texture": "#0"},
				"down": {"uv": [4, 6.375, 4.625, 6.5], "texture": "#0"}
			}
		},
		{
			"name": "amethyst_shuriken_25",
			"from": [5.275, 5.5, 7.85],
			"to": [5.65, 5.625, 8.075],
			"faces": {
				"north": {"uv": [2, 6.375, 1.625, 6.5], "texture": "#0"},
				"east": {"uv": [1.875, 6.375, 2, 6.5], "texture": "#0"},
				"south": {"uv": [1.625, 6.375, 2, 6.5], "texture": "#0"},
				"west": {"uv": [1.625, 6.375, 1.75, 6.5], "texture": "#0"},
				"up": {"uv": [1.625, 6.375, 2, 6.5], "texture": "#0"},
				"down": {"uv": [1.625, 6.375, 2, 6.5], "texture": "#0"}
			}
		},
		{
			"name": "amethyst_shuriken_26",
			"from": [7.525, 5, 7.8],
			"to": [7.65, 5.625, 8.125],
			"faces": {
				"north": {"uv": [4, 6.375, 3.875, 7], "texture": "#0"},
				"east": {"uv": [3.875, 6.375, 4, 7], "texture": "#0"},
				"south": {"uv": [3.875, 6.375, 4, 7], "texture": "#0"},
				"west": {"uv": [3.875, 6.375, 4, 7], "texture": "#0"},
				"up": {"uv": [3.875, 6.375, 4, 6.5], "texture": "#0"},
				"down": {"uv": [3.875, 6.875, 4, 7], "texture": "#0"}
			}
		},
		{
			"name": "amethyst_shuriken_27",
			"from": [8.275, 5, 7.8],
			"to": [8.4, 5.625, 8.125],
			"faces": {
				"north": {"uv": [4.75, 6.375, 4.625, 7], "texture": "#0"},
				"east": {"uv": [4.625, 6.375, 4.75, 7], "texture": "#0"},
				"south": {"uv": [4.625, 6.375, 4.75, 7], "texture": "#0"},
				"west": {"uv": [4.625, 6.375, 4.75, 7], "texture": "#0"},
				"up": {"uv": [4.625, 6.375, 4.75, 6.5], "texture": "#0"},
				"down": {"uv": [4.625, 6.875, 4.75, 7], "texture": "#0"}
			}
		},
		{
			"name": "amethyst_shuriken_28",
			"from": [10.275, 5.5, 7.85],
			"to": [10.65, 5.625, 8.075],
			"faces": {
				"north": {"uv": [7, 6.375, 6.625, 6.5], "texture": "#0"},
				"east": {"uv": [6.875, 6.375, 7, 6.5], "texture": "#0"},
				"south": {"uv": [6.625, 6.375, 7, 6.5], "texture": "#0"},
				"west": {"uv": [6.625, 6.375, 6.75, 6.5], "texture": "#0"},
				"up": {"uv": [6.625, 6.375, 7, 6.5], "texture": "#0"},
				"down": {"uv": [6.625, 6.375, 7, 6.5], "texture": "#0"}
			}
		},
		{
			"name": "amethyst_shuriken_29",
			"from": [4.9, 5.125, 7.85],
			"to": [5.275, 5.5, 8.075],
			"faces": {
				"north": {"uv": [1.625, 6.5, 1.25, 6.875], "texture": "#0"},
				"east": {"uv": [1.5, 6.5, 1.625, 6.875], "texture": "#0"},
				"south": {"uv": [1.25, 6.5, 1.625, 6.875], "texture": "#0"},
				"west": {"uv": [1.25, 6.5, 1.375, 6.875], "texture": "#0"},
				"up": {"uv": [1.25, 6.5, 1.625, 6.625], "texture": "#0"},
				"down": {"uv": [1.25, 6.75, 1.625, 6.875], "texture": "#0"}
			}
		},
		{
			"name": "amethyst_shuriken_30",
			"from": [5.275, 5.375, 7.85],
			"to": [5.4, 5.5, 8.075],
			"faces": {
				"north": {"uv": [1.75, 6.5, 1.625, 6.625], "texture": "#0"},
				"east": {"uv": [1.625, 6.5, 1.75, 6.625], "texture": "#0"},
				"south": {"uv": [1.625, 6.5, 1.75, 6.625], "texture": "#0"},
				"west": {"uv": [1.625, 6.5, 1.75, 6.625], "texture": "#0"},
				"up": {"uv": [1.625, 6.5, 1.75, 6.625], "texture": "#0"},
				"down": {"uv": [1.625, 6.5, 1.75, 6.625], "texture": "#0"}
			}
		},
		{
			"name": "amethyst_shuriken_31",
			"from": [5.525, 5.375, 7.85],
			"to": [5.775, 5.5, 8.075],
			"faces": {
				"north": {"uv": [2.125, 6.5, 1.875, 6.625], "texture": "#0"},
				"east": {"uv": [2, 6.5, 2.125, 6.625], "texture": "#0"},
				"south": {"uv": [1.875, 6.5, 2.125, 6.625], "texture": "#0"},
				"west": {"uv": [1.875, 6.5, 2, 6.625], "texture": "#0"},
				"up": {"uv": [1.875, 6.5, 2.125, 6.625], "texture": "#0"},
				"down": {"uv": [1.875, 6.5, 2.125, 6.625], "texture": "#0"}
			}
		},
		{
			"name": "amethyst_shuriken_32",
			"from": [6.025, 5.125, 7.8],
			"to": [7.275, 5.5, 8.125],
			"faces": {
				"north": {"uv": [3.625, 6.5, 2.375, 6.875], "texture": "#0"},
				"east": {"uv": [3.5, 6.5, 3.625, 6.875], "texture": "#0"},
				"south": {"uv": [2.375, 6.5, 3.625, 6.875], "texture": "#0"},
				"west": {"uv": [2.375, 6.5, 2.5, 6.875], "texture": "#0"},
				"up": {"uv": [2.375, 6.5, 3.625, 6.625], "texture": "#0"},
				"down": {"uv": [2.375, 6.75, 3.625, 6.875], "texture": "#0"}
			}
		},
		{
			"name": "amethyst_shuriken_33",
			"from": [7.65, 4.875, 7.8],
			"to": [7.775, 5.5, 8.125],
			"faces": {
				"north": {"uv": [4.125, 6.5, 4, 7.125], "texture": "#0"},
				"east": {"uv": [4, 6.5, 4.125, 7.125], "texture": "#0"},
				"south": {"uv": [4, 6.5, 4.125, 7.125], "texture": "#0"},
				"west": {"uv": [4, 6.5, 4.125, 7.125], "texture": "#0"},
				"up": {"uv": [4, 6.5, 4.125, 6.625], "texture": "#0"},
				"down": {"uv": [4, 7, 4.125, 7.125], "texture": "#0"}
			}
		},
		{
			"name": "amethyst_shuriken_34",
			"from": [8.15, 4.875, 7.8],
			"to": [8.275, 5.5, 8.125],
			"faces": {
				"north": {"uv": [4.625, 6.5, 4.5, 7.125], "texture": "#0"},
				"east": {"uv": [4.5, 6.5, 4.625, 7.125], "texture": "#0"},
				"south": {"uv": [4.5, 6.5, 4.625, 7.125], "texture": "#0"},
				"west": {"uv": [4.5, 6.5, 4.625, 7.125], "texture": "#0"},
				"up": {"uv": [4.5, 6.5, 4.625, 6.625], "texture": "#0"},
				"down": {"uv": [4.5, 7, 4.625, 7.125], "texture": "#0"}
			}
		},
		{
			"name": "amethyst_shuriken_35",
			"from": [8.65, 5.125, 7.8],
			"to": [9.9, 5.5, 8.125],
			"faces": {
				"north": {"uv": [6.25, 6.5, 5, 6.875], "texture": "#0"},
				"east": {"uv": [6.125, 6.5, 6.25, 6.875], "texture": "#0"},
				"south": {"uv": [5, 6.5, 6.25, 6.875], "texture": "#0"},
				"west": {"uv": [5, 6.5, 5.125, 6.875], "texture": "#0"},
				"up": {"uv": [5, 6.5, 6.25, 6.625], "texture": "#0"},
				"down": {"uv": [5, 6.75, 6.25, 6.875], "texture": "#0"}
			}
		},
		{
			"name": "amethyst_shuriken_36",
			"from": [10.15, 5.375, 7.85],
			"to": [10.4, 5.5, 8.075],
			"faces": {
				"north": {"uv": [6.75, 6.5, 6.5, 6.625], "texture": "#0"},
				"east": {"uv": [6.625, 6.5, 6.75, 6.625], "texture": "#0"},
				"south": {"uv": [6.5, 6.5, 6.75, 6.625], "texture": "#0"},
				"west": {"uv": [6.5, 6.5, 6.625, 6.625], "texture": "#0"},
				"up": {"uv": [6.5, 6.5, 6.75, 6.625], "texture": "#0"},
				"down": {"uv": [6.5, 6.5, 6.75, 6.625], "texture": "#0"}
			}
		},
		{
			"name": "amethyst_shuriken_37",
			"from": [10.525, 5.375, 7.85],
			"to": [11.025, 5.5, 8.075],
			"faces": {
				"north": {"uv": [7.375, 6.5, 6.875, 6.625], "texture": "#0"},
				"east": {"uv": [7.25, 6.5, 7.375, 6.625], "texture": "#0"},
				"south": {"uv": [6.875, 6.5, 7.375, 6.625], "texture": "#0"},
				"west": {"uv": [6.875, 6.5, 7, 6.625], "texture": "#0"},
				"up": {"uv": [6.875, 6.5, 7.375, 6.625], "texture": "#0"},
				"down": {"uv": [6.875, 6.5, 7.375, 6.625], "texture": "#0"}
			}
		},
		{
			"name": "amethyst_shuriken_38",
			"from": [4.65, 5.25, 7.85],
			"to": [4.9, 5.375, 8.075],
			"faces": {
				"north": {"uv": [1.25, 6.625, 1, 6.75], "texture": "#0"},
				"east": {"uv": [1.125, 6.625, 1.25, 6.75], "texture": "#0"},
				"south": {"uv": [1, 6.625, 1.25, 6.75], "texture": "#0"},
				"west": {"uv": [1, 6.625, 1.125, 6.75], "texture": "#0"},
				"up": {"uv": [1, 6.625, 1.25, 6.75], "texture": "#0"},
				"down": {"uv": [1, 6.625, 1.25, 6.75], "texture": "#0"}
			}
		},
		{
			"name": "amethyst_shuriken_39",
			"from": [5.65, 5.125, 7.85],
			"to": [5.775, 5.375, 8.075],
			"faces": {
				"north": {"uv": [2.125, 6.625, 2, 6.875], "texture": "#0"},
				"east": {"uv": [2, 6.625, 2.125, 6.875], "texture": "#0"},
				"south": {"uv": [2, 6.625, 2.125, 6.875], "texture": "#0"},
				"west": {"uv": [2, 6.625, 2.125, 6.875], "texture": "#0"},
				"up": {"uv": [2, 6.625, 2.125, 6.75], "texture": "#0"},
				"down": {"uv": [2, 6.75, 2.125, 6.875], "texture": "#0"}
			}
		},
		{
			"name": "amethyst_shuriken_40",
			"from": [10.15, 5.125, 7.85],
			"to": [10.275, 5.375, 8.075],
			"faces": {
				"north": {"uv": [6.625, 6.625, 6.5, 6.875], "texture": "#0"},
				"east": {"uv": [6.5, 6.625, 6.625, 6.875], "texture": "#0"},
				"south": {"uv": [6.5, 6.625, 6.625, 6.875], "texture": "#0"},
				"west": {"uv": [6.5, 6.625, 6.625, 6.875], "texture": "#0"},
				"up": {"uv": [6.5, 6.625, 6.625, 6.75], "texture": "#0"},
				"down": {"uv": [6.5, 6.75, 6.625, 6.875], "texture": "#0"}
			}
		},
		{
			"name": "amethyst_shuriken_41",
			"from": [10.65, 5.125, 7.85],
			"to": [11.025, 5.375, 8.075],
			"faces": {
				"north": {"uv": [7.375, 6.625, 7, 6.875], "texture": "#0"},
				"east": {"uv": [7.25, 6.625, 7.375, 6.875], "texture": "#0"},
				"south": {"uv": [7, 6.625, 7.375, 6.875], "texture": "#0"},
				"west": {"uv": [7, 6.625, 7.125, 6.875], "texture": "#0"},
				"up": {"uv": [7, 6.625, 7.375, 6.75], "texture": "#0"},
				"down": {"uv": [7, 6.75, 7.375, 6.875], "texture": "#0"}
			}
		},
		{
			"name": "amethyst_shuriken_42",
			"from": [11.025, 5.25, 7.85],
			"to": [11.275, 5.375, 8.075],
			"faces": {
				"north": {"uv": [7.625, 6.625, 7.375, 6.75], "texture": "#0"},
				"east": {"uv": [7.5, 6.625, 7.625, 6.75], "texture": "#0"},
				"south": {"uv": [7.375, 6.625, 7.625, 6.75], "texture": "#0"},
				"west": {"uv": [7.375, 6.625, 7.5, 6.75], "texture": "#0"},
				"up": {"uv": [7.375, 6.625, 7.625, 6.75], "texture": "#0"},
				"down": {"uv": [7.375, 6.625, 7.625, 6.75], "texture": "#0"}
			}
		},
		{
			"name": "amethyst_shuriken_43",
			"from": [5.275, 5, 7.85],
			"to": [5.4, 5.25, 8.075],
			"faces": {
				"north": {"uv": [1.75, 6.75, 1.625, 7], "texture": "#0"},
				"east": {"uv": [1.625, 6.75, 1.75, 7], "texture": "#0"},
				"south": {"uv": [1.625, 6.75, 1.75, 7], "texture": "#0"},
				"west": {"uv": [1.625, 6.75, 1.75, 7], "texture": "#0"},
				"up": {"uv": [1.625, 6.75, 1.75, 6.875], "texture": "#0"},
				"down": {"uv": [1.625, 6.875, 1.75, 7], "texture": "#0"}
			}
		},
		{
			"name": "amethyst_shuriken_44",
			"from": [5.525, 5, 7.85],
			"to": [5.65, 5.25, 8.075],
			"faces": {
				"north": {"uv": [2, 6.75, 1.875, 7], "texture": "#0"},
				"east": {"uv": [1.875, 6.75, 2, 7], "texture": "#0"},
				"south": {"uv": [1.875, 6.75, 2, 7], "texture": "#0"},
				"west": {"uv": [1.875, 6.75, 2, 7], "texture": "#0"},
				"up": {"uv": [1.875, 6.75, 2, 6.875], "texture": "#0"},
				"down": {"uv": [1.875, 6.875, 2, 7], "texture": "#0"}
			}
		},
		{
			"name": "amethyst_shuriken_45",
			"from": [10.275, 5, 7.85],
			"to": [10.4, 5.25, 8.075],
			"faces": {
				"north": {"uv": [6.75, 6.75, 6.625, 7], "texture": "#0"},
				"east": {"uv": [6.625, 6.75, 6.75, 7], "texture": "#0"},
				"south": {"uv": [6.625, 6.75, 6.75, 7], "texture": "#0"},
				"west": {"uv": [6.625, 6.75, 6.75, 7], "texture": "#0"},
				"up": {"uv": [6.625, 6.75, 6.75, 6.875], "texture": "#0"},
				"down": {"uv": [6.625, 6.875, 6.75, 7], "texture": "#0"}
			}
		},
		{
			"name": "amethyst_shuriken_46",
			"from": [10.525, 5, 7.85],
			"to": [10.65, 5.25, 8.075],
			"faces": {
				"north": {"uv": [7, 6.75, 6.875, 7], "texture": "#0"},
				"east": {"uv": [6.875, 6.75, 7, 7], "texture": "#0"},
				"south": {"uv": [6.875, 6.75, 7, 7], "texture": "#0"},
				"west": {"uv": [6.875, 6.75, 7, 7], "texture": "#0"},
				"up": {"uv": [6.875, 6.75, 7, 6.875], "texture": "#0"},
				"down": {"uv": [6.875, 6.875, 7, 7], "texture": "#0"}
			}
		},
		{
			"name": "amethyst_shuriken_47",
			"from": [7.65, 8, 7.9],
			"to": [7.775, 9.25, 8.025],
			"faces": {
				"north": {"uv": [9.875, 6.75, 9.75, 8], "texture": "#0"},
				"east": {"uv": [9.75, 6.75, 9.875, 8], "texture": "#0"},
				"south": {"uv": [9.75, 6.75, 9.875, 8], "texture": "#0"},
				"west": {"uv": [9.75, 6.75, 9.875, 8], "texture": "#0"},
				"up": {"uv": [9.75, 6.75, 9.875, 6.875], "texture": "#0"},
				"down": {"uv": [9.75, 7.875, 9.875, 8], "texture": "#0"}
			}
		},
		{
			"name": "amethyst_shuriken_48",
			"from": [8.15, 8, 7.9],
			"to": [8.275, 9.25, 8.025],
			"faces": {
				"north": {"uv": [10.375, 6.75, 10.25, 8], "texture": "#0"},
				"east": {"uv": [10.25, 6.75, 10.375, 8], "texture": "#0"},
				"south": {"uv": [10.25, 6.75, 10.375, 8], "texture": "#0"},
				"west": {"uv": [10.25, 6.75, 10.375, 8], "texture": "#0"},
				"up": {"uv": [10.25, 6.75, 10.375, 6.875], "texture": "#0"},
				"down": {"uv": [10.25, 7.875, 10.375, 8], "texture": "#0"}
			}
		},
		{
			"name": "amethyst_shuriken_49",
			"from": [5.4, 5, 7.85],
			"to": [5.525, 5.125, 8.075],
			"faces": {
				"north": {"uv": [1.875, 6.875, 1.75, 7], "texture": "#0"},
				"east": {"uv": [1.75, 6.875, 1.875, 7], "texture": "#0"},
				"south": {"uv": [1.75, 6.875, 1.875, 7], "texture": "#0"},
				"west": {"uv": [1.75, 6.875, 1.875, 7], "texture": "#0"},
				"up": {"uv": [1.75, 6.875, 1.875, 7], "texture": "#0"},
				"down": {"uv": [1.75, 6.875, 1.875, 7], "texture": "#0"}
			}
		},
		{
			"name": "amethyst_shuriken_50",
			"from": [7.775, 4.875, 7.8],
			"to": [8.15, 5.125, 8.125],
			"faces": {
				"north": {"uv": [4.5, 6.875, 4.125, 7.125], "texture": "#0"},
				"east": {"uv": [4.375, 6.875, 4.5, 7.125], "texture": "#0"},
				"south": {"uv": [4.125, 6.875, 4.5, 7.125], "texture": "#0"},
				"west": {"uv": [4.125, 6.875, 4.25, 7.125], "texture": "#0"},
				"up": {"uv": [4.125, 6.875, 4.5, 7], "texture": "#0"},
				"down": {"uv": [4.125, 7, 4.5, 7.125], "texture": "#0"}
			}
		},
		{
			"name": "amethyst_shuriken_51",
			"from": [10.4, 5, 7.85],
			"to": [10.525, 5.125, 8.075],
			"faces": {
				"north": {"uv": [6.875, 6.875, 6.75, 7], "texture": "#0"},
				"east": {"uv": [6.75, 6.875, 6.875, 7], "texture": "#0"},
				"south": {"uv": [6.75, 6.875, 6.875, 7], "texture": "#0"},
				"west": {"uv": [6.75, 6.875, 6.875, 7], "texture": "#0"},
				"up": {"uv": [6.75, 6.875, 6.875, 7], "texture": "#0"},
				"down": {"uv": [6.75, 6.875, 6.875, 7], "texture": "#0"}
			}
		},
		{
			"name": "amethyst_shuriken_52",
			"from": [5.9, 5.5, 7.75],
			"to": [6.15, 5.625, 8.175],
			"faces": {
				"north": {"uv": [2.5, 7.125, 2.25, 7.25], "texture": "#0"},
				"east": {"uv": [2.375, 7.125, 2.5, 7.25], "texture": "#0"},
				"south": {"uv": [2.25, 7.125, 2.5, 7.25], "texture": "#0"},
				"west": {"uv": [2.25, 7.125, 2.375, 7.25], "texture": "#0"},
				"up": {"uv": [2.25, 7.125, 2.5, 7.25], "texture": "#0"},
				"down": {"uv": [2.25, 7.125, 2.5, 7.25], "texture": "#0"}
			}
		},
		{
			"name": "amethyst_shuriken_53",
			"from": [7.15, 5.5, 7.75],
			"to": [7.4, 5.625, 8.175],
			"faces": {
				"north": {"uv": [3.75, 7.125, 3.5, 7.25], "texture": "#0"},
				"east": {"uv": [3.625, 7.125, 3.75, 7.25], "texture": "#0"},
				"south": {"uv": [3.5, 7.125, 3.75, 7.25], "texture": "#0"},
				"west": {"uv": [3.5, 7.125, 3.625, 7.25], "texture": "#0"},
				"up": {"uv": [3.5, 7.125, 3.75, 7.25], "texture": "#0"},
				"down": {"uv": [3.5, 7.125, 3.75, 7.25], "texture": "#0"}
			}
		},
		{
			"name": "amethyst_shuriken_54",
			"from": [7.775, 4.625, 7.75],
			"to": [8.15, 4.875, 8.175],
			"faces": {
				"north": {"uv": [5.25, 7.125, 4.875, 7.375], "texture": "#0"},
				"east": {"uv": [5.125, 7.125, 5.25, 7.375], "texture": "#0"},
				"south": {"uv": [4.875, 7.125, 5.25, 7.375], "texture": "#0"},
				"west": {"uv": [4.875, 7.125, 5, 7.375], "texture": "#0"},
				"up": {"uv": [4.875, 7.125, 5.25, 7.25], "texture": "#0"},
				"down": {"uv": [4.875, 7.25, 5.25, 7.375], "texture": "#0"}
			}
		},
		{
			"name": "amethyst_shuriken_55",
			"from": [7.4, 8.5, 7.9],
			"to": [7.525, 8.875, 8.025],
			"faces": {
				"north": {"uv": [9.625, 7.125, 9.5, 7.5], "texture": "#0"},
				"east": {"uv": [9.5, 7.125, 9.625, 7.5], "texture": "#0"},
				"south": {"uv": [9.5, 7.125, 9.625, 7.5], "texture": "#0"},
				"west": {"uv": [9.5, 7.125, 9.625, 7.5], "texture": "#0"},
				"up": {"uv": [9.5, 7.125, 9.625, 7.25], "texture": "#0"},
				"down": {"uv": [9.5, 7.375, 9.625, 7.5], "texture": "#0"}
			}
		},
		{
			"name": "amethyst_shuriken_56",
			"from": [8.4, 8.5, 7.9],
			"to": [8.525, 8.875, 8.025],
			"faces": {
				"north": {"uv": [10.625, 7.125, 10.5, 7.5], "texture": "#0"},
				"east": {"uv": [10.5, 7.125, 10.625, 7.5], "texture": "#0"},
				"south": {"uv": [10.5, 7.125, 10.625, 7.5], "texture": "#0"},
				"west": {"uv": [10.5, 7.125, 10.625, 7.5], "texture": "#0"},
				"up": {"uv": [10.5, 7.125, 10.625, 7.25], "texture": "#0"},
				"down": {"uv": [10.5, 7.375, 10.625, 7.5], "texture": "#0"}
			}
		},
		{
			"name": "amethyst_shuriken_57",
			"from": [5.775, 5.125, 7.75],
			"to": [6.025, 5.5, 8.175],
			"faces": {
				"north": {"uv": [2.375, 7.25, 2.125, 7.625], "texture": "#0"},
				"east": {"uv": [2.25, 7.25, 2.375, 7.625], "texture": "#0"},
				"south": {"uv": [2.125, 7.25, 2.375, 7.625], "texture": "#0"},
				"west": {"uv": [2.125, 7.25, 2.25, 7.625], "texture": "#0"},
				"up": {"uv": [2.125, 7.25, 2.375, 7.375], "texture": "#0"},
				"down": {"uv": [2.125, 7.5, 2.375, 7.625], "texture": "#0"}
			}
		},
		{
			"name": "amethyst_shuriken_58",
			"from": [7.275, 5.125, 7.75],
			"to": [7.525, 5.5, 8.175],
			"faces": {
				"north": {"uv": [3.875, 7.25, 3.625, 7.625], "texture": "#0"},
				"east": {"uv": [3.75, 7.25, 3.875, 7.625], "texture": "#0"},
				"south": {"uv": [3.625, 7.25, 3.875, 7.625], "texture": "#0"},
				"west": {"uv": [3.625, 7.25, 3.75, 7.625], "texture": "#0"},
				"up": {"uv": [3.625, 7.25, 3.875, 7.375], "texture": "#0"},
				"down": {"uv": [3.625, 7.5, 3.875, 7.625], "texture": "#0"}
			}
		},
		{
			"name": "amethyst_shuriken_59",
			"from": [7.65, 4.5, 7.75],
			"to": [7.775, 4.75, 8.175],
			"faces": {
				"north": {"uv": [4.875, 7.25, 4.75, 7.5], "texture": "#0"},
				"east": {"uv": [4.75, 7.25, 4.875, 7.5], "texture": "#0"},
				"south": {"uv": [4.75, 7.25, 4.875, 7.5], "texture": "#0"},
				"west": {"uv": [4.75, 7.25, 4.875, 7.5], "texture": "#0"},
				"up": {"uv": [4.75, 7.25, 4.875, 7.375], "texture": "#0"},
				"down": {"uv": [4.75, 7.375, 4.875, 7.5], "texture": "#0"}
			}
		},
		{
			"name": "amethyst_shuriken_60",
			"from": [8.15, 4.5, 7.75],
			"to": [8.275, 4.75, 8.175],
			"faces": {
				"north": {"uv": [5.375, 7.25, 5.25, 7.5], "texture": "#0"},
				"east": {"uv": [5.25, 7.25, 5.375, 7.5], "texture": "#0"},
				"south": {"uv": [5.25, 7.25, 5.375, 7.5], "texture": "#0"},
				"west": {"uv": [5.25, 7.25, 5.375, 7.5], "texture": "#0"},
				"up": {"uv": [5.25, 7.25, 5.375, 7.375], "texture": "#0"},
				"down": {"uv": [5.25, 7.375, 5.375, 7.5], "texture": "#0"}
			}
		},
		{
			"name": "amethyst_shuriken_61",
			"from": [7.525, 7.375, 7.9],
			"to": [7.65, 8.75, 8.025],
			"faces": {
				"north": {"uv": [9.75, 7.25, 9.625, 8.625], "texture": "#0"},
				"east": {"uv": [9.625, 7.25, 9.75, 8.625], "texture": "#0"},
				"south": {"uv": [9.625, 7.25, 9.75, 8.625], "texture": "#0"},
				"west": {"uv": [9.625, 7.25, 9.75, 8.625], "texture": "#0"},
				"up": {"uv": [9.625, 7.25, 9.75, 7.375], "texture": "#0"},
				"down": {"uv": [9.625, 8.5, 9.75, 8.625], "texture": "#0"}
			}
		},
		{
			"name": "amethyst_shuriken_62",
			"from": [8.275, 7.375, 7.9],
			"to": [8.4, 8.75, 8.025],
			"faces": {
				"north": {"uv": [10.5, 7.25, 10.375, 8.625], "texture": "#0"},
				"east": {"uv": [10.375, 7.25, 10.5, 8.625], "texture": "#0"},
				"south": {"uv": [10.375, 7.25, 10.5, 8.625], "texture": "#0"},
				"west": {"uv": [10.375, 7.25, 10.5, 8.625], "texture": "#0"},
				"up": {"uv": [10.375, 7.25, 10.5, 7.375], "texture": "#0"},
				"down": {"uv": [10.375, 8.5, 10.5, 8.625], "texture": "#0"}
			}
		},
		{
			"name": "amethyst_shuriken_63",
			"from": [7.775, 3.375, 7.8],
			"to": [8.15, 4.625, 8.125],
			"faces": {
				"north": {"uv": [4.5, 7.375, 4.125, 8.625], "texture": "#0"},
				"east": {"uv": [4.375, 7.375, 4.5, 8.625], "texture": "#0"},
				"south": {"uv": [4.125, 7.375, 4.5, 8.625], "texture": "#0"},
				"west": {"uv": [4.125, 7.375, 4.25, 8.625], "texture": "#0"},
				"up": {"uv": [4.125, 7.375, 4.5, 7.5], "texture": "#0"},
				"down": {"uv": [4.125, 8.5, 4.5, 8.625], "texture": "#0"}
			}
		},
		{
			"name": "amethyst_shuriken_64",
			"from": [5.9, 5, 7.75],
			"to": [6.15, 5.125, 8.175],
			"faces": {
				"north": {"uv": [2.5, 7.625, 2.25, 7.75], "texture": "#0"},
				"east": {"uv": [2.375, 7.625, 2.5, 7.75], "texture": "#0"},
				"south": {"uv": [2.25, 7.625, 2.5, 7.75], "texture": "#0"},
				"west": {"uv": [2.25, 7.625, 2.375, 7.75], "texture": "#0"},
				"up": {"uv": [2.25, 7.625, 2.5, 7.75], "texture": "#0"},
				"down": {"uv": [2.25, 7.625, 2.5, 7.75], "texture": "#0"}
			}
		},
		{
			"name": "amethyst_shuriken_65",
			"from": [7.15, 5, 7.75],
			"to": [7.4, 5.125, 8.175],
			"faces": {
				"north": {"uv": [3.75, 7.625, 3.5, 7.75], "texture": "#0"},
				"east": {"uv": [3.625, 7.625, 3.75, 7.75], "texture": "#0"},
				"south": {"uv": [3.5, 7.625, 3.75, 7.75], "texture": "#0"},
				"west": {"uv": [3.5, 7.625, 3.625, 7.75], "texture": "#0"},
				"up": {"uv": [3.5, 7.625, 3.75, 7.75], "texture": "#0"},
				"down": {"uv": [3.5, 7.625, 3.75, 7.75], "texture": "#0"}
			}
		},
		{
			"name": "amethyst_shuriken_66",
			"from": [7.4, 7, 7.9],
			"to": [7.525, 8.25, 8.025],
			"faces": {
				"north": {"uv": [9.625, 7.75, 9.5, 9], "texture": "#0"},
				"east": {"uv": [9.5, 7.75, 9.625, 9], "texture": "#0"},
				"south": {"uv": [9.5, 7.75, 9.625, 9], "texture": "#0"},
				"west": {"uv": [9.5, 7.75, 9.625, 9], "texture": "#0"},
				"up": {"uv": [9.5, 7.75, 9.625, 7.875], "texture": "#0"},
				"down": {"uv": [9.5, 8.875, 9.625, 9], "texture": "#0"}
			}
		},
		{
			"name": "amethyst_shuriken_67",
			"from": [8.4, 7, 7.9],
			"to": [8.525, 8.25, 8.025],
			"faces": {
				"north": {"uv": [10.625, 7.75, 10.5, 9], "texture": "#0"},
				"east": {"uv": [10.5, 7.75, 10.625, 9], "texture": "#0"},
				"south": {"uv": [10.5, 7.75, 10.625, 9], "texture": "#0"},
				"west": {"uv": [10.5, 7.75, 10.625, 9], "texture": "#0"},
				"up": {"uv": [10.5, 7.75, 10.625, 7.875], "texture": "#0"},
				"down": {"uv": [10.5, 8.875, 10.625, 9], "texture": "#0"}
			}
		},
		{
			"name": "amethyst_shuriken_68",
			"from": [7.15, 7.375, 7.9],
			"to": [7.275, 7.75, 8.025],
			"faces": {
				"north": {"uv": [9.375, 8.25, 9.25, 8.625], "texture": "#0"},
				"east": {"uv": [9.25, 8.25, 9.375, 8.625], "texture": "#0"},
				"south": {"uv": [9.25, 8.25, 9.375, 8.625], "texture": "#0"},
				"west": {"uv": [9.25, 8.25, 9.375, 8.625], "texture": "#0"},
				"up": {"uv": [9.25, 8.25, 9.375, 8.375], "texture": "#0"},
				"down": {"uv": [9.25, 8.5, 9.375, 8.625], "texture": "#0"}
			}
		},
		{
			"name": "amethyst_shuriken_69",
			"from": [8.65, 7.375, 7.9],
			"to": [8.775, 7.75, 8.025],
			"faces": {
				"north": {"uv": [10.875, 8.25, 10.75, 8.625], "texture": "#0"},
				"east": {"uv": [10.75, 8.25, 10.875, 8.625], "texture": "#0"},
				"south": {"uv": [10.75, 8.25, 10.875, 8.625], "texture": "#0"},
				"west": {"uv": [10.75, 8.25, 10.875, 8.625], "texture": "#0"},
				"up": {"uv": [10.75, 8.25, 10.875, 8.375], "texture": "#0"},
				"down": {"uv": [10.75, 8.5, 10.875, 8.625], "texture": "#0"}
			}
		},
		{
			"name": "amethyst_shuriken_70",
			"from": [7.275, 7.125, 7.9],
			"to": [7.4, 7.625, 8.025],
			"faces": {
				"north": {"uv": [9.5, 8.375, 9.375, 8.875], "texture": "#0"},
				"east": {"uv": [9.375, 8.375, 9.5, 8.875], "texture": "#0"},
				"south": {"uv": [9.375, 8.375, 9.5, 8.875], "texture": "#0"},
				"west": {"uv": [9.375, 8.375, 9.5, 8.875], "texture": "#0"},
				"up": {"uv": [9.375, 8.375, 9.5, 8.5], "texture": "#0"},
				"down": {"uv": [9.375, 8.75, 9.5, 8.875], "texture": "#0"}
			}
		},
		{
			"name": "amethyst_shuriken_71",
			"from": [7.65, 7.5, 7.9],
			"to": [7.775, 7.625, 8.025],
			"faces": {
				"north": {"uv": [9.875, 8.375, 9.75, 8.5], "texture": "#0"},
				"east": {"uv": [9.75, 8.375, 9.875, 8.5], "texture": "#0"},
				"south": {"uv": [9.75, 8.375, 9.875, 8.5], "texture": "#0"},
				"west": {"uv": [9.75, 8.375, 9.875, 8.5], "texture": "#0"},
				"up": {"uv": [9.75, 8.375, 9.875, 8.5], "texture": "#0"},
				"down": {"uv": [9.75, 8.375, 9.875, 8.5], "texture": "#0"}
			}
		},
		{
			"name": "amethyst_shuriken_72",
			"from": [8.15, 7.5, 7.9],
			"to": [8.275, 7.625, 8.025],
			"faces": {
				"north": {"uv": [10.375, 8.375, 10.25, 8.5], "texture": "#0"},
				"east": {"uv": [10.25, 8.375, 10.375, 8.5], "texture": "#0"},
				"south": {"uv": [10.25, 8.375, 10.375, 8.5], "texture": "#0"},
				"west": {"uv": [10.25, 8.375, 10.375, 8.5], "texture": "#0"},
				"up": {"uv": [10.25, 8.375, 10.375, 8.5], "texture": "#0"},
				"down": {"uv": [10.25, 8.375, 10.375, 8.5], "texture": "#0"}
			}
		},
		{
			"name": "amethyst_shuriken_73",
			"from": [8.525, 7.125, 7.9],
			"to": [8.65, 7.625, 8.025],
			"faces": {
				"north": {"uv": [10.75, 8.375, 10.625, 8.875], "texture": "#0"},
				"east": {"uv": [10.625, 8.375, 10.75, 8.875], "texture": "#0"},
				"south": {"uv": [10.625, 8.375, 10.75, 8.875], "texture": "#0"},
				"west": {"uv": [10.625, 8.375, 10.75, 8.875], "texture": "#0"},
				"up": {"uv": [10.625, 8.375, 10.75, 8.5], "texture": "#0"},
				"down": {"uv": [10.625, 8.75, 10.75, 8.875], "texture": "#0"}
			}
		},
		{
			"name": "amethyst_shuriken_74",
			"from": [7.65, 3.25, 7.75],
			"to": [7.775, 3.5, 8.175],
			"faces": {
				"north": {"uv": [4.875, 8.5, 4.75, 8.75], "texture": "#0"},
				"east": {"uv": [4.75, 8.5, 4.875, 8.75], "texture": "#0"},
				"south": {"uv": [4.75, 8.5, 4.875, 8.75], "texture": "#0"},
				"west": {"uv": [4.75, 8.5, 4.875, 8.75], "texture": "#0"},
				"up": {"uv": [4.75, 8.5, 4.875, 8.625], "texture": "#0"},
				"down": {"uv": [4.75, 8.625, 4.875, 8.75], "texture": "#0"}
			}
		},
		{
			"name": "amethyst_shuriken_75",
			"from": [8.15, 3.25, 7.75],
			"to": [8.275, 3.5, 8.175],
			"faces": {
				"north": {"uv": [5.375, 8.5, 5.25, 8.75], "texture": "#0"},
				"east": {"uv": [5.25, 8.5, 5.375, 8.75], "texture": "#0"},
				"south": {"uv": [5.25, 8.5, 5.375, 8.75], "texture": "#0"},
				"west": {"uv": [5.25, 8.5, 5.375, 8.75], "texture": "#0"},
				"up": {"uv": [5.25, 8.5, 5.375, 8.625], "texture": "#0"},
				"down": {"uv": [5.25, 8.625, 5.375, 8.75], "texture": "#0"}
			}
		},
		{
			"name": "amethyst_shuriken_76",
			"from": [7.775, 3.125, 7.75],
			"to": [8.15, 3.375, 8.175],
			"faces": {
				"north": {"uv": [5.25, 8.625, 4.875, 8.875], "texture": "#0"},
				"east": {"uv": [5.125, 8.625, 5.25, 8.875], "texture": "#0"},
				"south": {"uv": [4.875, 8.625, 5.25, 8.875], "texture": "#0"},
				"west": {"uv": [4.875, 8.625, 5, 8.875], "texture": "#0"},
				"up": {"uv": [4.875, 8.625, 5.25, 8.75], "texture": "#0"},
				"down": {"uv": [4.875, 8.75, 5.25, 8.875], "texture": "#0"}
			}
		},
		{
			"name": "amethyst_shuriken_77",
			"from": [7.775, 3, 7.85],
			"to": [8.15, 3.125, 7.975],
			"faces": {
				"north": {"uv": [4.5, 8.875, 4.125, 9], "texture": "#0"},
				"east": {"uv": [4.375, 8.875, 4.5, 9], "texture": "#0"},
				"south": {"uv": [4.125, 8.875, 4.5, 9], "texture": "#0"},
				"west": {"uv": [4.125, 8.875, 4.25, 9], "texture": "#0"},
				"up": {"uv": [4.125, 8.875, 4.5, 9], "texture": "#0"},
				"down": {"uv": [4.125, 8.875, 4.5, 9], "texture": "#0"}
			}
		},
		{
			"name": "amethyst_shuriken_78",
			"from": [7.65, 2.875, 7.85],
			"to": [7.9, 3, 7.975],
			"faces": {
				"north": {"uv": [4.25, 9, 4, 9.125], "texture": "#0"},
				"east": {"uv": [4.125, 9, 4.25, 9.125], "texture": "#0"},
				"south": {"uv": [4, 9, 4.25, 9.125], "texture": "#0"},
				"west": {"uv": [4, 9, 4.125, 9.125], "texture": "#0"},
				"up": {"uv": [4, 9, 4.25, 9.125], "texture": "#0"},
				"down": {"uv": [4, 9, 4.25, 9.125], "texture": "#0"}
			}
		},
		{
			"name": "amethyst_shuriken_79",
			"from": [8.025, 2.875, 7.85],
			"to": [8.275, 3, 7.975],
			"faces": {
				"north": {"uv": [4.625, 9, 4.375, 9.125], "texture": "#0"},
				"east": {"uv": [4.5, 9, 4.625, 9.125], "texture": "#0"},
				"south": {"uv": [4.375, 9, 4.625, 9.125], "texture": "#0"},
				"west": {"uv": [4.375, 9, 4.5, 9.125], "texture": "#0"},
				"up": {"uv": [4.375, 9, 4.625, 9.125], "texture": "#0"},
				"down": {"uv": [4.375, 9, 4.625, 9.125], "texture": "#0"}
			}
		},
		{
			"name": "amethyst_shuriken_80",
			"from": [7.65, 2.625, 7.85],
			"to": [7.775, 2.875, 7.975],
			"faces": {
				"north": {"uv": [4.125, 9.125, 4, 9.375], "texture": "#0"},
				"east": {"uv": [4, 9.125, 4.125, 9.375], "texture": "#0"},
				"south": {"uv": [4, 9.125, 4.125, 9.375], "texture": "#0"},
				"west": {"uv": [4, 9.125, 4.125, 9.375], "texture": "#0"},
				"up": {"uv": [4, 9.125, 4.125, 9.25], "texture": "#0"},
				"down": {"uv": [4, 9.25, 4.125, 9.375], "texture": "#0"}
			}
		},
		{
			"name": "amethyst_shuriken_81",
			"from": [8.15, 2.625, 7.85],
			"to": [8.275, 2.875, 7.975],
			"faces": {
				"north": {"uv": [4.625, 9.125, 4.5, 9.375], "texture": "#0"},
				"east": {"uv": [4.5, 9.125, 4.625, 9.375], "texture": "#0"},
				"south": {"uv": [4.5, 9.125, 4.625, 9.375], "texture": "#0"},
				"west": {"uv": [4.5, 9.125, 4.625, 9.375], "texture": "#0"},
				"up": {"uv": [4.5, 9.125, 4.625, 9.25], "texture": "#0"},
				"down": {"uv": [4.5, 9.25, 4.625, 9.375], "texture": "#0"}
			}
		},
		{
			"name": "amethyst_shuriken_82",
			"from": [7.65, 6.375, 7.9],
			"to": [7.775, 6.875, 8.025],
			"faces": {
				"north": {"uv": [9.875, 9.125, 9.75, 9.625], "texture": "#0"},
				"east": {"uv": [9.75, 9.125, 9.875, 9.625], "texture": "#0"},
				"south": {"uv": [9.75, 9.125, 9.875, 9.625], "texture": "#0"},
				"west": {"uv": [9.75, 9.125, 9.875, 9.625], "texture": "#0"},
				"up": {"uv": [9.75, 9.125, 9.875, 9.25], "texture": "#0"},
				"down": {"uv": [9.75, 9.5, 9.875, 9.625], "texture": "#0"}
			}
		},
		{
			"name": "amethyst_shuriken_83",
			"from": [8.15, 6.375, 7.9],
			"to": [8.275, 6.875, 8.025],
			"faces": {
				"north": {"uv": [10.375, 9.125, 10.25, 9.625], "texture": "#0"},
				"east": {"uv": [10.25, 9.125, 10.375, 9.625], "texture": "#0"},
				"south": {"uv": [10.25, 9.125, 10.375, 9.625], "texture": "#0"},
				"west": {"uv": [10.25, 9.125, 10.375, 9.625], "texture": "#0"},
				"up": {"uv": [10.25, 9.125, 10.375, 9.25], "texture": "#0"},
				"down": {"uv": [10.25, 9.5, 10.375, 9.625], "texture": "#0"}
			}
		},
		{
			"name": "amethyst_shuriken_84",
			"from": [7.775, 2.25, 7.85],
			"to": [7.9, 2.75, 7.975],
			"faces": {
				"north": {"uv": [4.25, 9.25, 4.125, 9.75], "texture": "#0"},
				"east": {"uv": [4.125, 9.25, 4.25, 9.75], "texture": "#0"},
				"south": {"uv": [4.125, 9.25, 4.25, 9.75], "texture": "#0"},
				"west": {"uv": [4.125, 9.25, 4.25, 9.75], "texture": "#0"},
				"up": {"uv": [4.125, 9.25, 4.25, 9.375], "texture": "#0"},
				"down": {"uv": [4.125, 9.625, 4.25, 9.75], "texture": "#0"}
			}
		},
		{
			"name": "amethyst_shuriken_85",
			"from": [8.025, 2.25, 7.85],
			"to": [8.15, 2.75, 7.975],
			"faces": {
				"north": {"uv": [4.5, 9.25, 4.375, 9.75], "texture": "#0"},
				"east": {"uv": [4.375, 9.25, 4.5, 9.75], "texture": "#0"},
				"south": {"uv": [4.375, 9.25, 4.5, 9.75], "texture": "#0"},
				"west": {"uv": [4.375, 9.25, 4.5, 9.75], "texture": "#0"},
				"up": {"uv": [4.375, 9.25, 4.5, 9.375], "texture": "#0"},
				"down": {"uv": [4.375, 9.625, 4.5, 9.75], "texture": "#0"}
			}
		},
		{
			"name": "amethyst_shuriken_86",
			"from": [7.4, 6.625, 7.9],
			"to": [7.65, 6.75, 8.025],
			"faces": {
				"north": {"uv": [9.75, 9.25, 9.5, 9.375], "texture": "#0"},
				"east": {"uv": [9.625, 9.25, 9.75, 9.375], "texture": "#0"},
				"south": {"uv": [9.5, 9.25, 9.75, 9.375], "texture": "#0"},
				"west": {"uv": [9.5, 9.25, 9.625, 9.375], "texture": "#0"},
				"up": {"uv": [9.5, 9.25, 9.75, 9.375], "texture": "#0"},
				"down": {"uv": [9.5, 9.25, 9.75, 9.375], "texture": "#0"}
			}
		},
		{
			"name": "amethyst_shuriken_87",
			"from": [8.275, 6.625, 7.9],
			"to": [8.525, 6.75, 8.025],
			"faces": {
				"north": {"uv": [10.625, 9.25, 10.375, 9.375], "texture": "#0"},
				"east": {"uv": [10.5, 9.25, 10.625, 9.375], "texture": "#0"},
				"south": {"uv": [10.375, 9.25, 10.625, 9.375], "texture": "#0"},
				"west": {"uv": [10.375, 9.25, 10.5, 9.375], "texture": "#0"},
				"up": {"uv": [10.375, 9.25, 10.625, 9.375], "texture": "#0"},
				"down": {"uv": [10.375, 9.25, 10.625, 9.375], "texture": "#0"}
			}
		},
		{
			"name": "amethyst_shuriken_88",
			"from": [7.9, 2, 7.85],
			"to": [8.025, 2.625, 7.975],
			"faces": {
				"north": {"uv": [4.375, 9.375, 4.25, 10], "texture": "#0"},
				"east": {"uv": [4.25, 9.375, 4.375, 10], "texture": "#0"},
				"south": {"uv": [4.25, 9.375, 4.375, 10], "texture": "#0"},
				"west": {"uv": [4.25, 9.375, 4.375, 10], "texture": "#0"},
				"up": {"uv": [4.25, 9.375, 4.375, 9.5], "texture": "#0"},
				"down": {"uv": [4.25, 9.875, 4.375, 10], "texture": "#0"}
			}
		},
		{
			"name": "amethyst_shuriken_89",
			"from": [7.525, 6.5, 7.9],
			"to": [7.65, 6.625, 8.025],
			"faces": {
				"north": {"uv": [9.75, 9.375, 9.625, 9.5], "texture": "#0"},
				"east": {"uv": [9.625, 9.375, 9.75, 9.5], "texture": "#0"},
				"south": {"uv": [9.625, 9.375, 9.75, 9.5], "texture": "#0"},
				"west": {"uv": [9.625, 9.375, 9.75, 9.5], "texture": "#0"},
				"up": {"uv": [9.625, 9.375, 9.75, 9.5], "texture": "#0"},
				"down": {"uv": [9.625, 9.375, 9.75, 9.5], "texture": "#0"}
			}
		},
		{
			"name": "amethyst_shuriken_90",
			"from": [8.275, 6.5, 7.9],
			"to": [8.4, 6.625, 8.025],
			"faces": {
				"north": {"uv": [10.5, 9.375, 10.375, 9.5], "texture": "#0"},
				"east": {"uv": [10.375, 9.375, 10.5, 9.5], "texture": "#0"},
				"south": {"uv": [10.375, 9.375, 10.5, 9.5], "texture": "#0"},
				"west": {"uv": [10.375, 9.375, 10.5, 9.5], "texture": "#0"},
				"up": {"uv": [10.375, 9.375, 10.5, 9.5], "texture": "#0"},
				"down": {"uv": [10.375, 9.375, 10.5, 9.5], "texture": "#0"}
			}
		},
		{
			"name": "amethyst_shuriken_91",
			"from": [5.525, 6, 7.9],
			"to": [5.9, 6.125, 8.025],
			"faces": {
				"north": {"uv": [8, 9.875, 7.625, 10], "texture": "#0"},
				"east": {"uv": [7.875, 9.875, 8, 10], "texture": "#0"},
				"south": {"uv": [7.625, 9.875, 8, 10], "texture": "#0"},
				"west": {"uv": [7.625, 9.875, 7.75, 10], "texture": "#0"},
				"up": {"uv": [7.625, 9.875, 8, 10], "texture": "#0"},
				"down": {"uv": [7.625, 9.875, 8, 10], "texture": "#0"}
			}
		},
		{
			"name": "amethyst_shuriken_92",
			"from": [10.025, 5.625, 7.9],
			"to": [10.275, 6.125, 8.025],
			"faces": {
				"north": {"uv": [12.375, 9.875, 12.125, 10.375], "texture": "#0"},
				"east": {"uv": [12.25, 9.875, 12.375, 10.375], "texture": "#0"},
				"south": {"uv": [12.125, 9.875, 12.375, 10.375], "texture": "#0"},
				"west": {"uv": [12.125, 9.875, 12.25, 10.375], "texture": "#0"},
				"up": {"uv": [12.125, 9.875, 12.375, 10], "texture": "#0"},
				"down": {"uv": [12.125, 10.25, 12.375, 10.375], "texture": "#0"}
			}
		},
		{
			"name": "amethyst_shuriken_93",
			"from": [10.275, 6, 7.9],
			"to": [10.4, 6.125, 8.025],
			"faces": {
				"north": {"uv": [12.5, 9.875, 12.375, 10], "texture": "#0"},
				"east": {"uv": [12.375, 9.875, 12.5, 10], "texture": "#0"},
				"south": {"uv": [12.375, 9.875, 12.5, 10], "texture": "#0"},
				"west": {"uv": [12.375, 9.875, 12.5, 10], "texture": "#0"},
				"up": {"uv": [12.375, 9.875, 12.5, 10], "texture": "#0"},
				"down": {"uv": [12.375, 9.875, 12.5, 10], "texture": "#0"}
			}
		},
		{
			"name": "amethyst_shuriken_94",
			"from": [5.65, 5.75, 7.9],
			"to": [6.15, 6, 8.025],
			"faces": {
				"north": {"uv": [8.25, 10, 7.75, 10.25], "texture": "#0"},
				"east": {"uv": [8.125, 10, 8.25, 10.25], "texture": "#0"},
				"south": {"uv": [7.75, 10, 8.25, 10.25], "texture": "#0"},
				"west": {"uv": [7.75, 10, 7.875, 10.25], "texture": "#0"},
				"up": {"uv": [7.75, 10, 8.25, 10.125], "texture": "#0"},
				"down": {"uv": [7.75, 10.125, 8.25, 10.25], "texture": "#0"}
			}
		},
		{
			"name": "amethyst_shuriken_95",
			"from": [9.775, 5.75, 7.9],
			"to": [10.025, 6, 8.025],
			"faces": {
				"north": {"uv": [12.125, 10, 11.875, 10.25], "texture": "#0"},
				"east": {"uv": [12, 10, 12.125, 10.25], "texture": "#0"},
				"south": {"uv": [11.875, 10, 12.125, 10.25], "texture": "#0"},
				"west": {"uv": [11.875, 10, 12, 10.25], "texture": "#0"},
				"up": {"uv": [11.875, 10, 12.125, 10.125], "texture": "#0"},
				"down": {"uv": [11.875, 10.125, 12.125, 10.25], "texture": "#0"}
			}
		},
		{
			"name": "amethyst_shuriken_96",
			"from": [4.4, 5.75, 7.9],
			"to": [4.775, 5.875, 8.025],
			"faces": {
				"north": {"uv": [6.875, 10.125, 6.5, 10.25], "texture": "#0"},
				"east": {"uv": [6.75, 10.125, 6.875, 10.25], "texture": "#0"},
				"south": {"uv": [6.5, 10.125, 6.875, 10.25], "texture": "#0"},
				"west": {"uv": [6.5, 10.125, 6.625, 10.25], "texture": "#0"},
				"up": {"uv": [6.5, 10.125, 6.875, 10.25], "texture": "#0"},
				"down": {"uv": [6.5, 10.125, 6.875, 10.25], "texture": "#0"}
			}
		},
		{
			"name": "amethyst_shuriken_97",
			"from": [5.025, 5.625, 7.9],
			"to": [5.65, 5.875, 8.025],
			"faces": {
				"north": {"uv": [7.75, 10.125, 7.125, 10.375], "texture": "#0"},
				"east": {"uv": [7.625, 10.125, 7.75, 10.375], "texture": "#0"},
				"south": {"uv": [7.125, 10.125, 7.75, 10.375], "texture": "#0"},
				"west": {"uv": [7.125, 10.125, 7.25, 10.375], "texture": "#0"},
				"up": {"uv": [7.125, 10.125, 7.75, 10.25], "texture": "#0"},
				"down": {"uv": [7.125, 10.25, 7.75, 10.375], "texture": "#0"}
			}
		},
		{
			"name": "amethyst_shuriken_98",
			"from": [6.15, 5.75, 7.9],
			"to": [6.275, 5.875, 8.025],
			"faces": {
				"north": {"uv": [8.375, 10.125, 8.25, 10.25], "texture": "#0"},
				"east": {"uv": [8.25, 10.125, 8.375, 10.25], "texture": "#0"},
				"south": {"uv": [8.25, 10.125, 8.375, 10.25], "texture": "#0"},
				"west": {"uv": [8.25, 10.125, 8.375, 10.25], "texture": "#0"},
				"up": {"uv": [8.25, 10.125, 8.375, 10.25], "texture": "#0"},
				"down": {"uv": [8.25, 10.125, 8.375, 10.25], "texture": "#0"}
			}
		},
		{
			"name": "amethyst_shuriken_99",
			"from": [6.525, 5.5, 7.9],
			"to": [6.65, 5.875, 8.025],
			"faces": {
				"north": {"uv": [8.75, 10.125, 8.625, 10.5], "texture": "#0"},
				"east": {"uv": [8.625, 10.125, 8.75, 10.5], "texture": "#0"},
				"south": {"uv": [8.625, 10.125, 8.75, 10.5], "texture": "#0"},
				"west": {"uv": [8.625, 10.125, 8.75, 10.5], "texture": "#0"},
				"up": {"uv": [8.625, 10.125, 8.75, 10.25], "texture": "#0"},
				"down": {"uv": [8.625, 10.375, 8.75, 10.5], "texture": "#0"}
			}
		},
		{
			"name": "amethyst_shuriken_100",
			"from": [9.275, 5.5, 7.9],
			"to": [9.4, 5.875, 8.025],
			"faces": {
				"north": {"uv": [11.5, 10.125, 11.375, 10.5], "texture": "#0"},
				"east": {"uv": [11.375, 10.125, 11.5, 10.5], "texture": "#0"},
				"south": {"uv": [11.375, 10.125, 11.5, 10.5], "texture": "#0"},
				"west": {"uv": [11.375, 10.125, 11.5, 10.5], "texture": "#0"},
				"up": {"uv": [11.375, 10.125, 11.5, 10.25], "texture": "#0"},
				"down": {"uv": [11.375, 10.375, 11.5, 10.5], "texture": "#0"}
			}
		},
		{
			"name": "amethyst_shuriken_101",
			"from": [9.65, 5.75, 7.9],
			"to": [9.775, 5.875, 8.025],
			"faces": {
				"north": {"uv": [11.875, 10.125, 11.75, 10.25], "texture": "#0"},
				"east": {"uv": [11.75, 10.125, 11.875, 10.25], "texture": "#0"},
				"south": {"uv": [11.75, 10.125, 11.875, 10.25], "texture": "#0"},
				"west": {"uv": [11.75, 10.125, 11.875, 10.25], "texture": "#0"},
				"up": {"uv": [11.75, 10.125, 11.875, 10.25], "texture": "#0"},
				"down": {"uv": [11.75, 10.125, 11.875, 10.25], "texture": "#0"}
			}
		},
		{
			"name": "amethyst_shuriken_102",
			"from": [10.275, 5.625, 7.9],
			"to": [10.9, 5.875, 8.025],
			"faces": {
				"north": {"uv": [13, 10.125, 12.375, 10.375], "texture": "#0"},
				"east": {"uv": [12.875, 10.125, 13, 10.375], "texture": "#0"},
				"south": {"uv": [12.375, 10.125, 13, 10.375], "texture": "#0"},
				"west": {"uv": [12.375, 10.125, 12.5, 10.375], "texture": "#0"},
				"up": {"uv": [12.375, 10.125, 13, 10.25], "texture": "#0"},
				"down": {"uv": [12.375, 10.25, 13, 10.375], "texture": "#0"}
			}
		},
		{
			"name": "amethyst_shuriken_103",
			"from": [11.15, 5.375, 7.9],
			"to": [11.4, 5.875, 8.025],
			"faces": {
				"north": {"uv": [13.5, 10.125, 13.25, 10.625], "texture": "#0"},
				"east": {"uv": [13.375, 10.125, 13.5, 10.625], "texture": "#0"},
				"south": {"uv": [13.25, 10.125, 13.5, 10.625], "texture": "#0"},
				"west": {"uv": [13.25, 10.125, 13.375, 10.625], "texture": "#0"},
				"up": {"uv": [13.25, 10.125, 13.5, 10.25], "texture": "#0"},
				"down": {"uv": [13.25, 10.5, 13.5, 10.625], "texture": "#0"}
			}
		},
		{
			"name": "amethyst_shuriken_104",
			"from": [11.4, 5.75, 7.9],
			"to": [11.525, 5.875, 8.025],
			"faces": {
				"north": {"uv": [13.625, 10.125, 13.5, 10.25], "texture": "#0"},
				"east": {"uv": [13.5, 10.125, 13.625, 10.25], "texture": "#0"},
				"south": {"uv": [13.5, 10.125, 13.625, 10.25], "texture": "#0"},
				"west": {"uv": [13.5, 10.125, 13.625, 10.25], "texture": "#0"},
				"up": {"uv": [13.5, 10.125, 13.625, 10.25], "texture": "#0"},
				"down": {"uv": [13.5, 10.125, 13.625, 10.25], "texture": "#0"}
			}
		},
		{
			"name": "amethyst_shuriken_105",
			"from": [4.525, 5.375, 7.9],
			"to": [4.9, 5.75, 8.025],
			"faces": {
				"north": {"uv": [7, 10.25, 6.625, 10.625], "texture": "#0"},
				"east": {"uv": [6.875, 10.25, 7, 10.625], "texture": "#0"},
				"south": {"uv": [6.625, 10.25, 7, 10.625], "texture": "#0"},
				"west": {"uv": [6.625, 10.25, 6.75, 10.625], "texture": "#0"},
				"up": {"uv": [6.625, 10.25, 7, 10.375], "texture": "#0"},
				"down": {"uv": [6.625, 10.5, 7, 10.625], "texture": "#0"}
			}
		},
		{
			"name": "amethyst_shuriken_106",
			"from": [4.9, 5.5, 7.9],
			"to": [5.025, 5.75, 8.025],
			"faces": {
				"north": {"uv": [7.125, 10.25, 7, 10.5], "texture": "#0"},
				"east": {"uv": [7, 10.25, 7.125, 10.5], "texture": "#0"},
				"south": {"uv": [7, 10.25, 7.125, 10.5], "texture": "#0"},
				"west": {"uv": [7, 10.25, 7.125, 10.5], "texture": "#0"},
				"up": {"uv": [7, 10.25, 7.125, 10.375], "texture": "#0"},
				"down": {"uv": [7, 10.375, 7.125, 10.5], "texture": "#0"}
			}
		},
		{
			"name": "amethyst_shuriken_107",
			"from": [5.65, 5.625, 7.9],
			"to": [5.9, 5.75, 8.025],
			"faces": {
				"north": {"uv": [8, 10.25, 7.75, 10.375], "texture": "#0"},
				"east": {"uv": [7.875, 10.25, 8, 10.375], "texture": "#0"},
				"south": {"uv": [7.75, 10.25, 8, 10.375], "texture": "#0"},
				"west": {"uv": [7.75, 10.25, 7.875, 10.375], "texture": "#0"},
				"up": {"uv": [7.75, 10.25, 8, 10.375], "texture": "#0"},
				"down": {"uv": [7.75, 10.25, 8, 10.375], "texture": "#0"}
			}
		},
		{
			"name": "amethyst_shuriken_108",
			"from": [6.65, 5.5, 7.9],
			"to": [6.775, 5.75, 8.025],
			"faces": {
				"north": {"uv": [8.875, 10.25, 8.75, 10.5], "texture": "#0"},
				"east": {"uv": [8.75, 10.25, 8.875, 10.5], "texture": "#0"},
				"south": {"uv": [8.75, 10.25, 8.875, 10.5], "texture": "#0"},
				"west": {"uv": [8.75, 10.25, 8.875, 10.5], "texture": "#0"},
				"up": {"uv": [8.75, 10.25, 8.875, 10.375], "texture": "#0"},
				"down": {"uv": [8.75, 10.375, 8.875, 10.5], "texture": "#0"}
			}
		},
		{
			"name": "amethyst_shuriken_109",
			"from": [9.15, 5.5, 7.9],
			"to": [9.275, 5.75, 8.025],
			"faces": {
				"north": {"uv": [11.375, 10.25, 11.25, 10.5], "texture": "#0"},
				"east": {"uv": [11.25, 10.25, 11.375, 10.5], "texture": "#0"},
				"south": {"uv": [11.25, 10.25, 11.375, 10.5], "texture": "#0"},
				"west": {"uv": [11.25, 10.25, 11.375, 10.5], "texture": "#0"},
				"up": {"uv": [11.25, 10.25, 11.375, 10.375], "texture": "#0"},
				"down": {"uv": [11.25, 10.375, 11.375, 10.5], "texture": "#0"}
			}
		},
		{
			"name": "amethyst_shuriken_110",
			"from": [10.9, 5.5, 7.9],
			"to": [11.15, 5.75, 8.025],
			"faces": {
				"north": {"uv": [13.25, 10.25, 13, 10.5], "texture": "#0"},
				"east": {"uv": [13.125, 10.25, 13.25, 10.5], "texture": "#0"},
				"south": {"uv": [13, 10.25, 13.25, 10.5], "texture": "#0"},
				"west": {"uv": [13, 10.25, 13.125, 10.5], "texture": "#0"},
				"up": {"uv": [13, 10.25, 13.25, 10.375], "texture": "#0"},
				"down": {"uv": [13, 10.375, 13.25, 10.5], "texture": "#0"}
			}
		},
		{
			"name": "amethyst_shuriken_111",
			"from": [4.025, 5, 7.9],
			"to": [4.525, 5.625, 8.025],
			"faces": {
				"north": {"uv": [6.625, 10.375, 6.125, 11], "texture": "#0"},
				"east": {"uv": [6.5, 10.375, 6.625, 11], "texture": "#0"},
				"south": {"uv": [6.125, 10.375, 6.625, 11], "texture": "#0"},
				"west": {"uv": [6.125, 10.375, 6.25, 11], "texture": "#0"},
				"up": {"uv": [6.125, 10.375, 6.625, 10.5], "texture": "#0"},
				"down": {"uv": [6.125, 10.875, 6.625, 11], "texture": "#0"}
			}
		},
		{
			"name": "amethyst_shuriken_112",
			"from": [5.025, 5.5, 7.9],
			"to": [5.275, 5.625, 8.025],
			"faces": {
				"north": {"uv": [7.375, 10.375, 7.125, 10.5], "texture": "#0"},
				"east": {"uv": [7.25, 10.375, 7.375, 10.5], "texture": "#0"},
				"south": {"uv": [7.125, 10.375, 7.375, 10.5], "texture": "#0"},
				"west": {"uv": [7.125, 10.375, 7.25, 10.5], "texture": "#0"},
				"up": {"uv": [7.125, 10.375, 7.375, 10.5], "texture": "#0"},
				"down": {"uv": [7.125, 10.375, 7.375, 10.5], "texture": "#0"}
			}
		},
		{
			"name": "amethyst_shuriken_113",
			"from": [5.65, 5.5, 7.9],
			"to": [5.775, 5.625, 8.025],
			"faces": {
				"north": {"uv": [7.875, 10.375, 7.75, 10.5], "texture": "#0"},
				"east": {"uv": [7.75, 10.375, 7.875, 10.5], "texture": "#0"},
				"south": {"uv": [7.75, 10.375, 7.875, 10.5], "texture": "#0"},
				"west": {"uv": [7.75, 10.375, 7.875, 10.5], "texture": "#0"},
				"up": {"uv": [7.75, 10.375, 7.875, 10.5], "texture": "#0"},
				"down": {"uv": [7.75, 10.375, 7.875, 10.5], "texture": "#0"}
			}
		},
		{
			"name": "amethyst_shuriken_114",
			"from": [6.4, 5.5, 7.9],
			"to": [6.525, 5.625, 8.025],
			"faces": {
				"north": {"uv": [8.625, 10.375, 8.5, 10.5], "texture": "#0"},
				"east": {"uv": [8.5, 10.375, 8.625, 10.5], "texture": "#0"},
				"south": {"uv": [8.5, 10.375, 8.625, 10.5], "texture": "#0"},
				"west": {"uv": [8.5, 10.375, 8.625, 10.5], "texture": "#0"},
				"up": {"uv": [8.5, 10.375, 8.625, 10.5], "texture": "#0"},
				"down": {"uv": [8.5, 10.375, 8.625, 10.5], "texture": "#0"}
			}
		},
		{
			"name": "amethyst_shuriken_115",
			"from": [6.775, 5.5, 7.9],
			"to": [6.9, 5.625, 8.025],
			"faces": {
				"north": {"uv": [9, 10.375, 8.875, 10.5], "texture": "#0"},
				"east": {"uv": [8.875, 10.375, 9, 10.5], "texture": "#0"},
				"south": {"uv": [8.875, 10.375, 9, 10.5], "texture": "#0"},
				"west": {"uv": [8.875, 10.375, 9, 10.5], "texture": "#0"},
				"up": {"uv": [8.875, 10.375, 9, 10.5], "texture": "#0"},
				"down": {"uv": [8.875, 10.375, 9, 10.5], "texture": "#0"}
			}
		},
		{
			"name": "amethyst_shuriken_116",
			"from": [9.025, 5.5, 7.9],
			"to": [9.15, 5.625, 8.025],
			"faces": {
				"north": {"uv": [11.25, 10.375, 11.125, 10.5], "texture": "#0"},
				"east": {"uv": [11.125, 10.375, 11.25, 10.5], "texture": "#0"},
				"south": {"uv": [11.125, 10.375, 11.25, 10.5], "texture": "#0"},
				"west": {"uv": [11.125, 10.375, 11.25, 10.5], "texture": "#0"},
				"up": {"uv": [11.125, 10.375, 11.25, 10.5], "texture": "#0"},
				"down": {"uv": [11.125, 10.375, 11.25, 10.5], "texture": "#0"}
			}
		},
		{
			"name": "amethyst_shuriken_117",
			"from": [9.4, 5.5, 7.9],
			"to": [9.525, 5.625, 8.025],
			"faces": {
				"north": {"uv": [11.625, 10.375, 11.5, 10.5], "texture": "#0"},
				"east": {"uv": [11.5, 10.375, 11.625, 10.5], "texture": "#0"},
				"south": {"uv": [11.5, 10.375, 11.625, 10.5], "texture": "#0"},
				"west": {"uv": [11.5, 10.375, 11.625, 10.5], "texture": "#0"},
				"up": {"uv": [11.5, 10.375, 11.625, 10.5], "texture": "#0"},
				"down": {"uv": [11.5, 10.375, 11.625, 10.5], "texture": "#0"}
			}
		},
		{
			"name": "amethyst_shuriken_118",
			"from": [10.15, 5.5, 7.9],
			"to": [10.275, 5.625, 8.025],
			"faces": {
				"north": {"uv": [12.375, 10.375, 12.25, 10.5], "texture": "#0"},
				"east": {"uv": [12.25, 10.375, 12.375, 10.5], "texture": "#0"},
				"south": {"uv": [12.25, 10.375, 12.375, 10.5], "texture": "#0"},
				"west": {"uv": [12.25, 10.375, 12.375, 10.5], "texture": "#0"},
				"up": {"uv": [12.25, 10.375, 12.375, 10.5], "texture": "#0"},
				"down": {"uv": [12.25, 10.375, 12.375, 10.5], "texture": "#0"}
			}
		},
		{
			"name": "amethyst_shuriken_119",
			"from": [10.65, 5.5, 7.9],
			"to": [10.9, 5.625, 8.025],
			"faces": {
				"north": {"uv": [13, 10.375, 12.75, 10.5], "texture": "#0"},
				"east": {"uv": [12.875, 10.375, 13, 10.5], "texture": "#0"},
				"south": {"uv": [12.75, 10.375, 13, 10.5], "texture": "#0"},
				"west": {"uv": [12.75, 10.375, 12.875, 10.5], "texture": "#0"},
				"up": {"uv": [12.75, 10.375, 13, 10.5], "texture": "#0"},
				"down": {"uv": [12.75, 10.375, 13, 10.5], "texture": "#0"}
			}
		},
		{
			"name": "amethyst_shuriken_120",
			"from": [11.4, 5, 7.9],
			"to": [11.9, 5.625, 8.025],
			"faces": {
				"north": {"uv": [14, 10.375, 13.5, 11], "texture": "#0"},
				"east": {"uv": [13.875, 10.375, 14, 11], "texture": "#0"},
				"south": {"uv": [13.5, 10.375, 14, 11], "texture": "#0"},
				"west": {"uv": [13.5, 10.375, 13.625, 11], "texture": "#0"},
				"up": {"uv": [13.5, 10.375, 14, 10.5], "texture": "#0"},
				"down": {"uv": [13.5, 10.875, 14, 11], "texture": "#0"}
			}
		},
		{
			"name": "amethyst_shuriken_121",
			"from": [3.4, 5.125, 7.9],
			"to": [4.025, 5.5, 8.025],
			"faces": {
				"north": {"uv": [6.125, 10.5, 5.5, 10.875], "texture": "#0"},
				"east": {"uv": [6, 10.5, 6.125, 10.875], "texture": "#0"},
				"south": {"uv": [5.5, 10.5, 6.125, 10.875], "texture": "#0"},
				"west": {"uv": [5.5, 10.5, 5.625, 10.875], "texture": "#0"},
				"up": {"uv": [5.5, 10.5, 6.125, 10.625], "texture": "#0"},
				"down": {"uv": [5.5, 10.75, 6.125, 10.875], "texture": "#0"}
			}
		},
		{
			"name": "amethyst_shuriken_122",
			"from": [11.025, 5.375, 7.9],
			"to": [11.15, 5.5, 8.025],
			"faces": {
				"north": {"uv": [13.25, 10.5, 13.125, 10.625], "texture": "#0"},
				"east": {"uv": [13.125, 10.5, 13.25, 10.625], "texture": "#0"},
				"south": {"uv": [13.125, 10.5, 13.25, 10.625], "texture": "#0"},
				"west": {"uv": [13.125, 10.5, 13.25, 10.625], "texture": "#0"},
				"up": {"uv": [13.125, 10.5, 13.25, 10.625], "texture": "#0"},
				"down": {"uv": [13.125, 10.5, 13.25, 10.625], "texture": "#0"}
			}
		},
		{
			"name": "amethyst_shuriken_123",
			"from": [11.9, 5.125, 7.9],
			"to": [12.525, 5.5, 8.025],
			"faces": {
				"north": {"uv": [14.625, 10.5, 14, 10.875], "texture": "#0"},
				"east": {"uv": [14.5, 10.5, 14.625, 10.875], "texture": "#0"},
				"south": {"uv": [14, 10.5, 14.625, 10.875], "texture": "#0"},
				"west": {"uv": [14, 10.5, 14.125, 10.875], "texture": "#0"},
				"up": {"uv": [14, 10.5, 14.625, 10.625], "texture": "#0"},
				"down": {"uv": [14, 10.75, 14.625, 10.875], "texture": "#0"}
			}
		},
		{
			"name": "amethyst_shuriken_124",
			"from": [2.9, 5.25, 7.9],
			"to": [3.4, 5.375, 8.025],
			"faces": {
				"north": {"uv": [5.5, 10.625, 5, 10.75], "texture": "#0"},
				"east": {"uv": [5.375, 10.625, 5.5, 10.75], "texture": "#0"},
				"south": {"uv": [5, 10.625, 5.5, 10.75], "texture": "#0"},
				"west": {"uv": [5, 10.625, 5.125, 10.75], "texture": "#0"},
				"up": {"uv": [5, 10.625, 5.5, 10.75], "texture": "#0"},
				"down": {"uv": [5, 10.625, 5.5, 10.75], "texture": "#0"}
			}
		},
		{
			"name": "amethyst_shuriken_125",
			"from": [4.525, 4.75, 7.9],
			"to": [4.65, 5.375, 8.025],
			"faces": {
				"north": {"uv": [6.75, 10.625, 6.625, 11.25], "texture": "#0"},
				"east": {"uv": [6.625, 10.625, 6.75, 11.25], "texture": "#0"},
				"south": {"uv": [6.625, 10.625, 6.75, 11.25], "texture": "#0"},
				"west": {"uv": [6.625, 10.625, 6.75, 11.25], "texture": "#0"},
				"up": {"uv": [6.625, 10.625, 6.75, 10.75], "texture": "#0"},
				"down": {"uv": [6.625, 11.125, 6.75, 11.25], "texture": "#0"}
			}
		},
		{
			"name": "amethyst_shuriken_126",
			"from": [11.275, 4.75, 7.9],
			"to": [11.4, 5.375, 8.025],
			"faces": {
				"north": {"uv": [13.5, 10.625, 13.375, 11.25], "texture": "#0"},
				"east": {"uv": [13.375, 10.625, 13.5, 11.25], "texture": "#0"},
				"south": {"uv": [13.375, 10.625, 13.5, 11.25], "texture": "#0"},
				"west": {"uv": [13.375, 10.625, 13.5, 11.25], "texture": "#0"},
				"up": {"uv": [13.375, 10.625, 13.5, 10.75], "texture": "#0"},
				"down": {"uv": [13.375, 11.125, 13.5, 11.25], "texture": "#0"}
			}
		},
		{
			"name": "amethyst_shuriken_127",
			"from": [12.525, 5.25, 7.9],
			"to": [13.025, 5.375, 8.025],
			"faces": {
				"north": {"uv": [15.125, 10.625, 14.625, 10.75], "texture": "#0"},
				"east": {"uv": [15, 10.625, 15.125, 10.75], "texture": "#0"},
				"south": {"uv": [14.625, 10.625, 15.125, 10.75], "texture": "#0"},
				"west": {"uv": [14.625, 10.625, 14.75, 10.75], "texture": "#0"},
				"up": {"uv": [14.625, 10.625, 15.125, 10.75], "texture": "#0"},
				"down": {"uv": [14.625, 10.625, 15.125, 10.75], "texture": "#0"}
			}
		},
		{
			"name": "amethyst_shuriken_128",
			"from": [4.65, 4.875, 7.9],
			"to": [4.9, 5.25, 8.025],
			"faces": {
				"north": {"uv": [7, 10.75, 6.75, 11.125], "texture": "#0"},
				"east": {"uv": [6.875, 10.75, 7, 11.125], "texture": "#0"},
				"south": {"uv": [6.75, 10.75, 7, 11.125], "texture": "#0"},
				"west": {"uv": [6.75, 10.75, 6.875, 11.125], "texture": "#0"},
				"up": {"uv": [6.75, 10.75, 7, 10.875], "texture": "#0"},
				"down": {"uv": [6.75, 11, 7, 11.125], "texture": "#0"}
			}
		},
		{
			"name": "amethyst_shuriken_129",
			"from": [11.025, 4.875, 7.9],
			"to": [11.275, 5.25, 8.025],
			"faces": {
				"north": {"uv": [13.375, 10.75, 13.125, 11.125], "texture": "#0"},
				"east": {"uv": [13.25, 10.75, 13.375, 11.125], "texture": "#0"},
				"south": {"uv": [13.125, 10.75, 13.375, 11.125], "texture": "#0"},
				"west": {"uv": [13.125, 10.75, 13.25, 11.125], "texture": "#0"},
				"up": {"uv": [13.125, 10.75, 13.375, 10.875], "texture": "#0"},
				"down": {"uv": [13.125, 11, 13.375, 11.125], "texture": "#0"}
			}
		},
		{
			"name": "amethyst_shuriken_130",
			"from": [4.9, 4.875, 7.9],
			"to": [5.275, 5.125, 8.025],
			"faces": {
				"north": {"uv": [7.375, 10.875, 7, 11.125], "texture": "#0"},
				"east": {"uv": [7.25, 10.875, 7.375, 11.125], "texture": "#0"},
				"south": {"uv": [7, 10.875, 7.375, 11.125], "texture": "#0"},
				"west": {"uv": [7, 10.875, 7.125, 11.125], "texture": "#0"},
				"up": {"uv": [7, 10.875, 7.375, 11], "texture": "#0"},
				"down": {"uv": [7, 11, 7.375, 11.125], "texture": "#0"}
			}
		},
		{
			"name": "amethyst_shuriken_131",
			"from": [5.65, 4.5, 7.9],
			"to": [5.775, 5.125, 8.025],
			"faces": {
				"north": {"uv": [7.875, 10.875, 7.75, 11.5], "texture": "#0"},
				"east": {"uv": [7.75, 10.875, 7.875, 11.5], "texture": "#0"},
				"south": {"uv": [7.75, 10.875, 7.875, 11.5], "texture": "#0"},
				"west": {"uv": [7.75, 10.875, 7.875, 11.5], "texture": "#0"},
				"up": {"uv": [7.75, 10.875, 7.875, 11], "texture": "#0"},
				"down": {"uv": [7.75, 11.375, 7.875, 11.5], "texture": "#0"}
			}
		},
		{
			"name": "amethyst_shuriken_132",
			"from": [6.4, 5, 7.9],
			"to": [6.9, 5.125, 8.025],
			"faces": {
				"north": {"uv": [9, 10.875, 8.5, 11], "texture": "#0"},
				"east": {"uv": [8.875, 10.875, 9, 11], "texture": "#0"},
				"south": {"uv": [8.5, 10.875, 9, 11], "texture": "#0"},
				"west": {"uv": [8.5, 10.875, 8.625, 11], "texture": "#0"},
				"up": {"uv": [8.5, 10.875, 9, 11], "texture": "#0"},
				"down": {"uv": [8.5, 10.875, 9, 11], "texture": "#0"}
			}
		},
		{
			"name": "amethyst_shuriken_133",
			"from": [9.025, 5, 7.9],
			"to": [9.525, 5.125, 8.025],
			"faces": {
				"north": {"uv": [11.625, 10.875, 11.125, 11], "texture": "#0"},
				"east": {"uv": [11.5, 10.875, 11.625, 11], "texture": "#0"},
				"south": {"uv": [11.125, 10.875, 11.625, 11], "texture": "#0"},
				"west": {"uv": [11.125, 10.875, 11.25, 11], "texture": "#0"},
				"up": {"uv": [11.125, 10.875, 11.625, 11], "texture": "#0"},
				"down": {"uv": [11.125, 10.875, 11.625, 11], "texture": "#0"}
			}
		},
		{
			"name": "amethyst_shuriken_134",
			"from": [10.15, 4.5, 7.9],
			"to": [10.275, 5.125, 8.025],
			"faces": {
				"north": {"uv": [12.375, 10.875, 12.25, 11.5], "texture": "#0"},
				"east": {"uv": [12.25, 10.875, 12.375, 11.5], "texture": "#0"},
				"south": {"uv": [12.25, 10.875, 12.375, 11.5], "texture": "#0"},
				"west": {"uv": [12.25, 10.875, 12.375, 11.5], "texture": "#0"},
				"up": {"uv": [12.25, 10.875, 12.375, 11], "texture": "#0"},
				"down": {"uv": [12.25, 11.375, 12.375, 11.5], "texture": "#0"}
			}
		},
		{
			"name": "amethyst_shuriken_135",
			"from": [10.65, 4.875, 7.9],
			"to": [11.025, 5.125, 8.025],
			"faces": {
				"north": {"uv": [13.125, 10.875, 12.75, 11.125], "texture": "#0"},
				"east": {"uv": [13, 10.875, 13.125, 11.125], "texture": "#0"},
				"south": {"uv": [12.75, 10.875, 13.125, 11.125], "texture": "#0"},
				"west": {"uv": [12.75, 10.875, 12.875, 11.125], "texture": "#0"},
				"up": {"uv": [12.75, 10.875, 13.125, 11], "texture": "#0"},
				"down": {"uv": [12.75, 11, 13.125, 11.125], "texture": "#0"}
			}
		},
		{
			"name": "amethyst_shuriken_136",
			"from": [5.275, 4.75, 7.9],
			"to": [5.65, 5, 8.025],
			"faces": {
				"north": {"uv": [7.75, 11, 7.375, 11.25], "texture": "#0"},
				"east": {"uv": [7.625, 11, 7.75, 11.25], "texture": "#0"},
				"south": {"uv": [7.375, 11, 7.75, 11.25], "texture": "#0"},
				"west": {"uv": [7.375, 11, 7.5, 11.25], "texture": "#0"},
				"up": {"uv": [7.375, 11, 7.75, 11.125], "texture": "#0"},
				"down": {"uv": [7.375, 11.125, 7.75, 11.25], "texture": "#0"}
			}
		},
		{
			"name": "amethyst_shuriken_137",
			"from": [5.775, 4.5, 7.9],
			"to": [5.9, 5, 8.025],
			"faces": {
				"north": {"uv": [8, 11, 7.875, 11.5], "texture": "#0"},
				"east": {"uv": [7.875, 11, 8, 11.5], "texture": "#0"},
				"south": {"uv": [7.875, 11, 8, 11.5], "texture": "#0"},
				"west": {"uv": [7.875, 11, 8, 11.5], "texture": "#0"},
				"up": {"uv": [7.875, 11, 8, 11.125], "texture": "#0"},
				"down": {"uv": [7.875, 11.375, 8, 11.5], "texture": "#0"}
			}
		},
		{
			"name": "amethyst_shuriken_138",
			"from": [6.525, 4.875, 7.9],
			"to": [6.775, 5, 8.025],
			"faces": {
				"north": {"uv": [8.875, 11, 8.625, 11.125], "texture": "#0"},
				"east": {"uv": [8.75, 11, 8.875, 11.125], "texture": "#0"},
				"south": {"uv": [8.625, 11, 8.875, 11.125], "texture": "#0"},
				"west": {"uv": [8.625, 11, 8.75, 11.125], "texture": "#0"},
				"up": {"uv": [8.625, 11, 8.875, 11.125], "texture": "#0"},
				"down": {"uv": [8.625, 11, 8.875, 11.125], "texture": "#0"}
			}
		},
		{
			"name": "amethyst_shuriken_139",
			"from": [9.15, 4.875, 7.9],
			"to": [9.4, 5, 8.025],
			"faces": {
				"north": {"uv": [11.5, 11, 11.25, 11.125], "texture": "#0"},
				"east": {"uv": [11.375, 11, 11.5, 11.125], "texture": "#0"},
				"south": {"uv": [11.25, 11, 11.5, 11.125], "texture": "#0"},
				"west": {"uv": [11.25, 11, 11.375, 11.125], "texture": "#0"},
				"up": {"uv": [11.25, 11, 11.5, 11.125], "texture": "#0"},
				"down": {"uv": [11.25, 11, 11.5, 11.125], "texture": "#0"}
			}
		},
		{
			"name": "amethyst_shuriken_140",
			"from": [10.025, 4.5, 7.9],
			"to": [10.15, 5, 8.025],
			"faces": {
				"north": {"uv": [12.25, 11, 12.125, 11.5], "texture": "#0"},
				"east": {"uv": [12.125, 11, 12.25, 11.5], "texture": "#0"},
				"south": {"uv": [12.125, 11, 12.25, 11.5], "texture": "#0"},
				"west": {"uv": [12.125, 11, 12.25, 11.5], "texture": "#0"},
				"up": {"uv": [12.125, 11, 12.25, 11.125], "texture": "#0"},
				"down": {"uv": [12.125, 11.375, 12.25, 11.5], "texture": "#0"}
			}
		},
		{
			"name": "amethyst_shuriken_141",
			"from": [10.275, 4.75, 7.9],
			"to": [10.65, 5, 8.025],
			"faces": {
				"north": {"uv": [12.75, 11, 12.375, 11.25], "texture": "#0"},
				"east": {"uv": [12.625, 11, 12.75, 11.25], "texture": "#0"},
				"south": {"uv": [12.375, 11, 12.75, 11.25], "texture": "#0"},
				"west": {"uv": [12.375, 11, 12.5, 11.25], "texture": "#0"},
				"up": {"uv": [12.375, 11, 12.75, 11.125], "texture": "#0"},
				"down": {"uv": [12.375, 11.125, 12.75, 11.25], "texture": "#0"}
			}
		},
		{
			"name": "amethyst_shuriken_142",
			"from": [4.4, 4.75, 7.9],
			"to": [4.525, 4.875, 8.025],
			"faces": {
				"north": {"uv": [6.625, 11.125, 6.5, 11.25], "texture": "#0"},
				"east": {"uv": [6.5, 11.125, 6.625, 11.25], "texture": "#0"},
				"south": {"uv": [6.5, 11.125, 6.625, 11.25], "texture": "#0"},
				"west": {"uv": [6.5, 11.125, 6.625, 11.25], "texture": "#0"},
				"up": {"uv": [6.5, 11.125, 6.625, 11.25], "texture": "#0"},
				"down": {"uv": [6.5, 11.125, 6.625, 11.25], "texture": "#0"}
			}
		},
		{
			"name": "amethyst_shuriken_143",
			"from": [4.65, 4.75, 7.9],
			"to": [4.775, 4.875, 8.025],
			"faces": {
				"north": {"uv": [6.875, 11.125, 6.75, 11.25], "texture": "#0"},
				"east": {"uv": [6.75, 11.125, 6.875, 11.25], "texture": "#0"},
				"south": {"uv": [6.75, 11.125, 6.875, 11.25], "texture": "#0"},
				"west": {"uv": [6.75, 11.125, 6.875, 11.25], "texture": "#0"},
				"up": {"uv": [6.75, 11.125, 6.875, 11.25], "texture": "#0"},
				"down": {"uv": [6.75, 11.125, 6.875, 11.25], "texture": "#0"}
			}
		},
		{
			"name": "amethyst_shuriken_144",
			"from": [5.025, 4.75, 7.9],
			"to": [5.275, 4.875, 8.025],
			"faces": {
				"north": {"uv": [7.375, 11.125, 7.125, 11.25], "texture": "#0"},
				"east": {"uv": [7.25, 11.125, 7.375, 11.25], "texture": "#0"},
				"south": {"uv": [7.125, 11.125, 7.375, 11.25], "texture": "#0"},
				"west": {"uv": [7.125, 11.125, 7.25, 11.25], "texture": "#0"},
				"up": {"uv": [7.125, 11.125, 7.375, 11.25], "texture": "#0"},
				"down": {"uv": [7.125, 11.125, 7.375, 11.25], "texture": "#0"}
			}
		},
		{
			"name": "amethyst_shuriken_145",
			"from": [5.9, 4.625, 7.9],
			"to": [6.15, 4.875, 8.025],
			"faces": {
				"north": {"uv": [8.25, 11.125, 8, 11.375], "texture": "#0"},
				"east": {"uv": [8.125, 11.125, 8.25, 11.375], "texture": "#0"},
				"south": {"uv": [8, 11.125, 8.25, 11.375], "texture": "#0"},
				"west": {"uv": [8, 11.125, 8.125, 11.375], "texture": "#0"},
				"up": {"uv": [8, 11.125, 8.25, 11.25], "texture": "#0"},
				"down": {"uv": [8, 11.25, 8.25, 11.375], "texture": "#0"}
			}
		},
		{
			"name": "amethyst_shuriken_146",
			"from": [6.15, 4.75, 7.9],
			"to": [6.275, 4.875, 8.025],
			"faces": {
				"north": {"uv": [8.375, 11.125, 8.25, 11.25], "texture": "#0"},
				"east": {"uv": [8.25, 11.125, 8.375, 11.25], "texture": "#0"},
				"south": {"uv": [8.25, 11.125, 8.375, 11.25], "texture": "#0"},
				"west": {"uv": [8.25, 11.125, 8.375, 11.25], "texture": "#0"},
				"up": {"uv": [8.25, 11.125, 8.375, 11.25], "texture": "#0"},
				"down": {"uv": [8.25, 11.125, 8.375, 11.25], "texture": "#0"}
			}
		},
		{
			"name": "amethyst_shuriken_147",
			"from": [6.525, 4.75, 7.9],
			"to": [6.65, 4.875, 8.025],
			"faces": {
				"north": {"uv": [8.75, 11.125, 8.625, 11.25], "texture": "#0"},
				"east": {"uv": [8.625, 11.125, 8.75, 11.25], "texture": "#0"},
				"south": {"uv": [8.625, 11.125, 8.75, 11.25], "texture": "#0"},
				"west": {"uv": [8.625, 11.125, 8.75, 11.25], "texture": "#0"},
				"up": {"uv": [8.625, 11.125, 8.75, 11.25], "texture": "#0"},
				"down": {"uv": [8.625, 11.125, 8.75, 11.25], "texture": "#0"}
			}
		},
		{
			"name": "amethyst_shuriken_148",
			"from": [9.275, 4.75, 7.9],
			"to": [9.4, 4.875, 8.025],
			"faces": {
				"north": {"uv": [11.5, 11.125, 11.375, 11.25], "texture": "#0"},
				"east": {"uv": [11.375, 11.125, 11.5, 11.25], "texture": "#0"},
				"south": {"uv": [11.375, 11.125, 11.5, 11.25], "texture": "#0"},
				"west": {"uv": [11.375, 11.125, 11.5, 11.25], "texture": "#0"},
				"up": {"uv": [11.375, 11.125, 11.5, 11.25], "texture": "#0"},
				"down": {"uv": [11.375, 11.125, 11.5, 11.25], "texture": "#0"}
			}
		},
		{
			"name": "amethyst_shuriken_149",
			"from": [9.65, 4.75, 7.9],
			"to": [10.025, 4.875, 8.025],
			"faces": {
				"north": {"uv": [12.125, 11.125, 11.75, 11.25], "texture": "#0"},
				"east": {"uv": [12, 11.125, 12.125, 11.25], "texture": "#0"},
				"south": {"uv": [11.75, 11.125, 12.125, 11.25], "texture": "#0"},
				"west": {"uv": [11.75, 11.125, 11.875, 11.25], "texture": "#0"},
				"up": {"uv": [11.75, 11.125, 12.125, 11.25], "texture": "#0"},
				"down": {"uv": [11.75, 11.125, 12.125, 11.25], "texture": "#0"}
			}
		},
		{
			"name": "amethyst_shuriken_150",
			"from": [10.65, 4.75, 7.9],
			"to": [10.9, 4.875, 8.025],
			"faces": {
				"north": {"uv": [13, 11.125, 12.75, 11.25], "texture": "#0"},
				"east": {"uv": [12.875, 11.125, 13, 11.25], "texture": "#0"},
				"south": {"uv": [12.75, 11.125, 13, 11.25], "texture": "#0"},
				"west": {"uv": [12.75, 11.125, 12.875, 11.25], "texture": "#0"},
				"up": {"uv": [12.75, 11.125, 13, 11.25], "texture": "#0"},
				"down": {"uv": [12.75, 11.125, 13, 11.25], "texture": "#0"}
			}
		},
		{
			"name": "amethyst_shuriken_151",
			"from": [11.15, 4.75, 7.9],
			"to": [11.275, 4.875, 8.025],
			"faces": {
				"north": {"uv": [13.375, 11.125, 13.25, 11.25], "texture": "#0"},
				"east": {"uv": [13.25, 11.125, 13.375, 11.25], "texture": "#0"},
				"south": {"uv": [13.25, 11.125, 13.375, 11.25], "texture": "#0"},
				"west": {"uv": [13.25, 11.125, 13.375, 11.25], "texture": "#0"},
				"up": {"uv": [13.25, 11.125, 13.375, 11.25], "texture": "#0"},
				"down": {"uv": [13.25, 11.125, 13.375, 11.25], "texture": "#0"}
			}
		},
		{
			"name": "amethyst_shuriken_152",
			"from": [11.4, 4.75, 7.9],
			"to": [11.525, 4.875, 8.025],
			"faces": {
				"north": {"uv": [13.625, 11.125, 13.5, 11.25], "texture": "#0"},
				"east": {"uv": [13.5, 11.125, 13.625, 11.25], "texture": "#0"},
				"south": {"uv": [13.5, 11.125, 13.625, 11.25], "texture": "#0"},
				"west": {"uv": [13.5, 11.125, 13.625, 11.25], "texture": "#0"},
				"up": {"uv": [13.5, 11.125, 13.625, 11.25], "texture": "#0"},
				"down": {"uv": [13.5, 11.125, 13.625, 11.25], "texture": "#0"}
			}
		},
		{
			"name": "amethyst_shuriken_153",
			"from": [9.775, 4.625, 7.9],
			"to": [10.025, 4.75, 8.025],
			"faces": {
				"north": {"uv": [12.125, 11.25, 11.875, 11.375], "texture": "#0"},
				"east": {"uv": [12, 11.25, 12.125, 11.375], "texture": "#0"},
				"south": {"uv": [11.875, 11.25, 12.125, 11.375], "texture": "#0"},
				"west": {"uv": [11.875, 11.25, 12, 11.375], "texture": "#0"},
				"up": {"uv": [11.875, 11.25, 12.125, 11.375], "texture": "#0"},
				"down": {"uv": [11.875, 11.25, 12.125, 11.375], "texture": "#0"}
			}
		},
		{
			"name": "amethyst_shuriken_154",
			"from": [5.525, 4.5, 7.9],
			"to": [5.65, 4.625, 8.025],
			"faces": {
				"north": {"uv": [7.75, 11.375, 7.625, 11.5], "texture": "#0"},
				"east": {"uv": [7.625, 11.375, 7.75, 11.5], "texture": "#0"},
				"south": {"uv": [7.625, 11.375, 7.75, 11.5], "texture": "#0"},
				"west": {"uv": [7.625, 11.375, 7.75, 11.5], "texture": "#0"},
				"up": {"uv": [7.625, 11.375, 7.75, 11.5], "texture": "#0"},
				"down": {"uv": [7.625, 11.375, 7.75, 11.5], "texture": "#0"}
			}
		},
		{
			"name": "amethyst_shuriken_155",
			"from": [10.275, 4.5, 7.9],
			"to": [10.4, 4.625, 8.025],
			"faces": {
				"north": {"uv": [12.5, 11.375, 12.375, 11.5], "texture": "#0"},
				"east": {"uv": [12.375, 11.375, 12.5, 11.5], "texture": "#0"},
				"south": {"uv": [12.375, 11.375, 12.5, 11.5], "texture": "#0"},
				"west": {"uv": [12.375, 11.375, 12.5, 11.5], "texture": "#0"},
				"up": {"uv": [12.375, 11.375, 12.5, 11.5], "texture": "#0"},
				"down": {"uv": [12.375, 11.375, 12.5, 11.5], "texture": "#0"}
			}
		},
		{
			"name": "amethyst_shuriken_156",
			"from": [7.65, 3.75, 7.9],
			"to": [7.775, 4.25, 8.025],
			"faces": {
				"north": {"uv": [9.875, 11.75, 9.75, 12.25], "texture": "#0"},
				"east": {"uv": [9.75, 11.75, 9.875, 12.25], "texture": "#0"},
				"south": {"uv": [9.75, 11.75, 9.875, 12.25], "texture": "#0"},
				"west": {"uv": [9.75, 11.75, 9.875, 12.25], "texture": "#0"},
				"up": {"uv": [9.75, 11.75, 9.875, 11.875], "texture": "#0"},
				"down": {"uv": [9.75, 12.125, 9.875, 12.25], "texture": "#0"}
			}
		},
		{
			"name": "amethyst_shuriken_157",
			"from": [8.15, 3.75, 7.9],
			"to": [8.275, 4.25, 8.025],
			"faces": {
				"north": {"uv": [10.375, 11.75, 10.25, 12.25], "texture": "#0"},
				"east": {"uv": [10.25, 11.75, 10.375, 12.25], "texture": "#0"},
				"south": {"uv": [10.25, 11.75, 10.375, 12.25], "texture": "#0"},
				"west": {"uv": [10.25, 11.75, 10.375, 12.25], "texture": "#0"},
				"up": {"uv": [10.25, 11.75, 10.375, 11.875], "texture": "#0"},
				"down": {"uv": [10.25, 12.125, 10.375, 12.25], "texture": "#0"}
			}
		},
		{
			"name": "amethyst_shuriken_158",
			"from": [7.525, 3.875, 7.9],
			"to": [7.65, 4.125, 8.025],
			"faces": {
				"north": {"uv": [9.75, 11.875, 9.625, 12.125], "texture": "#0"},
				"east": {"uv": [9.625, 11.875, 9.75, 12.125], "texture": "#0"},
				"south": {"uv": [9.625, 11.875, 9.75, 12.125], "texture": "#0"},
				"west": {"uv": [9.625, 11.875, 9.75, 12.125], "texture": "#0"},
				"up": {"uv": [9.625, 11.875, 9.75, 12], "texture": "#0"},
				"down": {"uv": [9.625, 12, 9.75, 12.125], "texture": "#0"}
			}
		},
		{
			"name": "amethyst_shuriken_159",
			"from": [8.275, 3.875, 7.9],
			"to": [8.4, 4.125, 8.025],
			"faces": {
				"north": {"uv": [10.5, 11.875, 10.375, 12.125], "texture": "#0"},
				"east": {"uv": [10.375, 11.875, 10.5, 12.125], "texture": "#0"},
				"south": {"uv": [10.375, 11.875, 10.5, 12.125], "texture": "#0"},
				"west": {"uv": [10.375, 11.875, 10.5, 12.125], "texture": "#0"},
				"up": {"uv": [10.375, 11.875, 10.5, 12], "texture": "#0"},
				"down": {"uv": [10.375, 12, 10.5, 12.125], "texture": "#0"}
			}
		},
		{
			"name": "amethyst_shuriken_160",
			"from": [7.4, 3.875, 7.9],
			"to": [7.525, 4, 8.025],
			"faces": {
				"north": {"uv": [9.625, 12, 9.5, 12.125], "texture": "#0"},
				"east": {"uv": [9.5, 12, 9.625, 12.125], "texture": "#0"},
				"south": {"uv": [9.5, 12, 9.625, 12.125], "texture": "#0"},
				"west": {"uv": [9.5, 12, 9.625, 12.125], "texture": "#0"},
				"up": {"uv": [9.5, 12, 9.625, 12.125], "texture": "#0"},
				"down": {"uv": [9.5, 12, 9.625, 12.125], "texture": "#0"}
			}
		},
		{
			"name": "amethyst_shuriken_161",
			"from": [8.4, 3.875, 7.9],
			"to": [8.525, 4, 8.025],
			"faces": {
				"north": {"uv": [10.625, 12, 10.5, 12.125], "texture": "#0"},
				"east": {"uv": [10.5, 12, 10.625, 12.125], "texture": "#0"},
				"south": {"uv": [10.5, 12, 10.625, 12.125], "texture": "#0"},
				"west": {"uv": [10.5, 12, 10.625, 12.125], "texture": "#0"},
				"up": {"uv": [10.5, 12, 10.625, 12.125], "texture": "#0"},
				"down": {"uv": [10.5, 12, 10.625, 12.125], "texture": "#0"}
			}
		},
		{
			"name": "amethyst_shuriken_162",
			"from": [7.4, 2.375, 7.9],
			"to": [7.525, 3.625, 8.025],
			"faces": {
				"north": {"uv": [9.625, 12.375, 9.5, 13.625], "texture": "#0"},
				"east": {"uv": [9.5, 12.375, 9.625, 13.625], "texture": "#0"},
				"south": {"uv": [9.5, 12.375, 9.625, 13.625], "texture": "#0"},
				"west": {"uv": [9.5, 12.375, 9.625, 13.625], "texture": "#0"},
				"up": {"uv": [9.5, 12.375, 9.625, 12.5], "texture": "#0"},
				"down": {"uv": [9.5, 13.5, 9.625, 13.625], "texture": "#0"}
			}
		},
		{
			"name": "amethyst_shuriken_163",
			"from": [8.4, 2.375, 7.9],
			"to": [8.525, 3.625, 8.025],
			"faces": {
				"north": {"uv": [10.625, 12.375, 10.5, 13.625], "texture": "#0"},
				"east": {"uv": [10.5, 12.375, 10.625, 13.625], "texture": "#0"},
				"south": {"uv": [10.5, 12.375, 10.625, 13.625], "texture": "#0"},
				"west": {"uv": [10.5, 12.375, 10.625, 13.625], "texture": "#0"},
				"up": {"uv": [10.5, 12.375, 10.625, 12.5], "texture": "#0"},
				"down": {"uv": [10.5, 13.5, 10.625, 13.625], "texture": "#0"}
			}
		},
		{
			"name": "amethyst_shuriken_164",
			"from": [7.275, 3, 7.9],
			"to": [7.4, 3.5, 8.025],
			"faces": {
				"north": {"uv": [9.5, 12.5, 9.375, 13], "texture": "#0"},
				"east": {"uv": [9.375, 12.5, 9.5, 13], "texture": "#0"},
				"south": {"uv": [9.375, 12.5, 9.5, 13], "texture": "#0"},
				"west": {"uv": [9.375, 12.5, 9.5, 13], "texture": "#0"},
				"up": {"uv": [9.375, 12.5, 9.5, 12.625], "texture": "#0"},
				"down": {"uv": [9.375, 12.875, 9.5, 13], "texture": "#0"}
			}
		},
		{
			"name": "amethyst_shuriken_165",
			"from": [8.525, 3, 7.9],
			"to": [8.65, 3.5, 8.025],
			"faces": {
				"north": {"uv": [10.75, 12.5, 10.625, 13], "texture": "#0"},
				"east": {"uv": [10.625, 12.5, 10.75, 13], "texture": "#0"},
				"south": {"uv": [10.625, 12.5, 10.75, 13], "texture": "#0"},
				"west": {"uv": [10.625, 12.5, 10.75, 13], "texture": "#0"},
				"up": {"uv": [10.625, 12.5, 10.75, 12.625], "texture": "#0"},
				"down": {"uv": [10.625, 12.875, 10.75, 13], "texture": "#0"}
			}
		},
		{
			"name": "amethyst_shuriken_166",
			"from": [7.15, 2.875, 7.9],
			"to": [7.275, 3.25, 8.025],
			"faces": {
				"north": {"uv": [9.375, 12.75, 9.25, 13.125], "texture": "#0"},
				"east": {"uv": [9.25, 12.75, 9.375, 13.125], "texture": "#0"},
				"south": {"uv": [9.25, 12.75, 9.375, 13.125], "texture": "#0"},
				"west": {"uv": [9.25, 12.75, 9.375, 13.125], "texture": "#0"},
				"up": {"uv": [9.25, 12.75, 9.375, 12.875], "texture": "#0"},
				"down": {"uv": [9.25, 13, 9.375, 13.125], "texture": "#0"}
			}
		},
		{
			"name": "amethyst_shuriken_167",
			"from": [7.525, 1.875, 7.9],
			"to": [7.65, 3.25, 8.025],
			"faces": {
				"north": {"uv": [9.75, 12.75, 9.625, 14.125], "texture": "#0"},
				"east": {"uv": [9.625, 12.75, 9.75, 14.125], "texture": "#0"},
				"south": {"uv": [9.625, 12.75, 9.75, 14.125], "texture": "#0"},
				"west": {"uv": [9.625, 12.75, 9.75, 14.125], "texture": "#0"},
				"up": {"uv": [9.625, 12.75, 9.75, 12.875], "texture": "#0"},
				"down": {"uv": [9.625, 14, 9.75, 14.125], "texture": "#0"}
			}
		},
		{
			"name": "amethyst_shuriken_168",
			"from": [8.275, 1.875, 7.9],
			"to": [8.4, 3.25, 8.025],
			"faces": {
				"north": {"uv": [10.5, 12.75, 10.375, 14.125], "texture": "#0"},
				"east": {"uv": [10.375, 12.75, 10.5, 14.125], "texture": "#0"},
				"south": {"uv": [10.375, 12.75, 10.5, 14.125], "texture": "#0"},
				"west": {"uv": [10.375, 12.75, 10.5, 14.125], "texture": "#0"},
				"up": {"uv": [10.375, 12.75, 10.5, 12.875], "texture": "#0"},
				"down": {"uv": [10.375, 14, 10.5, 14.125], "texture": "#0"}
			}
		},
		{
			"name": "amethyst_shuriken_169",
			"from": [8.65, 2.875, 7.9],
			"to": [8.775, 3.25, 8.025],
			"faces": {
				"north": {"uv": [10.875, 12.75, 10.75, 13.125], "texture": "#0"},
				"east": {"uv": [10.75, 12.75, 10.875, 13.125], "texture": "#0"},
				"south": {"uv": [10.75, 12.75, 10.875, 13.125], "texture": "#0"},
				"west": {"uv": [10.75, 12.75, 10.875, 13.125], "texture": "#0"},
				"up": {"uv": [10.75, 12.75, 10.875, 12.875], "texture": "#0"},
				"down": {"uv": [10.75, 13, 10.875, 13.125], "texture": "#0"}
			}
		},
		{
			"name": "amethyst_shuriken_170",
			"from": [7.65, 3, 7.9],
			"to": [7.775, 3.125, 8.025],
			"faces": {
				"north": {"uv": [9.875, 12.875, 9.75, 13], "texture": "#0"},
				"east": {"uv": [9.75, 12.875, 9.875, 13], "texture": "#0"},
				"south": {"uv": [9.75, 12.875, 9.875, 13], "texture": "#0"},
				"west": {"uv": [9.75, 12.875, 9.875, 13], "texture": "#0"},
				"up": {"uv": [9.75, 12.875, 9.875, 13], "texture": "#0"},
				"down": {"uv": [9.75, 12.875, 9.875, 13], "texture": "#0"}
			}
		},
		{
			"name": "amethyst_shuriken_171",
			"from": [8.15, 3, 7.9],
			"to": [8.275, 3.125, 8.025],
			"faces": {
				"north": {"uv": [10.375, 12.875, 10.25, 13], "texture": "#0"},
				"east": {"uv": [10.25, 12.875, 10.375, 13], "texture": "#0"},
				"south": {"uv": [10.25, 12.875, 10.375, 13], "texture": "#0"},
				"west": {"uv": [10.25, 12.875, 10.375, 13], "texture": "#0"},
				"up": {"uv": [10.25, 12.875, 10.375, 13], "texture": "#0"},
				"down": {"uv": [10.25, 12.875, 10.375, 13], "texture": "#0"}
			}
		},
		{
			"name": "amethyst_shuriken_172",
			"from": [7.65, 1.375, 7.9],
			"to": [7.775, 2.625, 8.025],
			"faces": {
				"north": {"uv": [9.875, 13.375, 9.75, 14.625], "texture": "#0"},
				"east": {"uv": [9.75, 13.375, 9.875, 14.625], "texture": "#0"},
				"south": {"uv": [9.75, 13.375, 9.875, 14.625], "texture": "#0"},
				"west": {"uv": [9.75, 13.375, 9.875, 14.625], "texture": "#0"},
				"up": {"uv": [9.75, 13.375, 9.875, 13.5], "texture": "#0"},
				"down": {"uv": [9.75, 14.5, 9.875, 14.625], "texture": "#0"}
			}
		},
		{
			"name": "amethyst_shuriken_173",
			"from": [8.15, 1.375, 7.9],
			"to": [8.275, 2.625, 8.025],
			"faces": {
				"north": {"uv": [10.375, 13.375, 10.25, 14.625], "texture": "#0"},
				"east": {"uv": [10.25, 13.375, 10.375, 14.625], "texture": "#0"},
				"south": {"uv": [10.25, 13.375, 10.375, 14.625], "texture": "#0"},
				"west": {"uv": [10.25, 13.375, 10.375, 14.625], "texture": "#0"},
				"up": {"uv": [10.25, 13.375, 10.375, 13.5], "texture": "#0"},
				"down": {"uv": [10.25, 14.5, 10.375, 14.625], "texture": "#0"}
			}
		},
		{
			"name": "amethyst_shuriken_174",
			"from": [7.775, 0.75, 7.9],
			"to": [7.9, 2.25, 8.025],
			"faces": {
				"north": {"uv": [10, 13.75, 9.875, 15.25], "texture": "#0"},
				"east": {"uv": [9.875, 13.75, 10, 15.25], "texture": "#0"},
				"south": {"uv": [9.875, 13.75, 10, 15.25], "texture": "#0"},
				"west": {"uv": [9.875, 13.75, 10, 15.25], "texture": "#0"},
				"up": {"uv": [9.875, 13.75, 10, 13.875], "texture": "#0"},
				"down": {"uv": [9.875, 15.125, 10, 15.25], "texture": "#0"}
			}
		},
		{
			"name": "amethyst_shuriken_175",
			"from": [8.025, 0.75, 7.9],
			"to": [8.15, 2.25, 8.025],
			"faces": {
				"north": {"uv": [10.25, 13.75, 10.125, 15.25], "texture": "#0"},
				"east": {"uv": [10.125, 13.75, 10.25, 15.25], "texture": "#0"},
				"south": {"uv": [10.125, 13.75, 10.25, 15.25], "texture": "#0"},
				"west": {"uv": [10.125, 13.75, 10.25, 15.25], "texture": "#0"},
				"up": {"uv": [10.125, 13.75, 10.25, 13.875], "texture": "#0"},
				"down": {"uv": [10.125, 15.125, 10.25, 15.25], "texture": "#0"}
			}
		},
		{
			"name": "amethyst_shuriken_176",
			"from": [7.4, 1.75, 7.9],
			"to": [7.525, 2.125, 8.025],
			"faces": {
				"north": {"uv": [9.625, 13.875, 9.5, 14.25], "texture": "#0"},
				"east": {"uv": [9.5, 13.875, 9.625, 14.25], "texture": "#0"},
				"south": {"uv": [9.5, 13.875, 9.625, 14.25], "texture": "#0"},
				"west": {"uv": [9.5, 13.875, 9.625, 14.25], "texture": "#0"},
				"up": {"uv": [9.5, 13.875, 9.625, 14], "texture": "#0"},
				"down": {"uv": [9.5, 14.125, 9.625, 14.25], "texture": "#0"}
			}
		},
		{
			"name": "amethyst_shuriken_177",
			"from": [8.4, 1.75, 7.9],
			"to": [8.525, 2.125, 8.025],
			"faces": {
				"north": {"uv": [10.625, 13.875, 10.5, 14.25], "texture": "#0"},
				"east": {"uv": [10.5, 13.875, 10.625, 14.25], "texture": "#0"},
				"south": {"uv": [10.5, 13.875, 10.625, 14.25], "texture": "#0"},
				"west": {"uv": [10.5, 13.875, 10.625, 14.25], "texture": "#0"},
				"up": {"uv": [10.5, 13.875, 10.625, 14], "texture": "#0"},
				"down": {"uv": [10.5, 14.125, 10.625, 14.25], "texture": "#0"}
			}
		},
		{
			"name": "amethyst_shuriken_178",
			"from": [7.9, 0.25, 7.9],
			"to": [8.025, 2, 8.025],
			"faces": {
				"north": {"uv": [10.125, 14, 10, 15.75], "texture": "#0"},
				"east": {"uv": [10, 14, 10.125, 15.75], "texture": "#0"},
				"south": {"uv": [10, 14, 10.125, 15.75], "texture": "#0"},
				"west": {"uv": [10, 14, 10.125, 15.75], "texture": "#0"},
				"up": {"uv": [10, 14, 10.125, 14.125], "texture": "#0"},
				"down": {"uv": [10, 15.625, 10.125, 15.75], "texture": "#0"}
			}
		}
	],
	"gui_light": "front",
	"display": {
		"thirdperson_righthand": {
			"rotation": [27, -90, 0],
			"translation": [-0.5, 5.75, 4.75],
			"scale": [3, 3, 3]
		},
		"thirdperson_lefthand": {
			"rotation": [27, -90, 0],
			"translation": [-0.5, 5.75, 4.75],
			"scale": [3, 3, 3]
		},
		"firstperson_righthand": {
			"rotation": [90, -76.75, 81],
			"translation": [3, 9, 0],
			"scale": [2.5, 2.5, 2.5]
		},
		"firstperson_lefthand": {
			"rotation": [-90, 76.25, 95],
			"translation": [2.25, 9.25, -0.25],
			"scale": [2.5, 2.5, 2.5]
		},
		"ground": {
			"translation": [0, 7.75, 0],
			"scale": [2, 2, 2]
		},
		"gui": {
			"rotation": [0, 0, -42],
			"translation": [6.25, 5.5, 0],
			"scale": [3, 3, 3]
		},
		"head": {
			"rotation": [0, 0, -132],
			"translation": [7.25, -25.5, 3.5],
			"scale": [3.5, 3.5, 3.5]
		},
		"fixed": {
			"rotation": [-180, 0, 138],
			"translation": [-7.25, 7.25, 0],
			"scale": [4, 4, 3]
		}
	},
	"groups": [
		{
			"name": "amethyst_shuriken",
			"origin": [8, 8, 8],
			"color": 0,
			"nbt": "{}",
			"children": [
				0,
				1,
				2,
				3,
				4,
				5,
				6,
				7,
				8,
				9,
				10,
				11,
				12,
				13,
				14,
				15,
				16,
				17,
				18,
				19,
				20,
				21,
				22,
				23,
				24,
				25,
				26,
				27,
				28,
				29,
				30,
				31,
				32,
				33,
				34,
				35,
				36,
				37,
				38,
				39,
				40,
				41,
				42,
				43,
				44,
				45,
				46,
				47,
				48,
				49,
				50,
				51,
				52,
				53,
				54,
				55,
				56,
				57,
				58,
				59,
				60,
				61,
				62,
				63,
				64,
				65,
				66,
				67,
				68,
				69,
				70,
				71,
				72,
				73,
				74,
				75,
				76,
				77,
				78,
				79,
				80,
				81,
				82,
				83,
				84,
				85,
				86,
				87,
				88,
				89,
				90,
				91,
				92,
				93,
				94,
				95,
				96,
				97,
				98,
				99,
				100,
				101,
				102,
				103,
				104,
				105,
				106,
				107,
				108,
				109,
				110,
				111,
				112,
				113,
				114,
				115,
				116,
				117,
				118,
				119,
				120,
				121,
				122,
				123,
				124,
				125,
				126,
				127,
				128,
				129,
				130,
				131,
				132,
				133,
				134,
				135,
				136,
				137,
				138,
				139,
				140,
				141,
				142,
				143,
				144,
				145,
				146,
				147,
				148,
				149,
				150,
				151,
				152,
				153,
				154,
				155,
				156,
				157,
				158,
				159,
				160,
				161,
				162,
				163,
				164,
				165,
				166,
				167,
				168,
				169,
				170,
				171,
				172,
				173,
				174,
				175,
				176,
				177,
				178
			]
		}
	]
}