{
	"credit": "Made with Blockbench",
	"textures": {
		"0": "prominent:item/transmog/ancient_royal_greatsword",
		"particle": "prominent:item/transmog/ancient_royal_greatsword"
	},
	"elements": [
		{
			"name": "ancient_royal_greatsword_0",
			"from": [7.625, 12.375, 7.75],
			"to": [8.375, 12.75, 7.875],
			"faces": {
				"north": {"uv": [8.375, 3.25, 7.625, 3.625], "texture": "#0"},
				"east": {"uv": [8.25, 3.25, 8.375, 3.625], "texture": "#0"},
				"south": {"uv": [7.625, 3.25, 8.375, 3.625], "texture": "#0"},
				"west": {"uv": [7.625, 3.25, 7.75, 3.625], "texture": "#0"},
				"up": {"uv": [7.625, 3.25, 8.375, 3.375], "texture": "#0"},
				"down": {"uv": [7.625, 3.5, 8.375, 3.625], "texture": "#0"}
			}
		},
		{
			"name": "ancient_royal_greatsword_1",
			"from": [7.375, 11.5, 7.75],
			"to": [7.625, 12.625, 7.875],
			"faces": {
				"north": {"uv": [7.625, 3.375, 7.375, 4.5], "texture": "#0"},
				"east": {"uv": [7.5, 3.375, 7.625, 4.5], "texture": "#0"},
				"south": {"uv": [7.375, 3.375, 7.625, 4.5], "texture": "#0"},
				"west": {"uv": [7.375, 3.375, 7.5, 4.5], "texture": "#0"},
				"up": {"uv": [7.375, 3.375, 7.625, 3.5], "texture": "#0"},
				"down": {"uv": [7.375, 4.375, 7.625, 4.5], "texture": "#0"}
			}
		},
		{
			"name": "ancient_royal_greatsword_2",
			"from": [8.375, 11.5, 7.75],
			"to": [8.625, 12.625, 7.875],
			"faces": {
				"north": {"uv": [8.625, 3.375, 8.375, 4.5], "texture": "#0"},
				"east": {"uv": [8.5, 3.375, 8.625, 4.5], "texture": "#0"},
				"south": {"uv": [8.375, 3.375, 8.625, 4.5], "texture": "#0"},
				"west": {"uv": [8.375, 3.375, 8.5, 4.5], "texture": "#0"},
				"up": {"uv": [8.375, 3.375, 8.625, 3.5], "texture": "#0"},
				"down": {"uv": [8.375, 4.375, 8.625, 4.5], "texture": "#0"}
			}
		},
		{
			"name": "ancient_royal_greatsword_3",
			"from": [7.125, 11.875, 7.75],
			"to": [7.375, 12.5, 7.875],
			"faces": {
				"north": {"uv": [7.375, 3.5, 7.125, 4.125], "texture": "#0"},
				"east": {"uv": [7.25, 3.5, 7.375, 4.125], "texture": "#0"},
				"south": {"uv": [7.125, 3.5, 7.375, 4.125], "texture": "#0"},
				"west": {"uv": [7.125, 3.5, 7.25, 4.125], "texture": "#0"},
				"up": {"uv": [7.125, 3.5, 7.375, 3.625], "texture": "#0"},
				"down": {"uv": [7.125, 4, 7.375, 4.125], "texture": "#0"}
			}
		},
		{
			"name": "ancient_royal_greatsword_4",
			"from": [8.625, 11.875, 7.75],
			"to": [8.875, 12.5, 7.875],
			"faces": {
				"north": {"uv": [8.875, 3.5, 8.625, 4.125], "texture": "#0"},
				"east": {"uv": [8.75, 3.5, 8.875, 4.125], "texture": "#0"},
				"south": {"uv": [8.625, 3.5, 8.875, 4.125], "texture": "#0"},
				"west": {"uv": [8.625, 3.5, 8.75, 4.125], "texture": "#0"},
				"up": {"uv": [8.625, 3.5, 8.875, 3.625], "texture": "#0"},
				"down": {"uv": [8.625, 4, 8.875, 4.125], "texture": "#0"}
			}
		},
		{
			"name": "ancient_royal_greatsword_5",
			"from": [7, 11.875, 7.75],
			"to": [7.125, 12.375, 7.875],
			"faces": {
				"north": {"uv": [7.125, 3.625, 7, 4.125], "texture": "#0"},
				"east": {"uv": [7, 3.625, 7.125, 4.125], "texture": "#0"},
				"south": {"uv": [7, 3.625, 7.125, 4.125], "texture": "#0"},
				"west": {"uv": [7, 3.625, 7.125, 4.125], "texture": "#0"},
				"up": {"uv": [7, 3.625, 7.125, 3.75], "texture": "#0"},
				"down": {"uv": [7, 4, 7.125, 4.125], "texture": "#0"}
			}
		},
		{
			"name": "ancient_royal_greatsword_6",
			"from": [7.625, 12.25, 7.75],
			"to": [7.75, 12.375, 7.875],
			"faces": {
				"north": {"uv": [7.75, 3.625, 7.625, 3.75], "texture": "#0"},
				"east": {"uv": [7.625, 3.625, 7.75, 3.75], "texture": "#0"},
				"south": {"uv": [7.625, 3.625, 7.75, 3.75], "texture": "#0"},
				"west": {"uv": [7.625, 3.625, 7.75, 3.75], "texture": "#0"},
				"up": {"uv": [7.625, 3.625, 7.75, 3.75], "texture": "#0"},
				"down": {"uv": [7.625, 3.625, 7.75, 3.75], "texture": "#0"}
			}
		},
		{
			"name": "ancient_royal_greatsword_7",
			"from": [8.25, 12.25, 7.75],
			"to": [8.375, 12.375, 7.875],
			"faces": {
				"north": {"uv": [8.375, 3.625, 8.25, 3.75], "texture": "#0"},
				"east": {"uv": [8.25, 3.625, 8.375, 3.75], "texture": "#0"},
				"south": {"uv": [8.25, 3.625, 8.375, 3.75], "texture": "#0"},
				"west": {"uv": [8.25, 3.625, 8.375, 3.75], "texture": "#0"},
				"up": {"uv": [8.25, 3.625, 8.375, 3.75], "texture": "#0"},
				"down": {"uv": [8.25, 3.625, 8.375, 3.75], "texture": "#0"}
			}
		},
		{
			"name": "ancient_royal_greatsword_8",
			"from": [8.875, 11.875, 7.75],
			"to": [9, 12.375, 7.875],
			"faces": {
				"north": {"uv": [9, 3.625, 8.875, 4.125], "texture": "#0"},
				"east": {"uv": [8.875, 3.625, 9, 4.125], "texture": "#0"},
				"south": {"uv": [8.875, 3.625, 9, 4.125], "texture": "#0"},
				"west": {"uv": [8.875, 3.625, 9, 4.125], "texture": "#0"},
				"up": {"uv": [8.875, 3.625, 9, 3.75], "texture": "#0"},
				"down": {"uv": [8.875, 4, 9, 4.125], "texture": "#0"}
			}
		},
		{
			"name": "ancient_royal_greatsword_9",
			"from": [7.75, 12.25, 7.65],
			"to": [8.25, 12.375, 7.975],
			"faces": {
				"north": {"uv": [10.25, 3.625, 9.75, 3.75], "texture": "#0"},
				"east": {"uv": [10.125, 3.625, 10.25, 3.75], "texture": "#0"},
				"south": {"uv": [9.75, 3.625, 10.25, 3.75], "texture": "#0"},
				"west": {"uv": [9.75, 3.625, 9.875, 3.75], "texture": "#0"},
				"up": {"uv": [9.75, 3.625, 10.25, 3.75], "texture": "#0"},
				"down": {"uv": [9.75, 3.625, 10.25, 3.75], "texture": "#0"}
			}
		},
		{
			"name": "ancient_royal_greatsword_10",
			"from": [6.875, 12, 7.75],
			"to": [7, 12.25, 7.875],
			"faces": {
				"north": {"uv": [7, 3.75, 6.875, 4], "texture": "#0"},
				"east": {"uv": [6.875, 3.75, 7, 4], "texture": "#0"},
				"south": {"uv": [6.875, 3.75, 7, 4], "texture": "#0"},
				"west": {"uv": [6.875, 3.75, 7, 4], "texture": "#0"},
				"up": {"uv": [6.875, 3.75, 7, 3.875], "texture": "#0"},
				"down": {"uv": [6.875, 3.875, 7, 4], "texture": "#0"}
			}
		},
		{
			"name": "ancient_royal_greatsword_11",
			"from": [9, 12, 7.75],
			"to": [9.125, 12.25, 7.875],
			"faces": {
				"north": {"uv": [9.125, 3.75, 9, 4], "texture": "#0"},
				"east": {"uv": [9, 3.75, 9.125, 4], "texture": "#0"},
				"south": {"uv": [9, 3.75, 9.125, 4], "texture": "#0"},
				"west": {"uv": [9, 3.75, 9.125, 4], "texture": "#0"},
				"up": {"uv": [9, 3.75, 9.125, 3.875], "texture": "#0"},
				"down": {"uv": [9, 3.875, 9.125, 4], "texture": "#0"}
			}
		},
		{
			"name": "ancient_royal_greatsword_12",
			"from": [7.625, 12.125, 7.65],
			"to": [7.875, 12.25, 7.975],
			"faces": {
				"north": {"uv": [9.875, 3.75, 9.625, 3.875], "texture": "#0"},
				"east": {"uv": [9.75, 3.75, 9.875, 3.875], "texture": "#0"},
				"south": {"uv": [9.625, 3.75, 9.875, 3.875], "texture": "#0"},
				"west": {"uv": [9.625, 3.75, 9.75, 3.875], "texture": "#0"},
				"up": {"uv": [9.625, 3.75, 9.875, 3.875], "texture": "#0"},
				"down": {"uv": [9.625, 3.75, 9.875, 3.875], "texture": "#0"}
			}
		},
		{
			"name": "ancient_royal_greatsword_13",
			"from": [8.125, 12.125, 7.65],
			"to": [8.375, 12.25, 7.975],
			"faces": {
				"north": {"uv": [10.375, 3.75, 10.125, 3.875], "texture": "#0"},
				"east": {"uv": [10.25, 3.75, 10.375, 3.875], "texture": "#0"},
				"south": {"uv": [10.125, 3.75, 10.375, 3.875], "texture": "#0"},
				"west": {"uv": [10.125, 3.75, 10.25, 3.875], "texture": "#0"},
				"up": {"uv": [10.125, 3.75, 10.375, 3.875], "texture": "#0"},
				"down": {"uv": [10.125, 3.75, 10.375, 3.875], "texture": "#0"}
			}
		},
		{
			"name": "ancient_royal_greatsword_14",
			"from": [6.75, 12, 7.75],
			"to": [6.875, 12.125, 7.875],
			"faces": {
				"north": {"uv": [6.875, 3.875, 6.75, 4], "texture": "#0"},
				"east": {"uv": [6.75, 3.875, 6.875, 4], "texture": "#0"},
				"south": {"uv": [6.75, 3.875, 6.875, 4], "texture": "#0"},
				"west": {"uv": [6.75, 3.875, 6.875, 4], "texture": "#0"},
				"up": {"uv": [6.75, 3.875, 6.875, 4], "texture": "#0"},
				"down": {"uv": [6.75, 3.875, 6.875, 4], "texture": "#0"}
			}
		},
		{
			"name": "ancient_royal_greatsword_15",
			"from": [9.125, 12, 7.75],
			"to": [9.25, 12.125, 7.875],
			"faces": {
				"north": {"uv": [9.25, 3.875, 9.125, 4], "texture": "#0"},
				"east": {"uv": [9.125, 3.875, 9.25, 4], "texture": "#0"},
				"south": {"uv": [9.125, 3.875, 9.25, 4], "texture": "#0"},
				"west": {"uv": [9.125, 3.875, 9.25, 4], "texture": "#0"},
				"up": {"uv": [9.125, 3.875, 9.25, 4], "texture": "#0"},
				"down": {"uv": [9.125, 3.875, 9.25, 4], "texture": "#0"}
			}
		},
		{
			"name": "ancient_royal_greatsword_16",
			"from": [7.625, 11.75, 7.65],
			"to": [7.75, 12.125, 7.975],
			"faces": {
				"north": {"uv": [9.75, 3.875, 9.625, 4.25], "texture": "#0"},
				"east": {"uv": [9.625, 3.875, 9.75, 4.25], "texture": "#0"},
				"south": {"uv": [9.625, 3.875, 9.75, 4.25], "texture": "#0"},
				"west": {"uv": [9.625, 3.875, 9.75, 4.25], "texture": "#0"},
				"up": {"uv": [9.625, 3.875, 9.75, 4], "texture": "#0"},
				"down": {"uv": [9.625, 4.125, 9.75, 4.25], "texture": "#0"}
			}
		},
		{
			"name": "ancient_royal_greatsword_17",
			"from": [8.25, 11.75, 7.65],
			"to": [8.375, 12.125, 7.975],
			"faces": {
				"north": {"uv": [10.375, 3.875, 10.25, 4.25], "texture": "#0"},
				"east": {"uv": [10.25, 3.875, 10.375, 4.25], "texture": "#0"},
				"south": {"uv": [10.25, 3.875, 10.375, 4.25], "texture": "#0"},
				"west": {"uv": [10.25, 3.875, 10.375, 4.25], "texture": "#0"},
				"up": {"uv": [10.25, 3.875, 10.375, 4], "texture": "#0"},
				"down": {"uv": [10.25, 4.125, 10.375, 4.25], "texture": "#0"}
			}
		},
		{
			"name": "ancient_royal_greatsword_18",
			"from": [7.25, 11.75, 7.75],
			"to": [7.375, 11.875, 7.875],
			"faces": {
				"north": {"uv": [7.375, 4.125, 7.25, 4.25], "texture": "#0"},
				"east": {"uv": [7.25, 4.125, 7.375, 4.25], "texture": "#0"},
				"south": {"uv": [7.25, 4.125, 7.375, 4.25], "texture": "#0"},
				"west": {"uv": [7.25, 4.125, 7.375, 4.25], "texture": "#0"},
				"up": {"uv": [7.25, 4.125, 7.375, 4.25], "texture": "#0"},
				"down": {"uv": [7.25, 4.125, 7.375, 4.25], "texture": "#0"}
			}
		},
		{
			"name": "ancient_royal_greatsword_19",
			"from": [8.625, 11.75, 7.75],
			"to": [8.75, 11.875, 7.875],
			"faces": {
				"north": {"uv": [8.75, 4.125, 8.625, 4.25], "texture": "#0"},
				"east": {"uv": [8.625, 4.125, 8.75, 4.25], "texture": "#0"},
				"south": {"uv": [8.625, 4.125, 8.75, 4.25], "texture": "#0"},
				"west": {"uv": [8.625, 4.125, 8.75, 4.25], "texture": "#0"},
				"up": {"uv": [8.625, 4.125, 8.75, 4.25], "texture": "#0"},
				"down": {"uv": [8.625, 4.125, 8.75, 4.25], "texture": "#0"}
			}
		},
		{
			"name": "ancient_royal_greatsword_20",
			"from": [7.75, 11.625, 7.65],
			"to": [7.875, 11.875, 7.975],
			"faces": {
				"north": {"uv": [9.875, 4.125, 9.75, 4.375], "texture": "#0"},
				"east": {"uv": [9.75, 4.125, 9.875, 4.375], "texture": "#0"},
				"south": {"uv": [9.75, 4.125, 9.875, 4.375], "texture": "#0"},
				"west": {"uv": [9.75, 4.125, 9.875, 4.375], "texture": "#0"},
				"up": {"uv": [9.75, 4.125, 9.875, 4.25], "texture": "#0"},
				"down": {"uv": [9.75, 4.25, 9.875, 4.375], "texture": "#0"}
			}
		},
		{
			"name": "ancient_royal_greatsword_21",
			"from": [8.125, 11.625, 7.65],
			"to": [8.25, 11.875, 7.975],
			"faces": {
				"north": {"uv": [10.25, 4.125, 10.125, 4.375], "texture": "#0"},
				"east": {"uv": [10.125, 4.125, 10.25, 4.375], "texture": "#0"},
				"south": {"uv": [10.125, 4.125, 10.25, 4.375], "texture": "#0"},
				"west": {"uv": [10.125, 4.125, 10.25, 4.375], "texture": "#0"},
				"up": {"uv": [10.125, 4.125, 10.25, 4.25], "texture": "#0"},
				"down": {"uv": [10.125, 4.25, 10.25, 4.375], "texture": "#0"}
			}
		},
		{
			"name": "ancient_royal_greatsword_22",
			"from": [7.625, 11, 7.75],
			"to": [7.75, 11.75, 7.875],
			"faces": {
				"north": {"uv": [7.75, 4.25, 7.625, 5], "texture": "#0"},
				"east": {"uv": [7.625, 4.25, 7.75, 5], "texture": "#0"},
				"south": {"uv": [7.625, 4.25, 7.75, 5], "texture": "#0"},
				"west": {"uv": [7.625, 4.25, 7.75, 5], "texture": "#0"},
				"up": {"uv": [7.625, 4.25, 7.75, 4.375], "texture": "#0"},
				"down": {"uv": [7.625, 4.875, 7.75, 5], "texture": "#0"}
			}
		},
		{
			"name": "ancient_royal_greatsword_23",
			"from": [8.25, 11, 7.75],
			"to": [8.375, 11.75, 7.875],
			"faces": {
				"north": {"uv": [8.375, 4.25, 8.25, 5], "texture": "#0"},
				"east": {"uv": [8.25, 4.25, 8.375, 5], "texture": "#0"},
				"south": {"uv": [8.25, 4.25, 8.375, 5], "texture": "#0"},
				"west": {"uv": [8.25, 4.25, 8.375, 5], "texture": "#0"},
				"up": {"uv": [8.25, 4.25, 8.375, 4.375], "texture": "#0"},
				"down": {"uv": [8.25, 4.875, 8.375, 5], "texture": "#0"}
			}
		},
		{
			"name": "ancient_royal_greatsword_24",
			"from": [7.875, 11.625, 7.65],
			"to": [8.125, 11.75, 7.975],
			"faces": {
				"north": {"uv": [10.125, 4.25, 9.875, 4.375], "texture": "#0"},
				"east": {"uv": [10, 4.25, 10.125, 4.375], "texture": "#0"},
				"south": {"uv": [9.875, 4.25, 10.125, 4.375], "texture": "#0"},
				"west": {"uv": [9.875, 4.25, 10, 4.375], "texture": "#0"},
				"up": {"uv": [9.875, 4.25, 10.125, 4.375], "texture": "#0"},
				"down": {"uv": [9.875, 4.25, 10.125, 4.375], "texture": "#0"}
			}
		},
		{
			"name": "ancient_royal_greatsword_25",
			"from": [7.75, 8.75, 7.7],
			"to": [8.25, 11.625, 7.925],
			"faces": {
				"north": {"uv": [6.75, 4.375, 6.25, 7.25], "texture": "#0"},
				"east": {"uv": [6.625, 4.375, 6.75, 7.25], "texture": "#0"},
				"south": {"uv": [6.25, 4.375, 6.75, 7.25], "texture": "#0"},
				"west": {"uv": [6.25, 4.375, 6.375, 7.25], "texture": "#0"},
				"up": {"uv": [6.25, 4.375, 6.75, 4.5], "texture": "#0"},
				"down": {"uv": [6.25, 7.125, 6.75, 7.25], "texture": "#0"}
			}
		},
		{
			"name": "ancient_royal_greatsword_26",
			"from": [7.5, 5.75, 7.75],
			"to": [7.625, 11.5, 7.875],
			"faces": {
				"north": {"uv": [7.625, 4.5, 7.5, 10.25], "texture": "#0"},
				"east": {"uv": [7.5, 4.5, 7.625, 10.25], "texture": "#0"},
				"south": {"uv": [7.5, 4.5, 7.625, 10.25], "texture": "#0"},
				"west": {"uv": [7.5, 4.5, 7.625, 10.25], "texture": "#0"},
				"up": {"uv": [7.5, 4.5, 7.625, 4.625], "texture": "#0"},
				"down": {"uv": [7.5, 10.125, 7.625, 10.25], "texture": "#0"}
			}
		},
		{
			"name": "ancient_royal_greatsword_27",
			"from": [8.375, 5.75, 7.75],
			"to": [8.5, 11.5, 7.875],
			"faces": {
				"north": {"uv": [8.5, 4.5, 8.375, 10.25], "texture": "#0"},
				"east": {"uv": [8.375, 4.5, 8.5, 10.25], "texture": "#0"},
				"south": {"uv": [8.375, 4.5, 8.5, 10.25], "texture": "#0"},
				"west": {"uv": [8.375, 4.5, 8.5, 10.25], "texture": "#0"},
				"up": {"uv": [8.375, 4.5, 8.5, 4.625], "texture": "#0"},
				"down": {"uv": [8.375, 10.125, 8.5, 10.25], "texture": "#0"}
			}
		},
		{
			"name": "ancient_royal_greatsword_28",
			"from": [7.375, 10.25, 7.75],
			"to": [7.5, 11.25, 7.875],
			"faces": {
				"north": {"uv": [7.5, 4.75, 7.375, 5.75], "texture": "#0"},
				"east": {"uv": [7.375, 4.75, 7.5, 5.75], "texture": "#0"},
				"south": {"uv": [7.375, 4.75, 7.5, 5.75], "texture": "#0"},
				"west": {"uv": [7.375, 4.75, 7.5, 5.75], "texture": "#0"},
				"up": {"uv": [7.375, 4.75, 7.5, 4.875], "texture": "#0"},
				"down": {"uv": [7.375, 5.625, 7.5, 5.75], "texture": "#0"}
			}
		},
		{
			"name": "ancient_royal_greatsword_29",
			"from": [8.5, 10.25, 7.75],
			"to": [8.625, 11.25, 7.875],
			"faces": {
				"north": {"uv": [8.625, 4.75, 8.5, 5.75], "texture": "#0"},
				"east": {"uv": [8.5, 4.75, 8.625, 5.75], "texture": "#0"},
				"south": {"uv": [8.5, 4.75, 8.625, 5.75], "texture": "#0"},
				"west": {"uv": [8.5, 4.75, 8.625, 5.75], "texture": "#0"},
				"up": {"uv": [8.5, 4.75, 8.625, 4.875], "texture": "#0"},
				"down": {"uv": [8.5, 5.625, 8.625, 5.75], "texture": "#0"}
			}
		},
		{
			"name": "ancient_royal_greatsword_30",
			"from": [7.625, 10.375, 7.7],
			"to": [7.75, 11, 7.925],
			"faces": {
				"north": {"uv": [6.25, 5, 6.125, 5.625], "texture": "#0"},
				"east": {"uv": [6.125, 5, 6.25, 5.625], "texture": "#0"},
				"south": {"uv": [6.125, 5, 6.25, 5.625], "texture": "#0"},
				"west": {"uv": [6.125, 5, 6.25, 5.625], "texture": "#0"},
				"up": {"uv": [6.125, 5, 6.25, 5.125], "texture": "#0"},
				"down": {"uv": [6.125, 5.5, 6.25, 5.625], "texture": "#0"}
			}
		},
		{
			"name": "ancient_royal_greatsword_31",
			"from": [8.25, 10.375, 7.7],
			"to": [8.375, 11, 7.925],
			"faces": {
				"north": {"uv": [6.875, 5, 6.75, 5.625], "texture": "#0"},
				"east": {"uv": [6.75, 5, 6.875, 5.625], "texture": "#0"},
				"south": {"uv": [6.75, 5, 6.875, 5.625], "texture": "#0"},
				"west": {"uv": [6.75, 5, 6.875, 5.625], "texture": "#0"},
				"up": {"uv": [6.75, 5, 6.875, 5.125], "texture": "#0"},
				"down": {"uv": [6.75, 5.5, 6.875, 5.625], "texture": "#0"}
			}
		},
		{
			"name": "ancient_royal_greatsword_32",
			"from": [7.625, 7.5, 7.75],
			"to": [7.75, 10.375, 7.875],
			"faces": {
				"north": {"uv": [7.75, 5.625, 7.625, 8.5], "texture": "#0"},
				"east": {"uv": [7.625, 5.625, 7.75, 8.5], "texture": "#0"},
				"south": {"uv": [7.625, 5.625, 7.75, 8.5], "texture": "#0"},
				"west": {"uv": [7.625, 5.625, 7.75, 8.5], "texture": "#0"},
				"up": {"uv": [7.625, 5.625, 7.75, 5.75], "texture": "#0"},
				"down": {"uv": [7.625, 8.375, 7.75, 8.5], "texture": "#0"}
			}
		},
		{
			"name": "ancient_royal_greatsword_33",
			"from": [8.25, 7.5, 7.75],
			"to": [8.375, 10.375, 7.875],
			"faces": {
				"north": {"uv": [8.375, 5.625, 8.25, 8.5], "texture": "#0"},
				"east": {"uv": [8.25, 5.625, 8.375, 8.5], "texture": "#0"},
				"south": {"uv": [8.25, 5.625, 8.375, 8.5], "texture": "#0"},
				"west": {"uv": [8.25, 5.625, 8.375, 8.5], "texture": "#0"},
				"up": {"uv": [8.25, 5.625, 8.375, 5.75], "texture": "#0"},
				"down": {"uv": [8.25, 8.375, 8.375, 8.5], "texture": "#0"}
			}
		},
		{
			"name": "ancient_royal_greatsword_34",
			"from": [7.375, 9.125, 7.75],
			"to": [7.5, 9.5, 7.875],
			"faces": {
				"north": {"uv": [7.5, 6.5, 7.375, 6.875], "texture": "#0"},
				"east": {"uv": [7.375, 6.5, 7.5, 6.875], "texture": "#0"},
				"south": {"uv": [7.375, 6.5, 7.5, 6.875], "texture": "#0"},
				"west": {"uv": [7.375, 6.5, 7.5, 6.875], "texture": "#0"},
				"up": {"uv": [7.375, 6.5, 7.5, 6.625], "texture": "#0"},
				"down": {"uv": [7.375, 6.75, 7.5, 6.875], "texture": "#0"}
			}
		},
		{
			"name": "ancient_royal_greatsword_35",
			"from": [8.5, 9.125, 7.75],
			"to": [8.625, 9.5, 7.875],
			"faces": {
				"north": {"uv": [8.625, 6.5, 8.5, 6.875], "texture": "#0"},
				"east": {"uv": [8.5, 6.5, 8.625, 6.875], "texture": "#0"},
				"south": {"uv": [8.5, 6.5, 8.625, 6.875], "texture": "#0"},
				"west": {"uv": [8.5, 6.5, 8.625, 6.875], "texture": "#0"},
				"up": {"uv": [8.5, 6.5, 8.625, 6.625], "texture": "#0"},
				"down": {"uv": [8.5, 6.75, 8.625, 6.875], "texture": "#0"}
			}
		},
		{
			"name": "ancient_royal_greatsword_36",
			"from": [7.25, 9.125, 7.75],
			"to": [7.375, 9.25, 7.875],
			"faces": {
				"north": {"uv": [7.375, 6.75, 7.25, 6.875], "texture": "#0"},
				"east": {"uv": [7.25, 6.75, 7.375, 6.875], "texture": "#0"},
				"south": {"uv": [7.25, 6.75, 7.375, 6.875], "texture": "#0"},
				"west": {"uv": [7.25, 6.75, 7.375, 6.875], "texture": "#0"},
				"up": {"uv": [7.25, 6.75, 7.375, 6.875], "texture": "#0"},
				"down": {"uv": [7.25, 6.75, 7.375, 6.875], "texture": "#0"}
			}
		},
		{
			"name": "ancient_royal_greatsword_37",
			"from": [8.625, 9.125, 7.75],
			"to": [8.75, 9.25, 7.875],
			"faces": {
				"north": {"uv": [8.75, 6.75, 8.625, 6.875], "texture": "#0"},
				"east": {"uv": [8.625, 6.75, 8.75, 6.875], "texture": "#0"},
				"south": {"uv": [8.625, 6.75, 8.75, 6.875], "texture": "#0"},
				"west": {"uv": [8.625, 6.75, 8.75, 6.875], "texture": "#0"},
				"up": {"uv": [8.625, 6.75, 8.75, 6.875], "texture": "#0"},
				"down": {"uv": [8.625, 6.75, 8.75, 6.875], "texture": "#0"}
			}
		},
		{
			"name": "ancient_royal_greatsword_38",
			"from": [7.75, 7.5, 7.7],
			"to": [7.875, 8.75, 7.925],
			"faces": {
				"north": {"uv": [6.375, 7.25, 6.25, 8.5], "texture": "#0"},
				"east": {"uv": [6.25, 7.25, 6.375, 8.5], "texture": "#0"},
				"south": {"uv": [6.25, 7.25, 6.375, 8.5], "texture": "#0"},
				"west": {"uv": [6.25, 7.25, 6.375, 8.5], "texture": "#0"},
				"up": {"uv": [6.25, 7.25, 6.375, 7.375], "texture": "#0"},
				"down": {"uv": [6.25, 8.375, 6.375, 8.5], "texture": "#0"}
			}
		},
		{
			"name": "ancient_royal_greatsword_39",
			"from": [8.125, 7.5, 7.7],
			"to": [8.25, 8.75, 7.925],
			"faces": {
				"north": {"uv": [6.75, 7.25, 6.625, 8.5], "texture": "#0"},
				"east": {"uv": [6.625, 7.25, 6.75, 8.5], "texture": "#0"},
				"south": {"uv": [6.625, 7.25, 6.75, 8.5], "texture": "#0"},
				"west": {"uv": [6.625, 7.25, 6.75, 8.5], "texture": "#0"},
				"up": {"uv": [6.625, 7.25, 6.75, 7.375], "texture": "#0"},
				"down": {"uv": [6.625, 8.375, 6.75, 8.5], "texture": "#0"}
			}
		},
		{
			"name": "ancient_royal_greatsword_40",
			"from": [7.875, 6, 7.65],
			"to": [8.125, 8.75, 7.975],
			"faces": {
				"north": {"uv": [10.875, 7.25, 10.625, 10], "texture": "#0"},
				"east": {"uv": [10.75, 7.25, 10.875, 10], "texture": "#0"},
				"south": {"uv": [10.625, 7.25, 10.875, 10], "texture": "#0"},
				"west": {"uv": [10.625, 7.25, 10.75, 10], "texture": "#0"},
				"up": {"uv": [10.625, 7.25, 10.875, 7.375], "texture": "#0"},
				"down": {"uv": [10.625, 9.875, 10.875, 10], "texture": "#0"}
			}
		},
		{
			"name": "ancient_royal_greatsword_41",
			"from": [7.375, 5.875, 7.75],
			"to": [7.5, 8, 7.875],
			"faces": {
				"north": {"uv": [7.5, 8, 7.375, 10.125], "texture": "#0"},
				"east": {"uv": [7.375, 8, 7.5, 10.125], "texture": "#0"},
				"south": {"uv": [7.375, 8, 7.5, 10.125], "texture": "#0"},
				"west": {"uv": [7.375, 8, 7.5, 10.125], "texture": "#0"},
				"up": {"uv": [7.375, 8, 7.5, 8.125], "texture": "#0"},
				"down": {"uv": [7.375, 10, 7.5, 10.125], "texture": "#0"}
			}
		},
		{
			"name": "ancient_royal_greatsword_42",
			"from": [8.5, 5.875, 7.75],
			"to": [8.625, 8, 7.875],
			"faces": {
				"north": {"uv": [8.625, 8, 8.5, 10.125], "texture": "#0"},
				"east": {"uv": [8.5, 8, 8.625, 10.125], "texture": "#0"},
				"south": {"uv": [8.5, 8, 8.625, 10.125], "texture": "#0"},
				"west": {"uv": [8.5, 8, 8.625, 10.125], "texture": "#0"},
				"up": {"uv": [8.5, 8, 8.625, 8.125], "texture": "#0"},
				"down": {"uv": [8.5, 10, 8.625, 10.125], "texture": "#0"}
			}
		},
		{
			"name": "ancient_royal_greatsword_43",
			"from": [7.625, 5.875, 7.7],
			"to": [7.75, 7.5, 7.925],
			"faces": {
				"north": {"uv": [6.25, 8.5, 6.125, 10.125], "texture": "#0"},
				"east": {"uv": [6.125, 8.5, 6.25, 10.125], "texture": "#0"},
				"south": {"uv": [6.125, 8.5, 6.25, 10.125], "texture": "#0"},
				"west": {"uv": [6.125, 8.5, 6.25, 10.125], "texture": "#0"},
				"up": {"uv": [6.125, 8.5, 6.25, 8.625], "texture": "#0"},
				"down": {"uv": [6.125, 10, 6.25, 10.125], "texture": "#0"}
			}
		},
		{
			"name": "ancient_royal_greatsword_44",
			"from": [8.25, 5.875, 7.7],
			"to": [8.375, 7.5, 7.925],
			"faces": {
				"north": {"uv": [6.875, 8.5, 6.75, 10.125], "texture": "#0"},
				"east": {"uv": [6.75, 8.5, 6.875, 10.125], "texture": "#0"},
				"south": {"uv": [6.75, 8.5, 6.875, 10.125], "texture": "#0"},
				"west": {"uv": [6.75, 8.5, 6.875, 10.125], "texture": "#0"},
				"up": {"uv": [6.75, 8.5, 6.875, 8.625], "texture": "#0"},
				"down": {"uv": [6.75, 10, 6.875, 10.125], "texture": "#0"}
			}
		},
		{
			"name": "ancient_royal_greatsword_45",
			"from": [7.75, 5.875, 7.65],
			"to": [7.875, 7.5, 7.975],
			"faces": {
				"north": {"uv": [10.625, 8.5, 10.5, 10.125], "texture": "#0"},
				"east": {"uv": [10.5, 8.5, 10.625, 10.125], "texture": "#0"},
				"south": {"uv": [10.5, 8.5, 10.625, 10.125], "texture": "#0"},
				"west": {"uv": [10.5, 8.5, 10.625, 10.125], "texture": "#0"},
				"up": {"uv": [10.5, 8.5, 10.625, 8.625], "texture": "#0"},
				"down": {"uv": [10.5, 10, 10.625, 10.125], "texture": "#0"}
			}
		},
		{
			"name": "ancient_royal_greatsword_46",
			"from": [8.125, 5.875, 7.65],
			"to": [8.25, 7.5, 7.975],
			"faces": {
				"north": {"uv": [11, 8.5, 10.875, 10.125], "texture": "#0"},
				"east": {"uv": [10.875, 8.5, 11, 10.125], "texture": "#0"},
				"south": {"uv": [10.875, 8.5, 11, 10.125], "texture": "#0"},
				"west": {"uv": [10.875, 8.5, 11, 10.125], "texture": "#0"},
				"up": {"uv": [10.875, 8.5, 11, 8.625], "texture": "#0"},
				"down": {"uv": [10.875, 10, 11, 10.125], "texture": "#0"}
			}
		},
		{
			"name": "ancient_royal_greatsword_47",
			"from": [7.25, 6.25, 7.75],
			"to": [7.375, 6.5, 7.875],
			"faces": {
				"north": {"uv": [7.375, 9.5, 7.25, 9.75], "texture": "#0"},
				"east": {"uv": [7.25, 9.5, 7.375, 9.75], "texture": "#0"},
				"south": {"uv": [7.25, 9.5, 7.375, 9.75], "texture": "#0"},
				"west": {"uv": [7.25, 9.5, 7.375, 9.75], "texture": "#0"},
				"up": {"uv": [7.25, 9.5, 7.375, 9.625], "texture": "#0"},
				"down": {"uv": [7.25, 9.625, 7.375, 9.75], "texture": "#0"}
			}
		},
		{
			"name": "ancient_royal_greatsword_48",
			"from": [8.625, 6.25, 7.75],
			"to": [8.75, 6.5, 7.875],
			"faces": {
				"north": {"uv": [8.75, 9.5, 8.625, 9.75], "texture": "#0"},
				"east": {"uv": [8.625, 9.5, 8.75, 9.75], "texture": "#0"},
				"south": {"uv": [8.625, 9.5, 8.75, 9.75], "texture": "#0"},
				"west": {"uv": [8.625, 9.5, 8.75, 9.75], "texture": "#0"},
				"up": {"uv": [8.625, 9.5, 8.75, 9.625], "texture": "#0"},
				"down": {"uv": [8.625, 9.625, 8.75, 9.75], "texture": "#0"}
			}
		},
		{
			"name": "ancient_royal_greatsword_49",
			"from": [7.125, 6.25, 7.75],
			"to": [7.25, 6.375, 7.875],
			"faces": {
				"north": {"uv": [7.25, 9.625, 7.125, 9.75], "texture": "#0"},
				"east": {"uv": [7.125, 9.625, 7.25, 9.75], "texture": "#0"},
				"south": {"uv": [7.125, 9.625, 7.25, 9.75], "texture": "#0"},
				"west": {"uv": [7.125, 9.625, 7.25, 9.75], "texture": "#0"},
				"up": {"uv": [7.125, 9.625, 7.25, 9.75], "texture": "#0"},
				"down": {"uv": [7.125, 9.625, 7.25, 9.75], "texture": "#0"}
			}
		},
		{
			"name": "ancient_royal_greatsword_50",
			"from": [8.75, 6.25, 7.75],
			"to": [8.875, 6.375, 7.875],
			"faces": {
				"north": {"uv": [8.875, 9.625, 8.75, 9.75], "texture": "#0"},
				"east": {"uv": [8.75, 9.625, 8.875, 9.75], "texture": "#0"},
				"south": {"uv": [8.75, 9.625, 8.875, 9.75], "texture": "#0"},
				"west": {"uv": [8.75, 9.625, 8.875, 9.75], "texture": "#0"},
				"up": {"uv": [8.75, 9.625, 8.875, 9.75], "texture": "#0"},
				"down": {"uv": [8.75, 9.625, 8.875, 9.75], "texture": "#0"}
			}
		},
		{
			"name": "ancient_royal_greatsword_51",
			"from": [7.125, 5.75, 7.65],
			"to": [7.375, 6, 7.975],
			"faces": {
				"north": {"uv": [10.125, 10, 9.875, 10.25], "texture": "#0"},
				"east": {"uv": [10, 10, 10.125, 10.25], "texture": "#0"},
				"south": {"uv": [9.875, 10, 10.125, 10.25], "texture": "#0"},
				"west": {"uv": [9.875, 10, 10, 10.25], "texture": "#0"},
				"up": {"uv": [9.875, 10, 10.125, 10.125], "texture": "#0"},
				"down": {"uv": [9.875, 10.125, 10.125, 10.25], "texture": "#0"}
			}
		},
		{
			"name": "ancient_royal_greatsword_52",
			"from": [8.625, 5.75, 7.65],
			"to": [8.875, 6, 7.975],
			"faces": {
				"north": {"uv": [11.625, 10, 11.375, 10.25], "texture": "#0"},
				"east": {"uv": [11.5, 10, 11.625, 10.25], "texture": "#0"},
				"south": {"uv": [11.375, 10, 11.625, 10.25], "texture": "#0"},
				"west": {"uv": [11.375, 10, 11.5, 10.25], "texture": "#0"},
				"up": {"uv": [11.375, 10, 11.625, 10.125], "texture": "#0"},
				"down": {"uv": [11.375, 10.125, 11.625, 10.25], "texture": "#0"}
			}
		},
		{
			"name": "ancient_royal_greatsword_53",
			"from": [7.875, 5.75, 7.6],
			"to": [8.125, 6, 8.025],
			"faces": {
				"north": {"uv": [12.875, 10, 12.625, 10.25], "texture": "#0"},
				"east": {"uv": [12.75, 10, 12.875, 10.25], "texture": "#0"},
				"south": {"uv": [12.625, 10, 12.875, 10.25], "texture": "#0"},
				"west": {"uv": [12.625, 10, 12.75, 10.25], "texture": "#0"},
				"up": {"uv": [12.625, 10, 12.875, 10.125], "texture": "#0"},
				"down": {"uv": [12.625, 10.125, 12.875, 10.25], "texture": "#0"}
			}
		},
		{
			"name": "ancient_royal_greatsword_54",
			"from": [7.375, 5.25, 7.65],
			"to": [7.5, 5.875, 7.975],
			"faces": {
				"north": {"uv": [10.25, 10.125, 10.125, 10.75], "texture": "#0"},
				"east": {"uv": [10.125, 10.125, 10.25, 10.75], "texture": "#0"},
				"south": {"uv": [10.125, 10.125, 10.25, 10.75], "texture": "#0"},
				"west": {"uv": [10.125, 10.125, 10.25, 10.75], "texture": "#0"},
				"up": {"uv": [10.125, 10.125, 10.25, 10.25], "texture": "#0"},
				"down": {"uv": [10.125, 10.625, 10.25, 10.75], "texture": "#0"}
			}
		},
		{
			"name": "ancient_royal_greatsword_55",
			"from": [8.5, 5.25, 7.65],
			"to": [8.625, 5.875, 7.975],
			"faces": {
				"north": {"uv": [11.375, 10.125, 11.25, 10.75], "texture": "#0"},
				"east": {"uv": [11.25, 10.125, 11.375, 10.75], "texture": "#0"},
				"south": {"uv": [11.25, 10.125, 11.375, 10.75], "texture": "#0"},
				"west": {"uv": [11.25, 10.125, 11.375, 10.75], "texture": "#0"},
				"up": {"uv": [11.25, 10.125, 11.375, 10.25], "texture": "#0"},
				"down": {"uv": [11.25, 10.625, 11.375, 10.75], "texture": "#0"}
			}
		},
		{
			"name": "ancient_royal_greatsword_56",
			"from": [7.625, 5.625, 7.6],
			"to": [7.875, 5.875, 8.025],
			"faces": {
				"north": {"uv": [12.625, 10.125, 12.375, 10.375], "texture": "#0"},
				"east": {"uv": [12.5, 10.125, 12.625, 10.375], "texture": "#0"},
				"south": {"uv": [12.375, 10.125, 12.625, 10.375], "texture": "#0"},
				"west": {"uv": [12.375, 10.125, 12.5, 10.375], "texture": "#0"},
				"up": {"uv": [12.375, 10.125, 12.625, 10.25], "texture": "#0"},
				"down": {"uv": [12.375, 10.25, 12.625, 10.375], "texture": "#0"}
			}
		},
		{
			"name": "ancient_royal_greatsword_57",
			"from": [8.125, 5.625, 7.6],
			"to": [8.375, 5.875, 8.025],
			"faces": {
				"north": {"uv": [13.125, 10.125, 12.875, 10.375], "texture": "#0"},
				"east": {"uv": [13, 10.125, 13.125, 10.375], "texture": "#0"},
				"south": {"uv": [12.875, 10.125, 13.125, 10.375], "texture": "#0"},
				"west": {"uv": [12.875, 10.125, 13, 10.375], "texture": "#0"},
				"up": {"uv": [12.875, 10.125, 13.125, 10.25], "texture": "#0"},
				"down": {"uv": [12.875, 10.25, 13.125, 10.375], "texture": "#0"}
			}
		},
		{
			"name": "ancient_royal_greatsword_58",
			"from": [7.875, 5.25, 7.75],
			"to": [8.125, 5.75, 7.875],
			"faces": {
				"north": {"uv": [8.125, 10.25, 7.875, 10.75], "texture": "#0"},
				"east": {"uv": [8, 10.25, 8.125, 10.75], "texture": "#0"},
				"south": {"uv": [7.875, 10.25, 8.125, 10.75], "texture": "#0"},
				"west": {"uv": [7.875, 10.25, 8, 10.75], "texture": "#0"},
				"up": {"uv": [7.875, 10.25, 8.125, 10.375], "texture": "#0"},
				"down": {"uv": [7.875, 10.625, 8.125, 10.75], "texture": "#0"}
			}
		},
		{
			"name": "ancient_royal_greatsword_59",
			"from": [7.25, 5.625, 7.65],
			"to": [7.375, 5.75, 7.975],
			"faces": {
				"north": {"uv": [10.125, 10.25, 10, 10.375], "texture": "#0"},
				"east": {"uv": [10, 10.25, 10.125, 10.375], "texture": "#0"},
				"south": {"uv": [10, 10.25, 10.125, 10.375], "texture": "#0"},
				"west": {"uv": [10, 10.25, 10.125, 10.375], "texture": "#0"},
				"up": {"uv": [10, 10.25, 10.125, 10.375], "texture": "#0"},
				"down": {"uv": [10, 10.25, 10.125, 10.375], "texture": "#0"}
			}
		},
		{
			"name": "ancient_royal_greatsword_60",
			"from": [7.5, 5.625, 7.65],
			"to": [7.625, 5.75, 7.975],
			"faces": {
				"north": {"uv": [10.375, 10.25, 10.25, 10.375], "texture": "#0"},
				"east": {"uv": [10.25, 10.25, 10.375, 10.375], "texture": "#0"},
				"south": {"uv": [10.25, 10.25, 10.375, 10.375], "texture": "#0"},
				"west": {"uv": [10.25, 10.25, 10.375, 10.375], "texture": "#0"},
				"up": {"uv": [10.25, 10.25, 10.375, 10.375], "texture": "#0"},
				"down": {"uv": [10.25, 10.25, 10.375, 10.375], "texture": "#0"}
			}
		},
		{
			"name": "ancient_royal_greatsword_61",
			"from": [8.375, 5.625, 7.65],
			"to": [8.5, 5.75, 7.975],
			"faces": {
				"north": {"uv": [11.25, 10.25, 11.125, 10.375], "texture": "#0"},
				"east": {"uv": [11.125, 10.25, 11.25, 10.375], "texture": "#0"},
				"south": {"uv": [11.125, 10.25, 11.25, 10.375], "texture": "#0"},
				"west": {"uv": [11.125, 10.25, 11.25, 10.375], "texture": "#0"},
				"up": {"uv": [11.125, 10.25, 11.25, 10.375], "texture": "#0"},
				"down": {"uv": [11.125, 10.25, 11.25, 10.375], "texture": "#0"}
			}
		},
		{
			"name": "ancient_royal_greatsword_62",
			"from": [8.625, 5.625, 7.65],
			"to": [8.75, 5.75, 7.975],
			"faces": {
				"north": {"uv": [11.5, 10.25, 11.375, 10.375], "texture": "#0"},
				"east": {"uv": [11.375, 10.25, 11.5, 10.375], "texture": "#0"},
				"south": {"uv": [11.375, 10.25, 11.5, 10.375], "texture": "#0"},
				"west": {"uv": [11.375, 10.25, 11.5, 10.375], "texture": "#0"},
				"up": {"uv": [11.375, 10.25, 11.5, 10.375], "texture": "#0"},
				"down": {"uv": [11.375, 10.25, 11.5, 10.375], "texture": "#0"}
			}
		},
		{
			"name": "ancient_royal_greatsword_63",
			"from": [7.75, 5.375, 7.75],
			"to": [7.875, 5.625, 7.875],
			"faces": {
				"north": {"uv": [7.875, 10.375, 7.75, 10.625], "texture": "#0"},
				"east": {"uv": [7.75, 10.375, 7.875, 10.625], "texture": "#0"},
				"south": {"uv": [7.75, 10.375, 7.875, 10.625], "texture": "#0"},
				"west": {"uv": [7.75, 10.375, 7.875, 10.625], "texture": "#0"},
				"up": {"uv": [7.75, 10.375, 7.875, 10.5], "texture": "#0"},
				"down": {"uv": [7.75, 10.5, 7.875, 10.625], "texture": "#0"}
			}
		},
		{
			"name": "ancient_royal_greatsword_64",
			"from": [8.125, 5.375, 7.75],
			"to": [8.25, 5.625, 7.875],
			"faces": {
				"north": {"uv": [8.25, 10.375, 8.125, 10.625], "texture": "#0"},
				"east": {"uv": [8.125, 10.375, 8.25, 10.625], "texture": "#0"},
				"south": {"uv": [8.125, 10.375, 8.25, 10.625], "texture": "#0"},
				"west": {"uv": [8.125, 10.375, 8.25, 10.625], "texture": "#0"},
				"up": {"uv": [8.125, 10.375, 8.25, 10.5], "texture": "#0"},
				"down": {"uv": [8.125, 10.5, 8.25, 10.625], "texture": "#0"}
			}
		},
		{
			"name": "ancient_royal_greatsword_65",
			"from": [7, 5.125, 7.65],
			"to": [7.125, 5.625, 7.975],
			"faces": {
				"north": {"uv": [9.875, 10.375, 9.75, 10.875], "texture": "#0"},
				"east": {"uv": [9.75, 10.375, 9.875, 10.875], "texture": "#0"},
				"south": {"uv": [9.75, 10.375, 9.875, 10.875], "texture": "#0"},
				"west": {"uv": [9.75, 10.375, 9.875, 10.875], "texture": "#0"},
				"up": {"uv": [9.75, 10.375, 9.875, 10.5], "texture": "#0"},
				"down": {"uv": [9.75, 10.75, 9.875, 10.875], "texture": "#0"}
			}
		},
		{
			"name": "ancient_royal_greatsword_66",
			"from": [8.875, 5.125, 7.65],
			"to": [9, 5.625, 7.975],
			"faces": {
				"north": {"uv": [11.75, 10.375, 11.625, 10.875], "texture": "#0"},
				"east": {"uv": [11.625, 10.375, 11.75, 10.875], "texture": "#0"},
				"south": {"uv": [11.625, 10.375, 11.75, 10.875], "texture": "#0"},
				"west": {"uv": [11.625, 10.375, 11.75, 10.875], "texture": "#0"},
				"up": {"uv": [11.625, 10.375, 11.75, 10.5], "texture": "#0"},
				"down": {"uv": [11.625, 10.75, 11.75, 10.875], "texture": "#0"}
			}
		},
		{
			"name": "ancient_royal_greatsword_67",
			"from": [7.5, 5.375, 7.6],
			"to": [7.75, 5.625, 8.025],
			"faces": {
				"north": {"uv": [12.5, 10.375, 12.25, 10.625], "texture": "#0"},
				"east": {"uv": [12.375, 10.375, 12.5, 10.625], "texture": "#0"},
				"south": {"uv": [12.25, 10.375, 12.5, 10.625], "texture": "#0"},
				"west": {"uv": [12.25, 10.375, 12.375, 10.625], "texture": "#0"},
				"up": {"uv": [12.25, 10.375, 12.5, 10.5], "texture": "#0"},
				"down": {"uv": [12.25, 10.5, 12.5, 10.625], "texture": "#0"}
			}
		},
		{
			"name": "ancient_royal_greatsword_68",
			"from": [8.25, 5.375, 7.6],
			"to": [8.5, 5.625, 8.025],
			"faces": {
				"north": {"uv": [13.25, 10.375, 13, 10.625], "texture": "#0"},
				"east": {"uv": [13.125, 10.375, 13.25, 10.625], "texture": "#0"},
				"south": {"uv": [13, 10.375, 13.25, 10.625], "texture": "#0"},
				"west": {"uv": [13, 10.375, 13.125, 10.625], "texture": "#0"},
				"up": {"uv": [13, 10.375, 13.25, 10.5], "texture": "#0"},
				"down": {"uv": [13, 10.5, 13.25, 10.625], "texture": "#0"}
			}
		},
		{
			"name": "ancient_royal_greatsword_69",
			"from": [6.875, 5.25, 7.65],
			"to": [7, 5.5, 7.975],
			"faces": {
				"north": {"uv": [9.75, 10.5, 9.625, 10.75], "texture": "#0"},
				"east": {"uv": [9.625, 10.5, 9.75, 10.75], "texture": "#0"},
				"south": {"uv": [9.625, 10.5, 9.75, 10.75], "texture": "#0"},
				"west": {"uv": [9.625, 10.5, 9.75, 10.75], "texture": "#0"},
				"up": {"uv": [9.625, 10.5, 9.75, 10.625], "texture": "#0"},
				"down": {"uv": [9.625, 10.625, 9.75, 10.75], "texture": "#0"}
			}
		},
		{
			"name": "ancient_royal_greatsword_70",
			"from": [7.125, 5.25, 7.65],
			"to": [7.375, 5.5, 7.975],
			"faces": {
				"north": {"uv": [10.125, 10.5, 9.875, 10.75], "texture": "#0"},
				"east": {"uv": [10, 10.5, 10.125, 10.75], "texture": "#0"},
				"south": {"uv": [9.875, 10.5, 10.125, 10.75], "texture": "#0"},
				"west": {"uv": [9.875, 10.5, 10, 10.75], "texture": "#0"},
				"up": {"uv": [9.875, 10.5, 10.125, 10.625], "texture": "#0"},
				"down": {"uv": [9.875, 10.625, 10.125, 10.75], "texture": "#0"}
			}
		},
		{
			"name": "ancient_royal_greatsword_71",
			"from": [8.625, 5.25, 7.65],
			"to": [8.875, 5.5, 7.975],
			"faces": {
				"north": {"uv": [11.625, 10.5, 11.375, 10.75], "texture": "#0"},
				"east": {"uv": [11.5, 10.5, 11.625, 10.75], "texture": "#0"},
				"south": {"uv": [11.375, 10.5, 11.625, 10.75], "texture": "#0"},
				"west": {"uv": [11.375, 10.5, 11.5, 10.75], "texture": "#0"},
				"up": {"uv": [11.375, 10.5, 11.625, 10.625], "texture": "#0"},
				"down": {"uv": [11.375, 10.625, 11.625, 10.75], "texture": "#0"}
			}
		},
		{
			"name": "ancient_royal_greatsword_72",
			"from": [9, 5.25, 7.65],
			"to": [9.125, 5.5, 7.975],
			"faces": {
				"north": {"uv": [11.875, 10.5, 11.75, 10.75], "texture": "#0"},
				"east": {"uv": [11.75, 10.5, 11.875, 10.75], "texture": "#0"},
				"south": {"uv": [11.75, 10.5, 11.875, 10.75], "texture": "#0"},
				"west": {"uv": [11.75, 10.5, 11.875, 10.75], "texture": "#0"},
				"up": {"uv": [11.75, 10.5, 11.875, 10.625], "texture": "#0"},
				"down": {"uv": [11.75, 10.625, 11.875, 10.75], "texture": "#0"}
			}
		},
		{
			"name": "ancient_royal_greatsword_73",
			"from": [7.5, 4.875, 7.65],
			"to": [7.625, 5.375, 7.975],
			"faces": {
				"north": {"uv": [10.375, 10.625, 10.25, 11.125], "texture": "#0"},
				"east": {"uv": [10.25, 10.625, 10.375, 11.125], "texture": "#0"},
				"south": {"uv": [10.25, 10.625, 10.375, 11.125], "texture": "#0"},
				"west": {"uv": [10.25, 10.625, 10.375, 11.125], "texture": "#0"},
				"up": {"uv": [10.25, 10.625, 10.375, 10.75], "texture": "#0"},
				"down": {"uv": [10.25, 11, 10.375, 11.125], "texture": "#0"}
			}
		},
		{
			"name": "ancient_royal_greatsword_74",
			"from": [8.375, 4.875, 7.65],
			"to": [8.5, 5.375, 7.975],
			"faces": {
				"north": {"uv": [11.25, 10.625, 11.125, 11.125], "texture": "#0"},
				"east": {"uv": [11.125, 10.625, 11.25, 11.125], "texture": "#0"},
				"south": {"uv": [11.125, 10.625, 11.25, 11.125], "texture": "#0"},
				"west": {"uv": [11.125, 10.625, 11.25, 11.125], "texture": "#0"},
				"up": {"uv": [11.125, 10.625, 11.25, 10.75], "texture": "#0"},
				"down": {"uv": [11.125, 11, 11.25, 11.125], "texture": "#0"}
			}
		},
		{
			"name": "ancient_royal_greatsword_75",
			"from": [7.625, 5.125, 7.6],
			"to": [7.875, 5.375, 8.025],
			"faces": {
				"north": {"uv": [12.625, 10.625, 12.375, 10.875], "texture": "#0"},
				"east": {"uv": [12.5, 10.625, 12.625, 10.875], "texture": "#0"},
				"south": {"uv": [12.375, 10.625, 12.625, 10.875], "texture": "#0"},
				"west": {"uv": [12.375, 10.625, 12.5, 10.875], "texture": "#0"},
				"up": {"uv": [12.375, 10.625, 12.625, 10.75], "texture": "#0"},
				"down": {"uv": [12.375, 10.75, 12.625, 10.875], "texture": "#0"}
			}
		},
		{
			"name": "ancient_royal_greatsword_76",
			"from": [8.125, 5.125, 7.6],
			"to": [8.375, 5.375, 8.025],
			"faces": {
				"north": {"uv": [13.125, 10.625, 12.875, 10.875], "texture": "#0"},
				"east": {"uv": [13, 10.625, 13.125, 10.875], "texture": "#0"},
				"south": {"uv": [12.875, 10.625, 13.125, 10.875], "texture": "#0"},
				"west": {"uv": [12.875, 10.625, 13, 10.875], "texture": "#0"},
				"up": {"uv": [12.875, 10.625, 13.125, 10.75], "texture": "#0"},
				"down": {"uv": [12.875, 10.75, 13.125, 10.875], "texture": "#0"}
			}
		},
		{
			"name": "ancient_royal_greatsword_77",
			"from": [7.875, 5, 7.6],
			"to": [8.125, 5.25, 8.025],
			"faces": {
				"north": {"uv": [12.875, 10.75, 12.625, 11], "texture": "#0"},
				"east": {"uv": [12.75, 10.75, 12.875, 11], "texture": "#0"},
				"south": {"uv": [12.625, 10.75, 12.875, 11], "texture": "#0"},
				"west": {"uv": [12.625, 10.75, 12.75, 11], "texture": "#0"},
				"up": {"uv": [12.625, 10.75, 12.875, 10.875], "texture": "#0"},
				"down": {"uv": [12.625, 10.875, 12.875, 11], "texture": "#0"}
			}
		},
		{
			"name": "ancient_royal_greatsword_78",
			"from": [7.375, 4.75, 7.65],
			"to": [7.5, 5.125, 7.975],
			"faces": {
				"north": {"uv": [10.25, 10.875, 10.125, 11.25], "texture": "#0"},
				"east": {"uv": [10.125, 10.875, 10.25, 11.25], "texture": "#0"},
				"south": {"uv": [10.125, 10.875, 10.25, 11.25], "texture": "#0"},
				"west": {"uv": [10.125, 10.875, 10.25, 11.25], "texture": "#0"},
				"up": {"uv": [10.125, 10.875, 10.25, 11], "texture": "#0"},
				"down": {"uv": [10.125, 11.125, 10.25, 11.25], "texture": "#0"}
			}
		},
		{
			"name": "ancient_royal_greatsword_79",
			"from": [7.625, 5, 7.65],
			"to": [7.875, 5.125, 7.975],
			"faces": {
				"north": {"uv": [10.625, 10.875, 10.375, 11], "texture": "#0"},
				"east": {"uv": [10.5, 10.875, 10.625, 11], "texture": "#0"},
				"south": {"uv": [10.375, 10.875, 10.625, 11], "texture": "#0"},
				"west": {"uv": [10.375, 10.875, 10.5, 11], "texture": "#0"},
				"up": {"uv": [10.375, 10.875, 10.625, 11], "texture": "#0"},
				"down": {"uv": [10.375, 10.875, 10.625, 11], "texture": "#0"}
			}
		},
		{
			"name": "ancient_royal_greatsword_80",
			"from": [8.125, 5, 7.65],
			"to": [8.375, 5.125, 7.975],
			"faces": {
				"north": {"uv": [11.125, 10.875, 10.875, 11], "texture": "#0"},
				"east": {"uv": [11, 10.875, 11.125, 11], "texture": "#0"},
				"south": {"uv": [10.875, 10.875, 11.125, 11], "texture": "#0"},
				"west": {"uv": [10.875, 10.875, 11, 11], "texture": "#0"},
				"up": {"uv": [10.875, 10.875, 11.125, 11], "texture": "#0"},
				"down": {"uv": [10.875, 10.875, 11.125, 11], "texture": "#0"}
			}
		},
		{
			"name": "ancient_royal_greatsword_81",
			"from": [8.5, 4.75, 7.65],
			"to": [8.625, 5.125, 7.975],
			"faces": {
				"north": {"uv": [11.375, 10.875, 11.25, 11.25], "texture": "#0"},
				"east": {"uv": [11.25, 10.875, 11.375, 11.25], "texture": "#0"},
				"south": {"uv": [11.25, 10.875, 11.375, 11.25], "texture": "#0"},
				"west": {"uv": [11.25, 10.875, 11.375, 11.25], "texture": "#0"},
				"up": {"uv": [11.25, 10.875, 11.375, 11], "texture": "#0"},
				"down": {"uv": [11.25, 11.125, 11.375, 11.25], "texture": "#0"}
			}
		},
		{
			"name": "ancient_royal_greatsword_82",
			"from": [7.75, 4.75, 7.6],
			"to": [7.875, 5, 8.025],
			"faces": {
				"north": {"uv": [7.875, 11, 7.75, 11.25], "texture": "#0"},
				"east": {"uv": [7.75, 11, 7.875, 11.25], "texture": "#0"},
				"south": {"uv": [7.75, 11, 7.875, 11.25], "texture": "#0"},
				"west": {"uv": [7.75, 11, 7.875, 11.25], "texture": "#0"},
				"up": {"uv": [7.75, 11, 7.875, 11.125], "texture": "#0"},
				"down": {"uv": [7.75, 11.125, 7.875, 11.25], "texture": "#0"}
			}
		},
		{
			"name": "ancient_royal_greatsword_83",
			"from": [8.125, 4.75, 7.6],
			"to": [8.25, 5, 8.025],
			"faces": {
				"north": {"uv": [8.25, 11, 8.125, 11.25], "texture": "#0"},
				"east": {"uv": [8.125, 11, 8.25, 11.25], "texture": "#0"},
				"south": {"uv": [8.125, 11, 8.25, 11.25], "texture": "#0"},
				"west": {"uv": [8.125, 11, 8.25, 11.25], "texture": "#0"},
				"up": {"uv": [8.125, 11, 8.25, 11.125], "texture": "#0"},
				"down": {"uv": [8.125, 11.125, 8.25, 11.25], "texture": "#0"}
			}
		},
		{
			"name": "ancient_royal_greatsword_84",
			"from": [7.25, 4.75, 7.65],
			"to": [7.375, 5, 7.975],
			"faces": {
				"north": {"uv": [10.125, 11, 10, 11.25], "texture": "#0"},
				"east": {"uv": [10, 11, 10.125, 11.25], "texture": "#0"},
				"south": {"uv": [10, 11, 10.125, 11.25], "texture": "#0"},
				"west": {"uv": [10, 11, 10.125, 11.25], "texture": "#0"},
				"up": {"uv": [10, 11, 10.125, 11.125], "texture": "#0"},
				"down": {"uv": [10, 11.125, 10.125, 11.25], "texture": "#0"}
			}
		},
		{
			"name": "ancient_royal_greatsword_85",
			"from": [7.875, 4.875, 7.65],
			"to": [8.125, 5, 7.975],
			"faces": {
				"north": {"uv": [10.875, 11, 10.625, 11.125], "texture": "#0"},
				"east": {"uv": [10.75, 11, 10.875, 11.125], "texture": "#0"},
				"south": {"uv": [10.625, 11, 10.875, 11.125], "texture": "#0"},
				"west": {"uv": [10.625, 11, 10.75, 11.125], "texture": "#0"},
				"up": {"uv": [10.625, 11, 10.875, 11.125], "texture": "#0"},
				"down": {"uv": [10.625, 11, 10.875, 11.125], "texture": "#0"}
			}
		},
		{
			"name": "ancient_royal_greatsword_86",
			"from": [8.625, 4.75, 7.65],
			"to": [8.75, 5, 7.975],
			"faces": {
				"north": {"uv": [11.5, 11, 11.375, 11.25], "texture": "#0"},
				"east": {"uv": [11.375, 11, 11.5, 11.25], "texture": "#0"},
				"south": {"uv": [11.375, 11, 11.5, 11.25], "texture": "#0"},
				"west": {"uv": [11.375, 11, 11.5, 11.25], "texture": "#0"},
				"up": {"uv": [11.375, 11, 11.5, 11.125], "texture": "#0"},
				"down": {"uv": [11.375, 11.125, 11.5, 11.25], "texture": "#0"}
			}
		},
		{
			"name": "ancient_royal_greatsword_87",
			"from": [7.875, 4.75, 7.6],
			"to": [8.125, 4.875, 8.025],
			"faces": {
				"north": {"uv": [8.125, 11.125, 7.875, 11.25], "texture": "#0"},
				"east": {"uv": [8, 11.125, 8.125, 11.25], "texture": "#0"},
				"south": {"uv": [7.875, 11.125, 8.125, 11.25], "texture": "#0"},
				"west": {"uv": [7.875, 11.125, 8, 11.25], "texture": "#0"},
				"up": {"uv": [7.875, 11.125, 8.125, 11.25], "texture": "#0"},
				"down": {"uv": [7.875, 11.125, 8.125, 11.25], "texture": "#0"}
			}
		},
		{
			"name": "ancient_royal_greatsword_88",
			"from": [7.625, 4.5, 7.45],
			"to": [8.375, 4.75, 8.175],
			"faces": {
				"north": {"uv": [11.125, 11.25, 10.375, 11.5], "texture": "#0"},
				"east": {"uv": [11.125, 11.25, 10.375, 11.5], "texture": "#0"},
				"south": {"uv": [10.375, 11.25, 11.125, 11.5], "texture": "#0"},
				"west": {"uv": [11.125, 11.25, 10.375, 11.5], "texture": "#0"},
				"up": {"uv": [10.375, 11.25, 11.125, 11.375], "texture": "#0"},
				"down": {"uv": [10.375, 11.375, 11.125, 11.5], "texture": "#0"}
			}
		},
		{
			"name": "ancient_royal_greatsword_89",
			"from": [7.75, 2.375, 7.6],
			"to": [8.25, 4.5, 8.025],
			"faces": {
				"north": {"uv": [8.25, 11.5, 7.75, 13.625], "texture": "#0"},
				"east": {"uv": [8.125, 11.5, 8.25, 13.625], "texture": "#0"},
				"south": {"uv": [7.75, 11.5, 8.25, 13.625], "texture": "#0"},
				"west": {"uv": [7.75, 11.5, 7.875, 13.625], "texture": "#0"},
				"up": {"uv": [7.75, 11.5, 8.25, 11.625], "texture": "#0"},
				"down": {"uv": [7.75, 13.5, 8.25, 13.625], "texture": "#0"}
			}
		},
		{
			"name": "ancient_royal_greatsword_90",
			"from": [7.625, 2.125, 7.45],
			"to": [8.375, 2.375, 8.175],
			"faces": {
				"north": {"uv": [11.125, 13.625, 10.375, 13.875], "texture": "#0"},
				"east": {"uv": [11.125, 13.625, 10.375, 13.875], "texture": "#0"},
				"south": {"uv": [10.375, 13.625, 11.125, 13.875], "texture": "#0"},
				"west": {"uv": [11.125, 13.625, 10.375, 13.875], "texture": "#0"},
				"up": {"uv": [10.375, 13.625, 11.125, 13.75], "texture": "#0"},
				"down": {"uv": [10.375, 13.75, 11.125, 13.875], "texture": "#0"}
			}
		},
		{
			"name": "ancient_royal_greatsword_91",
			"from": [7.75, 2, 7.55],
			"to": [8.25, 2.125, 8.075],
			"faces": {
				"north": {"uv": [11, 14.125, 10.5, 14.25], "texture": "#0"},
				"east": {"uv": [10.875, 14.125, 11, 14.25], "texture": "#0"},
				"south": {"uv": [10.5, 14.125, 11, 14.25], "texture": "#0"},
				"west": {"uv": [10.5, 14.125, 10.625, 14.25], "texture": "#0"},
				"up": {"uv": [10.5, 14.125, 11, 14.25], "texture": "#0"},
				"down": {"uv": [10.5, 14.125, 11, 14.25], "texture": "#0"}
			}
		},
		{
			"name": "ancient_royal_greatsword_92",
			"from": [7.625, 1.625, 7.45],
			"to": [8.375, 2, 8.175],
			"faces": {
				"north": {"uv": [11.125, 14.5, 10.375, 14.875], "texture": "#0"},
				"east": {"uv": [11.125, 14.5, 10.375, 14.875], "texture": "#0"},
				"south": {"uv": [10.375, 14.5, 11.125, 14.875], "texture": "#0"},
				"west": {"uv": [11.125, 14.5, 10.375, 14.875], "texture": "#0"},
				"up": {"uv": [10.375, 14.5, 11.125, 14.625], "texture": "#0"},
				"down": {"uv": [10.375, 14.75, 11.125, 14.875], "texture": "#0"}
			}
		},
		{
			"name": "ancient_royal_greatsword_93",
			"from": [7.875, 1.5, 7.65],
			"to": [8.125, 1.625, 7.975],
			"faces": {
				"north": {"uv": [10.875, 15.125, 10.625, 15.25], "texture": "#0"},
				"east": {"uv": [10.75, 15.125, 10.875, 15.25], "texture": "#0"},
				"south": {"uv": [10.625, 15.125, 10.875, 15.25], "texture": "#0"},
				"west": {"uv": [10.625, 15.125, 10.75, 15.25], "texture": "#0"},
				"up": {"uv": [10.625, 15.125, 10.875, 15.25], "texture": "#0"},
				"down": {"uv": [10.625, 15.125, 10.875, 15.25], "texture": "#0"}
			}
		},
		{
			"name": "ancient_royal_greatsword_94",
			"from": [7.75, 1.25, 7.55],
			"to": [8.25, 1.5, 8.075],
			"faces": {
				"north": {"uv": [11, 15.5, 10.5, 15.75], "texture": "#0"},
				"east": {"uv": [11, 15.5, 10.5, 15.75], "texture": "#0"},
				"south": {"uv": [10.5, 15.5, 11, 15.75], "texture": "#0"},
				"west": {"uv": [11, 15.5, 10.5, 15.75], "texture": "#0"},
				"up": {"uv": [10.5, 15.5, 11, 15.625], "texture": "#0"},
				"down": {"uv": [10.5, 15.625, 11, 15.75], "texture": "#0"}
			}
		}
	],
	"gui_light": "front",
	"display": {
		"thirdperson_righthand": {
			"rotation": [0, -90, 0],
			"translation": [0, 12, 1.5],
			"scale": [3.25, 3.25, 3]
		},
		"thirdperson_lefthand": {
			"rotation": [0, -90, 0],
			"translation": [-0.5, 12, 1.5],
			"scale": [3.25, 3.25, 3]
		},
		"firstperson_righthand": {
			"rotation": [0, -90, -4],
			"translation": [0.75, 7.25, 1.5],
			"scale": [2, 2, 1.75]
		},
		"firstperson_lefthand": {
			"rotation": [0, 90, 1],
			"translation": [1.5, 6.75, 0.5],
			"scale": [2, 2, 1.75]
		},
		"ground": {
			"translation": [0, 8.5, 0],
			"scale": [2.5, 2.5, 2.5]
		},
		"gui": {
			"rotation": [0, 0, -42],
			"translation": [1.5, 1.5, 0],
			"scale": [2, 2, 1]
		},
		"fixed": {
			"rotation": [-180, 0, 138],
			"translation": [-1.25, 1.75, -0.75],
			"scale": [4, 4, 3]
		}
	},
	"groups": [
		{
			"name": "ancient_royal_greatsword",
			"origin": [8, 8, 8],
			"color": 0,
			"children": [
				0,
				1,
				2,
				3,
				4,
				5,
				6,
				7,
				8,
				9,
				10,
				11,
				12,
				13,
				14,
				15,
				16,
				17,
				18,
				19,
				20,
				21,
				22,
				23,
				24,
				25,
				26,
				27,
				28,
				29,
				30,
				31,
				32,
				33,
				34,
				35,
				36,
				37,
				38,
				39,
				40,
				41,
				42,
				43,
				44,
				45,
				46,
				47,
				48,
				49,
				50,
				51,
				52,
				53,
				54,
				55,
				56,
				57,
				58,
				59,
				60,
				61,
				62,
				63,
				64,
				65,
				66,
				67,
				68,
				69,
				70,
				71,
				72,
				73,
				74,
				75,
				76,
				77,
				78,
				79,
				80,
				81,
				82,
				83,
				84,
				85,
				86,
				87,
				88,
				89,
				90,
				91,
				92,
				93,
				94
			]
		}
	]
}