{
	"credit": "Made with Blockbench",
	"textures": {
		"0": "prominent:item/transmog/aquantic_sacret_blade",
		"particle": "prominent:item/transmog/aquantic_sacret_blade"
	},
	"elements": [
		{
			"name": "aquantic_sacret_blade_0",
			"from": [8.75, 13.875, 8],
			"to": [8.875, 14.375, 8.125],
			"faces": {
				"north": {"uv": [9.375, 1.625, 9.25, 2.125], "texture": "#0"},
				"east": {"uv": [9.25, 1.625, 9.375, 2.125], "texture": "#0"},
				"south": {"uv": [9.25, 1.625, 9.375, 2.125], "texture": "#0"},
				"west": {"uv": [9.25, 1.625, 9.375, 2.125], "texture": "#0"},
				"up": {"uv": [9.25, 1.625, 9.375, 1.75], "texture": "#0"}
			}
		},
		{
			"name": "aquantic_sacret_blade_1",
			"from": [8.625, 13.75, 8],
			"to": [8.75, 14.25, 8.125],
			"faces": {
				"north": {"uv": [9.25, 1.75, 9.125, 2.25], "texture": "#0"},
				"south": {"uv": [9.125, 1.75, 9.25, 2.25], "texture": "#0"},
				"west": {"uv": [9.125, 1.75, 9.25, 2.25], "texture": "#0"},
				"up": {"uv": [9.125, 1.75, 9.25, 1.875], "texture": "#0"}
			}
		},
		{
			"name": "aquantic_sacret_blade_2",
			"from": [8.5, 13.625, 8],
			"to": [8.625, 14.125, 8.125],
			"faces": {
				"north": {"uv": [9.125, 1.875, 9, 2.375], "texture": "#0"},
				"south": {"uv": [9, 1.875, 9.125, 2.375], "texture": "#0"},
				"west": {"uv": [9, 1.875, 9.125, 2.375], "texture": "#0"},
				"up": {"uv": [9, 1.875, 9.125, 2], "texture": "#0"}
			}
		},
		{
			"name": "aquantic_sacret_blade_3",
			"from": [8.375, 13.5, 8],
			"to": [8.5, 14, 8.125],
			"faces": {
				"north": {"uv": [9, 2, 8.875, 2.5], "texture": "#0"},
				"south": {"uv": [8.875, 2, 9, 2.5], "texture": "#0"},
				"west": {"uv": [8.875, 2, 9, 2.5], "texture": "#0"},
				"up": {"uv": [8.875, 2, 9, 2.125], "texture": "#0"}
			}
		},
		{
			"name": "aquantic_sacret_blade_4",
			"from": [8.25, 12.875, 8],
			"to": [8.375, 13.875, 8.125],
			"faces": {
				"north": {"uv": [8.875, 2.125, 8.75, 3.125], "texture": "#0"},
				"south": {"uv": [8.75, 2.125, 8.875, 3.125], "texture": "#0"},
				"west": {"uv": [8.75, 2.125, 8.875, 3.125], "texture": "#0"},
				"up": {"uv": [8.75, 2.125, 8.875, 2.25], "texture": "#0"}
			}
		},
		{
			"name": "aquantic_sacret_blade_5",
			"from": [8.75, 13.625, 7.95],
			"to": [8.875, 13.875, 8.175],
			"faces": {
				"north": {"uv": [9.875, 2.125, 9.75, 2.375], "texture": "#0"},
				"east": {"uv": [9.75, 2.125, 9.875, 2.375], "texture": "#0"},
				"south": {"uv": [9.75, 2.125, 9.875, 2.375], "texture": "#0"},
				"west": {"uv": [9.75, 2.125, 9.875, 2.375], "texture": "#0"},
				"up": {"uv": [9.75, 2.125, 9.875, 2.25], "texture": "#0"},
				"down": {"uv": [9.75, 2.25, 9.875, 2.375], "texture": "#0"}
			}
		},
		{
			"name": "aquantic_sacret_blade_6",
			"from": [8.625, 13.25, 7.95],
			"to": [8.75, 13.75, 8.175],
			"faces": {
				"north": {"uv": [9.75, 2.25, 9.625, 2.75], "texture": "#0"},
				"east": {"uv": [9.625, 2.25, 9.75, 2.75], "texture": "#0"},
				"south": {"uv": [9.625, 2.25, 9.75, 2.75], "texture": "#0"},
				"west": {"uv": [9.625, 2.25, 9.75, 2.75], "texture": "#0"},
				"up": {"uv": [9.625, 2.25, 9.75, 2.375], "texture": "#0"},
				"down": {"uv": [9.625, 2.625, 9.75, 2.75], "texture": "#0"}
			}
		},
		{
			"name": "aquantic_sacret_blade_7",
			"from": [8.125, 12.25, 8],
			"to": [8.25, 13.625, 8.125],
			"faces": {
				"north": {"uv": [8.75, 2.375, 8.625, 3.75], "texture": "#0"},
				"south": {"uv": [8.625, 2.375, 8.75, 3.75], "texture": "#0"},
				"west": {"uv": [8.625, 2.375, 8.75, 3.75], "texture": "#0"},
				"up": {"uv": [8.625, 2.375, 8.75, 2.5], "texture": "#0"}
			}
		},
		{
			"name": "aquantic_sacret_blade_8",
			"from": [8.5, 12.375, 7.95],
			"to": [8.625, 13.625, 8.175],
			"faces": {
				"north": {"uv": [9.625, 2.375, 9.5, 3.625], "texture": "#0"},
				"east": {"uv": [9.5, 2.375, 9.625, 3.625], "texture": "#0"},
				"south": {"uv": [9.5, 2.375, 9.625, 3.625], "texture": "#0"},
				"west": {"uv": [9.5, 2.375, 9.625, 3.625], "texture": "#0"},
				"up": {"uv": [9.5, 2.375, 9.625, 2.5], "texture": "#0"},
				"down": {"uv": [9.5, 3.5, 9.625, 3.625], "texture": "#0"}
			}
		},
		{
			"name": "aquantic_sacret_blade_9",
			"from": [8.375, 11.75, 7.95],
			"to": [8.5, 13.5, 8.175],
			"faces": {
				"north": {"uv": [9.5, 2.5, 9.375, 4.25], "texture": "#0"},
				"east": {"uv": [9.375, 2.5, 9.5, 4.25], "texture": "#0"},
				"south": {"uv": [9.375, 2.5, 9.5, 4.25], "texture": "#0"},
				"west": {"uv": [9.375, 2.5, 9.5, 4.25], "texture": "#0"},
				"up": {"uv": [9.375, 2.5, 9.5, 2.625], "texture": "#0"},
				"down": {"uv": [9.375, 4.125, 9.5, 4.25], "texture": "#0"}
			}
		},
		{
			"name": "aquantic_sacret_blade_10",
			"from": [8, 11.75, 8],
			"to": [8.125, 13.375, 8.125],
			"faces": {
				"north": {"uv": [8.625, 2.625, 8.5, 4.25], "texture": "#0"},
				"south": {"uv": [8.5, 2.625, 8.625, 4.25], "texture": "#0"},
				"west": {"uv": [8.5, 2.625, 8.625, 4.25], "texture": "#0"},
				"up": {"uv": [8.5, 2.625, 8.625, 2.75], "texture": "#0"}
			}
		},
		{
			"name": "aquantic_sacret_blade_11",
			"from": [7.875, 8.75, 8],
			"to": [8, 12.875, 8.125],
			"faces": {
				"north": {"uv": [8.5, 3.125, 8.375, 7.25], "texture": "#0"},
				"south": {"uv": [8.375, 3.125, 8.5, 7.25], "texture": "#0"},
				"west": {"uv": [8.375, 3.125, 8.5, 7.25], "texture": "#0"},
				"up": {"uv": [8.375, 3.125, 8.5, 3.25], "texture": "#0"}
			}
		},
		{
			"name": "aquantic_sacret_blade_12",
			"from": [8.25, 8.25, 7.95],
			"to": [8.375, 12.875, 8.175],
			"faces": {
				"north": {"uv": [9.375, 3.125, 9.25, 7.75], "texture": "#0"},
				"east": {"uv": [9.25, 3.125, 9.375, 7.75], "texture": "#0"},
				"south": {"uv": [9.25, 3.125, 9.375, 7.75], "texture": "#0"},
				"west": {"uv": [9.25, 3.125, 9.375, 7.75], "texture": "#0"},
				"up": {"uv": [9.25, 3.125, 9.375, 3.25], "texture": "#0"}
			}
		},
		{
			"name": "aquantic_sacret_blade_13",
			"from": [8.125, 8.125, 7.95],
			"to": [8.25, 12.25, 8.175],
			"faces": {
				"north": {"uv": [9.25, 3.75, 9.125, 7.875], "texture": "#0"},
				"south": {"uv": [9.125, 3.75, 9.25, 7.875], "texture": "#0"},
				"west": {"uv": [9.125, 3.75, 9.25, 7.875], "texture": "#0"},
				"up": {"uv": [9.125, 3.75, 9.25, 3.875], "texture": "#0"}
			}
		},
		{
			"name": "aquantic_sacret_blade_14",
			"from": [7.75, 8.375, 8],
			"to": [7.875, 12.125, 8.125],
			"faces": {
				"north": {"uv": [8.375, 3.875, 8.25, 7.625], "texture": "#0"},
				"south": {"uv": [8.25, 3.875, 8.375, 7.625], "texture": "#0"},
				"west": {"uv": [8.25, 3.875, 8.375, 7.625], "texture": "#0"},
				"up": {"uv": [8.25, 3.875, 8.375, 4], "texture": "#0"}
			}
		},
		{
			"name": "aquantic_sacret_blade_15",
			"from": [8, 7.5, 7.95],
			"to": [8.125, 11.75, 8.175],
			"faces": {
				"north": {"uv": [9.125, 4.25, 9, 8.5], "texture": "#0"},
				"south": {"uv": [9, 4.25, 9.125, 8.5], "texture": "#0"},
				"west": {"uv": [9, 4.25, 9.125, 8.5], "texture": "#0"},
				"up": {"uv": [9, 4.25, 9.125, 4.375], "texture": "#0"}
			}
		},
		{
			"name": "aquantic_sacret_blade_16",
			"from": [7.625, 8.25, 8],
			"to": [7.75, 9.25, 8.125],
			"faces": {
				"north": {"uv": [8.25, 6.75, 8.125, 7.75], "texture": "#0"},
				"south": {"uv": [8.125, 6.75, 8.25, 7.75], "texture": "#0"},
				"west": {"uv": [8.125, 6.75, 8.25, 7.75], "texture": "#0"},
				"up": {"uv": [8.125, 6.75, 8.25, 6.875], "texture": "#0"}
			}
		},
		{
			"name": "aquantic_sacret_blade_17",
			"from": [8.25, 7.75, 7.9],
			"to": [8.375, 8.25, 8.225],
			"faces": {
				"north": {"uv": [10.125, 7, 10, 7.5], "texture": "#0"},
				"east": {"uv": [10, 7, 10.125, 7.5], "texture": "#0"},
				"south": {"uv": [10, 7, 10.125, 7.5], "texture": "#0"},
				"west": {"uv": [10, 7, 10.125, 7.5], "texture": "#0"},
				"up": {"uv": [10, 7, 10.125, 7.125], "texture": "#0"}
			}
		},
		{
			"name": "aquantic_sacret_blade_18",
			"from": [8.125, 7.875, 7.9],
			"to": [8.25, 8.125, 8.225],
			"faces": {
				"north": {"uv": [10, 7.125, 9.875, 7.375], "texture": "#0"},
				"south": {"uv": [9.875, 7.125, 10, 7.375], "texture": "#0"},
				"west": {"uv": [9.875, 7.125, 10, 7.375], "texture": "#0"},
				"up": {"uv": [9.875, 7.125, 10, 7.25], "texture": "#0"},
				"down": {"uv": [9.875, 7.25, 10, 7.375], "texture": "#0"}
			}
		},
		{
			"name": "aquantic_sacret_blade_19",
			"from": [8.375, 7.875, 7.9],
			"to": [8.5, 8.125, 8.225],
			"faces": {
				"north": {"uv": [10.25, 7.125, 10.125, 7.375], "texture": "#0"},
				"east": {"uv": [10.125, 7.125, 10.25, 7.375], "texture": "#0"},
				"south": {"uv": [10.125, 7.125, 10.25, 7.375], "texture": "#0"},
				"up": {"uv": [10.125, 7.125, 10.25, 7.25], "texture": "#0"}
			}
		},
		{
			"name": "aquantic_sacret_blade_20",
			"from": [7.5, 7.625, 8],
			"to": [7.625, 8.75, 8.125],
			"faces": {
				"north": {"uv": [8.125, 7.25, 8, 8.375], "texture": "#0"},
				"south": {"uv": [8, 7.25, 8.125, 8.375], "texture": "#0"},
				"west": {"uv": [8, 7.25, 8.125, 8.375], "texture": "#0"},
				"up": {"uv": [8, 7.25, 8.125, 7.375], "texture": "#0"},
				"down": {"uv": [8, 8.25, 8.125, 8.375], "texture": "#0"}
			}
		},
		{
			"name": "aquantic_sacret_blade_21",
			"from": [7.875, 8, 7.95],
			"to": [8, 8.75, 8.175],
			"faces": {
				"north": {"uv": [9, 7.25, 8.875, 8], "texture": "#0"},
				"south": {"uv": [8.875, 7.25, 9, 8], "texture": "#0"},
				"west": {"uv": [8.875, 7.25, 9, 8], "texture": "#0"},
				"up": {"uv": [8.875, 7.25, 9, 7.375], "texture": "#0"},
				"down": {"uv": [8.875, 7.875, 9, 8], "texture": "#0"}
			}
		},
		{
			"name": "aquantic_sacret_blade_22",
			"from": [7.375, 8, 8],
			"to": [7.5, 8.375, 8.125],
			"faces": {
				"north": {"uv": [8, 7.625, 7.875, 8], "texture": "#0"},
				"south": {"uv": [7.875, 7.625, 8, 8], "texture": "#0"},
				"west": {"uv": [7.875, 7.625, 8, 8], "texture": "#0"},
				"up": {"uv": [7.875, 7.625, 8, 7.75], "texture": "#0"},
				"down": {"uv": [7.875, 7.875, 8, 8], "texture": "#0"}
			}
		},
		{
			"name": "aquantic_sacret_blade_23",
			"from": [7.75, 8.125, 7.95],
			"to": [7.875, 8.375, 8.175],
			"faces": {
				"north": {"uv": [8.875, 7.625, 8.75, 7.875], "texture": "#0"},
				"south": {"uv": [8.75, 7.625, 8.875, 7.875], "texture": "#0"},
				"west": {"uv": [8.75, 7.625, 8.875, 7.875], "texture": "#0"},
				"up": {"uv": [8.75, 7.625, 8.875, 7.75], "texture": "#0"},
				"down": {"uv": [8.75, 7.75, 8.875, 7.875], "texture": "#0"}
			}
		},
		{
			"name": "aquantic_sacret_blade_24",
			"from": [8.375, 7.125, 7.85],
			"to": [8.875, 7.875, 8.275],
			"faces": {
				"north": {"uv": [10.625, 7.625, 10.125, 8.375], "texture": "#0"},
				"east": {"uv": [10.5, 7.625, 10.625, 8.375], "texture": "#0"},
				"south": {"uv": [10.125, 7.625, 10.625, 8.375], "texture": "#0"},
				"west": {"uv": [10.125, 7.625, 10.25, 8.375], "texture": "#0"},
				"up": {"uv": [10.125, 7.625, 10.625, 7.75], "texture": "#0"},
				"down": {"uv": [10.125, 8.25, 10.625, 8.375], "texture": "#0"}
			}
		},
		{
			"name": "aquantic_sacret_blade_25",
			"from": [7.25, 8.125, 8],
			"to": [7.375, 8.25, 8.125],
			"faces": {
				"north": {"uv": [7.875, 7.75, 7.75, 7.875], "texture": "#0"},
				"south": {"uv": [7.75, 7.75, 7.875, 7.875], "texture": "#0"},
				"west": {"uv": [7.75, 7.75, 7.875, 7.875], "texture": "#0"},
				"up": {"uv": [7.75, 7.75, 7.875, 7.875], "texture": "#0"},
				"down": {"uv": [7.75, 7.75, 7.875, 7.875], "texture": "#0"}
			}
		},
		{
			"name": "aquantic_sacret_blade_26",
			"from": [7.625, 8.125, 7.95],
			"to": [7.75, 8.25, 8.175],
			"faces": {
				"north": {"uv": [8.75, 7.75, 8.625, 7.875], "texture": "#0"},
				"south": {"uv": [8.625, 7.75, 8.75, 7.875], "texture": "#0"},
				"west": {"uv": [8.625, 7.75, 8.75, 7.875], "texture": "#0"},
				"up": {"uv": [8.625, 7.75, 8.75, 7.875], "texture": "#0"},
				"down": {"uv": [8.625, 7.75, 8.75, 7.875], "texture": "#0"}
			}
		},
		{
			"name": "aquantic_sacret_blade_27",
			"from": [8.25, 7.25, 7.85],
			"to": [8.375, 7.75, 8.275],
			"faces": {
				"north": {"uv": [10.125, 7.75, 10, 8.25], "texture": "#0"},
				"south": {"uv": [10, 7.75, 10.125, 8.25], "texture": "#0"},
				"west": {"uv": [10, 7.75, 10.125, 8.25], "texture": "#0"},
				"up": {"uv": [10, 7.75, 10.125, 7.875], "texture": "#0"},
				"down": {"uv": [10, 8.125, 10.125, 8.25], "texture": "#0"}
			}
		},
		{
			"name": "aquantic_sacret_blade_28",
			"from": [8.875, 7.25, 7.85],
			"to": [9, 7.75, 8.275],
			"faces": {
				"north": {"uv": [10.75, 7.75, 10.625, 8.25], "texture": "#0"},
				"east": {"uv": [10.625, 7.75, 10.75, 8.25], "texture": "#0"},
				"south": {"uv": [10.625, 7.75, 10.75, 8.25], "texture": "#0"},
				"up": {"uv": [10.625, 7.75, 10.75, 7.875], "texture": "#0"},
				"down": {"uv": [10.625, 8.125, 10.75, 8.25], "texture": "#0"}
			}
		},
		{
			"name": "aquantic_sacret_blade_29",
			"from": [7.625, 7.375, 8],
			"to": [7.875, 8.125, 8.125],
			"faces": {
				"north": {"uv": [8.375, 7.875, 8.125, 8.625], "texture": "#0"},
				"south": {"uv": [8.125, 7.875, 8.375, 8.625], "texture": "#0"},
				"west": {"uv": [8.125, 7.875, 8.25, 8.625], "texture": "#0"}
			}
		},
		{
			"name": "aquantic_sacret_blade_30",
			"from": [7.875, 7.5, 8],
			"to": [8, 8, 8.125],
			"faces": {
				"north": {"uv": [8.5, 8, 8.375, 8.5], "texture": "#0"},
				"south": {"uv": [8.375, 8, 8.5, 8.5], "texture": "#0"}
			}
		},
		{
			"name": "aquantic_sacret_blade_31",
			"from": [8.125, 7.5, 7.95],
			"to": [8.25, 7.875, 8.175],
			"faces": {
				"north": {"uv": [9.25, 8.125, 9.125, 8.5], "texture": "#0"},
				"south": {"uv": [9.125, 8.125, 9.25, 8.5], "texture": "#0"}
			}
		},
		{
			"name": "aquantic_sacret_blade_32",
			"from": [7.875, 7, 7.9],
			"to": [8.25, 7.5, 8.225],
			"faces": {
				"north": {"uv": [10, 8.25, 9.625, 8.75], "texture": "#0"},
				"south": {"uv": [9.625, 8.25, 10, 8.75], "texture": "#0"},
				"west": {"uv": [9.625, 8.25, 9.75, 8.75], "texture": "#0"},
				"up": {"uv": [9.625, 8.25, 10, 8.375], "texture": "#0"}
			}
		},
		{
			"name": "aquantic_sacret_blade_33",
			"from": [6.875, 7.25, 7.95],
			"to": [7, 7.375, 8.175],
			"faces": {
				"north": {"uv": [6.5, 8.375, 6.375, 8.5], "texture": "#0"},
				"east": {"uv": [6.375, 8.375, 6.5, 8.5], "texture": "#0"},
				"south": {"uv": [6.375, 8.375, 6.5, 8.5], "texture": "#0"},
				"west": {"uv": [6.375, 8.375, 6.5, 8.5], "texture": "#0"},
				"up": {"uv": [6.375, 8.375, 6.5, 8.5], "texture": "#0"},
				"down": {"uv": [6.375, 8.375, 6.5, 8.5], "texture": "#0"}
			}
		},
		{
			"name": "aquantic_sacret_blade_34",
			"from": [7.75, 7, 7.9],
			"to": [7.875, 7.375, 8.225],
			"faces": {
				"north": {"uv": [9.625, 8.375, 9.5, 8.75], "texture": "#0"},
				"south": {"uv": [9.5, 8.375, 9.625, 8.75], "texture": "#0"},
				"west": {"uv": [9.5, 8.375, 9.625, 8.75], "texture": "#0"},
				"up": {"uv": [9.5, 8.375, 9.625, 8.5], "texture": "#0"},
				"down": {"uv": [9.5, 8.625, 9.625, 8.75], "texture": "#0"}
			}
		},
		{
			"name": "aquantic_sacret_blade_35",
			"from": [7, 7.125, 7.95],
			"to": [7.25, 7.25, 8.175],
			"faces": {
				"north": {"uv": [6.75, 8.5, 6.5, 8.625], "texture": "#0"},
				"east": {"uv": [6.625, 8.5, 6.75, 8.625], "texture": "#0"},
				"south": {"uv": [6.5, 8.5, 6.75, 8.625], "texture": "#0"},
				"west": {"uv": [6.5, 8.5, 6.625, 8.625], "texture": "#0"},
				"up": {"uv": [6.5, 8.5, 6.75, 8.625], "texture": "#0"},
				"down": {"uv": [6.5, 8.5, 6.75, 8.625], "texture": "#0"}
			}
		},
		{
			"name": "aquantic_sacret_blade_36",
			"from": [8.25, 7.125, 7.9],
			"to": [8.375, 7.25, 8.225],
			"faces": {
				"north": {"uv": [10.125, 8.5, 10, 8.625], "texture": "#0"},
				"south": {"uv": [10, 8.5, 10.125, 8.625], "texture": "#0"}
			}
		},
		{
			"name": "aquantic_sacret_blade_37",
			"from": [7.125, 6.875, 7.95],
			"to": [7.375, 7.125, 8.175],
			"faces": {
				"north": {"uv": [6.875, 8.625, 6.625, 8.875], "texture": "#0"},
				"east": {"uv": [6.75, 8.625, 6.875, 8.875], "texture": "#0"},
				"south": {"uv": [6.625, 8.625, 6.875, 8.875], "texture": "#0"},
				"west": {"uv": [6.625, 8.625, 6.75, 8.875], "texture": "#0"},
				"up": {"uv": [6.625, 8.625, 6.875, 8.75], "texture": "#0"},
				"down": {"uv": [6.625, 8.75, 6.875, 8.875], "texture": "#0"}
			}
		},
		{
			"name": "aquantic_sacret_blade_38",
			"from": [7.5, 6.875, 8],
			"to": [7.75, 7.375, 8.125],
			"faces": {
				"north": {"uv": [8.25, 8.625, 8, 9.125], "texture": "#0"},
				"south": {"uv": [8, 8.625, 8.25, 9.125], "texture": "#0"},
				"west": {"uv": [8, 8.625, 8.125, 9.125], "texture": "#0"},
				"up": {"uv": [8, 8.625, 8.25, 8.75], "texture": "#0"}
			}
		},
		{
			"name": "aquantic_sacret_blade_39",
			"from": [7.375, 6.625, 7.95],
			"to": [7.5, 7, 8.175],
			"faces": {
				"north": {"uv": [7, 8.75, 6.875, 9.125], "texture": "#0"},
				"east": {"uv": [6.875, 8.75, 7, 9.125], "texture": "#0"},
				"south": {"uv": [6.875, 8.75, 7, 9.125], "texture": "#0"},
				"west": {"uv": [6.875, 8.75, 7, 9.125], "texture": "#0"},
				"up": {"uv": [6.875, 8.75, 7, 8.875], "texture": "#0"},
				"down": {"uv": [6.875, 9, 7, 9.125], "texture": "#0"}
			}
		},
		{
			"name": "aquantic_sacret_blade_40",
			"from": [7.875, 6.875, 7.9],
			"to": [8.125, 7, 8.225],
			"faces": {
				"north": {"uv": [9.875, 8.75, 9.625, 8.875], "texture": "#0"},
				"south": {"uv": [9.625, 8.75, 9.875, 8.875], "texture": "#0"},
				"west": {"uv": [9.625, 8.75, 9.75, 8.875], "texture": "#0"},
				"down": {"uv": [9.625, 8.75, 9.875, 8.875], "texture": "#0"}
			}
		},
		{
			"name": "aquantic_sacret_blade_41",
			"from": [7, 6.5, 8],
			"to": [7.125, 7.125, 8.125],
			"faces": {
				"north": {"uv": [6.625, 8.875, 6.5, 9.5], "texture": "#0"},
				"south": {"uv": [6.5, 8.875, 6.625, 9.5], "texture": "#0"},
				"west": {"uv": [6.5, 8.875, 6.625, 9.5], "texture": "#0"}
			}
		},
		{
			"name": "aquantic_sacret_blade_42",
			"from": [7.25, 6.75, 7.95],
			"to": [7.375, 6.875, 8.175],
			"faces": {
				"north": {"uv": [6.875, 8.875, 6.75, 9], "texture": "#0"},
				"south": {"uv": [6.75, 8.875, 6.875, 9], "texture": "#0"},
				"west": {"uv": [6.75, 8.875, 6.875, 9], "texture": "#0"},
				"down": {"uv": [6.75, 8.875, 6.875, 9], "texture": "#0"}
			}
		},
		{
			"name": "aquantic_sacret_blade_43",
			"from": [7.5, 6.625, 7.95],
			"to": [7.625, 6.875, 8.175],
			"faces": {
				"north": {"uv": [7.125, 8.875, 7, 9.125], "texture": "#0"},
				"east": {"uv": [7, 8.875, 7.125, 9.125], "texture": "#0"},
				"south": {"uv": [7, 8.875, 7.125, 9.125], "texture": "#0"},
				"up": {"uv": [7, 8.875, 7.125, 9], "texture": "#0"}
			}
		},
		{
			"name": "aquantic_sacret_blade_44",
			"from": [7.375, 7, 8],
			"to": [7.5, 7.125, 8.125],
			"faces": {
				"north": {"uv": [8, 8.875, 7.875, 9], "texture": "#0"},
				"south": {"uv": [7.875, 8.875, 8, 9], "texture": "#0"},
				"up": {"uv": [7.875, 8.875, 8, 9], "texture": "#0"}
			}
		},
		{
			"name": "aquantic_sacret_blade_45",
			"from": [8.25, 6.125, 7.8],
			"to": [8.75, 7.125, 8.325],
			"faces": {
				"north": {"uv": [10.75, 8.875, 10.25, 9.875], "texture": "#0"},
				"east": {"uv": [10.625, 8.875, 10.75, 9.875], "texture": "#0"},
				"south": {"uv": [10.25, 8.875, 10.75, 9.875], "texture": "#0"},
				"west": {"uv": [10.25, 8.875, 10.375, 9.875], "texture": "#0"},
				"up": {"uv": [10.25, 8.875, 10.75, 9], "texture": "#0"},
				"down": {"uv": [10.25, 9.75, 10.75, 9.875], "texture": "#0"}
			}
		},
		{
			"name": "aquantic_sacret_blade_46",
			"from": [7.75, 6.75, 8],
			"to": [7.875, 7, 8.125],
			"faces": {
				"north": {"uv": [8.375, 9, 8.25, 9.25], "texture": "#0"},
				"south": {"uv": [8.25, 9, 8.375, 9.25], "texture": "#0"}
			}
		},
		{
			"name": "aquantic_sacret_blade_47",
			"from": [8.125, 6.25, 7.8],
			"to": [8.25, 7, 8.325],
			"faces": {
				"north": {"uv": [10.25, 9, 10.125, 9.75], "texture": "#0"},
				"south": {"uv": [10.125, 9, 10.25, 9.75], "texture": "#0"},
				"west": {"uv": [10.125, 9, 10.25, 9.75], "texture": "#0"},
				"up": {"uv": [10.125, 9, 10.25, 9.125], "texture": "#0"},
				"down": {"uv": [10.125, 9.625, 10.25, 9.75], "texture": "#0"}
			}
		},
		{
			"name": "aquantic_sacret_blade_48",
			"from": [8.75, 6.25, 7.8],
			"to": [8.875, 7, 8.325],
			"faces": {
				"north": {"uv": [10.875, 9, 10.75, 9.75], "texture": "#0"},
				"east": {"uv": [10.75, 9, 10.875, 9.75], "texture": "#0"},
				"south": {"uv": [10.75, 9, 10.875, 9.75], "texture": "#0"},
				"up": {"uv": [10.75, 9, 10.875, 9.125], "texture": "#0"},
				"down": {"uv": [10.75, 9.625, 10.875, 9.75], "texture": "#0"}
			}
		},
		{
			"name": "aquantic_sacret_blade_49",
			"from": [7.125, 6.5, 8],
			"to": [7.25, 6.875, 8.125],
			"faces": {
				"north": {"uv": [6.75, 9.125, 6.625, 9.5], "texture": "#0"},
				"south": {"uv": [6.625, 9.125, 6.75, 9.5], "texture": "#0"}
			}
		},
		{
			"name": "aquantic_sacret_blade_50",
			"from": [7.625, 6.75, 8],
			"to": [7.75, 6.875, 8.125],
			"faces": {
				"north": {"uv": [8.25, 9.125, 8.125, 9.25], "texture": "#0"},
				"south": {"uv": [8.125, 9.125, 8.25, 9.25], "texture": "#0"}
			}
		},
		{
			"name": "aquantic_sacret_blade_51",
			"from": [7.875, 6.75, 8],
			"to": [8, 6.875, 8.125],
			"faces": {
				"north": {"uv": [8.5, 9.125, 8.375, 9.25], "texture": "#0"},
				"south": {"uv": [8.375, 9.125, 8.5, 9.25], "texture": "#0"}
			}
		},
		{
			"name": "aquantic_sacret_blade_52",
			"from": [8, 6.375, 7.8],
			"to": [8.125, 6.875, 8.325],
			"faces": {
				"north": {"uv": [10.125, 9.125, 10, 9.625], "texture": "#0"},
				"south": {"uv": [10, 9.125, 10.125, 9.625], "texture": "#0"},
				"west": {"uv": [10, 9.125, 10.125, 9.625], "texture": "#0"},
				"up": {"uv": [10, 9.125, 10.125, 9.25], "texture": "#0"},
				"down": {"uv": [10, 9.5, 10.125, 9.625], "texture": "#0"}
			}
		},
		{
			"name": "aquantic_sacret_blade_53",
			"from": [8.875, 6.375, 7.8],
			"to": [9, 6.875, 8.325],
			"faces": {
				"north": {"uv": [11, 9.125, 10.875, 9.625], "texture": "#0"},
				"east": {"uv": [10.875, 9.125, 11, 9.625], "texture": "#0"},
				"south": {"uv": [10.875, 9.125, 11, 9.625], "texture": "#0"},
				"up": {"uv": [10.875, 9.125, 11, 9.25], "texture": "#0"},
				"down": {"uv": [10.875, 9.5, 11, 9.625], "texture": "#0"}
			}
		},
		{
			"name": "aquantic_sacret_blade_54",
			"from": [6.875, 6.5, 8],
			"to": [7, 6.75, 8.125],
			"faces": {
				"north": {"uv": [6.5, 9.25, 6.375, 9.5], "texture": "#0"},
				"south": {"uv": [6.375, 9.25, 6.5, 9.5], "texture": "#0"},
				"west": {"uv": [6.375, 9.25, 6.5, 9.5], "texture": "#0"},
				"up": {"uv": [6.375, 9.25, 6.5, 9.375], "texture": "#0"}
			}
		},
		{
			"name": "aquantic_sacret_blade_55",
			"from": [7.25, 6.5, 8],
			"to": [7.375, 6.75, 8.125],
			"faces": {
				"north": {"uv": [6.875, 9.25, 6.75, 9.5], "texture": "#0"},
				"south": {"uv": [6.75, 9.25, 6.875, 9.5], "texture": "#0"}
			}
		},
		{
			"name": "aquantic_sacret_blade_56",
			"from": [7.625, 6, 7.85],
			"to": [8, 6.75, 8.275],
			"faces": {
				"north": {"uv": [9.75, 9.25, 9.375, 10], "texture": "#0"},
				"south": {"uv": [9.375, 9.25, 9.75, 10], "texture": "#0"},
				"west": {"uv": [9.375, 9.25, 9.5, 10], "texture": "#0"},
				"up": {"uv": [9.375, 9.25, 9.75, 9.375], "texture": "#0"},
				"down": {"uv": [9.375, 9.875, 9.75, 10], "texture": "#0"}
			}
		},
		{
			"name": "aquantic_sacret_blade_57",
			"from": [6.75, 6.5, 8],
			"to": [6.875, 6.625, 8.125],
			"faces": {
				"north": {"uv": [6.375, 9.375, 6.25, 9.5], "texture": "#0"},
				"south": {"uv": [6.25, 9.375, 6.375, 9.5], "texture": "#0"},
				"west": {"uv": [6.25, 9.375, 6.375, 9.5], "texture": "#0"},
				"up": {"uv": [6.25, 9.375, 6.375, 9.5], "texture": "#0"}
			}
		},
		{
			"name": "aquantic_sacret_blade_58",
			"from": [7.375, 6.5, 8],
			"to": [7.5, 6.625, 8.125],
			"faces": {
				"north": {"uv": [7, 9.375, 6.875, 9.5], "texture": "#0"},
				"south": {"uv": [6.875, 9.375, 7, 9.5], "texture": "#0"}
			}
		},
		{
			"name": "aquantic_sacret_blade_59",
			"from": [7.5, 6.125, 7.85],
			"to": [7.625, 6.625, 8.275],
			"faces": {
				"north": {"uv": [9.375, 9.375, 9.25, 9.875], "texture": "#0"},
				"south": {"uv": [9.25, 9.375, 9.375, 9.875], "texture": "#0"},
				"west": {"uv": [9.25, 9.375, 9.375, 9.875], "texture": "#0"},
				"up": {"uv": [9.25, 9.375, 9.375, 9.5], "texture": "#0"},
				"down": {"uv": [9.25, 9.75, 9.375, 9.875], "texture": "#0"}
			}
		},
		{
			"name": "aquantic_sacret_blade_60",
			"from": [6.5, 6.375, 7.95],
			"to": [7.5, 6.5, 8.175],
			"faces": {
				"north": {"uv": [6, 9.5, 5, 9.625], "texture": "#0"},
				"south": {"uv": [5, 9.5, 6, 9.625], "texture": "#0"},
				"west": {"uv": [5, 9.5, 5.125, 9.625], "texture": "#0"},
				"up": {"uv": [5, 9.5, 6, 9.625], "texture": "#0"},
				"down": {"uv": [5, 9.5, 6, 9.625], "texture": "#0"}
			}
		},
		{
			"name": "aquantic_sacret_blade_61",
			"from": [7, 6.25, 7.95],
			"to": [7.5, 6.375, 8.175],
			"faces": {
				"north": {"uv": [6, 9.625, 5.5, 9.75], "texture": "#0"},
				"south": {"uv": [5.5, 9.625, 6, 9.75], "texture": "#0"},
				"west": {"uv": [5.5, 9.625, 5.625, 9.75], "texture": "#0"},
				"down": {"uv": [5.5, 9.625, 6, 9.75], "texture": "#0"}
			}
		},
		{
			"name": "aquantic_sacret_blade_62",
			"from": [6.75, 6.25, 8],
			"to": [7, 6.375, 8.125],
			"faces": {
				"north": {"uv": [6.5, 9.625, 6.25, 9.75], "texture": "#0"},
				"south": {"uv": [6.25, 9.625, 6.5, 9.75], "texture": "#0"},
				"west": {"uv": [6.25, 9.625, 6.375, 9.75], "texture": "#0"},
				"down": {"uv": [6.25, 9.625, 6.5, 9.75], "texture": "#0"}
			}
		},
		{
			"name": "aquantic_sacret_blade_63",
			"from": [8, 6, 7.85],
			"to": [8.125, 6.375, 8.275],
			"faces": {
				"north": {"uv": [9.875, 9.625, 9.75, 10], "texture": "#0"},
				"east": {"uv": [9.75, 9.625, 9.875, 10], "texture": "#0"},
				"south": {"uv": [9.75, 9.625, 9.875, 10], "texture": "#0"},
				"down": {"uv": [9.75, 9.875, 9.875, 10], "texture": "#0"}
			}
		},
		{
			"name": "aquantic_sacret_blade_64",
			"from": [6.875, 6, 8],
			"to": [7.375, 6.25, 8.125],
			"faces": {
				"north": {"uv": [6.875, 9.75, 6.375, 10], "texture": "#0"},
				"south": {"uv": [6.375, 9.75, 6.875, 10], "texture": "#0"},
				"west": {"uv": [6.375, 9.75, 6.5, 10], "texture": "#0"},
				"down": {"uv": [6.375, 9.875, 6.875, 10], "texture": "#0"}
			}
		},
		{
			"name": "aquantic_sacret_blade_65",
			"from": [7.375, 6.125, 8],
			"to": [7.5, 6.25, 8.125],
			"faces": {
				"north": {"uv": [7, 9.75, 6.875, 9.875], "texture": "#0"},
				"south": {"uv": [6.875, 9.75, 7, 9.875], "texture": "#0"}
			}
		},
		{
			"name": "aquantic_sacret_blade_66",
			"from": [8.125, 6.125, 7.85],
			"to": [8.25, 6.25, 8.275],
			"faces": {
				"north": {"uv": [10, 9.75, 9.875, 9.875], "texture": "#0"},
				"south": {"uv": [9.875, 9.75, 10, 9.875], "texture": "#0"},
				"down": {"uv": [9.875, 9.75, 10, 9.875], "texture": "#0"}
			}
		},
		{
			"name": "aquantic_sacret_blade_67",
			"from": [8.125, 3.75, 7.9],
			"to": [8.25, 6.125, 8.225],
			"faces": {
				"north": {"uv": [8.75, 9.875, 8.625, 12.25], "texture": "#0"},
				"east": {"uv": [8.625, 9.875, 8.75, 12.25], "texture": "#0"},
				"south": {"uv": [8.625, 9.875, 8.75, 12.25], "texture": "#0"}
			}
		},
		{
			"name": "aquantic_sacret_blade_68",
			"from": [7, 5.875, 8],
			"to": [7.25, 6, 8.125],
			"faces": {
				"north": {"uv": [6.75, 10, 6.5, 10.125], "texture": "#0"},
				"south": {"uv": [6.5, 10, 6.75, 10.125], "texture": "#0"},
				"west": {"uv": [6.5, 10, 6.625, 10.125], "texture": "#0"}
			}
		},
		{
			"name": "aquantic_sacret_blade_69",
			"from": [7.875, 3.75, 7.9],
			"to": [8.125, 6, 8.225],
			"faces": {
				"north": {"uv": [8.625, 10, 8.375, 12.25], "texture": "#0"},
				"south": {"uv": [8.375, 10, 8.625, 12.25], "texture": "#0"},
				"west": {"uv": [8.375, 10, 8.5, 12.25], "texture": "#0"}
			}
		},
		{
			"name": "aquantic_sacret_blade_70",
			"from": [7, 5.75, 8],
			"to": [7.125, 5.875, 8.125],
			"faces": {
				"north": {"uv": [6.625, 10.125, 6.5, 10.25], "texture": "#0"},
				"south": {"uv": [6.5, 10.125, 6.625, 10.25], "texture": "#0"},
				"west": {"uv": [6.5, 10.125, 6.625, 10.25], "texture": "#0"}
			}
		},
		{
			"name": "aquantic_sacret_blade_71",
			"from": [7.375, 5.875, 7.95],
			"to": [7.625, 6.125, 8.175],
			"faces": {
				"north": {"uv": [7.125, 10.125, 6.875, 10.375], "texture": "#0"},
				"east": {"uv": [7, 10.125, 7.125, 10.375], "texture": "#0"},
				"south": {"uv": [6.875, 10.125, 7.125, 10.375], "texture": "#0"},
				"west": {"uv": [6.875, 10.125, 7, 10.375], "texture": "#0"},
				"up": {"uv": [6.875, 10.125, 7.125, 10.25], "texture": "#0"},
				"down": {"uv": [6.875, 10.25, 7.125, 10.375], "texture": "#0"}
			}
		},
		{
			"name": "aquantic_sacret_blade_72",
			"from": [7.25, 5.625, 7.95],
			"to": [7.375, 6, 8.175],
			"faces": {
				"north": {"uv": [6.875, 10.25, 6.75, 10.625], "texture": "#0"},
				"east": {"uv": [6.75, 10.25, 6.875, 10.625], "texture": "#0"},
				"south": {"uv": [6.75, 10.25, 6.875, 10.625], "texture": "#0"},
				"west": {"uv": [6.75, 10.25, 6.875, 10.625], "texture": "#0"},
				"up": {"uv": [6.75, 10.25, 6.875, 10.375], "texture": "#0"},
				"down": {"uv": [6.75, 10.5, 6.875, 10.625], "texture": "#0"}
			}
		},
		{
			"name": "aquantic_sacret_blade_73",
			"from": [7.125, 5.625, 7.95],
			"to": [7.25, 5.875, 8.175],
			"faces": {
				"north": {"uv": [6.75, 10.375, 6.625, 10.625], "texture": "#0"},
				"south": {"uv": [6.625, 10.375, 6.75, 10.625], "texture": "#0"},
				"west": {"uv": [6.625, 10.375, 6.75, 10.625], "texture": "#0"},
				"up": {"uv": [6.625, 10.375, 6.75, 10.5], "texture": "#0"},
				"down": {"uv": [6.625, 10.5, 6.75, 10.625], "texture": "#0"}
			}
		},
		{
			"name": "aquantic_sacret_blade_74",
			"from": [7.375, 5.75, 7.95],
			"to": [7.5, 5.875, 8.175],
			"faces": {
				"north": {"uv": [7, 10.375, 6.875, 10.5], "texture": "#0"},
				"east": {"uv": [6.875, 10.375, 7, 10.5], "texture": "#0"},
				"south": {"uv": [6.875, 10.375, 7, 10.5], "texture": "#0"},
				"down": {"uv": [6.875, 10.375, 7, 10.5], "texture": "#0"}
			}
		},
		{
			"name": "aquantic_sacret_blade_75",
			"from": [7, 5.5, 7.95],
			"to": [7.125, 5.75, 8.175],
			"faces": {
				"north": {"uv": [6.625, 10.5, 6.5, 10.75], "texture": "#0"},
				"east": {"uv": [6.5, 10.5, 6.625, 10.75], "texture": "#0"},
				"south": {"uv": [6.5, 10.5, 6.625, 10.75], "texture": "#0"},
				"west": {"uv": [6.5, 10.5, 6.625, 10.75], "texture": "#0"},
				"up": {"uv": [6.5, 10.5, 6.625, 10.625], "texture": "#0"},
				"down": {"uv": [6.5, 10.625, 6.625, 10.75], "texture": "#0"}
			}
		},
		{
			"name": "aquantic_sacret_blade_76",
			"from": [6.875, 5.375, 7.95],
			"to": [7, 5.5, 8.175],
			"faces": {
				"north": {"uv": [6.5, 10.75, 6.375, 10.875], "texture": "#0"},
				"east": {"uv": [6.375, 10.75, 6.5, 10.875], "texture": "#0"},
				"south": {"uv": [6.375, 10.75, 6.5, 10.875], "texture": "#0"},
				"west": {"uv": [6.375, 10.75, 6.5, 10.875], "texture": "#0"},
				"up": {"uv": [6.375, 10.75, 6.5, 10.875], "texture": "#0"},
				"down": {"uv": [6.375, 10.75, 6.5, 10.875], "texture": "#0"}
			}
		},
		{
			"name": "aquantic_sacret_blade_77",
			"from": [7.75, 3.375, 7.8],
			"to": [8.375, 3.75, 8.325],
			"faces": {
				"north": {"uv": [9.625, 12.25, 9, 12.625], "texture": "#0"},
				"east": {"uv": [9.5, 12.25, 9.625, 12.625], "texture": "#0"},
				"south": {"uv": [9, 12.25, 9.625, 12.625], "texture": "#0"},
				"west": {"uv": [9, 12.25, 9.125, 12.625], "texture": "#0"},
				"up": {"uv": [9, 12.25, 9.625, 12.375], "texture": "#0"},
				"down": {"uv": [9, 12.5, 9.625, 12.625], "texture": "#0"}
			}
		},
		{
			"name": "aquantic_sacret_blade_78",
			"from": [7.875, 2.5, 7.95],
			"to": [8.25, 3.375, 8.175],
			"faces": {
				"north": {"uv": [8.75, 12.625, 8.375, 13.5], "texture": "#0"},
				"east": {"uv": [8.625, 12.625, 8.75, 13.5], "texture": "#0"},
				"south": {"uv": [8.375, 12.625, 8.75, 13.5], "texture": "#0"},
				"west": {"uv": [8.375, 12.625, 8.5, 13.5], "texture": "#0"},
				"down": {"uv": [8.375, 13.375, 8.75, 13.5], "texture": "#0"}
			}
		},
		{
			"name": "aquantic_sacret_blade_79",
			"from": [7.625, 3, 8],
			"to": [7.875, 3.125, 8.125],
			"faces": {
				"north": {"uv": [8.125, 12.875, 7.875, 13], "texture": "#0"},
				"south": {"uv": [7.875, 12.875, 8.125, 13], "texture": "#0"},
				"west": {"uv": [7.875, 12.875, 8, 13], "texture": "#0"},
				"up": {"uv": [7.875, 12.875, 8.125, 13], "texture": "#0"},
				"down": {"uv": [7.875, 12.875, 8.125, 13], "texture": "#0"}
			}
		},
		{
			"name": "aquantic_sacret_blade_80",
			"from": [8.25, 2.75, 8],
			"to": [8.625, 2.875, 8.125],
			"faces": {
				"north": {"uv": [9.375, 13.125, 9, 13.25], "texture": "#0"},
				"east": {"uv": [9.25, 13.125, 9.375, 13.25], "texture": "#0"},
				"south": {"uv": [9, 13.125, 9.375, 13.25], "texture": "#0"},
				"up": {"uv": [9, 13.125, 9.375, 13.25], "texture": "#0"},
				"down": {"uv": [9, 13.125, 9.375, 13.25], "texture": "#0"}
			}
		},
		{
			"name": "aquantic_sacret_blade_81",
			"from": [8, 2.125, 8],
			"to": [8.125, 2.5, 8.125],
			"faces": {
				"north": {"uv": [8.625, 13.75, 8.5, 14.125], "texture": "#0"},
				"east": {"uv": [8.5, 13.75, 8.625, 14.125], "texture": "#0"},
				"south": {"uv": [8.5, 13.75, 8.625, 14.125], "texture": "#0"},
				"west": {"uv": [8.5, 13.75, 8.625, 14.125], "texture": "#0"},
				"down": {"uv": [8.5, 14, 8.625, 14.125], "texture": "#0"}
			}
		}
	],
	"gui_light": "front",
	"display": {
		"thirdperson_righthand": {
			"rotation": [0, -90, 0],
			"translation": [0, 6.25, 1],
			"scale": [2.8, 2.8, 2.8]
		},
		"thirdperson_lefthand": {
			"rotation": [0, 90, 0],
			"translation": [0, 6.25, 1],
			"scale": [2.8, 2.8, 2.8]
		},
		"firstperson_righthand": {
			"rotation": [-4, -90, -8],
			"translation": [2.5, 5.75, -0.25],
			"scale": [2, 2, 2]
		},
		"firstperson_lefthand": {
			"rotation": [9, 90, -8],
			"translation": [1.75, 5.5, -0.5],
			"scale": [2, 2, 2]
		},
		"ground": {
			"translation": [0, 7.75, 0],
			"scale": [2, 2, 2]
		},
		"gui": {
			"rotation": [0, 0, -42],
			"translation": [-0.25, -0.25, 0],
			"scale": [2, 2, 2]
		},
		"head": {
			"rotation": [0, 0, -132],
			"translation": [-2.25, -13, 3.5],
			"scale": [3.5, 3.5, 3.5]
		},
		"fixed": {
			"rotation": [-180, 0, 138],
			"translation": [-1.25, 1.75, 0.25],
			"scale": [4, 4, 3]
		}
	},
	"groups": [
		{
			"name": "aquantic_sacret_blade",
			"origin": [8, 8, 8],
			"color": 0,
			"nbt": "{}",
			"children": [
				0,
				1,
				2,
				3,
				4,
				5,
				6,
				7,
				8,
				9,
				10,
				11,
				12,
				13,
				14,
				15,
				16,
				17,
				18,
				19,
				20,
				21,
				22,
				23,
				24,
				25,
				26,
				27,
				28,
				29,
				30,
				31,
				32,
				33,
				34,
				35,
				36,
				37,
				38,
				39,
				40,
				41,
				42,
				43,
				44,
				45,
				46,
				47,
				48,
				49,
				50,
				51,
				52,
				53,
				54,
				55,
				56,
				57,
				58,
				59,
				60,
				61,
				62,
				63,
				64,
				65,
				66,
				67,
				68,
				69,
				70,
				71,
				72,
				73,
				74,
				75,
				76,
				77,
				78,
				79,
				80,
				81
			]
		}
	]
}