{
	"credit": "Made with Blockbench",
	"textures": {
		"0": "prominent:item/transmog/aquantic_trident",
		"particle": "prominent:item/transmog/aquantic_trident"
	},
	"elements": [
		{
			"name": "aquantic_trident_0",
			"from": [7.975, 14.75, 7.9],
			"to": [8.1, 15.75, 8.025],
			"faces": {
				"north": {"uv": [9.5, 0.25, 9.375, 1.25], "texture": "#0"},
				"east": {"uv": [9.375, 0.25, 9.5, 1.25], "texture": "#0"},
				"south": {"uv": [9.375, 0.25, 9.5, 1.25], "texture": "#0"},
				"west": {"uv": [9.375, 0.25, 9.5, 1.25], "texture": "#0"},
				"up": {"uv": [9.375, 0.25, 9.5, 0.375], "texture": "#0"},
				"down": {"uv": [9.375, 1.125, 9.5, 1.25], "texture": "#0"}
			}
		},
		{
			"name": "aquantic_trident_1",
			"from": [7.85, 12.25, 7.9],
			"to": [7.975, 15.25, 8.025],
			"faces": {
				"north": {"uv": [9.375, 0.75, 9.25, 3.75], "texture": "#0"},
				"east": {"uv": [9.25, 0.75, 9.375, 3.75], "texture": "#0"},
				"south": {"uv": [9.25, 0.75, 9.375, 3.75], "texture": "#0"},
				"west": {"uv": [9.25, 0.75, 9.375, 3.75], "texture": "#0"},
				"up": {"uv": [9.25, 0.75, 9.375, 0.875], "texture": "#0"},
				"down": {"uv": [9.25, 3.625, 9.375, 3.75], "texture": "#0"}
			}
		},
		{
			"name": "aquantic_trident_2",
			"from": [8.1, 12.25, 7.9],
			"to": [8.225, 15.25, 8.025],
			"faces": {
				"north": {"uv": [9.625, 0.75, 9.5, 3.75], "texture": "#0"},
				"east": {"uv": [9.5, 0.75, 9.625, 3.75], "texture": "#0"},
				"south": {"uv": [9.5, 0.75, 9.625, 3.75], "texture": "#0"},
				"west": {"uv": [9.5, 0.75, 9.625, 3.75], "texture": "#0"},
				"up": {"uv": [9.5, 0.75, 9.625, 0.875], "texture": "#0"},
				"down": {"uv": [9.5, 3.625, 9.625, 3.75], "texture": "#0"}
			}
		},
		{
			"name": "aquantic_trident_3",
			"from": [7.1, 14, 7.9],
			"to": [7.225, 15, 8.025],
			"faces": {
				"north": {"uv": [8.625, 1, 8.5, 2], "texture": "#0"},
				"east": {"uv": [8.5, 1, 8.625, 2], "texture": "#0"},
				"south": {"uv": [8.5, 1, 8.625, 2], "texture": "#0"},
				"west": {"uv": [8.5, 1, 8.625, 2], "texture": "#0"},
				"up": {"uv": [8.5, 1, 8.625, 1.125], "texture": "#0"},
				"down": {"uv": [8.5, 1.875, 8.625, 2], "texture": "#0"}
			}
		},
		{
			"name": "aquantic_trident_4",
			"from": [8.85, 14, 7.9],
			"to": [8.975, 15, 8.025],
			"faces": {
				"north": {"uv": [10.375, 1, 10.25, 2], "texture": "#0"},
				"east": {"uv": [10.25, 1, 10.375, 2], "texture": "#0"},
				"south": {"uv": [10.25, 1, 10.375, 2], "texture": "#0"},
				"west": {"uv": [10.25, 1, 10.375, 2], "texture": "#0"},
				"up": {"uv": [10.25, 1, 10.375, 1.125], "texture": "#0"},
				"down": {"uv": [10.25, 1.875, 10.375, 2], "texture": "#0"}
			}
		},
		{
			"name": "aquantic_trident_5",
			"from": [7.975, 12.125, 7.85],
			"to": [8.1, 14.75, 8.075],
			"faces": {
				"north": {"uv": [6.75, 1.25, 6.625, 3.875], "texture": "#0"},
				"east": {"uv": [6.625, 1.25, 6.75, 3.875], "texture": "#0"},
				"south": {"uv": [6.625, 1.25, 6.75, 3.875], "texture": "#0"},
				"west": {"uv": [6.625, 1.25, 6.75, 3.875], "texture": "#0"},
				"up": {"uv": [6.625, 1.25, 6.75, 1.375], "texture": "#0"},
				"down": {"uv": [6.625, 3.75, 6.75, 3.875], "texture": "#0"}
			}
		},
		{
			"name": "aquantic_trident_6",
			"from": [6.975, 13, 7.9],
			"to": [7.1, 14.5, 8.025],
			"faces": {
				"north": {"uv": [8.5, 1.5, 8.375, 3], "texture": "#0"},
				"east": {"uv": [8.375, 1.5, 8.5, 3], "texture": "#0"},
				"south": {"uv": [8.375, 1.5, 8.5, 3], "texture": "#0"},
				"west": {"uv": [8.375, 1.5, 8.5, 3], "texture": "#0"},
				"up": {"uv": [8.375, 1.5, 8.5, 1.625], "texture": "#0"},
				"down": {"uv": [8.375, 2.875, 8.5, 3], "texture": "#0"}
			}
		},
		{
			"name": "aquantic_trident_7",
			"from": [8.975, 13, 7.9],
			"to": [9.1, 14.5, 8.025],
			"faces": {
				"north": {"uv": [10.5, 1.5, 10.375, 3], "texture": "#0"},
				"east": {"uv": [10.375, 1.5, 10.5, 3], "texture": "#0"},
				"south": {"uv": [10.375, 1.5, 10.5, 3], "texture": "#0"},
				"west": {"uv": [10.375, 1.5, 10.5, 3], "texture": "#0"},
				"up": {"uv": [10.375, 1.5, 10.5, 1.625], "texture": "#0"},
				"down": {"uv": [10.375, 2.875, 10.5, 3], "texture": "#0"}
			}
		},
		{
			"name": "aquantic_trident_8",
			"from": [7.725, 12.375, 7.9],
			"to": [7.85, 14.375, 8.025],
			"faces": {
				"north": {"uv": [9.25, 1.625, 9.125, 3.625], "texture": "#0"},
				"east": {"uv": [9.125, 1.625, 9.25, 3.625], "texture": "#0"},
				"south": {"uv": [9.125, 1.625, 9.25, 3.625], "texture": "#0"},
				"west": {"uv": [9.125, 1.625, 9.25, 3.625], "texture": "#0"},
				"up": {"uv": [9.125, 1.625, 9.25, 1.75], "texture": "#0"},
				"down": {"uv": [9.125, 3.5, 9.25, 3.625], "texture": "#0"}
			}
		},
		{
			"name": "aquantic_trident_9",
			"from": [8.225, 12.375, 7.9],
			"to": [8.35, 14.375, 8.025],
			"faces": {
				"north": {"uv": [9.75, 1.625, 9.625, 3.625], "texture": "#0"},
				"east": {"uv": [9.625, 1.625, 9.75, 3.625], "texture": "#0"},
				"south": {"uv": [9.625, 1.625, 9.75, 3.625], "texture": "#0"},
				"west": {"uv": [9.625, 1.625, 9.75, 3.625], "texture": "#0"},
				"up": {"uv": [9.625, 1.625, 9.75, 1.75], "texture": "#0"},
				"down": {"uv": [9.625, 3.5, 9.75, 3.625], "texture": "#0"}
			}
		},
		{
			"name": "aquantic_trident_10",
			"from": [6.85, 12, 7.9],
			"to": [6.975, 14.25, 8.025],
			"faces": {
				"north": {"uv": [8.375, 1.75, 8.25, 4], "texture": "#0"},
				"east": {"uv": [8.25, 1.75, 8.375, 4], "texture": "#0"},
				"south": {"uv": [8.25, 1.75, 8.375, 4], "texture": "#0"},
				"west": {"uv": [8.25, 1.75, 8.375, 4], "texture": "#0"},
				"up": {"uv": [8.25, 1.75, 8.375, 1.875], "texture": "#0"},
				"down": {"uv": [8.25, 3.875, 8.375, 4], "texture": "#0"}
			}
		},
		{
			"name": "aquantic_trident_11",
			"from": [9.1, 12, 7.9],
			"to": [9.225, 14.25, 8.025],
			"faces": {
				"north": {"uv": [10.625, 1.75, 10.5, 4], "texture": "#0"},
				"east": {"uv": [10.5, 1.75, 10.625, 4], "texture": "#0"},
				"south": {"uv": [10.5, 1.75, 10.625, 4], "texture": "#0"},
				"west": {"uv": [10.5, 1.75, 10.625, 4], "texture": "#0"},
				"up": {"uv": [10.5, 1.75, 10.625, 1.875], "texture": "#0"},
				"down": {"uv": [10.5, 3.875, 10.625, 4], "texture": "#0"}
			}
		},
		{
			"name": "aquantic_trident_12",
			"from": [6.725, 13.375, 7.9],
			"to": [6.85, 13.875, 8.025],
			"faces": {
				"north": {"uv": [8.25, 2.125, 8.125, 2.625], "texture": "#0"},
				"east": {"uv": [8.125, 2.125, 8.25, 2.625], "texture": "#0"},
				"south": {"uv": [8.125, 2.125, 8.25, 2.625], "texture": "#0"},
				"west": {"uv": [8.125, 2.125, 8.25, 2.625], "texture": "#0"},
				"up": {"uv": [8.125, 2.125, 8.25, 2.25], "texture": "#0"},
				"down": {"uv": [8.125, 2.5, 8.25, 2.625], "texture": "#0"}
			}
		},
		{
			"name": "aquantic_trident_13",
			"from": [9.225, 13.375, 7.9],
			"to": [9.35, 13.875, 8.025],
			"faces": {
				"north": {"uv": [10.75, 2.125, 10.625, 2.625], "texture": "#0"},
				"east": {"uv": [10.625, 2.125, 10.75, 2.625], "texture": "#0"},
				"south": {"uv": [10.625, 2.125, 10.75, 2.625], "texture": "#0"},
				"west": {"uv": [10.625, 2.125, 10.75, 2.625], "texture": "#0"},
				"up": {"uv": [10.625, 2.125, 10.75, 2.25], "texture": "#0"},
				"down": {"uv": [10.625, 2.5, 10.75, 2.625], "texture": "#0"}
			}
		},
		{
			"name": "aquantic_trident_14",
			"from": [6.6, 13.5, 7.9],
			"to": [6.725, 13.625, 8.025],
			"faces": {
				"north": {"uv": [8.125, 2.375, 8, 2.5], "texture": "#0"},
				"east": {"uv": [8, 2.375, 8.125, 2.5], "texture": "#0"},
				"south": {"uv": [8, 2.375, 8.125, 2.5], "texture": "#0"},
				"west": {"uv": [8, 2.375, 8.125, 2.5], "texture": "#0"},
				"up": {"uv": [8, 2.375, 8.125, 2.5], "texture": "#0"},
				"down": {"uv": [8, 2.375, 8.125, 2.5], "texture": "#0"}
			}
		},
		{
			"name": "aquantic_trident_15",
			"from": [9.35, 13.5, 7.9],
			"to": [9.475, 13.625, 8.025],
			"faces": {
				"north": {"uv": [10.875, 2.375, 10.75, 2.5], "texture": "#0"},
				"east": {"uv": [10.75, 2.375, 10.875, 2.5], "texture": "#0"},
				"south": {"uv": [10.75, 2.375, 10.875, 2.5], "texture": "#0"},
				"west": {"uv": [10.75, 2.375, 10.875, 2.5], "texture": "#0"},
				"up": {"uv": [10.75, 2.375, 10.875, 2.5], "texture": "#0"},
				"down": {"uv": [10.75, 2.375, 10.875, 2.5], "texture": "#0"}
			}
		},
		{
			"name": "aquantic_trident_16",
			"from": [7.1, 12.25, 7.85],
			"to": [7.225, 13.375, 8.075],
			"faces": {
				"north": {"uv": [5.875, 2.625, 5.75, 3.75], "texture": "#0"},
				"east": {"uv": [5.75, 2.625, 5.875, 3.75], "texture": "#0"},
				"south": {"uv": [5.75, 2.625, 5.875, 3.75], "texture": "#0"},
				"west": {"uv": [5.75, 2.625, 5.875, 3.75], "texture": "#0"},
				"up": {"uv": [5.75, 2.625, 5.875, 2.75], "texture": "#0"},
				"down": {"uv": [5.75, 3.625, 5.875, 3.75], "texture": "#0"}
			}
		},
		{
			"name": "aquantic_trident_17",
			"from": [8.85, 12.25, 7.85],
			"to": [8.975, 13.375, 8.075],
			"faces": {
				"north": {"uv": [7.625, 2.625, 7.5, 3.75], "texture": "#0"},
				"east": {"uv": [7.5, 2.625, 7.625, 3.75], "texture": "#0"},
				"south": {"uv": [7.5, 2.625, 7.625, 3.75], "texture": "#0"},
				"west": {"uv": [7.5, 2.625, 7.625, 3.75], "texture": "#0"},
				"up": {"uv": [7.5, 2.625, 7.625, 2.75], "texture": "#0"},
				"down": {"uv": [7.5, 3.625, 7.625, 3.75], "texture": "#0"}
			}
		},
		{
			"name": "aquantic_trident_18",
			"from": [6.725, 12.375, 7.9],
			"to": [6.85, 13.125, 8.025],
			"faces": {
				"north": {"uv": [8.25, 2.875, 8.125, 3.625], "texture": "#0"},
				"east": {"uv": [8.125, 2.875, 8.25, 3.625], "texture": "#0"},
				"south": {"uv": [8.125, 2.875, 8.25, 3.625], "texture": "#0"},
				"west": {"uv": [8.125, 2.875, 8.25, 3.625], "texture": "#0"},
				"up": {"uv": [8.125, 2.875, 8.25, 3], "texture": "#0"},
				"down": {"uv": [8.125, 3.5, 8.25, 3.625], "texture": "#0"}
			}
		},
		{
			"name": "aquantic_trident_19",
			"from": [7.6, 12.625, 7.9],
			"to": [7.725, 13.125, 8.025],
			"faces": {
				"north": {"uv": [9.125, 2.875, 9, 3.375], "texture": "#0"},
				"east": {"uv": [9, 2.875, 9.125, 3.375], "texture": "#0"},
				"south": {"uv": [9, 2.875, 9.125, 3.375], "texture": "#0"},
				"west": {"uv": [9, 2.875, 9.125, 3.375], "texture": "#0"},
				"up": {"uv": [9, 2.875, 9.125, 3], "texture": "#0"},
				"down": {"uv": [9, 3.25, 9.125, 3.375], "texture": "#0"}
			}
		},
		{
			"name": "aquantic_trident_20",
			"from": [8.35, 12.625, 7.9],
			"to": [8.475, 13.125, 8.025],
			"faces": {
				"north": {"uv": [9.875, 2.875, 9.75, 3.375], "texture": "#0"},
				"east": {"uv": [9.75, 2.875, 9.875, 3.375], "texture": "#0"},
				"south": {"uv": [9.75, 2.875, 9.875, 3.375], "texture": "#0"},
				"west": {"uv": [9.75, 2.875, 9.875, 3.375], "texture": "#0"},
				"up": {"uv": [9.75, 2.875, 9.875, 3], "texture": "#0"},
				"down": {"uv": [9.75, 3.25, 9.875, 3.375], "texture": "#0"}
			}
		},
		{
			"name": "aquantic_trident_21",
			"from": [9.225, 12.375, 7.9],
			"to": [9.35, 13.125, 8.025],
			"faces": {
				"north": {"uv": [10.75, 2.875, 10.625, 3.625], "texture": "#0"},
				"east": {"uv": [10.625, 2.875, 10.75, 3.625], "texture": "#0"},
				"south": {"uv": [10.625, 2.875, 10.75, 3.625], "texture": "#0"},
				"west": {"uv": [10.625, 2.875, 10.75, 3.625], "texture": "#0"},
				"up": {"uv": [10.625, 2.875, 10.75, 3], "texture": "#0"},
				"down": {"uv": [10.625, 3.5, 10.75, 3.625], "texture": "#0"}
			}
		},
		{
			"name": "aquantic_trident_22",
			"from": [6.975, 12.375, 7.85],
			"to": [7.1, 13, 8.075],
			"faces": {
				"north": {"uv": [5.75, 3, 5.625, 3.625], "texture": "#0"},
				"east": {"uv": [5.625, 3, 5.75, 3.625], "texture": "#0"},
				"south": {"uv": [5.625, 3, 5.75, 3.625], "texture": "#0"},
				"west": {"uv": [5.625, 3, 5.75, 3.625], "texture": "#0"},
				"up": {"uv": [5.625, 3, 5.75, 3.125], "texture": "#0"},
				"down": {"uv": [5.625, 3.5, 5.75, 3.625], "texture": "#0"}
			}
		},
		{
			"name": "aquantic_trident_23",
			"from": [8.975, 12.375, 7.85],
			"to": [9.1, 13, 8.075],
			"faces": {
				"north": {"uv": [7.75, 3, 7.625, 3.625], "texture": "#0"},
				"east": {"uv": [7.625, 3, 7.75, 3.625], "texture": "#0"},
				"south": {"uv": [7.625, 3, 7.75, 3.625], "texture": "#0"},
				"west": {"uv": [7.625, 3, 7.75, 3.625], "texture": "#0"},
				"up": {"uv": [7.625, 3, 7.75, 3.125], "texture": "#0"},
				"down": {"uv": [7.625, 3.5, 7.75, 3.625], "texture": "#0"}
			}
		},
		{
			"name": "aquantic_trident_24",
			"from": [6.6, 12.75, 7.9],
			"to": [6.725, 13, 8.025],
			"faces": {
				"north": {"uv": [8.125, 3, 8, 3.25], "texture": "#0"},
				"east": {"uv": [8, 3, 8.125, 3.25], "texture": "#0"},
				"south": {"uv": [8, 3, 8.125, 3.25], "texture": "#0"},
				"west": {"uv": [8, 3, 8.125, 3.25], "texture": "#0"},
				"up": {"uv": [8, 3, 8.125, 3.125], "texture": "#0"},
				"down": {"uv": [8, 3.125, 8.125, 3.25], "texture": "#0"}
			}
		},
		{
			"name": "aquantic_trident_25",
			"from": [9.35, 12.75, 7.9],
			"to": [9.475, 13, 8.025],
			"faces": {
				"north": {"uv": [10.875, 3, 10.75, 3.25], "texture": "#0"},
				"east": {"uv": [10.75, 3, 10.875, 3.25], "texture": "#0"},
				"south": {"uv": [10.75, 3, 10.875, 3.25], "texture": "#0"},
				"west": {"uv": [10.75, 3, 10.875, 3.25], "texture": "#0"},
				"up": {"uv": [10.75, 3, 10.875, 3.125], "texture": "#0"},
				"down": {"uv": [10.75, 3.125, 10.875, 3.25], "texture": "#0"}
			}
		},
		{
			"name": "aquantic_trident_26",
			"from": [7.475, 12.75, 7.9],
			"to": [7.6, 12.875, 8.025],
			"faces": {
				"north": {"uv": [9, 3.125, 8.875, 3.25], "texture": "#0"},
				"east": {"uv": [8.875, 3.125, 9, 3.25], "texture": "#0"},
				"south": {"uv": [8.875, 3.125, 9, 3.25], "texture": "#0"},
				"west": {"uv": [8.875, 3.125, 9, 3.25], "texture": "#0"},
				"up": {"uv": [8.875, 3.125, 9, 3.25], "texture": "#0"},
				"down": {"uv": [8.875, 3.125, 9, 3.25], "texture": "#0"}
			}
		},
		{
			"name": "aquantic_trident_27",
			"from": [8.475, 12.75, 7.9],
			"to": [8.6, 12.875, 8.025],
			"faces": {
				"north": {"uv": [10, 3.125, 9.875, 3.25], "texture": "#0"},
				"east": {"uv": [9.875, 3.125, 10, 3.25], "texture": "#0"},
				"south": {"uv": [9.875, 3.125, 10, 3.25], "texture": "#0"},
				"west": {"uv": [9.875, 3.125, 10, 3.25], "texture": "#0"},
				"up": {"uv": [9.875, 3.125, 10, 3.25], "texture": "#0"},
				"down": {"uv": [9.875, 3.125, 10, 3.25], "texture": "#0"}
			}
		},
		{
			"name": "aquantic_trident_28",
			"from": [7.225, 12, 7.85],
			"to": [7.35, 12.625, 8.075],
			"faces": {
				"north": {"uv": [6, 3.375, 5.875, 4], "texture": "#0"},
				"east": {"uv": [5.875, 3.375, 6, 4], "texture": "#0"},
				"south": {"uv": [5.875, 3.375, 6, 4], "texture": "#0"},
				"west": {"uv": [5.875, 3.375, 6, 4], "texture": "#0"},
				"up": {"uv": [5.875, 3.375, 6, 3.5], "texture": "#0"},
				"down": {"uv": [5.875, 3.875, 6, 4], "texture": "#0"}
			}
		},
		{
			"name": "aquantic_trident_29",
			"from": [8.725, 12, 7.85],
			"to": [8.85, 12.625, 8.075],
			"faces": {
				"north": {"uv": [7.5, 3.375, 7.375, 4], "texture": "#0"},
				"east": {"uv": [7.375, 3.375, 7.5, 4], "texture": "#0"},
				"south": {"uv": [7.375, 3.375, 7.5, 4], "texture": "#0"},
				"west": {"uv": [7.375, 3.375, 7.5, 4], "texture": "#0"},
				"up": {"uv": [7.375, 3.375, 7.5, 3.5], "texture": "#0"},
				"down": {"uv": [7.375, 3.875, 7.5, 4], "texture": "#0"}
			}
		},
		{
			"name": "aquantic_trident_30",
			"from": [6.975, 11.625, 7.9],
			"to": [7.1, 12.375, 8.025],
			"faces": {
				"north": {"uv": [8.5, 3.625, 8.375, 4.375], "texture": "#0"},
				"east": {"uv": [8.375, 3.625, 8.5, 4.375], "texture": "#0"},
				"south": {"uv": [8.375, 3.625, 8.5, 4.375], "texture": "#0"},
				"west": {"uv": [8.375, 3.625, 8.5, 4.375], "texture": "#0"},
				"up": {"uv": [8.375, 3.625, 8.5, 3.75], "texture": "#0"},
				"down": {"uv": [8.375, 4.25, 8.5, 4.375], "texture": "#0"}
			}
		},
		{
			"name": "aquantic_trident_31",
			"from": [8.975, 11.625, 7.9],
			"to": [9.1, 12.375, 8.025],
			"faces": {
				"north": {"uv": [10.5, 3.625, 10.375, 4.375], "texture": "#0"},
				"east": {"uv": [10.375, 3.625, 10.5, 4.375], "texture": "#0"},
				"south": {"uv": [10.375, 3.625, 10.5, 4.375], "texture": "#0"},
				"west": {"uv": [10.375, 3.625, 10.5, 4.375], "texture": "#0"},
				"up": {"uv": [10.375, 3.625, 10.5, 3.75], "texture": "#0"},
				"down": {"uv": [10.375, 4.25, 10.5, 4.375], "texture": "#0"}
			}
		},
		{
			"name": "aquantic_trident_32",
			"from": [7.975, 11.625, 7.8],
			"to": [8.1, 12.125, 8.125],
			"faces": {
				"north": {"uv": [11.75, 3.625, 11.625, 4.125], "texture": "#0"},
				"east": {"uv": [11.625, 3.625, 11.75, 4.125], "texture": "#0"},
				"south": {"uv": [11.625, 3.625, 11.75, 4.125], "texture": "#0"},
				"west": {"uv": [11.625, 3.625, 11.75, 4.125], "texture": "#0"},
				"up": {"uv": [11.625, 3.625, 11.75, 3.75], "texture": "#0"},
				"down": {"uv": [11.625, 4, 11.75, 4.125], "texture": "#0"}
			}
		},
		{
			"name": "aquantic_trident_33",
			"from": [7.35, 12, 7.85],
			"to": [7.475, 12.25, 8.075],
			"faces": {
				"north": {"uv": [6.125, 3.75, 6, 4], "texture": "#0"},
				"east": {"uv": [6, 3.75, 6.125, 4], "texture": "#0"},
				"south": {"uv": [6, 3.75, 6.125, 4], "texture": "#0"},
				"west": {"uv": [6, 3.75, 6.125, 4], "texture": "#0"},
				"up": {"uv": [6, 3.75, 6.125, 3.875], "texture": "#0"},
				"down": {"uv": [6, 3.875, 6.125, 4], "texture": "#0"}
			}
		},
		{
			"name": "aquantic_trident_34",
			"from": [7.725, 12, 7.85],
			"to": [7.975, 12.25, 8.075],
			"faces": {
				"north": {"uv": [6.625, 3.75, 6.375, 4], "texture": "#0"},
				"east": {"uv": [6.5, 3.75, 6.625, 4], "texture": "#0"},
				"south": {"uv": [6.375, 3.75, 6.625, 4], "texture": "#0"},
				"west": {"uv": [6.375, 3.75, 6.5, 4], "texture": "#0"},
				"up": {"uv": [6.375, 3.75, 6.625, 3.875], "texture": "#0"},
				"down": {"uv": [6.375, 3.875, 6.625, 4], "texture": "#0"}
			}
		},
		{
			"name": "aquantic_trident_35",
			"from": [8.1, 12, 7.85],
			"to": [8.35, 12.25, 8.075],
			"faces": {
				"north": {"uv": [7, 3.75, 6.75, 4], "texture": "#0"},
				"east": {"uv": [6.875, 3.75, 7, 4], "texture": "#0"},
				"south": {"uv": [6.75, 3.75, 7, 4], "texture": "#0"},
				"west": {"uv": [6.75, 3.75, 6.875, 4], "texture": "#0"},
				"up": {"uv": [6.75, 3.75, 7, 3.875], "texture": "#0"},
				"down": {"uv": [6.75, 3.875, 7, 4], "texture": "#0"}
			}
		},
		{
			"name": "aquantic_trident_36",
			"from": [8.6, 12, 7.85],
			"to": [8.725, 12.25, 8.075],
			"faces": {
				"north": {"uv": [7.375, 3.75, 7.25, 4], "texture": "#0"},
				"east": {"uv": [7.25, 3.75, 7.375, 4], "texture": "#0"},
				"south": {"uv": [7.25, 3.75, 7.375, 4], "texture": "#0"},
				"west": {"uv": [7.25, 3.75, 7.375, 4], "texture": "#0"},
				"up": {"uv": [7.25, 3.75, 7.375, 3.875], "texture": "#0"},
				"down": {"uv": [7.25, 3.875, 7.375, 4], "texture": "#0"}
			}
		},
		{
			"name": "aquantic_trident_37",
			"from": [7.1, 11.5, 7.9],
			"to": [7.225, 12.25, 8.025],
			"faces": {
				"north": {"uv": [8.625, 3.75, 8.5, 4.5], "texture": "#0"},
				"east": {"uv": [8.5, 3.75, 8.625, 4.5], "texture": "#0"},
				"south": {"uv": [8.5, 3.75, 8.625, 4.5], "texture": "#0"},
				"west": {"uv": [8.5, 3.75, 8.625, 4.5], "texture": "#0"},
				"up": {"uv": [8.5, 3.75, 8.625, 3.875], "texture": "#0"},
				"down": {"uv": [8.5, 4.375, 8.625, 4.5], "texture": "#0"}
			}
		},
		{
			"name": "aquantic_trident_38",
			"from": [8.85, 11.5, 7.9],
			"to": [8.975, 12.25, 8.025],
			"faces": {
				"north": {"uv": [10.375, 3.75, 10.25, 4.5], "texture": "#0"},
				"east": {"uv": [10.25, 3.75, 10.375, 4.5], "texture": "#0"},
				"south": {"uv": [10.25, 3.75, 10.375, 4.5], "texture": "#0"},
				"west": {"uv": [10.25, 3.75, 10.375, 4.5], "texture": "#0"},
				"up": {"uv": [10.25, 3.75, 10.375, 3.875], "texture": "#0"},
				"down": {"uv": [10.25, 4.375, 10.375, 4.5], "texture": "#0"}
			}
		},
		{
			"name": "aquantic_trident_39",
			"from": [7.85, 11.75, 7.8],
			"to": [7.975, 12, 8.125],
			"faces": {
				"north": {"uv": [11.625, 3.75, 11.5, 4], "texture": "#0"},
				"east": {"uv": [11.5, 3.75, 11.625, 4], "texture": "#0"},
				"south": {"uv": [11.5, 3.75, 11.625, 4], "texture": "#0"},
				"west": {"uv": [11.5, 3.75, 11.625, 4], "texture": "#0"},
				"up": {"uv": [11.5, 3.75, 11.625, 3.875], "texture": "#0"},
				"down": {"uv": [11.5, 3.875, 11.625, 4], "texture": "#0"}
			}
		},
		{
			"name": "aquantic_trident_40",
			"from": [8.1, 11.75, 7.8],
			"to": [8.225, 12, 8.125],
			"faces": {
				"north": {"uv": [11.875, 3.75, 11.75, 4], "texture": "#0"},
				"east": {"uv": [11.75, 3.75, 11.875, 4], "texture": "#0"},
				"south": {"uv": [11.75, 3.75, 11.875, 4], "texture": "#0"},
				"west": {"uv": [11.75, 3.75, 11.875, 4], "texture": "#0"},
				"up": {"uv": [11.75, 3.75, 11.875, 3.875], "texture": "#0"},
				"down": {"uv": [11.75, 3.875, 11.875, 4], "texture": "#0"}
			}
		},
		{
			"name": "aquantic_trident_41",
			"from": [7.475, 11.625, 7.85],
			"to": [7.725, 12.125, 8.075],
			"faces": {
				"north": {"uv": [6.375, 3.875, 6.125, 4.375], "texture": "#0"},
				"east": {"uv": [6.25, 3.875, 6.375, 4.375], "texture": "#0"},
				"south": {"uv": [6.125, 3.875, 6.375, 4.375], "texture": "#0"},
				"west": {"uv": [6.125, 3.875, 6.25, 4.375], "texture": "#0"},
				"up": {"uv": [6.125, 3.875, 6.375, 4], "texture": "#0"},
				"down": {"uv": [6.125, 4.25, 6.375, 4.375], "texture": "#0"}
			}
		},
		{
			"name": "aquantic_trident_42",
			"from": [8.35, 11.875, 7.85],
			"to": [8.6, 12.125, 8.075],
			"faces": {
				"north": {"uv": [7.25, 3.875, 7, 4.125], "texture": "#0"},
				"east": {"uv": [7.125, 3.875, 7.25, 4.125], "texture": "#0"},
				"south": {"uv": [7, 3.875, 7.25, 4.125], "texture": "#0"},
				"west": {"uv": [7, 3.875, 7.125, 4.125], "texture": "#0"},
				"up": {"uv": [7, 3.875, 7.25, 4], "texture": "#0"},
				"down": {"uv": [7, 4, 7.25, 4.125], "texture": "#0"}
			}
		},
		{
			"name": "aquantic_trident_43",
			"from": [7.725, 11.5, 7.85],
			"to": [7.85, 12, 8.075],
			"faces": {
				"north": {"uv": [6.5, 4, 6.375, 4.5], "texture": "#0"},
				"east": {"uv": [6.375, 4, 6.5, 4.5], "texture": "#0"},
				"south": {"uv": [6.375, 4, 6.5, 4.5], "texture": "#0"},
				"west": {"uv": [6.375, 4, 6.5, 4.5], "texture": "#0"},
				"up": {"uv": [6.375, 4, 6.5, 4.125], "texture": "#0"},
				"down": {"uv": [6.375, 4.375, 6.5, 4.5], "texture": "#0"}
			}
		},
		{
			"name": "aquantic_trident_44",
			"from": [8.225, 11.875, 7.85],
			"to": [8.35, 12, 8.075],
			"faces": {
				"north": {"uv": [7, 4, 6.875, 4.125], "texture": "#0"},
				"east": {"uv": [6.875, 4, 7, 4.125], "texture": "#0"},
				"south": {"uv": [6.875, 4, 7, 4.125], "texture": "#0"},
				"west": {"uv": [6.875, 4, 7, 4.125], "texture": "#0"},
				"up": {"uv": [6.875, 4, 7, 4.125], "texture": "#0"},
				"down": {"uv": [6.875, 4, 7, 4.125], "texture": "#0"}
			}
		},
		{
			"name": "aquantic_trident_45",
			"from": [7.225, 11.5, 7.9],
			"to": [7.475, 12, 8.025],
			"faces": {
				"north": {"uv": [8.875, 4, 8.625, 4.5], "texture": "#0"},
				"east": {"uv": [8.75, 4, 8.875, 4.5], "texture": "#0"},
				"south": {"uv": [8.625, 4, 8.875, 4.5], "texture": "#0"},
				"west": {"uv": [8.625, 4, 8.75, 4.5], "texture": "#0"},
				"up": {"uv": [8.625, 4, 8.875, 4.125], "texture": "#0"},
				"down": {"uv": [8.625, 4.375, 8.875, 4.5], "texture": "#0"}
			}
		},
		{
			"name": "aquantic_trident_46",
			"from": [8.6, 11.875, 7.9],
			"to": [8.85, 12, 8.025],
			"faces": {
				"north": {"uv": [10.25, 4, 10, 4.125], "texture": "#0"},
				"east": {"uv": [10.125, 4, 10.25, 4.125], "texture": "#0"},
				"south": {"uv": [10, 4, 10.25, 4.125], "texture": "#0"},
				"west": {"uv": [10, 4, 10.125, 4.125], "texture": "#0"},
				"up": {"uv": [10, 4, 10.25, 4.125], "texture": "#0"},
				"down": {"uv": [10, 4, 10.25, 4.125], "texture": "#0"}
			}
		},
		{
			"name": "aquantic_trident_47",
			"from": [8.725, 11.75, 7.9],
			"to": [8.85, 11.875, 8.025],
			"faces": {
				"north": {"uv": [10.25, 4.125, 10.125, 4.25], "texture": "#0"},
				"east": {"uv": [10.125, 4.125, 10.25, 4.25], "texture": "#0"},
				"south": {"uv": [10.125, 4.125, 10.25, 4.25], "texture": "#0"},
				"west": {"uv": [10.125, 4.125, 10.25, 4.25], "texture": "#0"},
				"up": {"uv": [10.125, 4.125, 10.25, 4.25], "texture": "#0"},
				"down": {"uv": [10.125, 4.125, 10.25, 4.25], "texture": "#0"}
			}
		},
		{
			"name": "aquantic_trident_48",
			"from": [8.225, 11.125, 7.75],
			"to": [8.725, 11.875, 8.175],
			"faces": {
				"north": {"uv": [12.375, 4.125, 11.875, 4.875], "texture": "#0"},
				"east": {"uv": [12.25, 4.125, 12.375, 4.875], "texture": "#0"},
				"south": {"uv": [11.875, 4.125, 12.375, 4.875], "texture": "#0"},
				"west": {"uv": [11.875, 4.125, 12, 4.875], "texture": "#0"},
				"up": {"uv": [11.875, 4.125, 12.375, 4.25], "texture": "#0"},
				"down": {"uv": [11.875, 4.75, 12.375, 4.875], "texture": "#0"}
			}
		},
		{
			"name": "aquantic_trident_49",
			"from": [7.85, 11.5, 7.85],
			"to": [7.975, 11.75, 8.075],
			"faces": {
				"north": {"uv": [6.625, 4.25, 6.5, 4.5], "texture": "#0"},
				"east": {"uv": [6.5, 4.25, 6.625, 4.5], "texture": "#0"},
				"south": {"uv": [6.5, 4.25, 6.625, 4.5], "texture": "#0"},
				"west": {"uv": [6.5, 4.25, 6.625, 4.5], "texture": "#0"},
				"up": {"uv": [6.5, 4.25, 6.625, 4.375], "texture": "#0"},
				"down": {"uv": [6.5, 4.375, 6.625, 4.5], "texture": "#0"}
			}
		},
		{
			"name": "aquantic_trident_50",
			"from": [8.1, 11.25, 7.75],
			"to": [8.225, 11.75, 8.175],
			"faces": {
				"north": {"uv": [11.875, 4.25, 11.75, 4.75], "texture": "#0"},
				"east": {"uv": [11.75, 4.25, 11.875, 4.75], "texture": "#0"},
				"south": {"uv": [11.75, 4.25, 11.875, 4.75], "texture": "#0"},
				"west": {"uv": [11.75, 4.25, 11.875, 4.75], "texture": "#0"},
				"up": {"uv": [11.75, 4.25, 11.875, 4.375], "texture": "#0"},
				"down": {"uv": [11.75, 4.625, 11.875, 4.75], "texture": "#0"}
			}
		},
		{
			"name": "aquantic_trident_51",
			"from": [8.725, 11.25, 7.75],
			"to": [8.85, 11.75, 8.175],
			"faces": {
				"north": {"uv": [12.5, 4.25, 12.375, 4.75], "texture": "#0"},
				"east": {"uv": [12.375, 4.25, 12.5, 4.75], "texture": "#0"},
				"south": {"uv": [12.375, 4.25, 12.5, 4.75], "texture": "#0"},
				"west": {"uv": [12.375, 4.25, 12.5, 4.75], "texture": "#0"},
				"up": {"uv": [12.375, 4.25, 12.5, 4.375], "texture": "#0"},
				"down": {"uv": [12.375, 4.625, 12.5, 4.75], "texture": "#0"}
			}
		},
		{
			"name": "aquantic_trident_52",
			"from": [7.6, 11.5, 7.85],
			"to": [7.725, 11.625, 8.075],
			"faces": {
				"north": {"uv": [6.375, 4.375, 6.25, 4.5], "texture": "#0"},
				"east": {"uv": [6.25, 4.375, 6.375, 4.5], "texture": "#0"},
				"south": {"uv": [6.25, 4.375, 6.375, 4.5], "texture": "#0"},
				"west": {"uv": [6.25, 4.375, 6.375, 4.5], "texture": "#0"},
				"up": {"uv": [6.25, 4.375, 6.375, 4.5], "texture": "#0"},
				"down": {"uv": [6.25, 4.375, 6.375, 4.5], "texture": "#0"}
			}
		},
		{
			"name": "aquantic_trident_53",
			"from": [7.975, 11.375, 7.85],
			"to": [8.1, 11.625, 8.075],
			"faces": {
				"north": {"uv": [6.75, 4.375, 6.625, 4.625], "texture": "#0"},
				"east": {"uv": [6.625, 4.375, 6.75, 4.625], "texture": "#0"},
				"south": {"uv": [6.625, 4.375, 6.75, 4.625], "texture": "#0"},
				"west": {"uv": [6.625, 4.375, 6.75, 4.625], "texture": "#0"},
				"up": {"uv": [6.625, 4.375, 6.75, 4.5], "texture": "#0"},
				"down": {"uv": [6.625, 4.5, 6.75, 4.625], "texture": "#0"}
			}
		},
		{
			"name": "aquantic_trident_54",
			"from": [7.475, 11.375, 7.9],
			"to": [7.6, 11.625, 8.025],
			"faces": {
				"north": {"uv": [9, 4.375, 8.875, 4.625], "texture": "#0"},
				"east": {"uv": [8.875, 4.375, 9, 4.625], "texture": "#0"},
				"south": {"uv": [8.875, 4.375, 9, 4.625], "texture": "#0"},
				"west": {"uv": [8.875, 4.375, 9, 4.625], "texture": "#0"},
				"up": {"uv": [8.875, 4.375, 9, 4.5], "texture": "#0"},
				"down": {"uv": [8.875, 4.5, 9, 4.625], "texture": "#0"}
			}
		},
		{
			"name": "aquantic_trident_55",
			"from": [7.6, 11.375, 7.9],
			"to": [7.975, 11.5, 8.025],
			"faces": {
				"north": {"uv": [9.375, 4.5, 9, 4.625], "texture": "#0"},
				"east": {"uv": [9.25, 4.5, 9.375, 4.625], "texture": "#0"},
				"south": {"uv": [9, 4.5, 9.375, 4.625], "texture": "#0"},
				"west": {"uv": [9, 4.5, 9.125, 4.625], "texture": "#0"},
				"up": {"uv": [9, 4.5, 9.375, 4.625], "texture": "#0"},
				"down": {"uv": [9, 4.5, 9.375, 4.625], "texture": "#0"}
			}
		},
		{
			"name": "aquantic_trident_56",
			"from": [7.1, 11.275, 7.85],
			"to": [7.225, 11.4, 8.075],
			"faces": {
				"north": {"uv": [5.875, 4.75, 5.75, 4.875], "texture": "#0"},
				"east": {"uv": [5.75, 4.75, 5.875, 4.875], "texture": "#0"},
				"south": {"uv": [5.75, 4.75, 5.875, 4.875], "texture": "#0"},
				"west": {"uv": [5.75, 4.75, 5.875, 4.875], "texture": "#0"},
				"up": {"uv": [5.75, 4.75, 5.875, 4.875], "texture": "#0"},
				"down": {"uv": [5.75, 4.75, 5.875, 4.875], "texture": "#0"}
			}
		},
		{
			"name": "aquantic_trident_57",
			"from": [7.225, 11.15, 7.85],
			"to": [7.475, 11.275, 8.075],
			"faces": {
				"north": {"uv": [6.125, 4.875, 5.875, 5], "texture": "#0"},
				"east": {"uv": [6, 4.875, 6.125, 5], "texture": "#0"},
				"south": {"uv": [5.875, 4.875, 6.125, 5], "texture": "#0"},
				"west": {"uv": [5.875, 4.875, 6, 5], "texture": "#0"},
				"up": {"uv": [5.875, 4.875, 6.125, 5], "texture": "#0"},
				"down": {"uv": [5.875, 4.875, 6.125, 5], "texture": "#0"}
			}
		},
		{
			"name": "aquantic_trident_58",
			"from": [7.6, 10.375, 7.7],
			"to": [8.1, 11.375, 8.225],
			"faces": {
				"north": {"uv": [11.75, 4.875, 11.25, 5.875], "texture": "#0"},
				"east": {"uv": [11.625, 4.875, 11.75, 5.875], "texture": "#0"},
				"south": {"uv": [11.25, 4.875, 11.75, 5.875], "texture": "#0"},
				"west": {"uv": [11.25, 4.875, 11.375, 5.875], "texture": "#0"},
				"up": {"uv": [11.25, 4.875, 11.75, 5], "texture": "#0"},
				"down": {"uv": [11.25, 5.75, 11.75, 5.875], "texture": "#0"}
			}
		},
		{
			"name": "aquantic_trident_59",
			"from": [7.225, 10.65, 7.9],
			"to": [7.35, 11.15, 8.025],
			"faces": {
				"north": {"uv": [5, 5, 4.875, 5.5], "texture": "#0"},
				"east": {"uv": [4.875, 5, 5, 5.5], "texture": "#0"},
				"south": {"uv": [4.875, 5, 5, 5.5], "texture": "#0"},
				"west": {"uv": [4.875, 5, 5, 5.5], "texture": "#0"},
				"up": {"uv": [4.875, 5, 5, 5.125], "texture": "#0"},
				"down": {"uv": [4.875, 5.375, 5, 5.5], "texture": "#0"}
			}
		},
		{
			"name": "aquantic_trident_60",
			"from": [8.35, 11.025, 7.85],
			"to": [8.6, 11.15, 8.075],
			"faces": {
				"north": {"uv": [7.25, 5, 7, 5.125], "texture": "#0"},
				"east": {"uv": [7.125, 5, 7.25, 5.125], "texture": "#0"},
				"south": {"uv": [7, 5, 7.25, 5.125], "texture": "#0"},
				"west": {"uv": [7, 5, 7.125, 5.125], "texture": "#0"},
				"up": {"uv": [7, 5, 7.25, 5.125], "texture": "#0"},
				"down": {"uv": [7, 5, 7.25, 5.125], "texture": "#0"}
			}
		},
		{
			"name": "aquantic_trident_61",
			"from": [8.6, 10.65, 7.9],
			"to": [8.725, 11.15, 8.025],
			"faces": {
				"north": {"uv": [8.375, 5, 8.25, 5.5], "texture": "#0"},
				"east": {"uv": [8.25, 5, 8.375, 5.5], "texture": "#0"},
				"south": {"uv": [8.25, 5, 8.375, 5.5], "texture": "#0"},
				"west": {"uv": [8.25, 5, 8.375, 5.5], "texture": "#0"},
				"up": {"uv": [8.25, 5, 8.375, 5.125], "texture": "#0"},
				"down": {"uv": [8.25, 5.375, 8.375, 5.5], "texture": "#0"}
			}
		},
		{
			"name": "aquantic_trident_62",
			"from": [7.475, 10.5, 7.7],
			"to": [7.6, 11.25, 8.225],
			"faces": {
				"north": {"uv": [11.25, 5, 11.125, 5.75], "texture": "#0"},
				"east": {"uv": [11.125, 5, 11.25, 5.75], "texture": "#0"},
				"south": {"uv": [11.125, 5, 11.25, 5.75], "texture": "#0"},
				"west": {"uv": [11.125, 5, 11.25, 5.75], "texture": "#0"},
				"up": {"uv": [11.125, 5, 11.25, 5.125], "texture": "#0"},
				"down": {"uv": [11.125, 5.625, 11.25, 5.75], "texture": "#0"}
			}
		},
		{
			"name": "aquantic_trident_63",
			"from": [8.1, 10.5, 7.7],
			"to": [8.225, 11.25, 8.225],
			"faces": {
				"north": {"uv": [11.875, 5, 11.75, 5.75], "texture": "#0"},
				"east": {"uv": [11.75, 5, 11.875, 5.75], "texture": "#0"},
				"south": {"uv": [11.75, 5, 11.875, 5.75], "texture": "#0"},
				"west": {"uv": [11.75, 5, 11.875, 5.75], "texture": "#0"},
				"up": {"uv": [11.75, 5, 11.875, 5.125], "texture": "#0"},
				"down": {"uv": [11.75, 5.625, 11.875, 5.75], "texture": "#0"}
			}
		},
		{
			"name": "aquantic_trident_64",
			"from": [8.35, 10.9, 7.85],
			"to": [8.475, 11.025, 8.075],
			"faces": {
				"north": {"uv": [7.125, 5.125, 7, 5.25], "texture": "#0"},
				"east": {"uv": [7, 5.125, 7.125, 5.25], "texture": "#0"},
				"south": {"uv": [7, 5.125, 7.125, 5.25], "texture": "#0"},
				"west": {"uv": [7, 5.125, 7.125, 5.25], "texture": "#0"},
				"up": {"uv": [7, 5.125, 7.125, 5.25], "texture": "#0"},
				"down": {"uv": [7, 5.125, 7.125, 5.25], "texture": "#0"}
			}
		},
		{
			"name": "aquantic_trident_65",
			"from": [8.475, 10.65, 7.9],
			"to": [8.6, 11.025, 8.025],
			"faces": {
				"north": {"uv": [8.25, 5.125, 8.125, 5.5], "texture": "#0"},
				"east": {"uv": [8.125, 5.125, 8.25, 5.5], "texture": "#0"},
				"south": {"uv": [8.125, 5.125, 8.25, 5.5], "texture": "#0"},
				"west": {"uv": [8.125, 5.125, 8.25, 5.5], "texture": "#0"},
				"up": {"uv": [8.125, 5.125, 8.25, 5.25], "texture": "#0"},
				"down": {"uv": [8.125, 5.375, 8.25, 5.5], "texture": "#0"}
			}
		},
		{
			"name": "aquantic_trident_66",
			"from": [7.35, 10.625, 7.7],
			"to": [7.475, 11.125, 8.225],
			"faces": {
				"north": {"uv": [11.125, 5.125, 11, 5.625], "texture": "#0"},
				"east": {"uv": [11, 5.125, 11.125, 5.625], "texture": "#0"},
				"south": {"uv": [11, 5.125, 11.125, 5.625], "texture": "#0"},
				"west": {"uv": [11, 5.125, 11.125, 5.625], "texture": "#0"},
				"up": {"uv": [11, 5.125, 11.125, 5.25], "texture": "#0"},
				"down": {"uv": [11, 5.5, 11.125, 5.625], "texture": "#0"}
			}
		},
		{
			"name": "aquantic_trident_67",
			"from": [8.225, 10.625, 7.7],
			"to": [8.35, 11.125, 8.225],
			"faces": {
				"north": {"uv": [12, 5.125, 11.875, 5.625], "texture": "#0"},
				"east": {"uv": [11.875, 5.125, 12, 5.625], "texture": "#0"},
				"south": {"uv": [11.875, 5.125, 12, 5.625], "texture": "#0"},
				"west": {"uv": [11.875, 5.125, 12, 5.625], "texture": "#0"},
				"up": {"uv": [11.875, 5.125, 12, 5.25], "texture": "#0"},
				"down": {"uv": [11.875, 5.5, 12, 5.625], "texture": "#0"}
			}
		},
		{
			"name": "aquantic_trident_68",
			"from": [7.1, 10.65, 7.9],
			"to": [7.225, 10.9, 8.025],
			"faces": {
				"north": {"uv": [4.875, 5.25, 4.75, 5.5], "texture": "#0"},
				"east": {"uv": [4.75, 5.25, 4.875, 5.5], "texture": "#0"},
				"south": {"uv": [4.75, 5.25, 4.875, 5.5], "texture": "#0"},
				"west": {"uv": [4.75, 5.25, 4.875, 5.5], "texture": "#0"},
				"up": {"uv": [4.75, 5.25, 4.875, 5.375], "texture": "#0"},
				"down": {"uv": [4.75, 5.375, 4.875, 5.5], "texture": "#0"}
			}
		},
		{
			"name": "aquantic_trident_69",
			"from": [8.35, 10.65, 7.9],
			"to": [8.475, 10.9, 8.025],
			"faces": {
				"north": {"uv": [8.125, 5.25, 8, 5.5], "texture": "#0"},
				"east": {"uv": [8, 5.25, 8.125, 5.5], "texture": "#0"},
				"south": {"uv": [8, 5.25, 8.125, 5.5], "texture": "#0"},
				"west": {"uv": [8, 5.25, 8.125, 5.5], "texture": "#0"},
				"up": {"uv": [8, 5.25, 8.125, 5.375], "texture": "#0"},
				"down": {"uv": [8, 5.375, 8.125, 5.5], "texture": "#0"}
			}
		},
		{
			"name": "aquantic_trident_70",
			"from": [8.725, 10.65, 7.9],
			"to": [8.85, 10.9, 8.025],
			"faces": {
				"north": {"uv": [8.5, 5.25, 8.375, 5.5], "texture": "#0"},
				"east": {"uv": [8.375, 5.25, 8.5, 5.5], "texture": "#0"},
				"south": {"uv": [8.375, 5.25, 8.5, 5.5], "texture": "#0"},
				"west": {"uv": [8.375, 5.25, 8.5, 5.5], "texture": "#0"},
				"up": {"uv": [8.375, 5.25, 8.5, 5.375], "texture": "#0"},
				"down": {"uv": [8.375, 5.375, 8.5, 5.5], "texture": "#0"}
			}
		},
		{
			"name": "aquantic_trident_71",
			"from": [6.975, 10.65, 7.9],
			"to": [7.1, 10.775, 8.025],
			"faces": {
				"north": {"uv": [4.75, 5.375, 4.625, 5.5], "texture": "#0"},
				"east": {"uv": [4.625, 5.375, 4.75, 5.5], "texture": "#0"},
				"south": {"uv": [4.625, 5.375, 4.75, 5.5], "texture": "#0"},
				"west": {"uv": [4.625, 5.375, 4.75, 5.5], "texture": "#0"},
				"up": {"uv": [4.625, 5.375, 4.75, 5.5], "texture": "#0"},
				"down": {"uv": [4.625, 5.375, 4.75, 5.5], "texture": "#0"}
			}
		},
		{
			"name": "aquantic_trident_72",
			"from": [8.85, 10.65, 7.9],
			"to": [8.975, 10.775, 8.025],
			"faces": {
				"north": {"uv": [8.625, 5.375, 8.5, 5.5], "texture": "#0"},
				"east": {"uv": [8.5, 5.375, 8.625, 5.5], "texture": "#0"},
				"south": {"uv": [8.5, 5.375, 8.625, 5.5], "texture": "#0"},
				"west": {"uv": [8.5, 5.375, 8.625, 5.5], "texture": "#0"},
				"up": {"uv": [8.5, 5.375, 8.625, 5.5], "texture": "#0"},
				"down": {"uv": [8.5, 5.375, 8.625, 5.5], "texture": "#0"}
			}
		},
		{
			"name": "aquantic_trident_73",
			"from": [6.725, 10.525, 7.85],
			"to": [7.475, 10.65, 8.075],
			"faces": {
				"north": {"uv": [6.125, 5.5, 5.375, 5.625], "texture": "#0"},
				"east": {"uv": [6, 5.5, 6.125, 5.625], "texture": "#0"},
				"south": {"uv": [5.375, 5.5, 6.125, 5.625], "texture": "#0"},
				"west": {"uv": [5.375, 5.5, 5.5, 5.625], "texture": "#0"},
				"up": {"uv": [5.375, 5.5, 6.125, 5.625], "texture": "#0"},
				"down": {"uv": [5.375, 5.5, 6.125, 5.625], "texture": "#0"}
			}
		},
		{
			"name": "aquantic_trident_74",
			"from": [8.225, 10.4, 7.85],
			"to": [9.1, 10.65, 8.075],
			"faces": {
				"north": {"uv": [7.75, 5.5, 6.875, 5.75], "texture": "#0"},
				"east": {"uv": [7.625, 5.5, 7.75, 5.75], "texture": "#0"},
				"south": {"uv": [6.875, 5.5, 7.75, 5.75], "texture": "#0"},
				"west": {"uv": [6.875, 5.5, 7, 5.75], "texture": "#0"},
				"up": {"uv": [6.875, 5.5, 7.75, 5.625], "texture": "#0"},
				"down": {"uv": [6.875, 5.625, 7.75, 5.75], "texture": "#0"}
			}
		},
		{
			"name": "aquantic_trident_75",
			"from": [9.1, 10.525, 7.85],
			"to": [9.225, 10.65, 8.075],
			"faces": {
				"north": {"uv": [7.875, 5.5, 7.75, 5.625], "texture": "#0"},
				"east": {"uv": [7.75, 5.5, 7.875, 5.625], "texture": "#0"},
				"south": {"uv": [7.75, 5.5, 7.875, 5.625], "texture": "#0"},
				"west": {"uv": [7.75, 5.5, 7.875, 5.625], "texture": "#0"},
				"up": {"uv": [7.75, 5.5, 7.875, 5.625], "texture": "#0"},
				"down": {"uv": [7.75, 5.5, 7.875, 5.625], "texture": "#0"}
			}
		},
		{
			"name": "aquantic_trident_76",
			"from": [6.975, 10.4, 7.85],
			"to": [7.6, 10.525, 8.075],
			"faces": {
				"north": {"uv": [6.25, 5.625, 5.625, 5.75], "texture": "#0"},
				"east": {"uv": [6.125, 5.625, 6.25, 5.75], "texture": "#0"},
				"south": {"uv": [5.625, 5.625, 6.25, 5.75], "texture": "#0"},
				"west": {"uv": [5.625, 5.625, 5.75, 5.75], "texture": "#0"},
				"up": {"uv": [5.625, 5.625, 6.25, 5.75], "texture": "#0"},
				"down": {"uv": [5.625, 5.625, 6.25, 5.75], "texture": "#0"}
			}
		},
		{
			"name": "aquantic_trident_77",
			"from": [8.1, 10.4, 7.85],
			"to": [8.225, 10.525, 8.075],
			"faces": {
				"north": {"uv": [6.875, 5.625, 6.75, 5.75], "texture": "#0"},
				"east": {"uv": [6.75, 5.625, 6.875, 5.75], "texture": "#0"},
				"south": {"uv": [6.75, 5.625, 6.875, 5.75], "texture": "#0"},
				"west": {"uv": [6.75, 5.625, 6.875, 5.75], "texture": "#0"},
				"up": {"uv": [6.75, 5.625, 6.875, 5.75], "texture": "#0"},
				"down": {"uv": [6.75, 5.625, 6.875, 5.75], "texture": "#0"}
			}
		},
		{
			"name": "aquantic_trident_78",
			"from": [7.85, 10.25, 7.8],
			"to": [8.225, 10.375, 8.125],
			"faces": {
				"north": {"uv": [9.625, 5.625, 9.25, 5.75], "texture": "#0"},
				"east": {"uv": [9.5, 5.625, 9.625, 5.75], "texture": "#0"},
				"south": {"uv": [9.25, 5.625, 9.625, 5.75], "texture": "#0"},
				"west": {"uv": [9.25, 5.625, 9.375, 5.75], "texture": "#0"},
				"up": {"uv": [9.25, 5.625, 9.625, 5.75], "texture": "#0"},
				"down": {"uv": [9.25, 5.625, 9.625, 5.75], "texture": "#0"}
			}
		},
		{
			"name": "aquantic_trident_79",
			"from": [7.1, 10.275, 7.9],
			"to": [7.85, 10.4, 8.025],
			"faces": {
				"north": {"uv": [5.5, 5.75, 4.75, 5.875], "texture": "#0"},
				"east": {"uv": [5.375, 5.75, 5.5, 5.875], "texture": "#0"},
				"south": {"uv": [4.75, 5.75, 5.5, 5.875], "texture": "#0"},
				"west": {"uv": [4.75, 5.75, 4.875, 5.875], "texture": "#0"},
				"up": {"uv": [4.75, 5.75, 5.5, 5.875], "texture": "#0"},
				"down": {"uv": [4.75, 5.75, 5.5, 5.875], "texture": "#0"}
			}
		},
		{
			"name": "aquantic_trident_80",
			"from": [8.225, 10.275, 7.9],
			"to": [8.975, 10.4, 8.025],
			"faces": {
				"north": {"uv": [8.625, 5.75, 7.875, 5.875], "texture": "#0"},
				"east": {"uv": [8.5, 5.75, 8.625, 5.875], "texture": "#0"},
				"south": {"uv": [7.875, 5.75, 8.625, 5.875], "texture": "#0"},
				"west": {"uv": [7.875, 5.75, 8, 5.875], "texture": "#0"},
				"up": {"uv": [7.875, 5.75, 8.625, 5.875], "texture": "#0"},
				"down": {"uv": [7.875, 5.75, 8.625, 5.875], "texture": "#0"}
			}
		},
		{
			"name": "aquantic_trident_81",
			"from": [7.725, 10, 7.7],
			"to": [8.35, 10.25, 8.225],
			"faces": {
				"north": {"uv": [10.5, 5.75, 9.875, 6], "texture": "#0"},
				"east": {"uv": [10.375, 5.75, 10.5, 6], "texture": "#0"},
				"south": {"uv": [9.875, 5.75, 10.5, 6], "texture": "#0"},
				"west": {"uv": [9.875, 5.75, 10, 6], "texture": "#0"},
				"up": {"uv": [9.875, 5.75, 10.5, 5.875], "texture": "#0"},
				"down": {"uv": [9.875, 5.875, 10.5, 6], "texture": "#0"}
			}
		},
		{
			"name": "aquantic_trident_82",
			"from": [7.225, 10.15, 7.9],
			"to": [7.725, 10.275, 8.025],
			"faces": {
				"north": {"uv": [5.375, 5.875, 4.875, 6], "texture": "#0"},
				"east": {"uv": [5.25, 5.875, 5.375, 6], "texture": "#0"},
				"south": {"uv": [4.875, 5.875, 5.375, 6], "texture": "#0"},
				"west": {"uv": [4.875, 5.875, 5, 6], "texture": "#0"},
				"up": {"uv": [4.875, 5.875, 5.375, 6], "texture": "#0"},
				"down": {"uv": [4.875, 5.875, 5.375, 6], "texture": "#0"}
			}
		},
		{
			"name": "aquantic_trident_83",
			"from": [8.35, 10.15, 7.9],
			"to": [8.85, 10.275, 8.025],
			"faces": {
				"north": {"uv": [8.5, 5.875, 8, 6], "texture": "#0"},
				"east": {"uv": [8.375, 5.875, 8.5, 6], "texture": "#0"},
				"south": {"uv": [8, 5.875, 8.5, 6], "texture": "#0"},
				"west": {"uv": [8, 5.875, 8.125, 6], "texture": "#0"},
				"up": {"uv": [8, 5.875, 8.5, 6], "texture": "#0"},
				"down": {"uv": [8, 5.875, 8.5, 6], "texture": "#0"}
			}
		},
		{
			"name": "aquantic_trident_84",
			"from": [7.35, 10.025, 7.9],
			"to": [7.6, 10.15, 8.025],
			"faces": {
				"north": {"uv": [5.25, 6, 5, 6.125], "texture": "#0"},
				"east": {"uv": [5.125, 6, 5.25, 6.125], "texture": "#0"},
				"south": {"uv": [5, 6, 5.25, 6.125], "texture": "#0"},
				"west": {"uv": [5, 6, 5.125, 6.125], "texture": "#0"},
				"up": {"uv": [5, 6, 5.25, 6.125], "texture": "#0"},
				"down": {"uv": [5, 6, 5.25, 6.125], "texture": "#0"}
			}
		},
		{
			"name": "aquantic_trident_85",
			"from": [7.6, 9.775, 7.85],
			"to": [7.725, 10.15, 8.075],
			"faces": {
				"north": {"uv": [6.375, 6, 6.25, 6.375], "texture": "#0"},
				"east": {"uv": [6.25, 6, 6.375, 6.375], "texture": "#0"},
				"south": {"uv": [6.25, 6, 6.375, 6.375], "texture": "#0"},
				"west": {"uv": [6.25, 6, 6.375, 6.375], "texture": "#0"},
				"up": {"uv": [6.25, 6, 6.375, 6.125], "texture": "#0"},
				"down": {"uv": [6.25, 6.25, 6.375, 6.375], "texture": "#0"}
			}
		},
		{
			"name": "aquantic_trident_86",
			"from": [8.35, 9.775, 7.85],
			"to": [8.475, 10.15, 8.075],
			"faces": {
				"north": {"uv": [7.125, 6, 7, 6.375], "texture": "#0"},
				"east": {"uv": [7, 6, 7.125, 6.375], "texture": "#0"},
				"south": {"uv": [7, 6, 7.125, 6.375], "texture": "#0"},
				"west": {"uv": [7, 6, 7.125, 6.375], "texture": "#0"},
				"up": {"uv": [7, 6, 7.125, 6.125], "texture": "#0"},
				"down": {"uv": [7, 6.25, 7.125, 6.375], "texture": "#0"}
			}
		},
		{
			"name": "aquantic_trident_87",
			"from": [8.475, 10.025, 7.9],
			"to": [8.725, 10.15, 8.025],
			"faces": {
				"north": {"uv": [8.375, 6, 8.125, 6.125], "texture": "#0"},
				"east": {"uv": [8.25, 6, 8.375, 6.125], "texture": "#0"},
				"south": {"uv": [8.125, 6, 8.375, 6.125], "texture": "#0"},
				"west": {"uv": [8.125, 6, 8.25, 6.125], "texture": "#0"},
				"up": {"uv": [8.125, 6, 8.375, 6.125], "texture": "#0"},
				"down": {"uv": [8.125, 6, 8.375, 6.125], "texture": "#0"}
			}
		},
		{
			"name": "aquantic_trident_88",
			"from": [7.85, 1.875, 7.8],
			"to": [8.225, 10, 8.125],
			"faces": {
				"north": {"uv": [9.625, 6, 9.25, 14.125], "texture": "#0"},
				"east": {"uv": [9.5, 6, 9.625, 14.125], "texture": "#0"},
				"south": {"uv": [9.25, 6, 9.625, 14.125], "texture": "#0"},
				"west": {"uv": [9.25, 6, 9.375, 14.125], "texture": "#0"},
				"up": {"uv": [9.25, 6, 9.625, 6.125], "texture": "#0"},
				"down": {"uv": [9.25, 14, 9.625, 14.125], "texture": "#0"}
			}
		},
		{
			"name": "aquantic_trident_89",
			"from": [7.35, 9.9, 7.9],
			"to": [7.475, 10.025, 8.025],
			"faces": {
				"north": {"uv": [5.125, 6.125, 5, 6.25], "texture": "#0"},
				"east": {"uv": [5, 6.125, 5.125, 6.25], "texture": "#0"},
				"south": {"uv": [5, 6.125, 5.125, 6.25], "texture": "#0"},
				"west": {"uv": [5, 6.125, 5.125, 6.25], "texture": "#0"},
				"up": {"uv": [5, 6.125, 5.125, 6.25], "texture": "#0"},
				"down": {"uv": [5, 6.125, 5.125, 6.25], "texture": "#0"}
			}
		},
		{
			"name": "aquantic_trident_90",
			"from": [7.475, 9.65, 7.85],
			"to": [7.6, 10.025, 8.075],
			"faces": {
				"north": {"uv": [6.25, 6.125, 6.125, 6.5], "texture": "#0"},
				"east": {"uv": [6.125, 6.125, 6.25, 6.5], "texture": "#0"},
				"south": {"uv": [6.125, 6.125, 6.25, 6.5], "texture": "#0"},
				"west": {"uv": [6.125, 6.125, 6.25, 6.5], "texture": "#0"},
				"up": {"uv": [6.125, 6.125, 6.25, 6.25], "texture": "#0"},
				"down": {"uv": [6.125, 6.375, 6.25, 6.5], "texture": "#0"}
			}
		},
		{
			"name": "aquantic_trident_91",
			"from": [7.725, 9.9, 7.85],
			"to": [7.85, 10.025, 8.075],
			"faces": {
				"north": {"uv": [6.5, 6.125, 6.375, 6.25], "texture": "#0"},
				"east": {"uv": [6.375, 6.125, 6.5, 6.25], "texture": "#0"},
				"south": {"uv": [6.375, 6.125, 6.5, 6.25], "texture": "#0"},
				"west": {"uv": [6.375, 6.125, 6.5, 6.25], "texture": "#0"},
				"up": {"uv": [6.375, 6.125, 6.5, 6.25], "texture": "#0"},
				"down": {"uv": [6.375, 6.125, 6.5, 6.25], "texture": "#0"}
			}
		},
		{
			"name": "aquantic_trident_92",
			"from": [8.225, 9.9, 7.85],
			"to": [8.35, 10.025, 8.075],
			"faces": {
				"north": {"uv": [7, 6.125, 6.875, 6.25], "texture": "#0"},
				"east": {"uv": [6.875, 6.125, 7, 6.25], "texture": "#0"},
				"south": {"uv": [6.875, 6.125, 7, 6.25], "texture": "#0"},
				"west": {"uv": [6.875, 6.125, 7, 6.25], "texture": "#0"},
				"up": {"uv": [6.875, 6.125, 7, 6.25], "texture": "#0"},
				"down": {"uv": [6.875, 6.125, 7, 6.25], "texture": "#0"}
			}
		},
		{
			"name": "aquantic_trident_93",
			"from": [8.475, 9.65, 7.85],
			"to": [8.6, 10.025, 8.075],
			"faces": {
				"north": {"uv": [7.25, 6.125, 7.125, 6.5], "texture": "#0"},
				"east": {"uv": [7.125, 6.125, 7.25, 6.5], "texture": "#0"},
				"south": {"uv": [7.125, 6.125, 7.25, 6.5], "texture": "#0"},
				"west": {"uv": [7.125, 6.125, 7.25, 6.5], "texture": "#0"},
				"up": {"uv": [7.125, 6.125, 7.25, 6.25], "texture": "#0"},
				"down": {"uv": [7.125, 6.375, 7.25, 6.5], "texture": "#0"}
			}
		},
		{
			"name": "aquantic_trident_94",
			"from": [8.6, 9.9, 7.9],
			"to": [8.725, 10.025, 8.025],
			"faces": {
				"north": {"uv": [8.375, 6.125, 8.25, 6.25], "texture": "#0"},
				"east": {"uv": [8.25, 6.125, 8.375, 6.25], "texture": "#0"},
				"south": {"uv": [8.25, 6.125, 8.375, 6.25], "texture": "#0"},
				"west": {"uv": [8.25, 6.125, 8.375, 6.25], "texture": "#0"},
				"up": {"uv": [8.25, 6.125, 8.375, 6.25], "texture": "#0"},
				"down": {"uv": [8.25, 6.125, 8.375, 6.25], "texture": "#0"}
			}
		},
		{
			"name": "aquantic_trident_95",
			"from": [7.35, 9.65, 7.85],
			"to": [7.475, 9.9, 8.075],
			"faces": {
				"north": {"uv": [6.125, 6.25, 6, 6.5], "texture": "#0"},
				"east": {"uv": [6, 6.25, 6.125, 6.5], "texture": "#0"},
				"south": {"uv": [6, 6.25, 6.125, 6.5], "texture": "#0"},
				"west": {"uv": [6, 6.25, 6.125, 6.5], "texture": "#0"},
				"up": {"uv": [6, 6.25, 6.125, 6.375], "texture": "#0"},
				"down": {"uv": [6, 6.375, 6.125, 6.5], "texture": "#0"}
			}
		},
		{
			"name": "aquantic_trident_96",
			"from": [8.6, 9.65, 7.85],
			"to": [8.725, 9.9, 8.075],
			"faces": {
				"north": {"uv": [7.375, 6.25, 7.25, 6.5], "texture": "#0"},
				"east": {"uv": [7.25, 6.25, 7.375, 6.5], "texture": "#0"},
				"south": {"uv": [7.25, 6.25, 7.375, 6.5], "texture": "#0"},
				"west": {"uv": [7.25, 6.25, 7.375, 6.5], "texture": "#0"},
				"up": {"uv": [7.25, 6.25, 7.375, 6.375], "texture": "#0"},
				"down": {"uv": [7.25, 6.375, 7.375, 6.5], "texture": "#0"}
			}
		},
		{
			"name": "aquantic_trident_97",
			"from": [7.225, 9.525, 7.85],
			"to": [7.35, 9.775, 8.075],
			"faces": {
				"north": {"uv": [6, 6.375, 5.875, 6.625], "texture": "#0"},
				"east": {"uv": [5.875, 6.375, 6, 6.625], "texture": "#0"},
				"south": {"uv": [5.875, 6.375, 6, 6.625], "texture": "#0"},
				"west": {"uv": [5.875, 6.375, 6, 6.625], "texture": "#0"},
				"up": {"uv": [5.875, 6.375, 6, 6.5], "texture": "#0"},
				"down": {"uv": [5.875, 6.5, 6, 6.625], "texture": "#0"}
			}
		},
		{
			"name": "aquantic_trident_98",
			"from": [8.725, 9.525, 7.85],
			"to": [8.85, 9.775, 8.075],
			"faces": {
				"north": {"uv": [7.5, 6.375, 7.375, 6.625], "texture": "#0"},
				"east": {"uv": [7.375, 6.375, 7.5, 6.625], "texture": "#0"},
				"south": {"uv": [7.375, 6.375, 7.5, 6.625], "texture": "#0"},
				"west": {"uv": [7.375, 6.375, 7.5, 6.625], "texture": "#0"},
				"up": {"uv": [7.375, 6.375, 7.5, 6.5], "texture": "#0"},
				"down": {"uv": [7.375, 6.5, 7.5, 6.625], "texture": "#0"}
			}
		},
		{
			"name": "aquantic_trident_99",
			"from": [7.1, 9.4, 7.85],
			"to": [7.225, 9.525, 8.075],
			"faces": {
				"north": {"uv": [5.875, 6.625, 5.75, 6.75], "texture": "#0"},
				"east": {"uv": [5.75, 6.625, 5.875, 6.75], "texture": "#0"},
				"south": {"uv": [5.75, 6.625, 5.875, 6.75], "texture": "#0"},
				"west": {"uv": [5.75, 6.625, 5.875, 6.75], "texture": "#0"},
				"up": {"uv": [5.75, 6.625, 5.875, 6.75], "texture": "#0"},
				"down": {"uv": [5.75, 6.625, 5.875, 6.75], "texture": "#0"}
			}
		},
		{
			"name": "aquantic_trident_100",
			"from": [8.85, 9.4, 7.85],
			"to": [8.975, 9.525, 8.075],
			"faces": {
				"north": {"uv": [7.625, 6.625, 7.5, 6.75], "texture": "#0"},
				"east": {"uv": [7.5, 6.625, 7.625, 6.75], "texture": "#0"},
				"south": {"uv": [7.5, 6.625, 7.625, 6.75], "texture": "#0"},
				"west": {"uv": [7.5, 6.625, 7.625, 6.75], "texture": "#0"},
				"up": {"uv": [7.5, 6.625, 7.625, 6.75], "texture": "#0"},
				"down": {"uv": [7.5, 6.625, 7.625, 6.75], "texture": "#0"}
			}
		},
		{
			"name": "aquantic_trident_101",
			"from": [7.725, 1.5, 7.7],
			"to": [8.35, 1.875, 8.225],
			"faces": {
				"north": {"uv": [10.5, 14.125, 9.875, 14.5], "texture": "#0"},
				"east": {"uv": [10.375, 14.125, 10.5, 14.5], "texture": "#0"},
				"south": {"uv": [9.875, 14.125, 10.5, 14.5], "texture": "#0"},
				"west": {"uv": [9.875, 14.125, 10, 14.5], "texture": "#0"},
				"up": {"uv": [9.875, 14.125, 10.5, 14.25], "texture": "#0"},
				"down": {"uv": [9.875, 14.375, 10.5, 14.5], "texture": "#0"}
			}
		},
		{
			"name": "aquantic_trident_102",
			"from": [7.85, 0.625, 7.85],
			"to": [8.225, 1.5, 8.075],
			"faces": {
				"north": {"uv": [8.625, 14.5, 8.25, 15.375], "texture": "#0"},
				"east": {"uv": [8.5, 14.5, 8.625, 15.375], "texture": "#0"},
				"south": {"uv": [8.25, 14.5, 8.625, 15.375], "texture": "#0"},
				"west": {"uv": [8.25, 14.5, 8.375, 15.375], "texture": "#0"},
				"up": {"uv": [8.25, 14.5, 8.625, 14.625], "texture": "#0"},
				"down": {"uv": [8.25, 15.25, 8.625, 15.375], "texture": "#0"}
			}
		},
		{
			"name": "aquantic_trident_103",
			"from": [7.6, 1.125, 7.9],
			"to": [7.85, 1.25, 8.025],
			"faces": {
				"north": {"uv": [9.25, 14.75, 9, 14.875], "texture": "#0"},
				"east": {"uv": [9.125, 14.75, 9.25, 14.875], "texture": "#0"},
				"south": {"uv": [9, 14.75, 9.25, 14.875], "texture": "#0"},
				"west": {"uv": [9, 14.75, 9.125, 14.875], "texture": "#0"},
				"up": {"uv": [9, 14.75, 9.25, 14.875], "texture": "#0"},
				"down": {"uv": [9, 14.75, 9.25, 14.875], "texture": "#0"}
			}
		},
		{
			"name": "aquantic_trident_104",
			"from": [8.225, 0.875, 7.9],
			"to": [8.6, 1, 8.025],
			"faces": {
				"north": {"uv": [10, 15, 9.625, 15.125], "texture": "#0"},
				"east": {"uv": [9.875, 15, 10, 15.125], "texture": "#0"},
				"south": {"uv": [9.625, 15, 10, 15.125], "texture": "#0"},
				"west": {"uv": [9.625, 15, 9.75, 15.125], "texture": "#0"},
				"up": {"uv": [9.625, 15, 10, 15.125], "texture": "#0"},
				"down": {"uv": [9.625, 15, 10, 15.125], "texture": "#0"}
			}
		},
		{
			"name": "aquantic_trident_105",
			"from": [7.975, 0.25, 7.9],
			"to": [8.1, 0.625, 8.025],
			"faces": {
				"north": {"uv": [9.5, 15.375, 9.375, 15.75], "texture": "#0"},
				"east": {"uv": [9.375, 15.375, 9.5, 15.75], "texture": "#0"},
				"south": {"uv": [9.375, 15.375, 9.5, 15.75], "texture": "#0"},
				"west": {"uv": [9.375, 15.375, 9.5, 15.75], "texture": "#0"},
				"up": {"uv": [9.375, 15.375, 9.5, 15.5], "texture": "#0"},
				"down": {"uv": [9.375, 15.625, 9.5, 15.75], "texture": "#0"}
			}
		}
	],
	"gui_light": "front",
	"display": {
		"thirdperson_righthand": {
			"rotation": [0, -90, 0],
			"translation": [-0.25, 2, 1.25],
			"scale": [3, 3, 3]
		},
		"thirdperson_lefthand": {
			"rotation": [0, 90, 0],
			"translation": [-0.25, 2, 1.25],
			"scale": [3, 3, 3]
		},
		"firstperson_righthand": {
			"rotation": [-9, -90, -8],
			"translation": [3.25, 2.25, -0.5],
			"scale": [2, 2, 2]
		},
		"firstperson_lefthand": {
			"rotation": [5, 90, -8],
			"translation": [3, 2.25, -0.5],
			"scale": [2, 2, 2]
		},
		"ground": {
			"translation": [0, 7.75, 0],
			"scale": [2, 2, 2]
		},
		"gui": {
			"rotation": [0, 0, -42],
			"translation": [-0.5, -1.5, 0],
			"scale": [1.75, 1.75, 1.75]
		},
		"head": {
			"rotation": [0, 0, -132],
			"translation": [-2, -13.5, 3.5],
			"scale": [3.5, 3.5, 3.5]
		},
		"fixed": {
			"rotation": [-180, 0, 138],
			"translation": [-1.25, 1.75, 0],
			"scale": [4, 4, 3]
		}
	},
	"groups": [
		{
			"name": "aquantic_trident",
			"origin": [8, 8, 8],
			"color": 0,
			"nbt": "{}",
			"children": [
				0,
				1,
				2,
				3,
				4,
				5,
				6,
				7,
				8,
				9,
				10,
				11,
				12,
				13,
				14,
				15,
				16,
				17,
				18,
				19,
				20,
				21,
				22,
				23,
				24,
				25,
				26,
				27,
				28,
				29,
				30,
				31,
				32,
				33,
				34,
				35,
				36,
				37,
				38,
				39,
				40,
				41,
				42,
				43,
				44,
				45,
				46,
				47,
				48,
				49,
				50,
				51,
				52,
				53,
				54,
				55,
				56,
				57,
				58,
				59,
				60,
				61,
				62,
				63,
				64,
				65,
				66,
				67,
				68,
				69,
				70,
				71,
				72,
				73,
				74,
				75,
				76,
				77,
				78,
				79,
				80,
				81,
				82,
				83,
				84,
				85,
				86,
				87,
				88,
				89,
				90,
				91,
				92,
				93,
				94,
				95,
				96,
				97,
				98,
				99,
				100,
				101,
				102,
				103,
				104,
				105
			]
		}
	]
}