{
	"credit": "Made with Blockbench",
	"textures": {
		"0": "prominent:item/transmog/blood_edge",
		"particle": "prominent:item/transmog/blood_edge"
	},
	"elements": [
		{
			"name": "be1_0",
			"from": [8.5, 12.75, 8],
			"to": [8.625, 14.125, 8.125],
			"rotation": {"angle": 0, "axis": "y", "origin": [0, 0, 8]},
			"faces": {
				"north": {"uv": [8.625, 1.875, 8.5, 3.25], "texture": "#0"},
				"east": {"uv": [8.5, 1.875, 8.625, 3.25], "texture": "#0"},
				"south": {"uv": [8.5, 1.875, 8.625, 3.25], "texture": "#0"},
				"west": {"uv": [8.5, 1.875, 8.625, 3.25], "texture": "#0"},
				"up": {"uv": [8.5, 1.875, 8.625, 2], "texture": "#0"}
			}
		},
		{
			"name": "be1_1",
			"from": [8.375, 12.125, 8],
			"to": [8.5, 13.625, 8.125],
			"rotation": {"angle": 0, "axis": "y", "origin": [0, 0, 8]},
			"faces": {
				"north": {"uv": [8.5, 2.375, 8.375, 3.875], "texture": "#0"},
				"south": {"uv": [8.375, 2.375, 8.5, 3.875], "texture": "#0"},
				"west": {"uv": [8.375, 2.375, 8.5, 3.875], "texture": "#0"},
				"up": {"uv": [8.375, 2.375, 8.5, 2.5], "texture": "#0"}
			}
		},
		{
			"name": "be1_2",
			"from": [8.625, 12.125, 8],
			"to": [8.75, 13.625, 8.125],
			"rotation": {"angle": 0, "axis": "y", "origin": [0, 0, 8]},
			"faces": {
				"north": {"uv": [8.75, 2.375, 8.625, 3.875], "texture": "#0"},
				"east": {"uv": [8.625, 2.375, 8.75, 3.875], "texture": "#0"},
				"south": {"uv": [8.625, 2.375, 8.75, 3.875], "texture": "#0"},
				"up": {"uv": [8.625, 2.375, 8.75, 2.5], "texture": "#0"}
			}
		},
		{
			"name": "be1_3",
			"from": [8.25, 11.625, 8],
			"to": [8.375, 13.125, 8.125],
			"rotation": {"angle": 0, "axis": "y", "origin": [0, 0, 8]},
			"faces": {
				"north": {"uv": [8.375, 2.875, 8.25, 4.375], "texture": "#0"},
				"south": {"uv": [8.25, 2.875, 8.375, 4.375], "texture": "#0"},
				"west": {"uv": [8.25, 2.875, 8.375, 4.375], "texture": "#0"},
				"up": {"uv": [8.25, 2.875, 8.375, 3], "texture": "#0"}
			}
		},
		{
			"name": "be1_4",
			"from": [8.75, 11.625, 8],
			"to": [8.875, 13.125, 8.125],
			"rotation": {"angle": 0, "axis": "y", "origin": [0, 0, 8]},
			"faces": {
				"north": {"uv": [8.875, 2.875, 8.75, 4.375], "texture": "#0"},
				"east": {"uv": [8.75, 2.875, 8.875, 4.375], "texture": "#0"},
				"south": {"uv": [8.75, 2.875, 8.875, 4.375], "texture": "#0"},
				"up": {"uv": [8.75, 2.875, 8.875, 3], "texture": "#0"}
			}
		},
		{
			"name": "be1_5",
			"from": [8.125, 10, 8],
			"to": [8.25, 12.25, 8.125],
			"rotation": {"angle": 0, "axis": "y", "origin": [0, 0, 8]},
			"faces": {
				"north": {"uv": [8.25, 3.75, 8.125, 6], "texture": "#0"},
				"south": {"uv": [8.125, 3.75, 8.25, 6], "texture": "#0"},
				"west": {"uv": [8.125, 3.75, 8.25, 6], "texture": "#0"},
				"up": {"uv": [8.125, 3.75, 8.25, 3.875], "texture": "#0"}
			}
		},
		{
			"name": "be1_6",
			"from": [8.875, 10, 8],
			"to": [9, 12.25, 8.125],
			"rotation": {"angle": 0, "axis": "y", "origin": [0, 0, 8]},
			"faces": {
				"north": {"uv": [9, 3.75, 8.875, 6], "texture": "#0"},
				"east": {"uv": [8.875, 3.75, 9, 6], "texture": "#0"},
				"south": {"uv": [8.875, 3.75, 9, 6], "texture": "#0"},
				"up": {"uv": [8.875, 3.75, 9, 3.875], "texture": "#0"}
			}
		},
		{
			"name": "be1_7",
			"from": [8.5, 10.25, 8],
			"to": [8.625, 12.125, 8.125],
			"rotation": {"angle": 0, "axis": "y", "origin": [0, 0, 8]},
			"faces": {
				"north": {"uv": [8.625, 3.875, 8.5, 5.75], "texture": "#0"},
				"south": {"uv": [8.5, 3.875, 8.625, 5.75], "texture": "#0"},
				"down": {"uv": [8.5, 5.625, 8.625, 5.75], "texture": "#0"}
			}
		},
		{
			"name": "be1_8",
			"from": [8.375, 10, 8],
			"to": [8.5, 11.625, 8.125],
			"rotation": {"angle": 0, "axis": "y", "origin": [0, 0, 8]},
			"faces": {
				"north": {"uv": [8.5, 4.375, 8.375, 6], "texture": "#0"},
				"east": {"uv": [8.375, 4.375, 8.5, 6], "texture": "#0"},
				"south": {"uv": [8.375, 4.375, 8.5, 6], "texture": "#0"},
				"down": {"uv": [8.375, 5.875, 8.5, 6], "texture": "#0"}
			}
		},
		{
			"name": "be1_9",
			"from": [8.625, 10, 8],
			"to": [8.75, 11.625, 8.125],
			"rotation": {"angle": 0, "axis": "y", "origin": [0, 0, 8]},
			"faces": {
				"north": {"uv": [8.75, 4.375, 8.625, 6], "texture": "#0"},
				"south": {"uv": [8.625, 4.375, 8.75, 6], "texture": "#0"},
				"west": {"uv": [8.625, 4.375, 8.75, 6], "texture": "#0"},
				"down": {"uv": [8.625, 5.875, 8.75, 6], "texture": "#0"}
			}
		},
		{
			"name": "be1_10",
			"from": [8, 5.125, 8],
			"to": [8.125, 11.25, 8.125],
			"rotation": {"angle": 0, "axis": "y", "origin": [0, 0, 8]},
			"faces": {
				"north": {"uv": [8.125, 4.75, 8, 10.875], "texture": "#0"},
				"south": {"uv": [8, 4.75, 8.125, 10.875], "texture": "#0"},
				"west": {"uv": [8, 4.75, 8.125, 10.875], "texture": "#0"},
				"up": {"uv": [8, 4.75, 8.125, 4.875], "texture": "#0"}
			}
		},
		{
			"name": "be1_11",
			"from": [9, 5.125, 8],
			"to": [9.125, 11.25, 8.125],
			"rotation": {"angle": 0, "axis": "y", "origin": [0, 0, 8]},
			"faces": {
				"north": {"uv": [9.125, 4.75, 9, 10.875], "texture": "#0"},
				"east": {"uv": [9, 4.75, 9.125, 10.875], "texture": "#0"},
				"south": {"uv": [9, 4.75, 9.125, 10.875], "texture": "#0"},
				"up": {"uv": [9, 4.75, 9.125, 4.875], "texture": "#0"}
			}
		},
		{
			"name": "be1_12",
			"from": [8.25, 6.125, 8],
			"to": [8.375, 10, 8.125],
			"rotation": {"angle": 0, "axis": "y", "origin": [0, 0, 8]},
			"faces": {
				"north": {"uv": [8.375, 6, 8.25, 9.875], "texture": "#0"},
				"east": {"uv": [8.25, 6, 8.375, 9.875], "texture": "#0"},
				"south": {"uv": [8.25, 6, 8.375, 9.875], "texture": "#0"}
			}
		},
		{
			"name": "be1_13",
			"from": [8.75, 6.125, 8],
			"to": [8.875, 10, 8.125],
			"rotation": {"angle": 0, "axis": "y", "origin": [0, 0, 8]},
			"faces": {
				"north": {"uv": [8.875, 6, 8.75, 9.875], "texture": "#0"},
				"south": {"uv": [8.75, 6, 8.875, 9.875], "texture": "#0"},
				"west": {"uv": [8.75, 6, 8.875, 9.875], "texture": "#0"}
			}
		},
		{
			"name": "be1_14",
			"from": [7.875, 4.875, 8],
			"to": [8, 6.25, 8.125],
			"rotation": {"angle": 0, "axis": "y", "origin": [0, 0, 8]},
			"faces": {
				"north": {"uv": [8, 9.75, 7.875, 11.125], "texture": "#0"},
				"south": {"uv": [7.875, 9.75, 8, 11.125], "texture": "#0"},
				"west": {"uv": [7.875, 9.75, 8, 11.125], "texture": "#0"},
				"up": {"uv": [7.875, 9.75, 8, 9.875], "texture": "#0"},
				"down": {"uv": [7.875, 11, 8, 11.125], "texture": "#0"}
			}
		},
		{
			"name": "be1_15",
			"from": [9.125, 4.875, 8],
			"to": [9.25, 6.25, 8.125],
			"rotation": {"angle": 0, "axis": "y", "origin": [0, 0, 8]},
			"faces": {
				"north": {"uv": [9.25, 9.75, 9.125, 11.125], "texture": "#0"},
				"east": {"uv": [9.125, 9.75, 9.25, 11.125], "texture": "#0"},
				"south": {"uv": [9.125, 9.75, 9.25, 11.125], "texture": "#0"},
				"up": {"uv": [9.125, 9.75, 9.25, 9.875], "texture": "#0"},
				"down": {"uv": [9.125, 11, 9.25, 11.125], "texture": "#0"}
			}
		},
		{
			"name": "be1_16",
			"from": [8.25, 4.75, 8],
			"to": [8.375, 5.25, 8.125],
			"rotation": {"angle": 0, "axis": "y", "origin": [0, 0, 8]},
			"faces": {
				"north": {"uv": [8.375, 10.75, 8.25, 11.25], "texture": "#0"},
				"south": {"uv": [8.25, 10.75, 8.375, 11.25], "texture": "#0"}
			}
		},
		{
			"name": "be1_17",
			"from": [8.75, 4.75, 8],
			"to": [8.875, 5.25, 8.125],
			"rotation": {"angle": 0, "axis": "y", "origin": [0, 0, 8]},
			"faces": {
				"north": {"uv": [8.875, 10.75, 8.75, 11.25], "texture": "#0"},
				"south": {"uv": [8.75, 10.75, 8.875, 11.25], "texture": "#0"}
			}
		},
		{
			"name": "be1_18",
			"from": [7.75, 5, 8],
			"to": [7.875, 5.125, 8.125],
			"rotation": {"angle": 0, "axis": "y", "origin": [0, 0, 8]},
			"faces": {
				"north": {"uv": [7.875, 10.875, 7.75, 11], "texture": "#0"},
				"south": {"uv": [7.75, 10.875, 7.875, 11], "texture": "#0"},
				"west": {"uv": [7.75, 10.875, 7.875, 11], "texture": "#0"},
				"up": {"uv": [7.75, 10.875, 7.875, 11], "texture": "#0"},
				"down": {"uv": [7.75, 10.875, 7.875, 11], "texture": "#0"}
			}
		},
		{
			"name": "be1_19",
			"from": [9.25, 5, 8],
			"to": [9.375, 5.125, 8.125],
			"rotation": {"angle": 0, "axis": "y", "origin": [0, 0, 8]},
			"faces": {
				"north": {"uv": [9.375, 10.875, 9.25, 11], "texture": "#0"},
				"east": {"uv": [9.25, 10.875, 9.375, 11], "texture": "#0"},
				"south": {"uv": [9.25, 10.875, 9.375, 11], "texture": "#0"},
				"up": {"uv": [9.25, 10.875, 9.375, 11], "texture": "#0"},
				"down": {"uv": [9.25, 10.875, 9.375, 11], "texture": "#0"}
			}
		},
		{
			"name": "be1_20",
			"from": [8, 4.75, 8],
			"to": [8.125, 5, 8.125],
			"rotation": {"angle": 0, "axis": "y", "origin": [0, 0, 8]},
			"faces": {
				"north": {"uv": [8.125, 11, 8, 11.25], "texture": "#0"},
				"south": {"uv": [8, 11, 8.125, 11.25], "texture": "#0"},
				"west": {"uv": [8, 11, 8.125, 11.25], "texture": "#0"},
				"down": {"uv": [8, 11.125, 8.125, 11.25], "texture": "#0"}
			}
		},
		{
			"name": "be1_21",
			"from": [9, 4.75, 8],
			"to": [9.125, 5, 8.125],
			"rotation": {"angle": 0, "axis": "y", "origin": [0, 0, 8]},
			"faces": {
				"north": {"uv": [9.125, 11, 9, 11.25], "texture": "#0"},
				"east": {"uv": [9, 11, 9.125, 11.25], "texture": "#0"},
				"south": {"uv": [9, 11, 9.125, 11.25], "texture": "#0"},
				"down": {"uv": [9, 11.125, 9.125, 11.25], "texture": "#0"}
			}
		},
		{
			"name": "be1_22",
			"from": [8.125, 4.125, 7.9],
			"to": [8.25, 4.75, 8.225],
			"rotation": {"angle": 0, "axis": "y", "origin": [0, 0, 8]},
			"faces": {
				"north": {"uv": [8.25, 11.25, 8.125, 11.875], "texture": "#0"},
				"east": {"uv": [8.125, 11.25, 8.25, 11.875], "texture": "#0"},
				"south": {"uv": [8.125, 11.25, 8.25, 11.875], "texture": "#0"},
				"west": {"uv": [8.125, 11.25, 8.25, 11.875], "texture": "#0"},
				"up": {"uv": [8.125, 11.25, 8.25, 11.375], "texture": "#0"},
				"down": {"uv": [8.125, 11.75, 8.25, 11.875], "texture": "#0"}
			}
		},
		{
			"name": "be1_23",
			"from": [7.875, 4.375, 7.9],
			"to": [8.125, 4.625, 8.225],
			"rotation": {"angle": 0, "axis": "y", "origin": [0, 0, 8]},
			"faces": {
				"north": {"uv": [8.125, 11.375, 7.875, 11.625], "texture": "#0"},
				"south": {"uv": [7.875, 11.375, 8.125, 11.625], "texture": "#0"},
				"west": {"uv": [7.875, 11.375, 8, 11.625], "texture": "#0"},
				"up": {"uv": [7.875, 11.375, 8.125, 11.5], "texture": "#0"},
				"down": {"uv": [7.875, 11.5, 8.125, 11.625], "texture": "#0"}
			}
		},
		{
			"name": "be1_24",
			"from": [8.25, 4.25, 7.9],
			"to": [8.375, 4.625, 8.225],
			"rotation": {"angle": 0, "axis": "y", "origin": [0, 0, 8]},
			"faces": {
				"north": {"uv": [8.375, 11.375, 8.25, 11.75], "texture": "#0"},
				"east": {"uv": [8.25, 11.375, 8.375, 11.75], "texture": "#0"},
				"south": {"uv": [8.25, 11.375, 8.375, 11.75], "texture": "#0"},
				"up": {"uv": [8.25, 11.375, 8.375, 11.5], "texture": "#0"},
				"down": {"uv": [8.25, 11.625, 8.375, 11.75], "texture": "#0"}
			}
		},
		{
			"name": "be1_25",
			"from": [7.75, 3.875, 7.9],
			"to": [7.875, 4.5, 8.225],
			"rotation": {"angle": 0, "axis": "y", "origin": [0, 0, 8]},
			"faces": {
				"north": {"uv": [7.875, 11.5, 7.75, 12.125], "texture": "#0"},
				"east": {"uv": [7.75, 11.5, 7.875, 12.125], "texture": "#0"},
				"south": {"uv": [7.75, 11.5, 7.875, 12.125], "texture": "#0"},
				"west": {"uv": [7.75, 11.5, 7.875, 12.125], "texture": "#0"},
				"up": {"uv": [7.75, 11.5, 7.875, 11.625], "texture": "#0"},
				"down": {"uv": [7.75, 12, 7.875, 12.125], "texture": "#0"}
			}
		},
		{
			"name": "be1_26",
			"from": [8.375, 4.25, 7.9],
			"to": [8.5, 4.5, 8.225],
			"rotation": {"angle": 0, "axis": "y", "origin": [0, 0, 8]},
			"faces": {
				"north": {"uv": [8.5, 11.5, 8.375, 11.75], "texture": "#0"},
				"east": {"uv": [8.375, 11.5, 8.5, 11.75], "texture": "#0"},
				"south": {"uv": [8.375, 11.5, 8.5, 11.75], "texture": "#0"},
				"up": {"uv": [8.375, 11.5, 8.5, 11.625], "texture": "#0"},
				"down": {"uv": [8.375, 11.625, 8.5, 11.75], "texture": "#0"}
			}
		},
		{
			"name": "be1_27",
			"from": [7.875, 4.25, 7.9],
			"to": [8, 4.375, 8.225],
			"rotation": {"angle": 0, "axis": "y", "origin": [0, 0, 8]},
			"faces": {
				"north": {"uv": [8, 11.625, 7.875, 11.75], "texture": "#0"},
				"east": {"uv": [7.875, 11.625, 8, 11.75], "texture": "#0"},
				"south": {"uv": [7.875, 11.625, 8, 11.75], "texture": "#0"},
				"down": {"uv": [7.875, 11.625, 8, 11.75], "texture": "#0"}
			}
		},
		{
			"name": "be1_28",
			"from": [7.625, 3.25, 7.9],
			"to": [7.75, 4.25, 8.225],
			"rotation": {"angle": 0, "axis": "y", "origin": [0, 0, 8]},
			"faces": {
				"north": {"uv": [7.75, 11.75, 7.625, 12.75], "texture": "#0"},
				"east": {"uv": [7.625, 11.75, 7.75, 12.75], "texture": "#0"},
				"south": {"uv": [7.625, 11.75, 7.75, 12.75], "texture": "#0"},
				"west": {"uv": [7.625, 11.75, 7.75, 12.75], "texture": "#0"},
				"up": {"uv": [7.625, 11.75, 7.75, 11.875], "texture": "#0"},
				"down": {"uv": [7.625, 12.625, 7.75, 12.75], "texture": "#0"}
			}
		},
		{
			"name": "be1_29",
			"from": [8, 3.875, 7.9],
			"to": [8.125, 4.25, 8.225],
			"rotation": {"angle": 0, "axis": "y", "origin": [0, 0, 8]},
			"faces": {
				"north": {"uv": [8.125, 11.75, 8, 12.125], "texture": "#0"},
				"east": {"uv": [8, 11.75, 8.125, 12.125], "texture": "#0"},
				"south": {"uv": [8, 11.75, 8.125, 12.125], "texture": "#0"},
				"west": {"uv": [8, 11.75, 8.125, 12.125], "texture": "#0"},
				"up": {"uv": [8, 11.75, 8.125, 11.875], "texture": "#0"},
				"down": {"uv": [8, 12, 8.125, 12.125], "texture": "#0"}
			}
		},
		{
			"name": "be1_30",
			"from": [7.5, 1.75, 7.9],
			"to": [7.625, 3.875, 8.225],
			"rotation": {"angle": 0, "axis": "y", "origin": [0, 0, 8]},
			"faces": {
				"north": {"uv": [7.625, 12.125, 7.5, 14.25], "texture": "#0"},
				"east": {"uv": [7.5, 12.125, 7.625, 14.25], "texture": "#0"},
				"south": {"uv": [7.5, 12.125, 7.625, 14.25], "texture": "#0"},
				"west": {"uv": [7.5, 12.125, 7.625, 14.25], "texture": "#0"},
				"up": {"uv": [7.5, 12.125, 7.625, 12.25], "texture": "#0"},
				"down": {"uv": [7.5, 14.125, 7.625, 14.25], "texture": "#0"}
			}
		},
		{
			"name": "be1_31",
			"from": [7.875, 3.125, 7.9],
			"to": [8, 3.875, 8.225],
			"rotation": {"angle": 0, "axis": "y", "origin": [0, 0, 8]},
			"faces": {
				"north": {"uv": [8, 12.125, 7.875, 12.875], "texture": "#0"},
				"east": {"uv": [7.875, 12.125, 8, 12.875], "texture": "#0"},
				"south": {"uv": [7.875, 12.125, 8, 12.875], "texture": "#0"},
				"west": {"uv": [7.875, 12.125, 8, 12.875], "texture": "#0"},
				"up": {"uv": [7.875, 12.125, 8, 12.25], "texture": "#0"},
				"down": {"uv": [7.875, 12.75, 8, 12.875], "texture": "#0"}
			}
		},
		{
			"name": "be1_32",
			"from": [7.375, 1.75, 7.9],
			"to": [7.5, 3.25, 8.225],
			"rotation": {"angle": 0, "axis": "y", "origin": [0, 0, 8]},
			"faces": {
				"north": {"uv": [7.5, 12.75, 7.375, 14.25], "texture": "#0"},
				"south": {"uv": [7.375, 12.75, 7.5, 14.25], "texture": "#0"},
				"west": {"uv": [7.375, 12.75, 7.5, 14.25], "texture": "#0"},
				"up": {"uv": [7.375, 12.75, 7.5, 12.875], "texture": "#0"},
				"down": {"uv": [7.375, 14.125, 7.5, 14.25], "texture": "#0"}
			}
		},
		{
			"name": "be1_33",
			"from": [7.75, 1.75, 7.9],
			"to": [7.875, 3.25, 8.225],
			"rotation": {"angle": 0, "axis": "y", "origin": [0, 0, 8]},
			"faces": {
				"north": {"uv": [7.875, 12.75, 7.75, 14.25], "texture": "#0"},
				"east": {"uv": [7.75, 12.75, 7.875, 14.25], "texture": "#0"},
				"south": {"uv": [7.75, 12.75, 7.875, 14.25], "texture": "#0"},
				"west": {"uv": [7.75, 12.75, 7.875, 14.25], "texture": "#0"},
				"up": {"uv": [7.75, 12.75, 7.875, 12.875], "texture": "#0"},
				"down": {"uv": [7.75, 14.125, 7.875, 14.25], "texture": "#0"}
			}
		},
		{
			"name": "be1_34",
			"from": [8.625, 3, 7.95],
			"to": [9, 3.25, 8.175],
			"rotation": {"angle": 0, "axis": "y", "origin": [0, 0, 8]},
			"faces": {
				"north": {"uv": [9, 12.75, 8.625, 13], "texture": "#0"},
				"east": {"uv": [8.875, 12.75, 9, 13], "texture": "#0"},
				"south": {"uv": [8.625, 12.75, 9, 13], "texture": "#0"},
				"west": {"uv": [8.625, 12.75, 8.75, 13], "texture": "#0"},
				"down": {"uv": [8.625, 12.875, 9, 13], "texture": "#0"}
			}
		},
		{
			"name": "be1_35",
			"from": [8.5, 2.25, 7.95],
			"to": [8.625, 3.125, 8.175],
			"rotation": {"angle": 0, "axis": "y", "origin": [0, 0, 8]},
			"faces": {
				"north": {"uv": [8.625, 12.875, 8.5, 13.75], "texture": "#0"},
				"east": {"uv": [8.5, 12.875, 8.625, 13.75], "texture": "#0"},
				"south": {"uv": [8.5, 12.875, 8.625, 13.75], "texture": "#0"},
				"west": {"uv": [8.5, 12.875, 8.625, 13.75], "texture": "#0"},
				"up": {"uv": [8.5, 12.875, 8.625, 13], "texture": "#0"},
				"down": {"uv": [8.5, 13.625, 8.625, 13.75], "texture": "#0"}
			}
		},
		{
			"name": "be1_36",
			"from": [8.625, 2.75, 7.95],
			"to": [8.875, 3, 8.175],
			"rotation": {"angle": 0, "axis": "y", "origin": [0, 0, 8]},
			"faces": {
				"north": {"uv": [8.875, 13, 8.625, 13.25], "texture": "#0"},
				"east": {"uv": [8.75, 13, 8.875, 13.25], "texture": "#0"},
				"south": {"uv": [8.625, 13, 8.875, 13.25], "texture": "#0"},
				"down": {"uv": [8.625, 13.125, 8.875, 13.25], "texture": "#0"}
			}
		},
		{
			"name": "be1_37",
			"from": [8.375, 2.125, 7.95],
			"to": [8.5, 2.875, 8.175],
			"rotation": {"angle": 0, "axis": "y", "origin": [0, 0, 8]},
			"faces": {
				"north": {"uv": [8.5, 13.125, 8.375, 13.875], "texture": "#0"},
				"east": {"uv": [8.375, 13.125, 8.5, 13.875], "texture": "#0"},
				"south": {"uv": [8.375, 13.125, 8.5, 13.875], "texture": "#0"},
				"west": {"uv": [8.375, 13.125, 8.5, 13.875], "texture": "#0"},
				"up": {"uv": [8.375, 13.125, 8.5, 13.25], "texture": "#0"}
			}
		},
		{
			"name": "be1_38",
			"from": [8.625, 2.5, 7.95],
			"to": [8.75, 2.75, 8.175],
			"rotation": {"angle": 0, "axis": "y", "origin": [0, 0, 8]},
			"faces": {
				"north": {"uv": [8.75, 13.25, 8.625, 13.5], "texture": "#0"},
				"east": {"uv": [8.625, 13.25, 8.75, 13.5], "texture": "#0"},
				"south": {"uv": [8.625, 13.25, 8.75, 13.5], "texture": "#0"},
				"down": {"uv": [8.625, 13.375, 8.75, 13.5], "texture": "#0"}
			}
		},
		{
			"name": "be1_39",
			"from": [8.25, 2.125, 7.95],
			"to": [8.375, 2.625, 8.175],
			"rotation": {"angle": 0, "axis": "y", "origin": [0, 0, 8]},
			"faces": {
				"north": {"uv": [8.375, 13.375, 8.25, 13.875], "texture": "#0"},
				"south": {"uv": [8.25, 13.375, 8.375, 13.875], "texture": "#0"},
				"west": {"uv": [8.25, 13.375, 8.375, 13.875], "texture": "#0"},
				"up": {"uv": [8.25, 13.375, 8.375, 13.5], "texture": "#0"}
			}
		},
		{
			"name": "be1_40",
			"from": [8.125, 2.25, 7.95],
			"to": [8.25, 2.375, 8.175],
			"rotation": {"angle": 0, "axis": "y", "origin": [0, 0, 8]},
			"faces": {
				"north": {"uv": [8.25, 13.625, 8.125, 13.75], "texture": "#0"},
				"south": {"uv": [8.125, 13.625, 8.25, 13.75], "texture": "#0"},
				"west": {"uv": [8.125, 13.625, 8.25, 13.75], "texture": "#0"},
				"up": {"uv": [8.125, 13.625, 8.25, 13.75], "texture": "#0"}
			}
		},
		{
			"name": "be4_0",
			"from": [8.5, 3.25, 7.85],
			"to": [9.125, 3.625, 8.275],
			"rotation": {"angle": 0, "axis": "y", "origin": [0, 0, 8]},
			"faces": {
				"north": {"uv": [9.125, 12.375, 8.5, 12.75], "texture": "#0"},
				"east": {"uv": [9, 12.375, 9.125, 12.75], "texture": "#0"},
				"south": {"uv": [8.5, 12.375, 9.125, 12.75], "texture": "#0"},
				"west": {"uv": [8.5, 12.375, 8.625, 12.75], "texture": "#0"},
				"up": {"uv": [8.5, 12.375, 9.125, 12.5], "texture": "#0"},
				"down": {"uv": [8.5, 12.625, 9.125, 12.75], "texture": "#0"}
			}
		},
		{
			"name": "be3_0",
			"from": [8.25, 5.25, 7.9],
			"to": [8.875, 6.125, 8.225],
			"rotation": {"angle": 0, "axis": "y", "origin": [0, 0, 8]},
			"faces": {
				"north": {"uv": [8.875, 9.875, 8.25, 10.75], "texture": "#0"},
				"east": {"uv": [8.75, 9.875, 8.875, 10.75], "texture": "#0"},
				"south": {"uv": [8.25, 9.875, 8.875, 10.75], "texture": "#0"},
				"west": {"uv": [8.25, 9.875, 8.375, 10.75], "texture": "#0"},
				"up": {"uv": [8.25, 9.875, 8.875, 10], "texture": "#0"},
				"down": {"uv": [8.25, 10.625, 8.875, 10.75], "texture": "#0"}
			}
		},
		{
			"name": "be3_1",
			"from": [8.375, 4.75, 7.9],
			"to": [8.75, 5.25, 8.225],
			"rotation": {"angle": 0, "axis": "y", "origin": [0, 0, 8]},
			"faces": {
				"north": {"uv": [8.75, 10.75, 8.375, 11.25], "texture": "#0"},
				"east": {"uv": [8.625, 10.75, 8.75, 11.25], "texture": "#0"},
				"south": {"uv": [8.375, 10.75, 8.75, 11.25], "texture": "#0"},
				"west": {"uv": [8.375, 10.75, 8.5, 11.25], "texture": "#0"},
				"down": {"uv": [8.375, 11.125, 8.75, 11.25], "texture": "#0"}
			}
		},
		{
			"name": "be3_2",
			"from": [8.75, 4.375, 7.9],
			"to": [9, 4.75, 8.225],
			"rotation": {"angle": 0, "axis": "y", "origin": [0, 0, 8]},
			"faces": {
				"north": {"uv": [9, 11.25, 8.75, 11.625], "texture": "#0"},
				"east": {"uv": [8.875, 11.25, 9, 11.625], "texture": "#0"},
				"south": {"uv": [8.75, 11.25, 9, 11.625], "texture": "#0"},
				"west": {"uv": [8.75, 11.25, 8.875, 11.625], "texture": "#0"},
				"up": {"uv": [8.75, 11.25, 9, 11.375], "texture": "#0"},
				"down": {"uv": [8.75, 11.5, 9, 11.625], "texture": "#0"}
			}
		},
		{
			"name": "be3_3",
			"from": [9, 3.75, 7.9],
			"to": [9.125, 4.625, 8.225],
			"rotation": {"angle": 0, "axis": "y", "origin": [0, 0, 8]},
			"faces": {
				"north": {"uv": [9.125, 11.375, 9, 12.25], "texture": "#0"},
				"east": {"uv": [9, 11.375, 9.125, 12.25], "texture": "#0"},
				"south": {"uv": [9, 11.375, 9.125, 12.25], "texture": "#0"},
				"west": {"uv": [9, 11.375, 9.125, 12.25], "texture": "#0"},
				"up": {"uv": [9, 11.375, 9.125, 11.5], "texture": "#0"},
				"down": {"uv": [9, 12.125, 9.125, 12.25], "texture": "#0"}
			}
		},
		{
			"name": "be3_4",
			"from": [9.125, 3.25, 7.9],
			"to": [9.25, 4.5, 8.225],
			"rotation": {"angle": 0, "axis": "y", "origin": [0, 0, 8]},
			"faces": {
				"north": {"uv": [9.25, 11.5, 9.125, 12.75], "texture": "#0"},
				"east": {"uv": [9.125, 11.5, 9.25, 12.75], "texture": "#0"},
				"south": {"uv": [9.125, 11.5, 9.25, 12.75], "texture": "#0"},
				"west": {"uv": [9.125, 11.5, 9.25, 12.75], "texture": "#0"},
				"up": {"uv": [9.125, 11.5, 9.25, 11.625], "texture": "#0"},
				"down": {"uv": [9.125, 12.625, 9.25, 12.75], "texture": "#0"}
			}
		},
		{
			"name": "be3_5",
			"from": [8, 4.25, 7.95],
			"to": [8.125, 4.375, 8.175],
			"rotation": {"angle": 0, "axis": "y", "origin": [0, 0, 8]},
			"faces": {
				"north": {"uv": [8.125, 11.625, 8, 11.75], "texture": "#0"},
				"south": {"uv": [8, 11.625, 8.125, 11.75], "texture": "#0"}
			}
		},
		{
			"name": "be3_6",
			"from": [8.875, 4.125, 7.9],
			"to": [9, 4.375, 8.225],
			"rotation": {"angle": 0, "axis": "y", "origin": [0, 0, 8]},
			"faces": {
				"north": {"uv": [9, 11.625, 8.875, 11.875], "texture": "#0"},
				"south": {"uv": [8.875, 11.625, 9, 11.875], "texture": "#0"},
				"west": {"uv": [8.875, 11.625, 9, 11.875], "texture": "#0"},
				"down": {"uv": [8.875, 11.75, 9, 11.875], "texture": "#0"}
			}
		},
		{
			"name": "be3_7",
			"from": [7.875, 3.875, 7.95],
			"to": [8, 4.25, 8.175],
			"rotation": {"angle": 0, "axis": "y", "origin": [0, 0, 8]},
			"faces": {
				"north": {"uv": [8, 11.75, 7.875, 12.125], "texture": "#0"},
				"south": {"uv": [7.875, 11.75, 8, 12.125], "texture": "#0"}
			}
		},
		{
			"name": "be3_8",
			"from": [9.25, 3.25, 7.9],
			"to": [9.375, 4.25, 8.225],
			"rotation": {"angle": 0, "axis": "y", "origin": [0, 0, 8]},
			"faces": {
				"north": {"uv": [9.375, 11.75, 9.25, 12.75], "texture": "#0"},
				"east": {"uv": [9.25, 11.75, 9.375, 12.75], "texture": "#0"},
				"south": {"uv": [9.25, 11.75, 9.375, 12.75], "texture": "#0"},
				"up": {"uv": [9.25, 11.75, 9.375, 11.875], "texture": "#0"},
				"down": {"uv": [9.25, 12.625, 9.375, 12.75], "texture": "#0"}
			}
		},
		{
			"name": "be3_9",
			"from": [7.75, 3.25, 7.95],
			"to": [7.875, 3.875, 8.175],
			"rotation": {"angle": 0, "axis": "y", "origin": [0, 0, 8]},
			"faces": {
				"north": {"uv": [7.875, 12.125, 7.75, 12.75], "texture": "#0"},
				"south": {"uv": [7.75, 12.125, 7.875, 12.75], "texture": "#0"}
			}
		},
		{
			"name": "be3_10",
			"from": [9.375, 3.25, 7.9],
			"to": [9.5, 3.875, 8.225],
			"rotation": {"angle": 0, "axis": "y", "origin": [0, 0, 8]},
			"faces": {
				"north": {"uv": [9.5, 12.125, 9.375, 12.75], "texture": "#0"},
				"east": {"uv": [9.375, 12.125, 9.5, 12.75], "texture": "#0"},
				"south": {"uv": [9.375, 12.125, 9.5, 12.75], "texture": "#0"},
				"up": {"uv": [9.375, 12.125, 9.5, 12.25], "texture": "#0"},
				"down": {"uv": [9.375, 12.625, 9.5, 12.75], "texture": "#0"}
			}
		},
		{
			"name": "be3_11",
			"from": [7.625, 1.75, 7.95],
			"to": [7.75, 3.25, 8.175],
			"rotation": {"angle": 0, "axis": "y", "origin": [0, 0, 8]},
			"faces": {
				"north": {"uv": [7.75, 12.75, 7.625, 14.25], "texture": "#0"},
				"south": {"uv": [7.625, 12.75, 7.75, 14.25], "texture": "#0"}
			}
		},
		{
			"name": "be2_0",
			"from": [8.5, 12.125, 7.95],
			"to": [8.625, 12.75, 8.175],
			"rotation": {"angle": 0, "axis": "y", "origin": [0, 0, 8]},
			"faces": {
				"north": {"uv": [8.625, 3.25, 8.5, 3.875], "texture": "#0"},
				"east": {"uv": [8.5, 3.25, 8.625, 3.875], "texture": "#0"},
				"south": {"uv": [8.5, 3.25, 8.625, 3.875], "texture": "#0"},
				"west": {"uv": [8.5, 3.25, 8.625, 3.875], "texture": "#0"},
				"up": {"uv": [8.5, 3.25, 8.625, 3.375], "texture": "#0"},
				"down": {"uv": [8.5, 3.75, 8.625, 3.875], "texture": "#0"}
			}
		},
		{
			"name": "be2_1",
			"from": [8.375, 11.625, 7.95],
			"to": [8.5, 12.125, 8.175],
			"rotation": {"angle": 0, "axis": "y", "origin": [0, 0, 8]},
			"faces": {
				"north": {"uv": [8.5, 3.875, 8.375, 4.375], "texture": "#0"},
				"east": {"uv": [8.375, 3.875, 8.5, 4.375], "texture": "#0"},
				"south": {"uv": [8.375, 3.875, 8.5, 4.375], "texture": "#0"},
				"west": {"uv": [8.375, 3.875, 8.5, 4.375], "texture": "#0"},
				"up": {"uv": [8.375, 3.875, 8.5, 4], "texture": "#0"},
				"down": {"uv": [8.375, 4.25, 8.5, 4.375], "texture": "#0"}
			}
		},
		{
			"name": "be2_2",
			"from": [8.625, 11.625, 7.95],
			"to": [8.75, 12.125, 8.175],
			"rotation": {"angle": 0, "axis": "y", "origin": [0, 0, 8]},
			"faces": {
				"north": {"uv": [8.75, 3.875, 8.625, 4.375], "texture": "#0"},
				"east": {"uv": [8.625, 3.875, 8.75, 4.375], "texture": "#0"},
				"south": {"uv": [8.625, 3.875, 8.75, 4.375], "texture": "#0"},
				"west": {"uv": [8.625, 3.875, 8.75, 4.375], "texture": "#0"},
				"up": {"uv": [8.625, 3.875, 8.75, 4], "texture": "#0"},
				"down": {"uv": [8.625, 4.25, 8.75, 4.375], "texture": "#0"}
			}
		},
		{
			"name": "be2_3",
			"from": [8.25, 10, 7.95],
			"to": [8.375, 11.625, 8.175],
			"rotation": {"angle": 0, "axis": "y", "origin": [0, 0, 8]},
			"faces": {
				"north": {"uv": [8.375, 4.375, 8.25, 6], "texture": "#0"},
				"east": {"uv": [8.25, 4.375, 8.375, 6], "texture": "#0"},
				"south": {"uv": [8.25, 4.375, 8.375, 6], "texture": "#0"},
				"west": {"uv": [8.25, 4.375, 8.375, 6], "texture": "#0"},
				"up": {"uv": [8.25, 4.375, 8.375, 4.5], "texture": "#0"},
				"down": {"uv": [8.25, 5.875, 8.375, 6], "texture": "#0"}
			}
		},
		{
			"name": "be2_4",
			"from": [8.75, 10, 7.95],
			"to": [8.875, 11.625, 8.175],
			"rotation": {"angle": 0, "axis": "y", "origin": [0, 0, 8]},
			"faces": {
				"north": {"uv": [8.875, 4.375, 8.75, 6], "texture": "#0"},
				"east": {"uv": [8.75, 4.375, 8.875, 6], "texture": "#0"},
				"south": {"uv": [8.75, 4.375, 8.875, 6], "texture": "#0"},
				"west": {"uv": [8.75, 4.375, 8.875, 6], "texture": "#0"},
				"up": {"uv": [8.75, 4.375, 8.875, 4.5], "texture": "#0"},
				"down": {"uv": [8.75, 5.875, 8.875, 6], "texture": "#0"}
			}
		},
		{
			"name": "be2_5",
			"from": [8.125, 4.75, 7.95],
			"to": [8.25, 10, 8.175],
			"rotation": {"angle": 0, "axis": "y", "origin": [0, 0, 8]},
			"faces": {
				"north": {"uv": [8.25, 6, 8.125, 11.25], "texture": "#0"},
				"east": {"uv": [8.125, 6, 8.25, 11.25], "texture": "#0"},
				"south": {"uv": [8.125, 6, 8.25, 11.25], "texture": "#0"},
				"west": {"uv": [8.125, 6, 8.25, 11.25], "texture": "#0"},
				"up": {"uv": [8.125, 6, 8.25, 6.125], "texture": "#0"}
			}
		},
		{
			"name": "be2_6",
			"from": [8.875, 4.75, 7.95],
			"to": [9, 10, 8.175],
			"rotation": {"angle": 0, "axis": "y", "origin": [0, 0, 8]},
			"faces": {
				"north": {"uv": [9, 6, 8.875, 11.25], "texture": "#0"},
				"east": {"uv": [8.875, 6, 9, 11.25], "texture": "#0"},
				"south": {"uv": [8.875, 6, 9, 11.25], "texture": "#0"},
				"west": {"uv": [8.875, 6, 9, 11.25], "texture": "#0"},
				"up": {"uv": [8.875, 6, 9, 6.125], "texture": "#0"}
			}
		},
		{
			"name": "be2_7",
			"from": [8, 5, 7.95],
			"to": [8.125, 5.125, 8.175],
			"rotation": {"angle": 0, "axis": "y", "origin": [0, 0, 8]},
			"faces": {
				"north": {"uv": [8.125, 10.875, 8, 11], "texture": "#0"},
				"south": {"uv": [8, 10.875, 8.125, 11], "texture": "#0"},
				"west": {"uv": [8, 10.875, 8.125, 11], "texture": "#0"},
				"up": {"uv": [8, 10.875, 8.125, 11], "texture": "#0"},
				"down": {"uv": [8, 10.875, 8.125, 11], "texture": "#0"}
			}
		},
		{
			"name": "be2_8",
			"from": [9, 5, 7.95],
			"to": [9.125, 5.125, 8.175],
			"rotation": {"angle": 0, "axis": "y", "origin": [0, 0, 8]},
			"faces": {
				"north": {"uv": [9.125, 10.875, 9, 11], "texture": "#0"},
				"east": {"uv": [9, 10.875, 9.125, 11], "texture": "#0"},
				"south": {"uv": [9, 10.875, 9.125, 11], "texture": "#0"},
				"up": {"uv": [9, 10.875, 9.125, 11], "texture": "#0"},
				"down": {"uv": [9, 10.875, 9.125, 11], "texture": "#0"}
			}
		},
		{
			"name": "be2_9",
			"from": [8.25, 4.625, 7.95],
			"to": [8.75, 4.75, 8.175],
			"rotation": {"angle": 0, "axis": "y", "origin": [0, 0, 8]},
			"faces": {
				"north": {"uv": [8.75, 11.25, 8.25, 11.375], "texture": "#0"},
				"south": {"uv": [8.25, 11.25, 8.75, 11.375], "texture": "#0"},
				"up": {"uv": [8.25, 11.25, 8.75, 11.375], "texture": "#0"}
			}
		},
		{
			"name": "be2_10",
			"from": [8.375, 4.5, 7.95],
			"to": [8.75, 4.625, 8.175],
			"rotation": {"angle": 0, "axis": "y", "origin": [0, 0, 8]},
			"faces": {
				"north": {"uv": [8.75, 11.375, 8.375, 11.5], "texture": "#0"},
				"south": {"uv": [8.375, 11.375, 8.75, 11.5], "texture": "#0"}
			}
		},
		{
			"name": "be2_11",
			"from": [8.5, 4.25, 7.95],
			"to": [8.75, 4.5, 8.175],
			"rotation": {"angle": 0, "axis": "y", "origin": [0, 0, 8]},
			"faces": {
				"north": {"uv": [8.75, 11.5, 8.5, 11.75], "texture": "#0"},
				"south": {"uv": [8.5, 11.5, 8.75, 11.75], "texture": "#0"},
				"down": {"uv": [8.5, 11.625, 8.75, 11.75], "texture": "#0"}
			}
		},
		{
			"name": "be2_12",
			"from": [8.75, 3.625, 7.95],
			"to": [8.875, 4.375, 8.175],
			"rotation": {"angle": 0, "axis": "y", "origin": [0, 0, 8]},
			"faces": {
				"north": {"uv": [8.875, 11.625, 8.75, 12.375], "texture": "#0"},
				"south": {"uv": [8.75, 11.625, 8.875, 12.375], "texture": "#0"}
			}
		},
		{
			"name": "be2_13",
			"from": [9.25, 4.25, 7.95],
			"to": [9.375, 4.375, 8.175],
			"rotation": {"angle": 0, "axis": "y", "origin": [0, 0, 8]},
			"faces": {
				"north": {"uv": [9.375, 11.625, 9.25, 11.75], "texture": "#0"},
				"east": {"uv": [9.25, 11.625, 9.375, 11.75], "texture": "#0"},
				"south": {"uv": [9.25, 11.625, 9.375, 11.75], "texture": "#0"},
				"up": {"uv": [9.25, 11.625, 9.375, 11.75], "texture": "#0"}
			}
		},
		{
			"name": "be2_14",
			"from": [8.625, 3.625, 7.95],
			"to": [8.75, 4.25, 8.175],
			"rotation": {"angle": 0, "axis": "y", "origin": [0, 0, 8]},
			"faces": {
				"north": {"uv": [8.75, 11.75, 8.625, 12.375], "texture": "#0"},
				"south": {"uv": [8.625, 11.75, 8.75, 12.375], "texture": "#0"},
				"west": {"uv": [8.625, 11.75, 8.75, 12.375], "texture": "#0"}
			}
		},
		{
			"name": "be2_15",
			"from": [9.375, 4, 7.95],
			"to": [9.5, 4.25, 8.175],
			"rotation": {"angle": 0, "axis": "y", "origin": [0, 0, 8]},
			"faces": {
				"north": {"uv": [9.5, 11.75, 9.375, 12], "texture": "#0"},
				"east": {"uv": [9.375, 11.75, 9.5, 12], "texture": "#0"},
				"south": {"uv": [9.375, 11.75, 9.5, 12], "texture": "#0"},
				"up": {"uv": [9.375, 11.75, 9.5, 11.875], "texture": "#0"},
				"down": {"uv": [9.375, 11.875, 9.5, 12], "texture": "#0"}
			}
		},
		{
			"name": "be2_16",
			"from": [8.875, 3.625, 7.95],
			"to": [9, 4.125, 8.175],
			"rotation": {"angle": 0, "axis": "y", "origin": [0, 0, 8]},
			"faces": {
				"north": {"uv": [9, 11.875, 8.875, 12.375], "texture": "#0"},
				"east": {"uv": [8.875, 11.875, 9, 12.375], "texture": "#0"},
				"south": {"uv": [8.875, 11.875, 9, 12.375], "texture": "#0"}
			}
		},
		{
			"name": "be2_17",
			"from": [8.125, 1.75, 7.95],
			"to": [8.25, 2.25, 8.175],
			"rotation": {"angle": 0, "axis": "y", "origin": [0, 0, 8]},
			"faces": {
				"north": {"uv": [8.25, 13.75, 8.125, 14.25], "texture": "#0"},
				"east": {"uv": [8.125, 13.75, 8.25, 14.25], "texture": "#0"},
				"south": {"uv": [8.125, 13.75, 8.25, 14.25], "texture": "#0"},
				"west": {"uv": [8.125, 13.75, 8.25, 14.25], "texture": "#0"},
				"down": {"uv": [8.125, 14.125, 8.25, 14.25], "texture": "#0"}
			}
		},
		{
			"name": "be2_18",
			"from": [8, 1.625, 7.95],
			"to": [8.125, 2.125, 8.175],
			"rotation": {"angle": 0, "axis": "y", "origin": [0, 0, 8]},
			"faces": {
				"north": {"uv": [8.125, 13.875, 8, 14.375], "texture": "#0"},
				"east": {"uv": [8, 13.875, 8.125, 14.375], "texture": "#0"},
				"south": {"uv": [8, 13.875, 8.125, 14.375], "texture": "#0"},
				"west": {"uv": [8, 13.875, 8.125, 14.375], "texture": "#0"},
				"up": {"uv": [8, 13.875, 8.125, 14], "texture": "#0"},
				"down": {"uv": [8, 14.25, 8.125, 14.375], "texture": "#0"}
			}
		},
		{
			"name": "be2_19",
			"from": [8.25, 2, 7.95],
			"to": [8.5, 2.125, 8.175],
			"rotation": {"angle": 0, "axis": "y", "origin": [0, 0, 8]},
			"faces": {
				"north": {"uv": [8.5, 13.875, 8.25, 14], "texture": "#0"},
				"east": {"uv": [8.375, 13.875, 8.5, 14], "texture": "#0"},
				"south": {"uv": [8.25, 13.875, 8.5, 14], "texture": "#0"},
				"down": {"uv": [8.25, 13.875, 8.5, 14], "texture": "#0"}
			}
		},
		{
			"name": "be2_20",
			"from": [7.875, 1.625, 7.95],
			"to": [8, 2, 8.175],
			"rotation": {"angle": 0, "axis": "y", "origin": [0, 0, 8]},
			"faces": {
				"north": {"uv": [8, 14, 7.875, 14.375], "texture": "#0"},
				"south": {"uv": [7.875, 14, 8, 14.375], "texture": "#0"},
				"up": {"uv": [7.875, 14, 8, 14.125], "texture": "#0"},
				"down": {"uv": [7.875, 14.25, 8, 14.375], "texture": "#0"}
			}
		},
		{
			"name": "be2_21",
			"from": [8.25, 1.875, 7.95],
			"to": [8.375, 2, 8.175],
			"rotation": {"angle": 0, "axis": "y", "origin": [0, 0, 8]},
			"faces": {
				"north": {"uv": [8.375, 14, 8.25, 14.125], "texture": "#0"},
				"east": {"uv": [8.25, 14, 8.375, 14.125], "texture": "#0"},
				"south": {"uv": [8.25, 14, 8.375, 14.125], "texture": "#0"},
				"down": {"uv": [8.25, 14, 8.375, 14.125], "texture": "#0"}
			}
		},
		{
			"name": "be2_22",
			"from": [7.5, 1.5, 7.95],
			"to": [7.875, 1.75, 8.175],
			"rotation": {"angle": 0, "axis": "y", "origin": [0, 0, 8]},
			"faces": {
				"north": {"uv": [7.875, 14.25, 7.5, 14.5], "texture": "#0"},
				"east": {"uv": [7.75, 14.25, 7.875, 14.5], "texture": "#0"},
				"south": {"uv": [7.5, 14.25, 7.875, 14.5], "texture": "#0"},
				"west": {"uv": [7.5, 14.25, 7.625, 14.5], "texture": "#0"},
				"down": {"uv": [7.5, 14.375, 7.875, 14.5], "texture": "#0"}
			}
		},
		{
			"name": "be2_23",
			"from": [7.375, 1.5, 7.95],
			"to": [7.5, 1.625, 8.175],
			"rotation": {"angle": 0, "axis": "y", "origin": [0, 0, 8]},
			"faces": {
				"north": {"uv": [7.5, 14.375, 7.375, 14.5], "texture": "#0"},
				"south": {"uv": [7.375, 14.375, 7.5, 14.5], "texture": "#0"},
				"west": {"uv": [7.375, 14.375, 7.5, 14.5], "texture": "#0"},
				"up": {"uv": [7.375, 14.375, 7.5, 14.5], "texture": "#0"},
				"down": {"uv": [7.375, 14.375, 7.5, 14.5], "texture": "#0"}
			}
		},
		{
			"name": "be5_0",
			"from": [8.1, 3.925, 7.8],
			"to": [8.35, 4.425, 7.925],
			"rotation": {"angle": 0, "axis": "y", "origin": [-1.9, -0.7, 7.8]},
			"faces": {
				"north": {"uv": [10.25, 10.875, 10, 11.375], "texture": "#0"},
				"east": {"uv": [10.125, 10.875, 10.25, 11.375], "texture": "#0"},
				"south": {"uv": [10, 10.875, 10.25, 11.375], "texture": "#0"},
				"west": {"uv": [10, 10.875, 10.125, 11.375], "texture": "#0"},
				"up": {"uv": [10, 10.875, 10.25, 11], "texture": "#0"},
				"down": {"uv": [10, 11.25, 10.25, 11.375], "texture": "#0"}
			}
		},
		{
			"name": "be5_1",
			"from": [8.725, 3.925, 7.8],
			"to": [8.975, 4.425, 7.925],
			"rotation": {"angle": 0, "axis": "y", "origin": [-1.9, -0.7, 7.8]},
			"faces": {
				"north": {"uv": [10.875, 10.875, 10.625, 11.375], "texture": "#0"},
				"east": {"uv": [10.75, 10.875, 10.875, 11.375], "texture": "#0"},
				"south": {"uv": [10.625, 10.875, 10.875, 11.375], "texture": "#0"},
				"west": {"uv": [10.625, 10.875, 10.75, 11.375], "texture": "#0"},
				"up": {"uv": [10.625, 10.875, 10.875, 11], "texture": "#0"},
				"down": {"uv": [10.625, 11.25, 10.875, 11.375], "texture": "#0"}
			}
		},
		{
			"name": "be5_2",
			"from": [7.975, 4.05, 7.8],
			"to": [8.1, 4.3, 7.925],
			"rotation": {"angle": 0, "axis": "y", "origin": [-1.9, -0.7, 7.8]},
			"faces": {
				"north": {"uv": [10, 11, 9.875, 11.25], "texture": "#0"},
				"east": {"uv": [9.875, 11, 10, 11.25], "texture": "#0"},
				"south": {"uv": [9.875, 11, 10, 11.25], "texture": "#0"},
				"west": {"uv": [9.875, 11, 10, 11.25], "texture": "#0"},
				"up": {"uv": [9.875, 11, 10, 11.125], "texture": "#0"},
				"down": {"uv": [9.875, 11.125, 10, 11.25], "texture": "#0"}
			}
		},
		{
			"name": "be5_3",
			"from": [8.35, 3.3, 7.7],
			"to": [8.475, 4.3, 7.825],
			"rotation": {"angle": 0, "axis": "y", "origin": [-1.9, -0.7, 7.7]},
			"faces": {
				"north": {"uv": [10.375, 11, 10.25, 12], "texture": "#0"},
				"east": {"uv": [10.25, 11, 10.375, 12], "texture": "#0"},
				"south": {"uv": [10.25, 11, 10.375, 12], "texture": "#0"},
				"west": {"uv": [10.25, 11, 10.375, 12], "texture": "#0"},
				"up": {"uv": [10.25, 11, 10.375, 11.125], "texture": "#0"},
				"down": {"uv": [10.25, 11.875, 10.375, 12], "texture": "#0"}
			}
		},
		{
			"name": "be5_4",
			"from": [8.6, 3.3, 7.7],
			"to": [8.725, 4.3, 7.825],
			"rotation": {"angle": 0, "axis": "y", "origin": [-1.9, -0.7, 7.7]},
			"faces": {
				"north": {"uv": [10.625, 11, 10.5, 12], "texture": "#0"},
				"east": {"uv": [10.5, 11, 10.625, 12], "texture": "#0"},
				"south": {"uv": [10.5, 11, 10.625, 12], "texture": "#0"},
				"west": {"uv": [10.5, 11, 10.625, 12], "texture": "#0"},
				"up": {"uv": [10.5, 11, 10.625, 11.125], "texture": "#0"},
				"down": {"uv": [10.5, 11.875, 10.625, 12], "texture": "#0"}
			}
		},
		{
			"name": "be5_5",
			"from": [8.975, 4.05, 7.8],
			"to": [9.1, 4.3, 7.925],
			"rotation": {"angle": 0, "axis": "y", "origin": [-1.9, -0.7, 7.8]},
			"faces": {
				"north": {"uv": [11, 11, 10.875, 11.25], "texture": "#0"},
				"east": {"uv": [10.875, 11, 11, 11.25], "texture": "#0"},
				"south": {"uv": [10.875, 11, 11, 11.25], "texture": "#0"},
				"west": {"uv": [10.875, 11, 11, 11.25], "texture": "#0"},
				"up": {"uv": [10.875, 11, 11, 11.125], "texture": "#0"},
				"down": {"uv": [10.875, 11.125, 11, 11.25], "texture": "#0"}
			}
		},
		{
			"name": "be5_6",
			"from": [8.475, 3.675, 7.7],
			"to": [8.6, 4.05, 7.825],
			"rotation": {"angle": 0, "axis": "y", "origin": [-1.9, -0.7, 7.7]},
			"faces": {
				"north": {"uv": [10.5, 11.25, 10.375, 11.625], "texture": "#0"},
				"east": {"uv": [10.375, 11.25, 10.5, 11.625], "texture": "#0"},
				"south": {"uv": [10.375, 11.25, 10.5, 11.625], "texture": "#0"},
				"west": {"uv": [10.375, 11.25, 10.5, 11.625], "texture": "#0"},
				"up": {"uv": [10.375, 11.25, 10.5, 11.375], "texture": "#0"},
				"down": {"uv": [10.375, 11.5, 10.5, 11.625], "texture": "#0"}
			}
		},
		{
			"name": "be5_7",
			"from": [8.225, 3.55, 7.8],
			"to": [8.35, 3.925, 7.925],
			"rotation": {"angle": 0, "axis": "y", "origin": [-1.9, -0.7, 7.8]},
			"faces": {
				"north": {"uv": [10.25, 11.375, 10.125, 11.75], "texture": "#0"},
				"east": {"uv": [10.125, 11.375, 10.25, 11.75], "texture": "#0"},
				"south": {"uv": [10.125, 11.375, 10.25, 11.75], "texture": "#0"},
				"west": {"uv": [10.125, 11.375, 10.25, 11.75], "texture": "#0"},
				"up": {"uv": [10.125, 11.375, 10.25, 11.5], "texture": "#0"},
				"down": {"uv": [10.125, 11.625, 10.25, 11.75], "texture": "#0"}
			}
		},
		{
			"name": "be5_8",
			"from": [8.725, 3.55, 7.8],
			"to": [8.85, 3.925, 7.925],
			"rotation": {"angle": 0, "axis": "y", "origin": [-1.9, -0.7, 7.8]},
			"faces": {
				"north": {"uv": [10.75, 11.375, 10.625, 11.75], "texture": "#0"},
				"east": {"uv": [10.625, 11.375, 10.75, 11.75], "texture": "#0"},
				"south": {"uv": [10.625, 11.375, 10.75, 11.75], "texture": "#0"},
				"west": {"uv": [10.625, 11.375, 10.75, 11.75], "texture": "#0"},
				"up": {"uv": [10.625, 11.375, 10.75, 11.5], "texture": "#0"},
				"down": {"uv": [10.625, 11.625, 10.75, 11.75], "texture": "#0"}
			}
		}
	],
	"gui_light": "front",
	"display": {
		"thirdperson_righthand": {
			"rotation": [0, -90, 7],
			"translation": [0, 12.75, -2.5],
			"scale": [2.75, 2.75, 2.5]
		},
		"thirdperson_lefthand": {
			"rotation": [0, 90, -7],
			"translation": [0, 12.75, -2.25],
			"scale": [2.75, 2.75, 2.5]
		},
		"firstperson_righthand": {
			"rotation": [0, -90, -7],
			"translation": [1.25, 9, 0.25],
			"scale": [1.8, 1.8, 1.8]
		},
		"firstperson_lefthand": {
			"rotation": [0, 90, -7],
			"translation": [0, 9, -0.25],
			"scale": [1.8, 1.8, 1.8]
		},
		"ground": {
			"translation": [0, 8.5, 0],
			"scale": [2.5, 2.5, 2.5]
		},
		"gui": {
			"rotation": [0, 0, -42],
			"translation": [0.5, 1.25, 0],
			"scale": [2, 2, 1]
		},
		"head": {
			"rotation": [0, 0, -146],
			"translation": [2.75, -15, 4.25],
			"scale": [3, 3, 3]
		},
		"fixed": {
			"rotation": [-180, 0, 138],
			"translation": [-1.25, 1.75, 0],
			"scale": [4, 4, 3]
		}
	},
	"groups": [
		{
			"name": "be1",
			"origin": [8, 8, 8],
			"color": 0,
			"children": [0, 1, 2, 3, 4, 5, 6, 7, 8, 9, 10, 11, 12, 13, 14, 15, 16, 17, 18, 19, 20, 21, 22, 23, 24, 25, 26, 27, 28, 29, 30, 31, 32, 33, 34, 35, 36, 37, 38, 39, 40]
		},
		{
			"name": "be4",
			"origin": [8, 8, 8],
			"color": 0,
			"children": [41]
		},
		{
			"name": "be3",
			"origin": [8, 8, 8],
			"color": 0,
			"children": [42, 43, 44, 45, 46, 47, 48, 49, 50, 51, 52, 53]
		},
		{
			"name": "be2",
			"origin": [8, 8, 8],
			"color": 0,
			"children": [54, 55, 56, 57, 58, 59, 60, 61, 62, 63, 64, 65, 66, 67, 68, 69, 70, 71, 72, 73, 74, 75, 76, 77]
		},
		{
			"name": "be5",
			"origin": [8, 8, 8],
			"color": 0,
			"children": [78, 79, 80, 81, 82, 83, 84, 85, 86]
		}
	]
}