{
	"credit": "Made with Blockbench",
	"textures": {
		"0": "prominent:item/transmog/cybernetic_katana",
		"particle": "prominent:item/transmog/cybernetic_katana"
	},
	"elements": [
		{
			"name": "cybernetic_katana_0",
			"from": [8.375, 14, 8],
			"to": [8.5, 14.375, 8.125],
			"faces": {
				"north": {"uv": [8.25, 1.625, 8.125, 2], "texture": "#0"},
				"east": {"uv": [8.125, 1.625, 8.25, 2], "texture": "#0"},
				"south": {"uv": [8.125, 1.625, 8.25, 2], "texture": "#0"},
				"west": {"uv": [8.125, 1.625, 8.25, 2], "texture": "#0"},
				"up": {"uv": [8.125, 1.625, 8.25, 1.75], "texture": "#0"},
				"down": {"uv": [8.125, 1.875, 8.25, 2], "texture": "#0"}
			}
		},
		{
			"name": "cybernetic_katana_1",
			"from": [8.25, 13.75, 8],
			"to": [8.375, 14.25, 8.125],
			"faces": {
				"north": {"uv": [8.125, 1.75, 8, 2.25], "texture": "#0"},
				"east": {"uv": [8, 1.75, 8.125, 2.25], "texture": "#0"},
				"south": {"uv": [8, 1.75, 8.125, 2.25], "texture": "#0"},
				"west": {"uv": [8, 1.75, 8.125, 2.25], "texture": "#0"},
				"up": {"uv": [8, 1.75, 8.125, 1.875], "texture": "#0"},
				"down": {"uv": [8, 2.125, 8.125, 2.25], "texture": "#0"}
			}
		},
		{
			"name": "cybernetic_katana_2",
			"from": [8.125, 13.5, 8],
			"to": [8.25, 14.125, 8.125],
			"faces": {
				"north": {"uv": [8, 1.875, 7.875, 2.5], "texture": "#0"},
				"east": {"uv": [7.875, 1.875, 8, 2.5], "texture": "#0"},
				"south": {"uv": [7.875, 1.875, 8, 2.5], "texture": "#0"},
				"west": {"uv": [7.875, 1.875, 8, 2.5], "texture": "#0"},
				"up": {"uv": [7.875, 1.875, 8, 2], "texture": "#0"},
				"down": {"uv": [7.875, 2.375, 8, 2.5], "texture": "#0"}
			}
		},
		{
			"name": "cybernetic_katana_3",
			"from": [8, 13.125, 8],
			"to": [8.125, 14, 8.125],
			"faces": {
				"north": {"uv": [7.875, 2, 7.75, 2.875], "texture": "#0"},
				"east": {"uv": [7.75, 2, 7.875, 2.875], "texture": "#0"},
				"south": {"uv": [7.75, 2, 7.875, 2.875], "texture": "#0"},
				"west": {"uv": [7.75, 2, 7.875, 2.875], "texture": "#0"},
				"up": {"uv": [7.75, 2, 7.875, 2.125], "texture": "#0"},
				"down": {"uv": [7.75, 2.75, 7.875, 2.875], "texture": "#0"}
			}
		},
		{
			"name": "cybernetic_katana_4",
			"from": [8.375, 13.5, 7.95],
			"to": [8.5, 14, 8.175],
			"faces": {
				"north": {"uv": [9.5, 2, 9.375, 2.5], "texture": "#0"},
				"east": {"uv": [9.375, 2, 9.5, 2.5], "texture": "#0"},
				"south": {"uv": [9.375, 2, 9.5, 2.5], "texture": "#0"},
				"west": {"uv": [9.375, 2, 9.5, 2.5], "texture": "#0"},
				"up": {"uv": [9.375, 2, 9.5, 2.125], "texture": "#0"},
				"down": {"uv": [9.375, 2.375, 9.5, 2.5], "texture": "#0"}
			}
		},
		{
			"name": "cybernetic_katana_5",
			"from": [7.875, 10, 8],
			"to": [8, 13.75, 8.125],
			"faces": {
				"north": {"uv": [7.75, 2.25, 7.625, 6], "texture": "#0"},
				"east": {"uv": [7.625, 2.25, 7.75, 6], "texture": "#0"},
				"south": {"uv": [7.625, 2.25, 7.75, 6], "texture": "#0"},
				"west": {"uv": [7.625, 2.25, 7.75, 6], "texture": "#0"},
				"up": {"uv": [7.625, 2.25, 7.75, 2.375], "texture": "#0"},
				"down": {"uv": [7.625, 5.875, 7.75, 6], "texture": "#0"}
			}
		},
		{
			"name": "cybernetic_katana_6",
			"from": [8.25, 13.125, 7.95],
			"to": [8.375, 13.75, 8.175],
			"faces": {
				"north": {"uv": [9.375, 2.25, 9.25, 2.875], "texture": "#0"},
				"east": {"uv": [9.25, 2.25, 9.375, 2.875], "texture": "#0"},
				"south": {"uv": [9.25, 2.25, 9.375, 2.875], "texture": "#0"},
				"west": {"uv": [9.25, 2.25, 9.375, 2.875], "texture": "#0"},
				"up": {"uv": [9.25, 2.25, 9.375, 2.375], "texture": "#0"},
				"down": {"uv": [9.25, 2.75, 9.375, 2.875], "texture": "#0"}
			}
		},
		{
			"name": "cybernetic_katana_7",
			"from": [7.75, 7.75, 8],
			"to": [7.875, 13.5, 8.125],
			"faces": {
				"north": {"uv": [7.625, 2.5, 7.5, 8.25], "texture": "#0"},
				"east": {"uv": [7.5, 2.5, 7.625, 8.25], "texture": "#0"},
				"south": {"uv": [7.5, 2.5, 7.625, 8.25], "texture": "#0"},
				"west": {"uv": [7.5, 2.5, 7.625, 8.25], "texture": "#0"},
				"up": {"uv": [7.5, 2.5, 7.625, 2.625], "texture": "#0"},
				"down": {"uv": [7.5, 8.125, 7.625, 8.25], "texture": "#0"}
			}
		},
		{
			"name": "cybernetic_katana_8",
			"from": [8.125, 9.625, 7.95],
			"to": [8.25, 13.5, 8.175],
			"faces": {
				"north": {"uv": [9.25, 2.5, 9.125, 6.375], "texture": "#0"},
				"east": {"uv": [9.125, 2.5, 9.25, 6.375], "texture": "#0"},
				"south": {"uv": [9.125, 2.5, 9.25, 6.375], "texture": "#0"},
				"west": {"uv": [9.125, 2.5, 9.25, 6.375], "texture": "#0"},
				"up": {"uv": [9.125, 2.5, 9.25, 2.625], "texture": "#0"},
				"down": {"uv": [9.125, 6.25, 9.25, 6.375], "texture": "#0"}
			}
		},
		{
			"name": "cybernetic_katana_9",
			"from": [7.625, 7.875, 8],
			"to": [7.75, 13.125, 8.125],
			"faces": {
				"north": {"uv": [7.5, 2.875, 7.375, 8.125], "texture": "#0"},
				"east": {"uv": [7.375, 2.875, 7.5, 8.125], "texture": "#0"},
				"south": {"uv": [7.375, 2.875, 7.5, 8.125], "texture": "#0"},
				"west": {"uv": [7.375, 2.875, 7.5, 8.125], "texture": "#0"},
				"up": {"uv": [7.375, 2.875, 7.5, 3], "texture": "#0"},
				"down": {"uv": [7.375, 8, 7.5, 8.125], "texture": "#0"}
			}
		},
		{
			"name": "cybernetic_katana_10",
			"from": [8, 9.375, 7.95],
			"to": [8.125, 13.125, 8.175],
			"faces": {
				"north": {"uv": [9.125, 2.875, 9, 6.625], "texture": "#0"},
				"east": {"uv": [9, 2.875, 9.125, 6.625], "texture": "#0"},
				"south": {"uv": [9, 2.875, 9.125, 6.625], "texture": "#0"},
				"west": {"uv": [9, 2.875, 9.125, 6.625], "texture": "#0"},
				"up": {"uv": [9, 2.875, 9.125, 3], "texture": "#0"},
				"down": {"uv": [9, 6.5, 9.125, 6.625], "texture": "#0"}
			}
		},
		{
			"name": "cybernetic_katana_11",
			"from": [7.5, 8, 8],
			"to": [7.625, 10.125, 8.125],
			"faces": {
				"north": {"uv": [7.375, 5.875, 7.25, 8], "texture": "#0"},
				"east": {"uv": [7.25, 5.875, 7.375, 8], "texture": "#0"},
				"south": {"uv": [7.25, 5.875, 7.375, 8], "texture": "#0"},
				"west": {"uv": [7.25, 5.875, 7.375, 8], "texture": "#0"},
				"up": {"uv": [7.25, 5.875, 7.375, 6], "texture": "#0"},
				"down": {"uv": [7.25, 7.875, 7.375, 8], "texture": "#0"}
			}
		},
		{
			"name": "cybernetic_katana_12",
			"from": [7.875, 9.375, 7.95],
			"to": [8, 10, 8.175],
			"faces": {
				"north": {"uv": [9, 6, 8.875, 6.625], "texture": "#0"},
				"east": {"uv": [8.875, 6, 9, 6.625], "texture": "#0"},
				"south": {"uv": [8.875, 6, 9, 6.625], "texture": "#0"},
				"west": {"uv": [8.875, 6, 9, 6.625], "texture": "#0"},
				"up": {"uv": [8.875, 6, 9, 6.125], "texture": "#0"},
				"down": {"uv": [8.875, 6.5, 9, 6.625], "texture": "#0"}
			}
		},
		{
			"name": "cybernetic_katana_13",
			"from": [7.875, 8.875, 7.9],
			"to": [8.125, 9.375, 8.225],
			"faces": {
				"north": {"uv": [8.375, 6.625, 8.125, 7.125], "texture": "#0"},
				"east": {"uv": [8.25, 6.625, 8.375, 7.125], "texture": "#0"},
				"south": {"uv": [8.125, 6.625, 8.375, 7.125], "texture": "#0"},
				"west": {"uv": [8.125, 6.625, 8.25, 7.125], "texture": "#0"},
				"up": {"uv": [8.125, 6.625, 8.375, 6.75], "texture": "#0"},
				"down": {"uv": [8.125, 7, 8.375, 7.125], "texture": "#0"}
			}
		},
		{
			"name": "cybernetic_katana_14",
			"from": [8.125, 8.5, 7.9],
			"to": [8.25, 9.25, 8.225],
			"faces": {
				"north": {"uv": [8.5, 6.75, 8.375, 7.5], "texture": "#0"},
				"east": {"uv": [8.375, 6.75, 8.5, 7.5], "texture": "#0"},
				"south": {"uv": [8.375, 6.75, 8.5, 7.5], "texture": "#0"},
				"west": {"uv": [8.375, 6.75, 8.5, 7.5], "texture": "#0"},
				"up": {"uv": [8.375, 6.75, 8.5, 6.875], "texture": "#0"},
				"down": {"uv": [8.375, 7.375, 8.5, 7.5], "texture": "#0"}
			}
		},
		{
			"name": "cybernetic_katana_15",
			"from": [8.25, 8.625, 7.9],
			"to": [8.375, 9, 8.225],
			"faces": {
				"north": {"uv": [8.625, 7, 8.5, 7.375], "texture": "#0"},
				"east": {"uv": [8.5, 7, 8.625, 7.375], "texture": "#0"},
				"south": {"uv": [8.5, 7, 8.625, 7.375], "texture": "#0"},
				"west": {"uv": [8.5, 7, 8.625, 7.375], "texture": "#0"},
				"up": {"uv": [8.5, 7, 8.625, 7.125], "texture": "#0"},
				"down": {"uv": [8.5, 7.25, 8.625, 7.375], "texture": "#0"}
			}
		},
		{
			"name": "cybernetic_katana_16",
			"from": [8, 8.75, 7.9],
			"to": [8.125, 8.875, 8.225],
			"faces": {
				"north": {"uv": [8.375, 7.125, 8.25, 7.25], "texture": "#0"},
				"east": {"uv": [8.25, 7.125, 8.375, 7.25], "texture": "#0"},
				"south": {"uv": [8.25, 7.125, 8.375, 7.25], "texture": "#0"},
				"west": {"uv": [8.25, 7.125, 8.375, 7.25], "texture": "#0"},
				"up": {"uv": [8.25, 7.125, 8.375, 7.25], "texture": "#0"},
				"down": {"uv": [8.25, 7.125, 8.375, 7.25], "texture": "#0"}
			}
		},
		{
			"name": "cybernetic_katana_17",
			"from": [8.375, 8.75, 7.9],
			"to": [8.5, 8.875, 8.225],
			"faces": {
				"north": {"uv": [8.75, 7.125, 8.625, 7.25], "texture": "#0"},
				"east": {"uv": [8.625, 7.125, 8.75, 7.25], "texture": "#0"},
				"south": {"uv": [8.625, 7.125, 8.75, 7.25], "texture": "#0"},
				"west": {"uv": [8.625, 7.125, 8.75, 7.25], "texture": "#0"},
				"up": {"uv": [8.625, 7.125, 8.75, 7.25], "texture": "#0"},
				"down": {"uv": [8.625, 7.125, 8.75, 7.25], "texture": "#0"}
			}
		},
		{
			"name": "cybernetic_katana_18",
			"from": [7.875, 8.375, 7.95],
			"to": [8, 8.875, 8.175],
			"faces": {
				"north": {"uv": [9, 7.125, 8.875, 7.625], "texture": "#0"},
				"east": {"uv": [8.875, 7.125, 9, 7.625], "texture": "#0"},
				"south": {"uv": [8.875, 7.125, 9, 7.625], "texture": "#0"},
				"west": {"uv": [8.875, 7.125, 9, 7.625], "texture": "#0"},
				"up": {"uv": [8.875, 7.125, 9, 7.25], "texture": "#0"},
				"down": {"uv": [8.875, 7.5, 9, 7.625], "texture": "#0"}
			}
		},
		{
			"name": "cybernetic_katana_19",
			"from": [8, 8.375, 7.95],
			"to": [8.125, 8.75, 8.175],
			"faces": {
				"north": {"uv": [9.125, 7.25, 9, 7.625], "texture": "#0"},
				"east": {"uv": [9, 7.25, 9.125, 7.625], "texture": "#0"},
				"south": {"uv": [9, 7.25, 9.125, 7.625], "texture": "#0"},
				"west": {"uv": [9, 7.25, 9.125, 7.625], "texture": "#0"},
				"up": {"uv": [9, 7.25, 9.125, 7.375], "texture": "#0"},
				"down": {"uv": [9, 7.5, 9.125, 7.625], "texture": "#0"}
			}
		},
		{
			"name": "cybernetic_katana_20",
			"from": [7.875, 7.875, 7.9],
			"to": [8.125, 8.375, 8.225],
			"faces": {
				"north": {"uv": [8.375, 7.625, 8.125, 8.125], "texture": "#0"},
				"east": {"uv": [8.25, 7.625, 8.375, 8.125], "texture": "#0"},
				"south": {"uv": [8.125, 7.625, 8.375, 8.125], "texture": "#0"},
				"west": {"uv": [8.125, 7.625, 8.25, 8.125], "texture": "#0"},
				"up": {"uv": [8.125, 7.625, 8.375, 7.75], "texture": "#0"},
				"down": {"uv": [8.125, 8, 8.375, 8.125], "texture": "#0"}
			}
		},
		{
			"name": "cybernetic_katana_21",
			"from": [8.125, 7.5, 7.9],
			"to": [8.25, 8.25, 8.225],
			"faces": {
				"north": {"uv": [8.5, 7.75, 8.375, 8.5], "texture": "#0"},
				"east": {"uv": [8.375, 7.75, 8.5, 8.5], "texture": "#0"},
				"south": {"uv": [8.375, 7.75, 8.5, 8.5], "texture": "#0"},
				"west": {"uv": [8.375, 7.75, 8.5, 8.5], "texture": "#0"},
				"up": {"uv": [8.375, 7.75, 8.5, 7.875], "texture": "#0"},
				"down": {"uv": [8.375, 8.375, 8.5, 8.5], "texture": "#0"}
			}
		},
		{
			"name": "cybernetic_katana_22",
			"from": [7.375, 7.75, 7.9],
			"to": [7.5, 8.125, 8.225],
			"faces": {
				"north": {"uv": [10, 7.875, 9.875, 8.25], "texture": "#0"},
				"east": {"uv": [9.875, 7.875, 10, 8.25], "texture": "#0"},
				"south": {"uv": [9.875, 7.875, 10, 8.25], "texture": "#0"},
				"west": {"uv": [9.875, 7.875, 10, 8.25], "texture": "#0"},
				"up": {"uv": [9.875, 7.875, 10, 8], "texture": "#0"},
				"down": {"uv": [9.875, 8.125, 10, 8.25], "texture": "#0"}
			}
		},
		{
			"name": "cybernetic_katana_23",
			"from": [8.25, 7.625, 7.9],
			"to": [8.375, 8, 8.225],
			"faces": {
				"north": {"uv": [8.625, 8, 8.5, 8.375], "texture": "#0"},
				"east": {"uv": [8.5, 8, 8.625, 8.375], "texture": "#0"},
				"south": {"uv": [8.5, 8, 8.625, 8.375], "texture": "#0"},
				"west": {"uv": [8.5, 8, 8.625, 8.375], "texture": "#0"},
				"up": {"uv": [8.5, 8, 8.625, 8.125], "texture": "#0"},
				"down": {"uv": [8.5, 8.25, 8.625, 8.375], "texture": "#0"}
			}
		},
		{
			"name": "cybernetic_katana_24",
			"from": [7.25, 7.625, 7.9],
			"to": [7.375, 8, 8.225],
			"faces": {
				"north": {"uv": [9.875, 8, 9.75, 8.375], "texture": "#0"},
				"east": {"uv": [9.75, 8, 9.875, 8.375], "texture": "#0"},
				"south": {"uv": [9.75, 8, 9.875, 8.375], "texture": "#0"},
				"west": {"uv": [9.75, 8, 9.875, 8.375], "texture": "#0"},
				"up": {"uv": [9.75, 8, 9.875, 8.125], "texture": "#0"},
				"down": {"uv": [9.75, 8.25, 9.875, 8.375], "texture": "#0"}
			}
		},
		{
			"name": "cybernetic_katana_25",
			"from": [7.5, 7.625, 7.9],
			"to": [7.625, 8, 8.225],
			"faces": {
				"north": {"uv": [10.125, 8, 10, 8.375], "texture": "#0"},
				"east": {"uv": [10, 8, 10.125, 8.375], "texture": "#0"},
				"south": {"uv": [10, 8, 10.125, 8.375], "texture": "#0"},
				"west": {"uv": [10, 8, 10.125, 8.375], "texture": "#0"},
				"up": {"uv": [10, 8, 10.125, 8.125], "texture": "#0"},
				"down": {"uv": [10, 8.25, 10.125, 8.375], "texture": "#0"}
			}
		},
		{
			"name": "cybernetic_katana_26",
			"from": [8, 7.75, 7.9],
			"to": [8.125, 7.875, 8.225],
			"faces": {
				"north": {"uv": [8.375, 8.125, 8.25, 8.25], "texture": "#0"},
				"east": {"uv": [8.25, 8.125, 8.375, 8.25], "texture": "#0"},
				"south": {"uv": [8.25, 8.125, 8.375, 8.25], "texture": "#0"},
				"west": {"uv": [8.25, 8.125, 8.375, 8.25], "texture": "#0"},
				"up": {"uv": [8.25, 8.125, 8.375, 8.25], "texture": "#0"},
				"down": {"uv": [8.25, 8.125, 8.375, 8.25], "texture": "#0"}
			}
		},
		{
			"name": "cybernetic_katana_27",
			"from": [8.375, 7.75, 7.9],
			"to": [8.5, 7.875, 8.225],
			"faces": {
				"north": {"uv": [8.75, 8.125, 8.625, 8.25], "texture": "#0"},
				"east": {"uv": [8.625, 8.125, 8.75, 8.25], "texture": "#0"},
				"south": {"uv": [8.625, 8.125, 8.75, 8.25], "texture": "#0"},
				"west": {"uv": [8.625, 8.125, 8.75, 8.25], "texture": "#0"},
				"up": {"uv": [8.625, 8.125, 8.75, 8.25], "texture": "#0"},
				"down": {"uv": [8.625, 8.125, 8.75, 8.25], "texture": "#0"}
			}
		},
		{
			"name": "cybernetic_katana_28",
			"from": [7.875, 7.625, 7.95],
			"to": [8, 7.875, 8.175],
			"faces": {
				"north": {"uv": [9, 8.125, 8.875, 8.375], "texture": "#0"},
				"east": {"uv": [8.875, 8.125, 9, 8.375], "texture": "#0"},
				"south": {"uv": [8.875, 8.125, 9, 8.375], "texture": "#0"},
				"west": {"uv": [8.875, 8.125, 9, 8.375], "texture": "#0"},
				"up": {"uv": [8.875, 8.125, 9, 8.25], "texture": "#0"},
				"down": {"uv": [8.875, 8.25, 9, 8.375], "texture": "#0"}
			}
		},
		{
			"name": "cybernetic_katana_29",
			"from": [7.625, 7.5, 7.9],
			"to": [7.75, 7.875, 8.225],
			"faces": {
				"north": {"uv": [10.25, 8.125, 10.125, 8.5], "texture": "#0"},
				"east": {"uv": [10.125, 8.125, 10.25, 8.5], "texture": "#0"},
				"south": {"uv": [10.125, 8.125, 10.25, 8.5], "texture": "#0"},
				"west": {"uv": [10.125, 8.125, 10.25, 8.5], "texture": "#0"},
				"up": {"uv": [10.125, 8.125, 10.25, 8.25], "texture": "#0"},
				"down": {"uv": [10.125, 8.375, 10.25, 8.5], "texture": "#0"}
			}
		},
		{
			"name": "cybernetic_katana_30",
			"from": [8, 7.5, 7.95],
			"to": [8.125, 7.75, 8.175],
			"faces": {
				"north": {"uv": [9.125, 8.25, 9, 8.5], "texture": "#0"},
				"east": {"uv": [9, 8.25, 9.125, 8.5], "texture": "#0"},
				"south": {"uv": [9, 8.25, 9.125, 8.5], "texture": "#0"},
				"west": {"uv": [9, 8.25, 9.125, 8.5], "texture": "#0"},
				"up": {"uv": [9, 8.25, 9.125, 8.375], "texture": "#0"},
				"down": {"uv": [9, 8.375, 9.125, 8.5], "texture": "#0"}
			}
		},
		{
			"name": "cybernetic_katana_31",
			"from": [7.75, 7.375, 7.9],
			"to": [7.875, 7.75, 8.225],
			"faces": {
				"north": {"uv": [10.375, 8.25, 10.25, 8.625], "texture": "#0"},
				"east": {"uv": [10.25, 8.25, 10.375, 8.625], "texture": "#0"},
				"south": {"uv": [10.25, 8.25, 10.375, 8.625], "texture": "#0"},
				"west": {"uv": [10.25, 8.25, 10.375, 8.625], "texture": "#0"},
				"up": {"uv": [10.25, 8.25, 10.375, 8.375], "texture": "#0"},
				"down": {"uv": [10.25, 8.5, 10.375, 8.625], "texture": "#0"}
			}
		},
		{
			"name": "cybernetic_katana_32",
			"from": [7.5, 7.125, 8],
			"to": [7.625, 7.625, 8.125],
			"faces": {
				"north": {"uv": [7.375, 8.375, 7.25, 8.875], "texture": "#0"},
				"east": {"uv": [7.25, 8.375, 7.375, 8.875], "texture": "#0"},
				"south": {"uv": [7.25, 8.375, 7.375, 8.875], "texture": "#0"},
				"west": {"uv": [7.25, 8.375, 7.375, 8.875], "texture": "#0"},
				"up": {"uv": [7.25, 8.375, 7.375, 8.5], "texture": "#0"},
				"down": {"uv": [7.25, 8.75, 7.375, 8.875], "texture": "#0"}
			}
		},
		{
			"name": "cybernetic_katana_33",
			"from": [7.875, 7.25, 7.9],
			"to": [8, 7.625, 8.225],
			"faces": {
				"north": {"uv": [10.5, 8.375, 10.375, 8.75], "texture": "#0"},
				"east": {"uv": [10.375, 8.375, 10.5, 8.75], "texture": "#0"},
				"south": {"uv": [10.375, 8.375, 10.5, 8.75], "texture": "#0"},
				"west": {"uv": [10.375, 8.375, 10.5, 8.75], "texture": "#0"},
				"up": {"uv": [10.375, 8.375, 10.5, 8.5], "texture": "#0"},
				"down": {"uv": [10.375, 8.625, 10.5, 8.75], "texture": "#0"}
			}
		},
		{
			"name": "cybernetic_katana_34",
			"from": [7.625, 7, 8],
			"to": [7.75, 7.5, 8.125],
			"faces": {
				"north": {"uv": [7.5, 8.5, 7.375, 9], "texture": "#0"},
				"east": {"uv": [7.375, 8.5, 7.5, 9], "texture": "#0"},
				"south": {"uv": [7.375, 8.5, 7.5, 9], "texture": "#0"},
				"west": {"uv": [7.375, 8.5, 7.5, 9], "texture": "#0"},
				"up": {"uv": [7.375, 8.5, 7.5, 8.625], "texture": "#0"},
				"down": {"uv": [7.375, 8.875, 7.5, 9], "texture": "#0"}
			}
		},
		{
			"name": "cybernetic_katana_35",
			"from": [8, 7.125, 7.9],
			"to": [8.125, 7.5, 8.225],
			"faces": {
				"north": {"uv": [10.625, 8.5, 10.5, 8.875], "texture": "#0"},
				"east": {"uv": [10.5, 8.5, 10.625, 8.875], "texture": "#0"},
				"south": {"uv": [10.5, 8.5, 10.625, 8.875], "texture": "#0"},
				"west": {"uv": [10.5, 8.5, 10.625, 8.875], "texture": "#0"},
				"up": {"uv": [10.5, 8.5, 10.625, 8.625], "texture": "#0"},
				"down": {"uv": [10.5, 8.75, 10.625, 8.875], "texture": "#0"}
			}
		},
		{
			"name": "cybernetic_katana_36",
			"from": [8.25, 7.25, 7.9],
			"to": [8.375, 7.5, 8.225],
			"faces": {
				"north": {"uv": [10.875, 8.5, 10.75, 8.75], "texture": "#0"},
				"east": {"uv": [10.75, 8.5, 10.875, 8.75], "texture": "#0"},
				"south": {"uv": [10.75, 8.5, 10.875, 8.75], "texture": "#0"},
				"west": {"uv": [10.75, 8.5, 10.875, 8.75], "texture": "#0"},
				"up": {"uv": [10.75, 8.5, 10.875, 8.625], "texture": "#0"},
				"down": {"uv": [10.75, 8.625, 10.875, 8.75], "texture": "#0"}
			}
		},
		{
			"name": "cybernetic_katana_37",
			"from": [7.75, 6.875, 8],
			"to": [7.875, 7.375, 8.125],
			"faces": {
				"north": {"uv": [7.625, 8.625, 7.5, 9.125], "texture": "#0"},
				"east": {"uv": [7.5, 8.625, 7.625, 9.125], "texture": "#0"},
				"south": {"uv": [7.5, 8.625, 7.625, 9.125], "texture": "#0"},
				"west": {"uv": [7.5, 8.625, 7.625, 9.125], "texture": "#0"},
				"up": {"uv": [7.5, 8.625, 7.625, 8.75], "texture": "#0"},
				"down": {"uv": [7.5, 9, 7.625, 9.125], "texture": "#0"}
			}
		},
		{
			"name": "cybernetic_katana_38",
			"from": [8.125, 7.125, 7.9],
			"to": [8.25, 7.375, 8.225],
			"faces": {
				"north": {"uv": [10.75, 8.625, 10.625, 8.875], "texture": "#0"},
				"east": {"uv": [10.625, 8.625, 10.75, 8.875], "texture": "#0"},
				"south": {"uv": [10.625, 8.625, 10.75, 8.875], "texture": "#0"},
				"west": {"uv": [10.625, 8.625, 10.75, 8.875], "texture": "#0"},
				"up": {"uv": [10.625, 8.625, 10.75, 8.75], "texture": "#0"},
				"down": {"uv": [10.625, 8.75, 10.75, 8.875], "texture": "#0"}
			}
		},
		{
			"name": "cybernetic_katana_39",
			"from": [7.875, 6.75, 7.95],
			"to": [8, 7.25, 8.175],
			"faces": {
				"north": {"uv": [9, 8.75, 8.875, 9.25], "texture": "#0"},
				"east": {"uv": [8.875, 8.75, 9, 9.25], "texture": "#0"},
				"south": {"uv": [8.875, 8.75, 9, 9.25], "texture": "#0"},
				"west": {"uv": [8.875, 8.75, 9, 9.25], "texture": "#0"},
				"up": {"uv": [8.875, 8.75, 9, 8.875], "texture": "#0"},
				"down": {"uv": [8.875, 9.125, 9, 9.25], "texture": "#0"}
			}
		},
		{
			"name": "cybernetic_katana_40",
			"from": [7.375, 6.875, 7.9],
			"to": [7.5, 7.25, 8.225],
			"faces": {
				"north": {"uv": [10, 8.75, 9.875, 9.125], "texture": "#0"},
				"east": {"uv": [9.875, 8.75, 10, 9.125], "texture": "#0"},
				"south": {"uv": [9.875, 8.75, 10, 9.125], "texture": "#0"},
				"west": {"uv": [9.875, 8.75, 10, 9.125], "texture": "#0"},
				"up": {"uv": [9.875, 8.75, 10, 8.875], "texture": "#0"},
				"down": {"uv": [9.875, 9, 10, 9.125], "texture": "#0"}
			}
		},
		{
			"name": "cybernetic_katana_41",
			"from": [8, 6.625, 7.95],
			"to": [8.125, 7.125, 8.175],
			"faces": {
				"north": {"uv": [9.125, 8.875, 9, 9.375], "texture": "#0"},
				"east": {"uv": [9, 8.875, 9.125, 9.375], "texture": "#0"},
				"south": {"uv": [9, 8.875, 9.125, 9.375], "texture": "#0"},
				"west": {"uv": [9, 8.875, 9.125, 9.375], "texture": "#0"},
				"up": {"uv": [9, 8.875, 9.125, 9], "texture": "#0"},
				"down": {"uv": [9, 9.25, 9.125, 9.375], "texture": "#0"}
			}
		},
		{
			"name": "cybernetic_katana_42",
			"from": [7.25, 6.75, 7.9],
			"to": [7.375, 7.125, 8.225],
			"faces": {
				"north": {"uv": [9.875, 8.875, 9.75, 9.25], "texture": "#0"},
				"east": {"uv": [9.75, 8.875, 9.875, 9.25], "texture": "#0"},
				"south": {"uv": [9.75, 8.875, 9.875, 9.25], "texture": "#0"},
				"west": {"uv": [9.75, 8.875, 9.875, 9.25], "texture": "#0"},
				"up": {"uv": [9.75, 8.875, 9.875, 9], "texture": "#0"},
				"down": {"uv": [9.75, 9.125, 9.875, 9.25], "texture": "#0"}
			}
		},
		{
			"name": "cybernetic_katana_43",
			"from": [7.5, 6.75, 7.9],
			"to": [7.625, 7.125, 8.225],
			"faces": {
				"north": {"uv": [10.125, 8.875, 10, 9.25], "texture": "#0"},
				"east": {"uv": [10, 8.875, 10.125, 9.25], "texture": "#0"},
				"south": {"uv": [10, 8.875, 10.125, 9.25], "texture": "#0"},
				"west": {"uv": [10, 8.875, 10.125, 9.25], "texture": "#0"},
				"up": {"uv": [10, 8.875, 10.125, 9], "texture": "#0"},
				"down": {"uv": [10, 9.125, 10.125, 9.25], "texture": "#0"}
			}
		},
		{
			"name": "cybernetic_katana_44",
			"from": [8.125, 6.75, 7.95],
			"to": [8.25, 7, 8.175],
			"faces": {
				"north": {"uv": [9.25, 9, 9.125, 9.25], "texture": "#0"},
				"east": {"uv": [9.125, 9, 9.25, 9.25], "texture": "#0"},
				"south": {"uv": [9.125, 9, 9.25, 9.25], "texture": "#0"},
				"west": {"uv": [9.125, 9, 9.25, 9.25], "texture": "#0"},
				"up": {"uv": [9.125, 9, 9.25, 9.125], "texture": "#0"},
				"down": {"uv": [9.125, 9.125, 9.25, 9.25], "texture": "#0"}
			}
		},
		{
			"name": "cybernetic_katana_45",
			"from": [7.625, 6.625, 7.9],
			"to": [7.75, 7, 8.225],
			"faces": {
				"north": {"uv": [10.25, 9, 10.125, 9.375], "texture": "#0"},
				"east": {"uv": [10.125, 9, 10.25, 9.375], "texture": "#0"},
				"south": {"uv": [10.125, 9, 10.25, 9.375], "texture": "#0"},
				"west": {"uv": [10.125, 9, 10.25, 9.375], "texture": "#0"},
				"up": {"uv": [10.125, 9, 10.25, 9.125], "texture": "#0"},
				"down": {"uv": [10.125, 9.25, 10.25, 9.375], "texture": "#0"}
			}
		},
		{
			"name": "cybernetic_katana_46",
			"from": [7.375, 6.25, 8],
			"to": [7.5, 6.875, 8.125],
			"faces": {
				"north": {"uv": [7.25, 9.125, 7.125, 9.75], "texture": "#0"},
				"east": {"uv": [7.125, 9.125, 7.25, 9.75], "texture": "#0"},
				"south": {"uv": [7.125, 9.125, 7.25, 9.75], "texture": "#0"},
				"west": {"uv": [7.125, 9.125, 7.25, 9.75], "texture": "#0"},
				"up": {"uv": [7.125, 9.125, 7.25, 9.25], "texture": "#0"},
				"down": {"uv": [7.125, 9.625, 7.25, 9.75], "texture": "#0"}
			}
		},
		{
			"name": "cybernetic_katana_47",
			"from": [7.75, 6.5, 7.9],
			"to": [7.875, 6.875, 8.225],
			"faces": {
				"north": {"uv": [10.375, 9.125, 10.25, 9.5], "texture": "#0"},
				"east": {"uv": [10.25, 9.125, 10.375, 9.5], "texture": "#0"},
				"south": {"uv": [10.25, 9.125, 10.375, 9.5], "texture": "#0"},
				"west": {"uv": [10.25, 9.125, 10.375, 9.5], "texture": "#0"},
				"up": {"uv": [10.25, 9.125, 10.375, 9.25], "texture": "#0"},
				"down": {"uv": [10.25, 9.375, 10.375, 9.5], "texture": "#0"}
			}
		},
		{
			"name": "cybernetic_katana_48",
			"from": [7.5, 6.125, 8],
			"to": [7.625, 6.75, 8.125],
			"faces": {
				"north": {"uv": [7.375, 9.25, 7.25, 9.875], "texture": "#0"},
				"east": {"uv": [7.25, 9.25, 7.375, 9.875], "texture": "#0"},
				"south": {"uv": [7.25, 9.25, 7.375, 9.875], "texture": "#0"},
				"west": {"uv": [7.25, 9.25, 7.375, 9.875], "texture": "#0"},
				"up": {"uv": [7.25, 9.25, 7.375, 9.375], "texture": "#0"},
				"down": {"uv": [7.25, 9.75, 7.375, 9.875], "texture": "#0"}
			}
		},
		{
			"name": "cybernetic_katana_49",
			"from": [7.875, 6.375, 7.9],
			"to": [8, 6.75, 8.225],
			"faces": {
				"north": {"uv": [10.5, 9.25, 10.375, 9.625], "texture": "#0"},
				"east": {"uv": [10.375, 9.25, 10.5, 9.625], "texture": "#0"},
				"south": {"uv": [10.375, 9.25, 10.5, 9.625], "texture": "#0"},
				"west": {"uv": [10.375, 9.25, 10.5, 9.625], "texture": "#0"},
				"up": {"uv": [10.375, 9.25, 10.5, 9.375], "texture": "#0"},
				"down": {"uv": [10.375, 9.5, 10.5, 9.625], "texture": "#0"}
			}
		},
		{
			"name": "cybernetic_katana_50",
			"from": [7.25, 6.375, 8],
			"to": [7.375, 6.625, 8.125],
			"faces": {
				"north": {"uv": [7.125, 9.375, 7, 9.625], "texture": "#0"},
				"east": {"uv": [7, 9.375, 7.125, 9.625], "texture": "#0"},
				"south": {"uv": [7, 9.375, 7.125, 9.625], "texture": "#0"},
				"west": {"uv": [7, 9.375, 7.125, 9.625], "texture": "#0"},
				"up": {"uv": [7, 9.375, 7.125, 9.5], "texture": "#0"},
				"down": {"uv": [7, 9.5, 7.125, 9.625], "texture": "#0"}
			}
		},
		{
			"name": "cybernetic_katana_51",
			"from": [7.625, 6.25, 8],
			"to": [7.75, 6.625, 8.125],
			"faces": {
				"north": {"uv": [7.5, 9.375, 7.375, 9.75], "texture": "#0"},
				"east": {"uv": [7.375, 9.375, 7.5, 9.75], "texture": "#0"},
				"south": {"uv": [7.375, 9.375, 7.5, 9.75], "texture": "#0"},
				"west": {"uv": [7.375, 9.375, 7.5, 9.75], "texture": "#0"},
				"up": {"uv": [7.375, 9.375, 7.5, 9.5], "texture": "#0"},
				"down": {"uv": [7.375, 9.625, 7.5, 9.75], "texture": "#0"}
			}
		},
		{
			"name": "cybernetic_katana_52",
			"from": [8, 6.25, 7.9],
			"to": [8.125, 6.625, 8.225],
			"faces": {
				"north": {"uv": [10.625, 9.375, 10.5, 9.75], "texture": "#0"},
				"east": {"uv": [10.5, 9.375, 10.625, 9.75], "texture": "#0"},
				"south": {"uv": [10.5, 9.375, 10.625, 9.75], "texture": "#0"},
				"west": {"uv": [10.5, 9.375, 10.625, 9.75], "texture": "#0"},
				"up": {"uv": [10.5, 9.375, 10.625, 9.5], "texture": "#0"},
				"down": {"uv": [10.5, 9.625, 10.625, 9.75], "texture": "#0"}
			}
		},
		{
			"name": "cybernetic_katana_53",
			"from": [8.25, 6.25, 7.9],
			"to": [8.375, 6.625, 8.225],
			"faces": {
				"north": {"uv": [10.875, 9.375, 10.75, 9.75], "texture": "#0"},
				"east": {"uv": [10.75, 9.375, 10.875, 9.75], "texture": "#0"},
				"south": {"uv": [10.75, 9.375, 10.875, 9.75], "texture": "#0"},
				"west": {"uv": [10.75, 9.375, 10.875, 9.75], "texture": "#0"},
				"up": {"uv": [10.75, 9.375, 10.875, 9.5], "texture": "#0"},
				"down": {"uv": [10.75, 9.625, 10.875, 9.75], "texture": "#0"}
			}
		},
		{
			"name": "cybernetic_katana_54",
			"from": [7.125, 6.375, 8],
			"to": [7.25, 6.5, 8.125],
			"faces": {
				"north": {"uv": [7, 9.5, 6.875, 9.625], "texture": "#0"},
				"east": {"uv": [6.875, 9.5, 7, 9.625], "texture": "#0"},
				"south": {"uv": [6.875, 9.5, 7, 9.625], "texture": "#0"},
				"west": {"uv": [6.875, 9.5, 7, 9.625], "texture": "#0"},
				"up": {"uv": [6.875, 9.5, 7, 9.625], "texture": "#0"},
				"down": {"uv": [6.875, 9.5, 7, 9.625], "texture": "#0"}
			}
		},
		{
			"name": "cybernetic_katana_55",
			"from": [7.75, 6.25, 8],
			"to": [7.875, 6.5, 8.125],
			"faces": {
				"north": {"uv": [7.625, 9.5, 7.5, 9.75], "texture": "#0"},
				"east": {"uv": [7.5, 9.5, 7.625, 9.75], "texture": "#0"},
				"south": {"uv": [7.5, 9.5, 7.625, 9.75], "texture": "#0"},
				"west": {"uv": [7.5, 9.5, 7.625, 9.75], "texture": "#0"},
				"up": {"uv": [7.5, 9.5, 7.625, 9.625], "texture": "#0"},
				"down": {"uv": [7.5, 9.625, 7.625, 9.75], "texture": "#0"}
			}
		},
		{
			"name": "cybernetic_katana_56",
			"from": [8.125, 6.125, 7.9],
			"to": [8.25, 6.5, 8.225],
			"faces": {
				"north": {"uv": [10.75, 9.5, 10.625, 9.875], "texture": "#0"},
				"east": {"uv": [10.625, 9.5, 10.75, 9.875], "texture": "#0"},
				"south": {"uv": [10.625, 9.5, 10.75, 9.875], "texture": "#0"},
				"west": {"uv": [10.625, 9.5, 10.75, 9.875], "texture": "#0"},
				"up": {"uv": [10.625, 9.5, 10.75, 9.625], "texture": "#0"},
				"down": {"uv": [10.625, 9.75, 10.75, 9.875], "texture": "#0"}
			}
		},
		{
			"name": "cybernetic_katana_57",
			"from": [7.875, 6.25, 7.95],
			"to": [8, 6.375, 8.175],
			"faces": {
				"north": {"uv": [9, 9.625, 8.875, 9.75], "texture": "#0"},
				"east": {"uv": [8.875, 9.625, 9, 9.75], "texture": "#0"},
				"south": {"uv": [8.875, 9.625, 9, 9.75], "texture": "#0"},
				"west": {"uv": [8.875, 9.625, 9, 9.75], "texture": "#0"},
				"up": {"uv": [8.875, 9.625, 9, 9.75], "texture": "#0"},
				"down": {"uv": [8.875, 9.625, 9, 9.75], "texture": "#0"}
			}
		},
		{
			"name": "cybernetic_katana_58",
			"from": [7.625, 6, 7.9],
			"to": [8.125, 6.25, 8.225],
			"faces": {
				"north": {"uv": [7.875, 10, 7.375, 10.25], "texture": "#0"},
				"east": {"uv": [7.75, 10, 7.875, 10.25], "texture": "#0"},
				"south": {"uv": [7.375, 10, 7.875, 10.25], "texture": "#0"},
				"west": {"uv": [7.375, 10, 7.5, 10.25], "texture": "#0"},
				"up": {"uv": [7.375, 10, 7.875, 10.125], "texture": "#0"},
				"down": {"uv": [7.375, 10.125, 7.875, 10.25], "texture": "#0"}
			}
		},
		{
			"name": "cybernetic_katana_59",
			"from": [7.125, 5.75, 7.6],
			"to": [8.625, 6, 8.525],
			"faces": {
				"north": {"uv": [7.125, 10.25, 5.625, 10.5], "texture": "#0"},
				"east": {"uv": [7, 10.25, 7.125, 10.5], "texture": "#0"},
				"south": {"uv": [5.625, 10.25, 7.125, 10.5], "texture": "#0"},
				"west": {"uv": [5.625, 10.25, 5.75, 10.5], "texture": "#0"},
				"up": {"uv": [5.625, 10.25, 7.125, 10.375], "texture": "#0"},
				"down": {"uv": [5.625, 10.375, 7.125, 10.5], "texture": "#0"}
			}
		},
		{
			"name": "cybernetic_katana_60",
			"from": [7.625, 5.5, 7.85],
			"to": [8.125, 5.75, 8.275],
			"faces": {
				"north": {"uv": [7.875, 10.5, 7.375, 10.75], "texture": "#0"},
				"east": {"uv": [7.75, 10.5, 7.875, 10.75], "texture": "#0"},
				"south": {"uv": [7.375, 10.5, 7.875, 10.75], "texture": "#0"},
				"west": {"uv": [7.375, 10.5, 7.5, 10.75], "texture": "#0"},
				"up": {"uv": [7.375, 10.5, 7.875, 10.625], "texture": "#0"},
				"down": {"uv": [7.375, 10.625, 7.875, 10.75], "texture": "#0"}
			}
		},
		{
			"name": "cybernetic_katana_61",
			"from": [7.75, 5.125, 7.85],
			"to": [8, 5.5, 8.275],
			"faces": {
				"north": {"uv": [7.75, 10.75, 7.5, 11.125], "texture": "#0"},
				"east": {"uv": [7.625, 10.75, 7.75, 11.125], "texture": "#0"},
				"south": {"uv": [7.5, 10.75, 7.75, 11.125], "texture": "#0"},
				"west": {"uv": [7.5, 10.75, 7.625, 11.125], "texture": "#0"},
				"up": {"uv": [7.5, 10.75, 7.75, 10.875], "texture": "#0"},
				"down": {"uv": [7.5, 11, 7.75, 11.125], "texture": "#0"}
			}
		},
		{
			"name": "cybernetic_katana_62",
			"from": [7.625, 4.25, 7.9],
			"to": [7.75, 5.5, 8.225],
			"faces": {
				"north": {"uv": [8.25, 10.75, 8.125, 12], "texture": "#0"},
				"east": {"uv": [8.125, 10.75, 8.25, 12], "texture": "#0"},
				"south": {"uv": [8.125, 10.75, 8.25, 12], "texture": "#0"},
				"west": {"uv": [8.125, 10.75, 8.25, 12], "texture": "#0"},
				"up": {"uv": [8.125, 10.75, 8.25, 10.875], "texture": "#0"},
				"down": {"uv": [8.125, 11.875, 8.25, 12], "texture": "#0"}
			}
		},
		{
			"name": "cybernetic_katana_63",
			"from": [8, 2.75, 7.9],
			"to": [8.125, 5.5, 8.225],
			"faces": {
				"north": {"uv": [8.625, 10.75, 8.5, 13.5], "texture": "#0"},
				"east": {"uv": [8.5, 10.75, 8.625, 13.5], "texture": "#0"},
				"south": {"uv": [8.5, 10.75, 8.625, 13.5], "texture": "#0"},
				"west": {"uv": [8.5, 10.75, 8.625, 13.5], "texture": "#0"},
				"up": {"uv": [8.5, 10.75, 8.625, 10.875], "texture": "#0"},
				"down": {"uv": [8.5, 13.375, 8.625, 13.5], "texture": "#0"}
			}
		},
		{
			"name": "cybernetic_katana_64",
			"from": [7.75, 2.75, 7.9],
			"to": [8, 5.125, 8.225],
			"faces": {
				"north": {"uv": [8.5, 11.125, 8.25, 13.5], "texture": "#0"},
				"east": {"uv": [8.375, 11.125, 8.5, 13.5], "texture": "#0"},
				"south": {"uv": [8.25, 11.125, 8.5, 13.5], "texture": "#0"},
				"west": {"uv": [8.25, 11.125, 8.375, 13.5], "texture": "#0"},
				"up": {"uv": [8.25, 11.125, 8.5, 11.25], "texture": "#0"},
				"down": {"uv": [8.25, 13.375, 8.5, 13.5], "texture": "#0"}
			}
		},
		{
			"name": "cybernetic_katana_65",
			"from": [8.125, 2.75, 7.9],
			"to": [8.25, 4, 8.225],
			"faces": {
				"north": {"uv": [8.75, 12.25, 8.625, 13.5], "texture": "#0"},
				"east": {"uv": [8.625, 12.25, 8.75, 13.5], "texture": "#0"},
				"south": {"uv": [8.625, 12.25, 8.75, 13.5], "texture": "#0"},
				"west": {"uv": [8.625, 12.25, 8.75, 13.5], "texture": "#0"},
				"up": {"uv": [8.625, 12.25, 8.75, 12.375], "texture": "#0"},
				"down": {"uv": [8.625, 13.375, 8.75, 13.5], "texture": "#0"}
			}
		},
		{
			"name": "cybernetic_katana_66",
			"from": [7.625, 2.5, 7.8],
			"to": [8.375, 2.75, 8.325],
			"faces": {
				"north": {"uv": [7.375, 13.5, 6.625, 13.75], "texture": "#0"},
				"east": {"uv": [7.25, 13.5, 7.375, 13.75], "texture": "#0"},
				"south": {"uv": [6.625, 13.5, 7.375, 13.75], "texture": "#0"},
				"west": {"uv": [6.625, 13.5, 6.75, 13.75], "texture": "#0"},
				"up": {"uv": [6.625, 13.5, 7.375, 13.625], "texture": "#0"},
				"down": {"uv": [6.625, 13.625, 7.375, 13.75], "texture": "#0"}
			}
		},
		{
			"name": "cybernetic_katana_67",
			"from": [7.75, 1.875, 7.9],
			"to": [8.25, 2.5, 8.225],
			"faces": {
				"north": {"uv": [8, 13.75, 7.5, 14.375], "texture": "#0"},
				"east": {"uv": [7.875, 13.75, 8, 14.375], "texture": "#0"},
				"south": {"uv": [7.5, 13.75, 8, 14.375], "texture": "#0"},
				"west": {"uv": [7.5, 13.75, 7.625, 14.375], "texture": "#0"},
				"up": {"uv": [7.5, 13.75, 8, 13.875], "texture": "#0"},
				"down": {"uv": [7.5, 14.25, 8, 14.375], "texture": "#0"}
			}
		},
		{
			"name": "cybernetic_katana_68",
			"from": [7.625, 2, 7.9],
			"to": [7.75, 2.25, 8.225],
			"faces": {
				"north": {"uv": [7.5, 14, 7.375, 14.25], "texture": "#0"},
				"east": {"uv": [7.375, 14, 7.5, 14.25], "texture": "#0"},
				"south": {"uv": [7.375, 14, 7.5, 14.25], "texture": "#0"},
				"west": {"uv": [7.375, 14, 7.5, 14.25], "texture": "#0"},
				"up": {"uv": [7.375, 14, 7.5, 14.125], "texture": "#0"},
				"down": {"uv": [7.375, 14.125, 7.5, 14.25], "texture": "#0"}
			}
		},
		{
			"name": "cybernetic_katana_69",
			"from": [8.25, 2, 7.9],
			"to": [8.375, 2.25, 8.225],
			"faces": {
				"north": {"uv": [8.125, 14, 8, 14.25], "texture": "#0"},
				"east": {"uv": [8, 14, 8.125, 14.25], "texture": "#0"},
				"south": {"uv": [8, 14, 8.125, 14.25], "texture": "#0"},
				"west": {"uv": [8, 14, 8.125, 14.25], "texture": "#0"},
				"up": {"uv": [8, 14, 8.125, 14.125], "texture": "#0"},
				"down": {"uv": [8, 14.125, 8.125, 14.25], "texture": "#0"}
			}
		},
		{
			"name": "cybernetic_katana_70",
			"from": [7.5, 2, 7.9],
			"to": [7.625, 2.125, 8.225],
			"faces": {
				"north": {"uv": [7.375, 14.125, 7.25, 14.25], "texture": "#0"},
				"east": {"uv": [7.25, 14.125, 7.375, 14.25], "texture": "#0"},
				"south": {"uv": [7.25, 14.125, 7.375, 14.25], "texture": "#0"},
				"west": {"uv": [7.25, 14.125, 7.375, 14.25], "texture": "#0"},
				"up": {"uv": [7.25, 14.125, 7.375, 14.25], "texture": "#0"},
				"down": {"uv": [7.25, 14.125, 7.375, 14.25], "texture": "#0"}
			}
		},
		{
			"name": "cybernetic_katana_71",
			"from": [8.375, 2, 7.9],
			"to": [8.5, 2.125, 8.225],
			"faces": {
				"north": {"uv": [8.25, 14.125, 8.125, 14.25], "texture": "#0"},
				"east": {"uv": [8.125, 14.125, 8.25, 14.25], "texture": "#0"},
				"south": {"uv": [8.125, 14.125, 8.25, 14.25], "texture": "#0"},
				"west": {"uv": [8.125, 14.125, 8.25, 14.25], "texture": "#0"},
				"up": {"uv": [8.125, 14.125, 8.25, 14.25], "texture": "#0"},
				"down": {"uv": [8.125, 14.125, 8.25, 14.25], "texture": "#0"}
			}
		},
		{
			"name": "cybernetic_katana_72",
			"from": [7.875, 1.625, 7.9],
			"to": [8.125, 1.875, 8.225],
			"faces": {
				"north": {"uv": [7.875, 14.375, 7.625, 14.625], "texture": "#0"},
				"east": {"uv": [7.75, 14.375, 7.875, 14.625], "texture": "#0"},
				"south": {"uv": [7.625, 14.375, 7.875, 14.625], "texture": "#0"},
				"west": {"uv": [7.625, 14.375, 7.75, 14.625], "texture": "#0"},
				"up": {"uv": [7.625, 14.375, 7.875, 14.5], "texture": "#0"},
				"down": {"uv": [7.625, 14.5, 7.875, 14.625], "texture": "#0"}
			}
		}
	],
	"gui_light": "front",
	"display": {
		"thirdperson_righthand": {
			"rotation": [0, -90, 0],
			"translation": [0, 7, 1.25],
			"scale": [2.8, 2.8, 2.8]
		},
		"thirdperson_lefthand": {
			"rotation": [0, 90, 0],
			"translation": [0, 7, 1.25],
			"scale": [2.8, 2.8, 2.8]
		},
		"firstperson_righthand": {
			"rotation": [-4, -90, -8],
			"translation": [2.5, 6.5, -0.25],
			"scale": [2, 2, 2]
		},
		"firstperson_lefthand": {
			"rotation": [9, 90, -8],
			"translation": [1.75, 6, -0.5],
			"scale": [2, 2, 2]
		},
		"ground": {
			"translation": [0, 7.75, 0],
			"scale": [2, 2, 2]
		},
		"gui": {
			"rotation": [0, 0, -42],
			"translation": [0.25, 0.5, 0],
			"scale": [2, 2, 2]
		},
		"head": {
			"rotation": [0, 0, -132],
			"translation": [-2.25, -13, 3.5],
			"scale": [3.5, 3.5, 3.5]
		},
		"fixed": {
			"rotation": [-180, 0, 138],
			"translation": [-1.25, 1.75, 0.25],
			"scale": [4, 4, 3]
		}
	},
	"groups": [
		{
			"name": "cybernetic_katana",
			"origin": [8, 8, 8],
			"color": 0,
			"nbt": "{}",
			"children": [
				0,
				1,
				2,
				3,
				4,
				5,
				6,
				7,
				8,
				9,
				10,
				11,
				12,
				13,
				14,
				15,
				16,
				17,
				18,
				19,
				20,
				21,
				22,
				23,
				24,
				25,
				26,
				27,
				28,
				29,
				30,
				31,
				32,
				33,
				34,
				35,
				36,
				37,
				38,
				39,
				40,
				41,
				42,
				43,
				44,
				45,
				46,
				47,
				48,
				49,
				50,
				51,
				52,
				53,
				54,
				55,
				56,
				57,
				58,
				59,
				60,
				61,
				62,
				63,
				64,
				65,
				66,
				67,
				68,
				69,
				70,
				71,
				72
			]
		}
	]
}