{
	"credit": "Made with Blockbench",
	"textures": {
		"0": "prominent:item/transmog/dainsleif",
		"particle": "prominent:item/transmog/dainsleif"
	},
	"elements": [
		{
			"name": "dainsleif_0",
			"from": [7.875, 12.75, 8],
			"to": [8, 13.125, 8.125],
			"faces": {
				"north": {"uv": [6.5, 2.875, 6.375, 3.25], "texture": "#0"},
				"east": {"uv": [6.375, 2.875, 6.5, 3.25], "texture": "#0"},
				"south": {"uv": [6.375, 2.875, 6.5, 3.25], "texture": "#0"},
				"west": {"uv": [6.375, 2.875, 6.5, 3.25], "texture": "#0"},
				"up": {"uv": [6.375, 2.875, 6.5, 3], "texture": "#0"},
				"down": {"uv": [6.375, 3.125, 6.5, 3.25], "texture": "#0"}
			}
		},
		{
			"name": "dainsleif_1",
			"from": [7.75, 12.375, 8],
			"to": [7.875, 12.75, 8.125],
			"faces": {
				"north": {"uv": [6.375, 3.25, 6.25, 3.625], "texture": "#0"},
				"east": {"uv": [6.25, 3.25, 6.375, 3.625], "texture": "#0"},
				"south": {"uv": [6.25, 3.25, 6.375, 3.625], "texture": "#0"},
				"west": {"uv": [6.25, 3.25, 6.375, 3.625], "texture": "#0"},
				"up": {"uv": [6.25, 3.25, 6.375, 3.375], "texture": "#0"},
				"down": {"uv": [6.25, 3.5, 6.375, 3.625], "texture": "#0"}
			}
		},
		{
			"name": "dainsleif_2",
			"from": [8, 12.375, 8],
			"to": [8.125, 12.75, 8.125],
			"faces": {
				"north": {"uv": [6.625, 3.25, 6.5, 3.625], "texture": "#0"},
				"east": {"uv": [6.5, 3.25, 6.625, 3.625], "texture": "#0"},
				"south": {"uv": [6.5, 3.25, 6.625, 3.625], "texture": "#0"},
				"west": {"uv": [6.5, 3.25, 6.625, 3.625], "texture": "#0"},
				"up": {"uv": [6.5, 3.25, 6.625, 3.375], "texture": "#0"},
				"down": {"uv": [6.5, 3.5, 6.625, 3.625], "texture": "#0"}
			}
		},
		{
			"name": "dainsleif_3",
			"from": [7.875, 8.25, 7.95],
			"to": [8, 12.75, 8.175],
			"faces": {
				"north": {"uv": [8, 3.25, 7.875, 7.75], "texture": "#0"},
				"east": {"uv": [7.875, 3.25, 8, 7.75], "texture": "#0"},
				"south": {"uv": [7.875, 3.25, 8, 7.75], "texture": "#0"},
				"west": {"uv": [7.875, 3.25, 8, 7.75], "texture": "#0"},
				"up": {"uv": [7.875, 3.25, 8, 3.375], "texture": "#0"},
				"down": {"uv": [7.875, 7.625, 8, 7.75], "texture": "#0"}
			}
		},
		{
			"name": "dainsleif_4",
			"from": [7.625, 12, 8],
			"to": [7.75, 12.375, 8.125],
			"faces": {
				"north": {"uv": [6.25, 3.625, 6.125, 4], "texture": "#0"},
				"east": {"uv": [6.125, 3.625, 6.25, 4], "texture": "#0"},
				"south": {"uv": [6.125, 3.625, 6.25, 4], "texture": "#0"},
				"west": {"uv": [6.125, 3.625, 6.25, 4], "texture": "#0"},
				"up": {"uv": [6.125, 3.625, 6.25, 3.75], "texture": "#0"},
				"down": {"uv": [6.125, 3.875, 6.25, 4], "texture": "#0"}
			}
		},
		{
			"name": "dainsleif_5",
			"from": [8.125, 12, 8],
			"to": [8.25, 12.375, 8.125],
			"faces": {
				"north": {"uv": [6.75, 3.625, 6.625, 4], "texture": "#0"},
				"east": {"uv": [6.625, 3.625, 6.75, 4], "texture": "#0"},
				"south": {"uv": [6.625, 3.625, 6.75, 4], "texture": "#0"},
				"west": {"uv": [6.625, 3.625, 6.75, 4], "texture": "#0"},
				"up": {"uv": [6.625, 3.625, 6.75, 3.75], "texture": "#0"},
				"down": {"uv": [6.625, 3.875, 6.75, 4], "texture": "#0"}
			}
		},
		{
			"name": "dainsleif_6",
			"from": [7.75, 7.375, 7.95],
			"to": [7.875, 12.375, 8.175],
			"faces": {
				"north": {"uv": [7.875, 3.625, 7.75, 8.625], "texture": "#0"},
				"east": {"uv": [7.75, 3.625, 7.875, 8.625], "texture": "#0"},
				"south": {"uv": [7.75, 3.625, 7.875, 8.625], "texture": "#0"},
				"west": {"uv": [7.75, 3.625, 7.875, 8.625], "texture": "#0"},
				"up": {"uv": [7.75, 3.625, 7.875, 3.75], "texture": "#0"},
				"down": {"uv": [7.75, 8.5, 7.875, 8.625], "texture": "#0"}
			}
		},
		{
			"name": "dainsleif_7",
			"from": [8, 7.375, 7.95],
			"to": [8.125, 12.375, 8.175],
			"faces": {
				"north": {"uv": [8.125, 3.625, 8, 8.625], "texture": "#0"},
				"east": {"uv": [8, 3.625, 8.125, 8.625], "texture": "#0"},
				"south": {"uv": [8, 3.625, 8.125, 8.625], "texture": "#0"},
				"west": {"uv": [8, 3.625, 8.125, 8.625], "texture": "#0"},
				"up": {"uv": [8, 3.625, 8.125, 3.75], "texture": "#0"},
				"down": {"uv": [8, 8.5, 8.125, 8.625], "texture": "#0"}
			}
		},
		{
			"name": "dainsleif_8",
			"from": [7.5, 10.875, 8],
			"to": [7.625, 12, 8.125],
			"faces": {
				"north": {"uv": [6.125, 4, 6, 5.125], "texture": "#0"},
				"east": {"uv": [6, 4, 6.125, 5.125], "texture": "#0"},
				"south": {"uv": [6, 4, 6.125, 5.125], "texture": "#0"},
				"west": {"uv": [6, 4, 6.125, 5.125], "texture": "#0"},
				"up": {"uv": [6, 4, 6.125, 4.125], "texture": "#0"},
				"down": {"uv": [6, 5, 6.125, 5.125], "texture": "#0"}
			}
		},
		{
			"name": "dainsleif_9",
			"from": [8.25, 10.875, 8],
			"to": [8.375, 12, 8.125],
			"faces": {
				"north": {"uv": [6.875, 4, 6.75, 5.125], "texture": "#0"},
				"east": {"uv": [6.75, 4, 6.875, 5.125], "texture": "#0"},
				"south": {"uv": [6.75, 4, 6.875, 5.125], "texture": "#0"},
				"west": {"uv": [6.75, 4, 6.875, 5.125], "texture": "#0"},
				"up": {"uv": [6.75, 4, 6.875, 4.125], "texture": "#0"},
				"down": {"uv": [6.75, 5, 6.875, 5.125], "texture": "#0"}
			}
		},
		{
			"name": "dainsleif_10",
			"from": [7.625, 10.875, 7.95],
			"to": [7.75, 12, 8.175],
			"faces": {
				"north": {"uv": [7.75, 4, 7.625, 5.125], "texture": "#0"},
				"east": {"uv": [7.625, 4, 7.75, 5.125], "texture": "#0"},
				"south": {"uv": [7.625, 4, 7.75, 5.125], "texture": "#0"},
				"west": {"uv": [7.625, 4, 7.75, 5.125], "texture": "#0"},
				"up": {"uv": [7.625, 4, 7.75, 4.125], "texture": "#0"},
				"down": {"uv": [7.625, 5, 7.75, 5.125], "texture": "#0"}
			}
		},
		{
			"name": "dainsleif_11",
			"from": [8.125, 10.875, 7.95],
			"to": [8.25, 12, 8.175],
			"faces": {
				"north": {"uv": [8.25, 4, 8.125, 5.125], "texture": "#0"},
				"east": {"uv": [8.125, 4, 8.25, 5.125], "texture": "#0"},
				"south": {"uv": [8.125, 4, 8.25, 5.125], "texture": "#0"},
				"west": {"uv": [8.125, 4, 8.25, 5.125], "texture": "#0"},
				"up": {"uv": [8.125, 4, 8.25, 4.125], "texture": "#0"},
				"down": {"uv": [8.125, 5, 8.25, 5.125], "texture": "#0"}
			}
		},
		{
			"name": "dainsleif_12",
			"from": [7.625, 10.5, 8],
			"to": [7.75, 10.875, 8.125],
			"faces": {
				"north": {"uv": [6.25, 5.125, 6.125, 5.5], "texture": "#0"},
				"east": {"uv": [6.125, 5.125, 6.25, 5.5], "texture": "#0"},
				"south": {"uv": [6.125, 5.125, 6.25, 5.5], "texture": "#0"},
				"west": {"uv": [6.125, 5.125, 6.25, 5.5], "texture": "#0"},
				"up": {"uv": [6.125, 5.125, 6.25, 5.25], "texture": "#0"},
				"down": {"uv": [6.125, 5.375, 6.25, 5.5], "texture": "#0"}
			}
		},
		{
			"name": "dainsleif_13",
			"from": [8.125, 10.5, 8],
			"to": [8.25, 10.875, 8.125],
			"faces": {
				"north": {"uv": [6.75, 5.125, 6.625, 5.5], "texture": "#0"},
				"east": {"uv": [6.625, 5.125, 6.75, 5.5], "texture": "#0"},
				"south": {"uv": [6.625, 5.125, 6.75, 5.5], "texture": "#0"},
				"west": {"uv": [6.625, 5.125, 6.75, 5.5], "texture": "#0"},
				"up": {"uv": [6.625, 5.125, 6.75, 5.25], "texture": "#0"},
				"down": {"uv": [6.625, 5.375, 6.75, 5.5], "texture": "#0"}
			}
		},
		{
			"name": "dainsleif_14",
			"from": [7.5, 10.375, 8],
			"to": [7.625, 10.5, 8.125],
			"faces": {
				"north": {"uv": [6.125, 5.5, 6, 5.625], "texture": "#0"},
				"east": {"uv": [6, 5.5, 6.125, 5.625], "texture": "#0"},
				"south": {"uv": [6, 5.5, 6.125, 5.625], "texture": "#0"},
				"west": {"uv": [6, 5.5, 6.125, 5.625], "texture": "#0"},
				"up": {"uv": [6, 5.5, 6.125, 5.625], "texture": "#0"},
				"down": {"uv": [6, 5.5, 6.125, 5.625], "texture": "#0"}
			}
		},
		{
			"name": "dainsleif_15",
			"from": [8.25, 10.375, 8],
			"to": [8.375, 10.5, 8.125],
			"faces": {
				"north": {"uv": [6.875, 5.5, 6.75, 5.625], "texture": "#0"},
				"east": {"uv": [6.75, 5.5, 6.875, 5.625], "texture": "#0"},
				"south": {"uv": [6.75, 5.5, 6.875, 5.625], "texture": "#0"},
				"west": {"uv": [6.75, 5.5, 6.875, 5.625], "texture": "#0"},
				"up": {"uv": [6.75, 5.5, 6.875, 5.625], "texture": "#0"},
				"down": {"uv": [6.75, 5.5, 6.875, 5.625], "texture": "#0"}
			}
		},
		{
			"name": "dainsleif_16",
			"from": [7.625, 10.375, 7.95],
			"to": [7.75, 10.5, 8.175],
			"faces": {
				"north": {"uv": [7.75, 5.5, 7.625, 5.625], "texture": "#0"},
				"east": {"uv": [7.625, 5.5, 7.75, 5.625], "texture": "#0"},
				"south": {"uv": [7.625, 5.5, 7.75, 5.625], "texture": "#0"},
				"west": {"uv": [7.625, 5.5, 7.75, 5.625], "texture": "#0"},
				"up": {"uv": [7.625, 5.5, 7.75, 5.625], "texture": "#0"},
				"down": {"uv": [7.625, 5.5, 7.75, 5.625], "texture": "#0"}
			}
		},
		{
			"name": "dainsleif_17",
			"from": [8.125, 10.375, 7.95],
			"to": [8.25, 10.5, 8.175],
			"faces": {
				"north": {"uv": [8.25, 5.5, 8.125, 5.625], "texture": "#0"},
				"east": {"uv": [8.125, 5.5, 8.25, 5.625], "texture": "#0"},
				"south": {"uv": [8.125, 5.5, 8.25, 5.625], "texture": "#0"},
				"west": {"uv": [8.125, 5.5, 8.25, 5.625], "texture": "#0"},
				"up": {"uv": [8.125, 5.5, 8.25, 5.625], "texture": "#0"},
				"down": {"uv": [8.125, 5.5, 8.25, 5.625], "texture": "#0"}
			}
		},
		{
			"name": "dainsleif_18",
			"from": [7.625, 9.125, 8],
			"to": [7.75, 10.375, 8.125],
			"faces": {
				"north": {"uv": [6.25, 5.625, 6.125, 6.875], "texture": "#0"},
				"east": {"uv": [6.125, 5.625, 6.25, 6.875], "texture": "#0"},
				"south": {"uv": [6.125, 5.625, 6.25, 6.875], "texture": "#0"},
				"west": {"uv": [6.125, 5.625, 6.25, 6.875], "texture": "#0"},
				"up": {"uv": [6.125, 5.625, 6.25, 5.75], "texture": "#0"},
				"down": {"uv": [6.125, 6.75, 6.25, 6.875], "texture": "#0"}
			}
		},
		{
			"name": "dainsleif_19",
			"from": [8.125, 9.125, 8],
			"to": [8.25, 10.375, 8.125],
			"faces": {
				"north": {"uv": [6.75, 5.625, 6.625, 6.875], "texture": "#0"},
				"east": {"uv": [6.625, 5.625, 6.75, 6.875], "texture": "#0"},
				"south": {"uv": [6.625, 5.625, 6.75, 6.875], "texture": "#0"},
				"west": {"uv": [6.625, 5.625, 6.75, 6.875], "texture": "#0"},
				"up": {"uv": [6.625, 5.625, 6.75, 5.75], "texture": "#0"},
				"down": {"uv": [6.625, 6.75, 6.75, 6.875], "texture": "#0"}
			}
		},
		{
			"name": "dainsleif_20",
			"from": [7.5, 9, 8],
			"to": [7.625, 9.125, 8.125],
			"faces": {
				"north": {"uv": [6.125, 6.875, 6, 7], "texture": "#0"},
				"east": {"uv": [6, 6.875, 6.125, 7], "texture": "#0"},
				"south": {"uv": [6, 6.875, 6.125, 7], "texture": "#0"},
				"west": {"uv": [6, 6.875, 6.125, 7], "texture": "#0"},
				"up": {"uv": [6, 6.875, 6.125, 7], "texture": "#0"},
				"down": {"uv": [6, 6.875, 6.125, 7], "texture": "#0"}
			}
		},
		{
			"name": "dainsleif_21",
			"from": [8.25, 9, 8],
			"to": [8.375, 9.125, 8.125],
			"faces": {
				"north": {"uv": [6.875, 6.875, 6.75, 7], "texture": "#0"},
				"east": {"uv": [6.75, 6.875, 6.875, 7], "texture": "#0"},
				"south": {"uv": [6.75, 6.875, 6.875, 7], "texture": "#0"},
				"west": {"uv": [6.75, 6.875, 6.875, 7], "texture": "#0"},
				"up": {"uv": [6.75, 6.875, 6.875, 7], "texture": "#0"},
				"down": {"uv": [6.75, 6.875, 6.875, 7], "texture": "#0"}
			}
		},
		{
			"name": "dainsleif_22",
			"from": [7.625, 9, 7.95],
			"to": [7.75, 9.125, 8.175],
			"faces": {
				"north": {"uv": [7.75, 6.875, 7.625, 7], "texture": "#0"},
				"east": {"uv": [7.625, 6.875, 7.75, 7], "texture": "#0"},
				"south": {"uv": [7.625, 6.875, 7.75, 7], "texture": "#0"},
				"west": {"uv": [7.625, 6.875, 7.75, 7], "texture": "#0"},
				"up": {"uv": [7.625, 6.875, 7.75, 7], "texture": "#0"},
				"down": {"uv": [7.625, 6.875, 7.75, 7], "texture": "#0"}
			}
		},
		{
			"name": "dainsleif_23",
			"from": [8.125, 9, 7.95],
			"to": [8.25, 9.125, 8.175],
			"faces": {
				"north": {"uv": [8.25, 6.875, 8.125, 7], "texture": "#0"},
				"east": {"uv": [8.125, 6.875, 8.25, 7], "texture": "#0"},
				"south": {"uv": [8.125, 6.875, 8.25, 7], "texture": "#0"},
				"west": {"uv": [8.125, 6.875, 8.25, 7], "texture": "#0"},
				"up": {"uv": [8.125, 6.875, 8.25, 7], "texture": "#0"},
				"down": {"uv": [8.125, 6.875, 8.25, 7], "texture": "#0"}
			}
		},
		{
			"name": "dainsleif_24",
			"from": [7.625, 8.625, 8],
			"to": [7.75, 9, 8.125],
			"faces": {
				"north": {"uv": [6.25, 7, 6.125, 7.375], "texture": "#0"},
				"east": {"uv": [6.125, 7, 6.25, 7.375], "texture": "#0"},
				"south": {"uv": [6.125, 7, 6.25, 7.375], "texture": "#0"},
				"west": {"uv": [6.125, 7, 6.25, 7.375], "texture": "#0"},
				"up": {"uv": [6.125, 7, 6.25, 7.125], "texture": "#0"},
				"down": {"uv": [6.125, 7.25, 6.25, 7.375], "texture": "#0"}
			}
		},
		{
			"name": "dainsleif_25",
			"from": [8.125, 8.625, 8],
			"to": [8.25, 9, 8.125],
			"faces": {
				"north": {"uv": [6.75, 7, 6.625, 7.375], "texture": "#0"},
				"east": {"uv": [6.625, 7, 6.75, 7.375], "texture": "#0"},
				"south": {"uv": [6.625, 7, 6.75, 7.375], "texture": "#0"},
				"west": {"uv": [6.625, 7, 6.75, 7.375], "texture": "#0"},
				"up": {"uv": [6.625, 7, 6.75, 7.125], "texture": "#0"},
				"down": {"uv": [6.625, 7.25, 6.75, 7.375], "texture": "#0"}
			}
		},
		{
			"name": "dainsleif_26",
			"from": [7.5, 7.625, 8],
			"to": [7.625, 8.625, 8.125],
			"faces": {
				"north": {"uv": [6.125, 7.375, 6, 8.375], "texture": "#0"},
				"east": {"uv": [6, 7.375, 6.125, 8.375], "texture": "#0"},
				"south": {"uv": [6, 7.375, 6.125, 8.375], "texture": "#0"},
				"west": {"uv": [6, 7.375, 6.125, 8.375], "texture": "#0"},
				"up": {"uv": [6, 7.375, 6.125, 7.5], "texture": "#0"},
				"down": {"uv": [6, 8.25, 6.125, 8.375], "texture": "#0"}
			}
		},
		{
			"name": "dainsleif_27",
			"from": [8.25, 7.625, 8],
			"to": [8.375, 8.625, 8.125],
			"faces": {
				"north": {"uv": [6.875, 7.375, 6.75, 8.375], "texture": "#0"},
				"east": {"uv": [6.75, 7.375, 6.875, 8.375], "texture": "#0"},
				"south": {"uv": [6.75, 7.375, 6.875, 8.375], "texture": "#0"},
				"west": {"uv": [6.75, 7.375, 6.875, 8.375], "texture": "#0"},
				"up": {"uv": [6.75, 7.375, 6.875, 7.5], "texture": "#0"},
				"down": {"uv": [6.75, 8.25, 6.875, 8.375], "texture": "#0"}
			}
		},
		{
			"name": "dainsleif_28",
			"from": [7.625, 7.375, 7.95],
			"to": [7.75, 8.625, 8.175],
			"faces": {
				"north": {"uv": [7.75, 7.375, 7.625, 8.625], "texture": "#0"},
				"east": {"uv": [7.625, 7.375, 7.75, 8.625], "texture": "#0"},
				"south": {"uv": [7.625, 7.375, 7.75, 8.625], "texture": "#0"},
				"west": {"uv": [7.625, 7.375, 7.75, 8.625], "texture": "#0"},
				"up": {"uv": [7.625, 7.375, 7.75, 7.5], "texture": "#0"},
				"down": {"uv": [7.625, 8.5, 7.75, 8.625], "texture": "#0"}
			}
		},
		{
			"name": "dainsleif_29",
			"from": [8.125, 7.375, 7.95],
			"to": [8.25, 8.625, 8.175],
			"faces": {
				"north": {"uv": [8.25, 7.375, 8.125, 8.625], "texture": "#0"},
				"east": {"uv": [8.125, 7.375, 8.25, 8.625], "texture": "#0"},
				"south": {"uv": [8.125, 7.375, 8.25, 8.625], "texture": "#0"},
				"west": {"uv": [8.125, 7.375, 8.25, 8.625], "texture": "#0"},
				"up": {"uv": [8.125, 7.375, 8.25, 7.5], "texture": "#0"},
				"down": {"uv": [8.125, 8.5, 8.25, 8.625], "texture": "#0"}
			}
		},
		{
			"name": "dainsleif_30",
			"from": [7.875, 6.25, 7.9],
			"to": [8, 8.25, 8.225],
			"faces": {
				"north": {"uv": [9, 7.75, 8.875, 9.75], "texture": "#0"},
				"east": {"uv": [8.875, 7.75, 9, 9.75], "texture": "#0"},
				"south": {"uv": [8.875, 7.75, 9, 9.75], "texture": "#0"},
				"west": {"uv": [8.875, 7.75, 9, 9.75], "texture": "#0"},
				"up": {"uv": [8.875, 7.75, 9, 7.875], "texture": "#0"},
				"down": {"uv": [8.875, 9.625, 9, 9.75], "texture": "#0"}
			}
		},
		{
			"name": "dainsleif_31",
			"from": [7.375, 7.5, 8],
			"to": [7.5, 7.625, 8.125],
			"faces": {
				"north": {"uv": [6, 8.375, 5.875, 8.5], "texture": "#0"},
				"east": {"uv": [5.875, 8.375, 6, 8.5], "texture": "#0"},
				"south": {"uv": [5.875, 8.375, 6, 8.5], "texture": "#0"},
				"west": {"uv": [5.875, 8.375, 6, 8.5], "texture": "#0"},
				"up": {"uv": [5.875, 8.375, 6, 8.5], "texture": "#0"},
				"down": {"uv": [5.875, 8.375, 6, 8.5], "texture": "#0"}
			}
		},
		{
			"name": "dainsleif_32",
			"from": [8.375, 7.5, 8],
			"to": [8.5, 7.625, 8.125],
			"faces": {
				"north": {"uv": [7, 8.375, 6.875, 8.5], "texture": "#0"},
				"east": {"uv": [6.875, 8.375, 7, 8.5], "texture": "#0"},
				"south": {"uv": [6.875, 8.375, 7, 8.5], "texture": "#0"},
				"west": {"uv": [6.875, 8.375, 7, 8.5], "texture": "#0"},
				"up": {"uv": [6.875, 8.375, 7, 8.5], "texture": "#0"},
				"down": {"uv": [6.875, 8.375, 7, 8.5], "texture": "#0"}
			}
		},
		{
			"name": "dainsleif_33",
			"from": [7.5, 7.5, 7.95],
			"to": [7.625, 7.625, 8.175],
			"faces": {
				"north": {"uv": [7.625, 8.375, 7.5, 8.5], "texture": "#0"},
				"east": {"uv": [7.5, 8.375, 7.625, 8.5], "texture": "#0"},
				"south": {"uv": [7.5, 8.375, 7.625, 8.5], "texture": "#0"},
				"west": {"uv": [7.5, 8.375, 7.625, 8.5], "texture": "#0"},
				"up": {"uv": [7.5, 8.375, 7.625, 8.5], "texture": "#0"},
				"down": {"uv": [7.5, 8.375, 7.625, 8.5], "texture": "#0"}
			}
		},
		{
			"name": "dainsleif_34",
			"from": [8.25, 7.5, 7.95],
			"to": [8.375, 7.625, 8.175],
			"faces": {
				"north": {"uv": [8.375, 8.375, 8.25, 8.5], "texture": "#0"},
				"east": {"uv": [8.25, 8.375, 8.375, 8.5], "texture": "#0"},
				"south": {"uv": [8.25, 8.375, 8.375, 8.5], "texture": "#0"},
				"west": {"uv": [8.25, 8.375, 8.375, 8.5], "texture": "#0"},
				"up": {"uv": [8.25, 8.375, 8.375, 8.5], "texture": "#0"},
				"down": {"uv": [8.25, 8.375, 8.375, 8.5], "texture": "#0"}
			}
		},
		{
			"name": "dainsleif_35",
			"from": [7.5, 7, 8],
			"to": [7.625, 7.5, 8.125],
			"faces": {
				"north": {"uv": [6.125, 8.5, 6, 9], "texture": "#0"},
				"east": {"uv": [6, 8.5, 6.125, 9], "texture": "#0"},
				"south": {"uv": [6, 8.5, 6.125, 9], "texture": "#0"},
				"west": {"uv": [6, 8.5, 6.125, 9], "texture": "#0"},
				"up": {"uv": [6, 8.5, 6.125, 8.625], "texture": "#0"},
				"down": {"uv": [6, 8.875, 6.125, 9], "texture": "#0"}
			}
		},
		{
			"name": "dainsleif_36",
			"from": [8.25, 7, 8],
			"to": [8.375, 7.5, 8.125],
			"faces": {
				"north": {"uv": [6.875, 8.5, 6.75, 9], "texture": "#0"},
				"east": {"uv": [6.75, 8.5, 6.875, 9], "texture": "#0"},
				"south": {"uv": [6.75, 8.5, 6.875, 9], "texture": "#0"},
				"west": {"uv": [6.75, 8.5, 6.875, 9], "texture": "#0"},
				"up": {"uv": [6.75, 8.5, 6.875, 8.625], "texture": "#0"},
				"down": {"uv": [6.75, 8.875, 6.875, 9], "texture": "#0"}
			}
		},
		{
			"name": "dainsleif_37",
			"from": [7.625, 7.25, 7.9],
			"to": [7.875, 7.375, 8.225],
			"faces": {
				"north": {"uv": [8.875, 8.625, 8.625, 8.75], "texture": "#0"},
				"east": {"uv": [8.75, 8.625, 8.875, 8.75], "texture": "#0"},
				"south": {"uv": [8.625, 8.625, 8.875, 8.75], "texture": "#0"},
				"west": {"uv": [8.625, 8.625, 8.75, 8.75], "texture": "#0"},
				"up": {"uv": [8.625, 8.625, 8.875, 8.75], "texture": "#0"},
				"down": {"uv": [8.625, 8.625, 8.875, 8.75], "texture": "#0"}
			}
		},
		{
			"name": "dainsleif_38",
			"from": [8, 7.25, 7.9],
			"to": [8.25, 7.375, 8.225],
			"faces": {
				"north": {"uv": [9.25, 8.625, 9, 8.75], "texture": "#0"},
				"east": {"uv": [9.125, 8.625, 9.25, 8.75], "texture": "#0"},
				"south": {"uv": [9, 8.625, 9.25, 8.75], "texture": "#0"},
				"west": {"uv": [9, 8.625, 9.125, 8.75], "texture": "#0"},
				"up": {"uv": [9, 8.625, 9.25, 8.75], "texture": "#0"},
				"down": {"uv": [9, 8.625, 9.25, 8.75], "texture": "#0"}
			}
		},
		{
			"name": "dainsleif_39",
			"from": [7.625, 6.875, 7.95],
			"to": [7.875, 7.25, 8.175],
			"faces": {
				"north": {"uv": [7.875, 8.75, 7.625, 9.125], "texture": "#0"},
				"east": {"uv": [7.75, 8.75, 7.875, 9.125], "texture": "#0"},
				"south": {"uv": [7.625, 8.75, 7.875, 9.125], "texture": "#0"},
				"west": {"uv": [7.625, 8.75, 7.75, 9.125], "texture": "#0"},
				"up": {"uv": [7.625, 8.75, 7.875, 8.875], "texture": "#0"},
				"down": {"uv": [7.625, 9, 7.875, 9.125], "texture": "#0"}
			}
		},
		{
			"name": "dainsleif_40",
			"from": [8, 6.875, 7.95],
			"to": [8.25, 7.25, 8.175],
			"faces": {
				"north": {"uv": [8.25, 8.75, 8, 9.125], "texture": "#0"},
				"east": {"uv": [8.125, 8.75, 8.25, 9.125], "texture": "#0"},
				"south": {"uv": [8, 8.75, 8.25, 9.125], "texture": "#0"},
				"west": {"uv": [8, 8.75, 8.125, 9.125], "texture": "#0"},
				"up": {"uv": [8, 8.75, 8.25, 8.875], "texture": "#0"},
				"down": {"uv": [8, 9, 8.25, 9.125], "texture": "#0"}
			}
		},
		{
			"name": "dainsleif_41",
			"from": [7.375, 6.75, 8],
			"to": [7.5, 7, 8.125],
			"faces": {
				"north": {"uv": [6, 9, 5.875, 9.25], "texture": "#0"},
				"east": {"uv": [5.875, 9, 6, 9.25], "texture": "#0"},
				"south": {"uv": [5.875, 9, 6, 9.25], "texture": "#0"},
				"west": {"uv": [5.875, 9, 6, 9.25], "texture": "#0"},
				"up": {"uv": [5.875, 9, 6, 9.125], "texture": "#0"},
				"down": {"uv": [5.875, 9.125, 6, 9.25], "texture": "#0"}
			}
		},
		{
			"name": "dainsleif_42",
			"from": [8.375, 6.75, 8],
			"to": [8.5, 7, 8.125],
			"faces": {
				"north": {"uv": [7, 9, 6.875, 9.25], "texture": "#0"},
				"east": {"uv": [6.875, 9, 7, 9.25], "texture": "#0"},
				"south": {"uv": [6.875, 9, 7, 9.25], "texture": "#0"},
				"west": {"uv": [6.875, 9, 7, 9.25], "texture": "#0"},
				"up": {"uv": [6.875, 9, 7, 9.125], "texture": "#0"},
				"down": {"uv": [6.875, 9.125, 7, 9.25], "texture": "#0"}
			}
		},
		{
			"name": "dainsleif_43",
			"from": [7.5, 6.5, 7.95],
			"to": [7.625, 7, 8.175],
			"faces": {
				"north": {"uv": [7.625, 9, 7.5, 9.5], "texture": "#0"},
				"east": {"uv": [7.5, 9, 7.625, 9.5], "texture": "#0"},
				"south": {"uv": [7.5, 9, 7.625, 9.5], "texture": "#0"},
				"west": {"uv": [7.5, 9, 7.625, 9.5], "texture": "#0"},
				"up": {"uv": [7.5, 9, 7.625, 9.125], "texture": "#0"},
				"down": {"uv": [7.5, 9.375, 7.625, 9.5], "texture": "#0"}
			}
		},
		{
			"name": "dainsleif_44",
			"from": [8.25, 6.5, 7.95],
			"to": [8.375, 7, 8.175],
			"faces": {
				"north": {"uv": [8.375, 9, 8.25, 9.5], "texture": "#0"},
				"east": {"uv": [8.25, 9, 8.375, 9.5], "texture": "#0"},
				"south": {"uv": [8.25, 9, 8.375, 9.5], "texture": "#0"},
				"west": {"uv": [8.25, 9, 8.375, 9.5], "texture": "#0"},
				"up": {"uv": [8.25, 9, 8.375, 9.125], "texture": "#0"},
				"down": {"uv": [8.25, 9.375, 8.375, 9.5], "texture": "#0"}
			}
		},
		{
			"name": "dainsleif_45",
			"from": [7.625, 6.375, 7.95],
			"to": [7.75, 6.875, 8.175],
			"faces": {
				"north": {"uv": [7.75, 9.125, 7.625, 9.625], "texture": "#0"},
				"east": {"uv": [7.625, 9.125, 7.75, 9.625], "texture": "#0"},
				"south": {"uv": [7.625, 9.125, 7.75, 9.625], "texture": "#0"},
				"west": {"uv": [7.625, 9.125, 7.75, 9.625], "texture": "#0"},
				"up": {"uv": [7.625, 9.125, 7.75, 9.25], "texture": "#0"},
				"down": {"uv": [7.625, 9.5, 7.75, 9.625], "texture": "#0"}
			}
		},
		{
			"name": "dainsleif_46",
			"from": [8.125, 6.375, 7.95],
			"to": [8.25, 6.875, 8.175],
			"faces": {
				"north": {"uv": [8.25, 9.125, 8.125, 9.625], "texture": "#0"},
				"east": {"uv": [8.125, 9.125, 8.25, 9.625], "texture": "#0"},
				"south": {"uv": [8.125, 9.125, 8.25, 9.625], "texture": "#0"},
				"west": {"uv": [8.125, 9.125, 8.25, 9.625], "texture": "#0"},
				"up": {"uv": [8.125, 9.125, 8.25, 9.25], "texture": "#0"},
				"down": {"uv": [8.125, 9.5, 8.25, 9.625], "texture": "#0"}
			}
		},
		{
			"name": "dainsleif_47",
			"from": [7.75, 6.25, 7.9],
			"to": [7.875, 6.875, 8.225],
			"faces": {
				"north": {"uv": [8.875, 9.125, 8.75, 9.75], "texture": "#0"},
				"east": {"uv": [8.75, 9.125, 8.875, 9.75], "texture": "#0"},
				"south": {"uv": [8.75, 9.125, 8.875, 9.75], "texture": "#0"},
				"west": {"uv": [8.75, 9.125, 8.875, 9.75], "texture": "#0"},
				"up": {"uv": [8.75, 9.125, 8.875, 9.25], "texture": "#0"},
				"down": {"uv": [8.75, 9.625, 8.875, 9.75], "texture": "#0"}
			}
		},
		{
			"name": "dainsleif_48",
			"from": [8, 6.25, 7.9],
			"to": [8.125, 6.875, 8.225],
			"faces": {
				"north": {"uv": [9.125, 9.125, 9, 9.75], "texture": "#0"},
				"east": {"uv": [9, 9.125, 9.125, 9.75], "texture": "#0"},
				"south": {"uv": [9, 9.125, 9.125, 9.75], "texture": "#0"},
				"west": {"uv": [9, 9.125, 9.125, 9.75], "texture": "#0"},
				"up": {"uv": [9, 9.125, 9.125, 9.25], "texture": "#0"},
				"down": {"uv": [9, 9.625, 9.125, 9.75], "texture": "#0"}
			}
		},
		{
			"name": "dainsleif_49",
			"from": [7.25, 6.625, 8],
			"to": [7.375, 6.75, 8.125],
			"faces": {
				"north": {"uv": [5.875, 9.25, 5.75, 9.375], "texture": "#0"},
				"east": {"uv": [5.75, 9.25, 5.875, 9.375], "texture": "#0"},
				"south": {"uv": [5.75, 9.25, 5.875, 9.375], "texture": "#0"},
				"west": {"uv": [5.75, 9.25, 5.875, 9.375], "texture": "#0"},
				"up": {"uv": [5.75, 9.25, 5.875, 9.375], "texture": "#0"},
				"down": {"uv": [5.75, 9.25, 5.875, 9.375], "texture": "#0"}
			}
		},
		{
			"name": "dainsleif_50",
			"from": [8.5, 6.625, 8],
			"to": [8.625, 6.75, 8.125],
			"faces": {
				"north": {"uv": [7.125, 9.25, 7, 9.375], "texture": "#0"},
				"east": {"uv": [7, 9.25, 7.125, 9.375], "texture": "#0"},
				"south": {"uv": [7, 9.25, 7.125, 9.375], "texture": "#0"},
				"west": {"uv": [7, 9.25, 7.125, 9.375], "texture": "#0"},
				"up": {"uv": [7, 9.25, 7.125, 9.375], "texture": "#0"},
				"down": {"uv": [7, 9.25, 7.125, 9.375], "texture": "#0"}
			}
		},
		{
			"name": "dainsleif_51",
			"from": [7.375, 6.625, 7.95],
			"to": [7.5, 6.75, 8.175],
			"faces": {
				"north": {"uv": [7.5, 9.25, 7.375, 9.375], "texture": "#0"},
				"east": {"uv": [7.375, 9.25, 7.5, 9.375], "texture": "#0"},
				"south": {"uv": [7.375, 9.25, 7.5, 9.375], "texture": "#0"},
				"west": {"uv": [7.375, 9.25, 7.5, 9.375], "texture": "#0"},
				"up": {"uv": [7.375, 9.25, 7.5, 9.375], "texture": "#0"},
				"down": {"uv": [7.375, 9.25, 7.5, 9.375], "texture": "#0"}
			}
		},
		{
			"name": "dainsleif_52",
			"from": [8.375, 6.625, 7.95],
			"to": [8.5, 6.75, 8.175],
			"faces": {
				"north": {"uv": [8.5, 9.25, 8.375, 9.375], "texture": "#0"},
				"east": {"uv": [8.375, 9.25, 8.5, 9.375], "texture": "#0"},
				"south": {"uv": [8.375, 9.25, 8.5, 9.375], "texture": "#0"},
				"west": {"uv": [8.375, 9.25, 8.5, 9.375], "texture": "#0"},
				"up": {"uv": [8.375, 9.25, 8.5, 9.375], "texture": "#0"},
				"down": {"uv": [8.375, 9.25, 8.5, 9.375], "texture": "#0"}
			}
		},
		{
			"name": "dainsleif_53",
			"from": [7, 5.85, 7.9],
			"to": [7.25, 6.1, 8.225],
			"faces": {
				"north": {"uv": [9.75, 9.25, 9.5, 9.5], "texture": "#0"},
				"east": {"uv": [9.625, 9.25, 9.75, 9.5], "texture": "#0"},
				"south": {"uv": [9.5, 9.25, 9.75, 9.5], "texture": "#0"},
				"west": {"uv": [9.5, 9.25, 9.625, 9.5], "texture": "#0"},
				"up": {"uv": [9.5, 9.25, 9.75, 9.375], "texture": "#0"},
				"down": {"uv": [9.5, 9.375, 9.75, 9.5], "texture": "#0"}
			}
		},
		{
			"name": "dainsleif_54",
			"from": [7.5, 5.725, 7.9],
			"to": [7.625, 6.1, 8.225],
			"faces": {
				"north": {"uv": [10.125, 9.25, 10, 9.625], "texture": "#0"},
				"east": {"uv": [10, 9.25, 10.125, 9.625], "texture": "#0"},
				"south": {"uv": [10, 9.25, 10.125, 9.625], "texture": "#0"},
				"west": {"uv": [10, 9.25, 10.125, 9.625], "texture": "#0"},
				"up": {"uv": [10, 9.25, 10.125, 9.375], "texture": "#0"},
				"down": {"uv": [10, 9.5, 10.125, 9.625], "texture": "#0"}
			}
		},
		{
			"name": "dainsleif_55",
			"from": [8.25, 5.725, 7.9],
			"to": [8.375, 6.1, 8.225],
			"faces": {
				"north": {"uv": [10.875, 9.25, 10.75, 9.625], "texture": "#0"},
				"east": {"uv": [10.75, 9.25, 10.875, 9.625], "texture": "#0"},
				"south": {"uv": [10.75, 9.25, 10.875, 9.625], "texture": "#0"},
				"west": {"uv": [10.75, 9.25, 10.875, 9.625], "texture": "#0"},
				"up": {"uv": [10.75, 9.25, 10.875, 9.375], "texture": "#0"},
				"down": {"uv": [10.75, 9.5, 10.875, 9.625], "texture": "#0"}
			}
		},
		{
			"name": "dainsleif_56",
			"from": [8.625, 5.85, 7.9],
			"to": [8.875, 6.1, 8.225],
			"faces": {
				"north": {"uv": [11.375, 9.25, 11.125, 9.5], "texture": "#0"},
				"east": {"uv": [11.25, 9.25, 11.375, 9.5], "texture": "#0"},
				"south": {"uv": [11.125, 9.25, 11.375, 9.5], "texture": "#0"},
				"west": {"uv": [11.125, 9.25, 11.25, 9.5], "texture": "#0"},
				"up": {"uv": [11.125, 9.25, 11.375, 9.375], "texture": "#0"},
				"down": {"uv": [11.125, 9.375, 11.375, 9.5], "texture": "#0"}
			}
		},
		{
			"name": "dainsleif_57",
			"from": [7.375, 6.5, 8],
			"to": [7.5, 6.625, 8.125],
			"faces": {
				"north": {"uv": [6, 9.375, 5.875, 9.5], "texture": "#0"},
				"east": {"uv": [5.875, 9.375, 6, 9.5], "texture": "#0"},
				"south": {"uv": [5.875, 9.375, 6, 9.5], "texture": "#0"},
				"west": {"uv": [5.875, 9.375, 6, 9.5], "texture": "#0"},
				"up": {"uv": [5.875, 9.375, 6, 9.5], "texture": "#0"},
				"down": {"uv": [5.875, 9.375, 6, 9.5], "texture": "#0"}
			}
		},
		{
			"name": "dainsleif_58",
			"from": [8.375, 6.5, 8],
			"to": [8.5, 6.625, 8.125],
			"faces": {
				"north": {"uv": [7, 9.375, 6.875, 9.5], "texture": "#0"},
				"east": {"uv": [6.875, 9.375, 7, 9.5], "texture": "#0"},
				"south": {"uv": [6.875, 9.375, 7, 9.5], "texture": "#0"},
				"west": {"uv": [6.875, 9.375, 7, 9.5], "texture": "#0"},
				"up": {"uv": [6.875, 9.375, 7, 9.5], "texture": "#0"},
				"down": {"uv": [6.875, 9.375, 7, 9.5], "texture": "#0"}
			}
		},
		{
			"name": "dainsleif_59",
			"from": [7.25, 5.725, 7.9],
			"to": [7.5, 5.975, 8.225],
			"faces": {
				"north": {"uv": [10, 9.375, 9.75, 9.625], "texture": "#0"},
				"east": {"uv": [9.875, 9.375, 10, 9.625], "texture": "#0"},
				"south": {"uv": [9.75, 9.375, 10, 9.625], "texture": "#0"},
				"west": {"uv": [9.75, 9.375, 9.875, 9.625], "texture": "#0"},
				"up": {"uv": [9.75, 9.375, 10, 9.5], "texture": "#0"},
				"down": {"uv": [9.75, 9.5, 10, 9.625], "texture": "#0"}
			}
		},
		{
			"name": "dainsleif_60",
			"from": [8.375, 5.725, 7.9],
			"to": [8.625, 5.975, 8.225],
			"faces": {
				"north": {"uv": [11.125, 9.375, 10.875, 9.625], "texture": "#0"},
				"east": {"uv": [11, 9.375, 11.125, 9.625], "texture": "#0"},
				"south": {"uv": [10.875, 9.375, 11.125, 9.625], "texture": "#0"},
				"west": {"uv": [10.875, 9.375, 11, 9.625], "texture": "#0"},
				"up": {"uv": [10.875, 9.375, 11.125, 9.5], "texture": "#0"},
				"down": {"uv": [10.875, 9.5, 11.125, 9.625], "texture": "#0"}
			}
		},
		{
			"name": "dainsleif_61",
			"from": [7.5, 6.25, 8],
			"to": [7.625, 6.5, 8.125],
			"faces": {
				"north": {"uv": [6.125, 9.5, 6, 9.75], "texture": "#0"},
				"east": {"uv": [6, 9.5, 6.125, 9.75], "texture": "#0"},
				"south": {"uv": [6, 9.5, 6.125, 9.75], "texture": "#0"},
				"west": {"uv": [6, 9.5, 6.125, 9.75], "texture": "#0"},
				"up": {"uv": [6, 9.5, 6.125, 9.625], "texture": "#0"},
				"down": {"uv": [6, 9.625, 6.125, 9.75], "texture": "#0"}
			}
		},
		{
			"name": "dainsleif_62",
			"from": [8.25, 6.25, 8],
			"to": [8.375, 6.5, 8.125],
			"faces": {
				"north": {"uv": [6.875, 9.5, 6.75, 9.75], "texture": "#0"},
				"east": {"uv": [6.75, 9.5, 6.875, 9.75], "texture": "#0"},
				"south": {"uv": [6.75, 9.5, 6.875, 9.75], "texture": "#0"},
				"west": {"uv": [6.75, 9.5, 6.875, 9.75], "texture": "#0"},
				"up": {"uv": [6.75, 9.5, 6.875, 9.625], "texture": "#0"},
				"down": {"uv": [6.75, 9.625, 6.875, 9.75], "texture": "#0"}
			}
		},
		{
			"name": "dainsleif_63",
			"from": [7.125, 5.725, 7.9],
			"to": [7.25, 5.85, 8.225],
			"faces": {
				"north": {"uv": [9.75, 9.5, 9.625, 9.625], "texture": "#0"},
				"east": {"uv": [9.625, 9.5, 9.75, 9.625], "texture": "#0"},
				"south": {"uv": [9.625, 9.5, 9.75, 9.625], "texture": "#0"},
				"west": {"uv": [9.625, 9.5, 9.75, 9.625], "texture": "#0"},
				"up": {"uv": [9.625, 9.5, 9.75, 9.625], "texture": "#0"},
				"down": {"uv": [9.625, 9.5, 9.75, 9.625], "texture": "#0"}
			}
		},
		{
			"name": "dainsleif_64",
			"from": [8.625, 5.725, 7.9],
			"to": [8.75, 5.85, 8.225],
			"faces": {
				"north": {"uv": [11.25, 9.5, 11.125, 9.625], "texture": "#0"},
				"east": {"uv": [11.125, 9.5, 11.25, 9.625], "texture": "#0"},
				"south": {"uv": [11.125, 9.5, 11.25, 9.625], "texture": "#0"},
				"west": {"uv": [11.125, 9.5, 11.25, 9.625], "texture": "#0"},
				"up": {"uv": [11.125, 9.5, 11.25, 9.625], "texture": "#0"},
				"down": {"uv": [11.125, 9.5, 11.25, 9.625], "texture": "#0"}
			}
		},
		{
			"name": "dainsleif_65",
			"from": [7.625, 6.25, 8],
			"to": [7.75, 6.375, 8.125],
			"faces": {
				"north": {"uv": [6.25, 9.625, 6.125, 9.75], "texture": "#0"},
				"east": {"uv": [6.125, 9.625, 6.25, 9.75], "texture": "#0"},
				"south": {"uv": [6.125, 9.625, 6.25, 9.75], "texture": "#0"},
				"west": {"uv": [6.125, 9.625, 6.25, 9.75], "texture": "#0"},
				"up": {"uv": [6.125, 9.625, 6.25, 9.75], "texture": "#0"},
				"down": {"uv": [6.125, 9.625, 6.25, 9.75], "texture": "#0"}
			}
		},
		{
			"name": "dainsleif_66",
			"from": [8.125, 6.25, 8],
			"to": [8.25, 6.375, 8.125],
			"faces": {
				"north": {"uv": [6.75, 9.625, 6.625, 9.75], "texture": "#0"},
				"east": {"uv": [6.625, 9.625, 6.75, 9.75], "texture": "#0"},
				"south": {"uv": [6.625, 9.625, 6.75, 9.75], "texture": "#0"},
				"west": {"uv": [6.625, 9.625, 6.75, 9.75], "texture": "#0"},
				"up": {"uv": [6.625, 9.625, 6.75, 9.75], "texture": "#0"},
				"down": {"uv": [6.625, 9.625, 6.75, 9.75], "texture": "#0"}
			}
		},
		{
			"name": "dainsleif_67",
			"from": [7.25, 5.6, 7.9],
			"to": [7.375, 5.725, 8.225],
			"faces": {
				"north": {"uv": [9.875, 9.625, 9.75, 9.75], "texture": "#0"},
				"east": {"uv": [9.75, 9.625, 9.875, 9.75], "texture": "#0"},
				"south": {"uv": [9.75, 9.625, 9.875, 9.75], "texture": "#0"},
				"west": {"uv": [9.75, 9.625, 9.875, 9.75], "texture": "#0"},
				"up": {"uv": [9.75, 9.625, 9.875, 9.75], "texture": "#0"},
				"down": {"uv": [9.75, 9.625, 9.875, 9.75], "texture": "#0"}
			}
		},
		{
			"name": "dainsleif_68",
			"from": [8.5, 5.6, 7.9],
			"to": [8.625, 5.725, 8.225],
			"faces": {
				"north": {"uv": [11.125, 9.625, 11, 9.75], "texture": "#0"},
				"east": {"uv": [11, 9.625, 11.125, 9.75], "texture": "#0"},
				"south": {"uv": [11, 9.625, 11.125, 9.75], "texture": "#0"},
				"west": {"uv": [11, 9.625, 11.125, 9.75], "texture": "#0"},
				"up": {"uv": [11, 9.625, 11.125, 9.75], "texture": "#0"},
				"down": {"uv": [11, 9.625, 11.125, 9.75], "texture": "#0"}
			}
		},
		{
			"name": "dainsleif_69",
			"from": [7.625, 5.625, 7.8],
			"to": [8.25, 6.25, 8.325],
			"faces": {
				"north": {"uv": [10.75, 9.75, 10.125, 10.375], "texture": "#0"},
				"east": {"uv": [10.625, 9.75, 10.75, 10.375], "texture": "#0"},
				"south": {"uv": [10.125, 9.75, 10.75, 10.375], "texture": "#0"},
				"west": {"uv": [10.125, 9.75, 10.25, 10.375], "texture": "#0"},
				"up": {"uv": [10.125, 9.75, 10.75, 9.875], "texture": "#0"},
				"down": {"uv": [10.125, 10.25, 10.75, 10.375], "texture": "#0"}
			}
		},
		{
			"name": "dainsleif_70",
			"from": [7.75, 3.5, 7.9],
			"to": [8.125, 5.625, 8.225],
			"faces": {
				"north": {"uv": [8.125, 10.375, 7.75, 12.5], "texture": "#0"},
				"east": {"uv": [8, 10.375, 8.125, 12.5], "texture": "#0"},
				"south": {"uv": [7.75, 10.375, 8.125, 12.5], "texture": "#0"},
				"west": {"uv": [7.75, 10.375, 7.875, 12.5], "texture": "#0"},
				"up": {"uv": [7.75, 10.375, 8.125, 10.5], "texture": "#0"},
				"down": {"uv": [7.75, 12.375, 8.125, 12.5], "texture": "#0"}
			}
		},
		{
			"name": "dainsleif_71",
			"from": [7.625, 3, 7.75],
			"to": [8.25, 3.5, 8.375],
			"faces": {
				"north": {"uv": [8.25, 12.875, 7.625, 13.375], "texture": "#0"},
				"east": {"uv": [8.125, 12.875, 8.25, 13.375], "texture": "#0"},
				"south": {"uv": [7.625, 12.875, 8.25, 13.375], "texture": "#0"},
				"west": {"uv": [7.625, 12.875, 7.75, 13.375], "texture": "#0"},
				"up": {"uv": [7.625, 12.875, 8.25, 13], "texture": "#0"},
				"down": {"uv": [7.625, 13.25, 7.75, 13.375], "texture": "#0"}
			}
		},
		{
			"name": "dainsleif_72",
			"from": [7.75, 2.875, 7.9],
			"to": [8.125, 3, 8.225],
			"faces": {
				"north": {"uv": [8.125, 13.5, 7.75, 13.625], "texture": "#0"},
				"east": {"uv": [8, 13.5, 8.125, 13.625], "texture": "#0"},
				"south": {"uv": [7.75, 13.5, 8.125, 13.625], "texture": "#0"},
				"west": {"uv": [7.75, 13.5, 7.875, 13.625], "texture": "#0"},
				"up": {"uv": [7.75, 13.5, 8.125, 13.625], "texture": "#0"},
				"down": {"uv": [7.75, 13.5, 7.875, 13.625], "texture": "#0"}
			}
		}
	],
	"gui_light": "front",
	"display": {
		"thirdperson_righthand": {
			"rotation": [0, -90, 0],
			"translation": [0.25, 9, 2],
			"scale": [3.5, 3.5, 2.5]
		},
		"thirdperson_lefthand": {
			"rotation": [0, 90, 0],
			"translation": [0.25, 9, 1.5],
			"scale": [3.5, 3.5, 2.5]
		},
		"firstperson_righthand": {
			"rotation": [0, -90, -4],
			"translation": [0.75, 6.75, 4],
			"scale": [2, 2, 1.75]
		},
		"firstperson_lefthand": {
			"rotation": [0, 90, 1],
			"translation": [1.25, 6.5, 3.5],
			"scale": [2, 2, 1.75]
		},
		"ground": {
			"translation": [0, 10, 0],
			"scale": [3.75, 3.75, 2.5]
		},
		"gui": {
			"rotation": [0, 0, -42],
			"translation": [0, 0.5, 0],
			"scale": [2.5, 2.5, 1]
		},
		"fixed": {
			"rotation": [-180, 0, 138],
			"translation": [-1.25, 1.75, -0.75],
			"scale": [4, 4, 3]
		}
	},
	"groups": [
		{
			"name": "dainsleif",
			"origin": [8, 8, 8],
			"color": 0,
			"children": [
				0,
				1,
				2,
				3,
				4,
				5,
				6,
				7,
				8,
				9,
				10,
				11,
				12,
				13,
				14,
				15,
				16,
				17,
				18,
				19,
				20,
				21,
				22,
				23,
				24,
				25,
				26,
				27,
				28,
				29,
				30,
				31,
				32,
				33,
				34,
				35,
				36,
				37,
				38,
				39,
				40,
				41,
				42,
				43,
				44,
				45,
				46,
				47,
				48,
				49,
				50,
				51,
				52,
				53,
				54,
				55,
				56,
				57,
				58,
				59,
				60,
				61,
				62,
				63,
				64,
				65,
				66,
				67,
				68,
				69,
				70,
				71,
				72
			]
		}
	]
}