{
	"credit": "Made with Blockbench",
	"textures": {
		"0": "prominent:item/transmog/death_knight_dagger",
		"particle": "prominent:item/transmog/death_knight_dagger"
	},
	"elements": [
		{
			"name": "death_knight_dagger_0",
			"from": [8, 9.375, 8],
			"to": [8.125, 10.25, 8.125],
			"faces": {
				"north": {"uv": [7.375, 4.25, 7.25, 5.125], "texture": "#0"},
				"east": {"uv": [7.25, 4.25, 7.375, 5.125], "texture": "#0"},
				"south": {"uv": [7.25, 4.25, 7.375, 5.125], "texture": "#0"},
				"west": {"uv": [7.25, 4.25, 7.375, 5.125], "texture": "#0"},
				"up": {"uv": [7.25, 4.25, 7.375, 4.375], "texture": "#0"}
			}
		},
		{
			"name": "death_knight_dagger_1",
			"from": [7.875, 9, 8],
			"to": [8, 9.75, 8.125],
			"faces": {
				"north": {"uv": [7.25, 4.75, 7.125, 5.5], "texture": "#0"},
				"south": {"uv": [7.125, 4.75, 7.25, 5.5], "texture": "#0"},
				"west": {"uv": [7.125, 4.75, 7.25, 5.5], "texture": "#0"},
				"up": {"uv": [7.125, 4.75, 7.25, 4.875], "texture": "#0"}
			}
		},
		{
			"name": "death_knight_dagger_2",
			"from": [8.125, 9, 8],
			"to": [8.25, 9.75, 8.125],
			"faces": {
				"north": {"uv": [7.5, 4.75, 7.375, 5.5], "texture": "#0"},
				"east": {"uv": [7.375, 4.75, 7.5, 5.5], "texture": "#0"},
				"south": {"uv": [7.375, 4.75, 7.5, 5.5], "texture": "#0"},
				"up": {"uv": [7.375, 4.75, 7.5, 4.875], "texture": "#0"}
			}
		},
		{
			"name": "death_knight_dagger_3",
			"from": [8, 8.375, 7.95],
			"to": [8.125, 9.375, 8.175],
			"faces": {
				"north": {"uv": [6.625, 5.125, 6.5, 6.125], "texture": "#0"},
				"east": {"uv": [6.5, 5.125, 6.625, 6.125], "texture": "#0"},
				"south": {"uv": [6.5, 5.125, 6.625, 6.125], "texture": "#0"},
				"west": {"uv": [6.5, 5.125, 6.625, 6.125], "texture": "#0"},
				"up": {"uv": [6.5, 5.125, 6.625, 5.25], "texture": "#0"}
			}
		},
		{
			"name": "death_knight_dagger_4",
			"from": [7.875, 6.75, 7.95],
			"to": [8, 9, 8.175],
			"faces": {
				"north": {"uv": [6.5, 5.5, 6.375, 7.75], "texture": "#0"},
				"south": {"uv": [6.375, 5.5, 6.5, 7.75], "texture": "#0"},
				"west": {"uv": [6.375, 5.5, 6.5, 7.75], "texture": "#0"},
				"up": {"uv": [6.375, 5.5, 6.5, 5.625], "texture": "#0"}
			}
		},
		{
			"name": "death_knight_dagger_5",
			"from": [8.125, 6.75, 7.95],
			"to": [8.25, 9, 8.175],
			"faces": {
				"north": {"uv": [6.75, 5.5, 6.625, 7.75], "texture": "#0"},
				"east": {"uv": [6.625, 5.5, 6.75, 7.75], "texture": "#0"},
				"south": {"uv": [6.625, 5.5, 6.75, 7.75], "texture": "#0"},
				"up": {"uv": [6.625, 5.5, 6.75, 5.625], "texture": "#0"}
			}
		},
		{
			"name": "death_knight_dagger_6",
			"from": [7.75, 5.375, 8],
			"to": [7.875, 9, 8.125],
			"faces": {
				"north": {"uv": [7.125, 5.5, 7, 9.125], "texture": "#0"},
				"south": {"uv": [7, 5.5, 7.125, 9.125], "texture": "#0"},
				"west": {"uv": [7, 5.5, 7.125, 9.125], "texture": "#0"},
				"up": {"uv": [7, 5.5, 7.125, 5.625], "texture": "#0"}
			}
		},
		{
			"name": "death_knight_dagger_7",
			"from": [8.25, 5.375, 8],
			"to": [8.375, 9, 8.125],
			"faces": {
				"north": {"uv": [7.625, 5.5, 7.5, 9.125], "texture": "#0"},
				"east": {"uv": [7.5, 5.5, 7.625, 9.125], "texture": "#0"},
				"south": {"uv": [7.5, 5.5, 7.625, 9.125], "texture": "#0"},
				"up": {"uv": [7.5, 5.5, 7.625, 5.625], "texture": "#0"}
			}
		},
		{
			"name": "death_knight_dagger_8",
			"from": [8, 6.25, 7.9],
			"to": [8.125, 8.375, 8.225],
			"faces": {
				"north": {"uv": [8.375, 6.125, 8.25, 8.25], "texture": "#0"},
				"east": {"uv": [8.25, 6.125, 8.375, 8.25], "texture": "#0"},
				"south": {"uv": [8.25, 6.125, 8.375, 8.25], "texture": "#0"},
				"west": {"uv": [8.25, 6.125, 8.375, 8.25], "texture": "#0"},
				"up": {"uv": [8.25, 6.125, 8.375, 6.25], "texture": "#0"},
				"down": {"uv": [8.25, 8.125, 8.375, 8.25], "texture": "#0"}
			}
		},
		{
			"name": "death_knight_dagger_9",
			"from": [7.875, 5.375, 7.9],
			"to": [8, 6.75, 8.225],
			"faces": {
				"north": {"uv": [8.25, 7.75, 8.125, 9.125], "texture": "#0"},
				"east": {"uv": [8.125, 7.75, 8.25, 9.125], "texture": "#0"},
				"south": {"uv": [8.125, 7.75, 8.25, 9.125], "texture": "#0"},
				"west": {"uv": [8.125, 7.75, 8.25, 9.125], "texture": "#0"},
				"up": {"uv": [8.125, 7.75, 8.25, 7.875], "texture": "#0"}
			}
		},
		{
			"name": "death_knight_dagger_10",
			"from": [8.125, 5.375, 7.9],
			"to": [8.25, 6.75, 8.225],
			"faces": {
				"north": {"uv": [8.5, 7.75, 8.375, 9.125], "texture": "#0"},
				"east": {"uv": [8.375, 7.75, 8.5, 9.125], "texture": "#0"},
				"south": {"uv": [8.375, 7.75, 8.5, 9.125], "texture": "#0"},
				"west": {"uv": [8.375, 7.75, 8.5, 9.125], "texture": "#0"},
				"up": {"uv": [8.375, 7.75, 8.5, 7.875], "texture": "#0"}
			}
		},
		{
			"name": "death_knight_dagger_11",
			"from": [8, 6, 8],
			"to": [8.125, 6.25, 8.125],
			"faces": {
				"north": {"uv": [7.375, 8.25, 7.25, 8.5], "texture": "#0"},
				"south": {"uv": [7.25, 8.25, 7.375, 8.5], "texture": "#0"}
			}
		},
		{
			"name": "death_knight_dagger_12",
			"from": [7.625, 5.625, 8],
			"to": [7.75, 6.125, 8.125],
			"faces": {
				"north": {"uv": [7, 8.375, 6.875, 8.875], "texture": "#0"},
				"south": {"uv": [6.875, 8.375, 7, 8.875], "texture": "#0"},
				"west": {"uv": [6.875, 8.375, 7, 8.875], "texture": "#0"},
				"up": {"uv": [6.875, 8.375, 7, 8.5], "texture": "#0"},
				"down": {"uv": [6.875, 8.75, 7, 8.875], "texture": "#0"}
			}
		},
		{
			"name": "death_knight_dagger_13",
			"from": [8.375, 5.625, 8],
			"to": [8.5, 6.125, 8.125],
			"faces": {
				"north": {"uv": [7.75, 8.375, 7.625, 8.875], "texture": "#0"},
				"east": {"uv": [7.625, 8.375, 7.75, 8.875], "texture": "#0"},
				"south": {"uv": [7.625, 8.375, 7.75, 8.875], "texture": "#0"},
				"up": {"uv": [7.625, 8.375, 7.75, 8.5], "texture": "#0"},
				"down": {"uv": [7.625, 8.75, 7.75, 8.875], "texture": "#0"}
			}
		},
		{
			"name": "death_knight_dagger_14",
			"from": [8, 5.375, 7.9],
			"to": [8.125, 6, 8.225],
			"faces": {
				"north": {"uv": [8.375, 8.5, 8.25, 9.125], "texture": "#0"},
				"south": {"uv": [8.25, 8.5, 8.375, 9.125], "texture": "#0"},
				"up": {"uv": [8.25, 8.5, 8.375, 8.625], "texture": "#0"}
			}
		},
		{
			"name": "death_knight_dagger_15",
			"from": [7.5, 5.75, 8],
			"to": [7.625, 5.875, 8.125],
			"faces": {
				"north": {"uv": [6.875, 8.625, 6.75, 8.75], "texture": "#0"},
				"south": {"uv": [6.75, 8.625, 6.875, 8.75], "texture": "#0"},
				"west": {"uv": [6.75, 8.625, 6.875, 8.75], "texture": "#0"},
				"up": {"uv": [6.75, 8.625, 6.875, 8.75], "texture": "#0"},
				"down": {"uv": [6.75, 8.625, 6.875, 8.75], "texture": "#0"}
			}
		},
		{
			"name": "death_knight_dagger_16",
			"from": [8.5, 5.75, 8],
			"to": [8.625, 5.875, 8.125],
			"faces": {
				"north": {"uv": [7.875, 8.625, 7.75, 8.75], "texture": "#0"},
				"east": {"uv": [7.75, 8.625, 7.875, 8.75], "texture": "#0"},
				"south": {"uv": [7.75, 8.625, 7.875, 8.75], "texture": "#0"},
				"up": {"uv": [7.75, 8.625, 7.875, 8.75], "texture": "#0"},
				"down": {"uv": [7.75, 8.625, 7.875, 8.75], "texture": "#0"}
			}
		},
		{
			"name": "death_knight_dagger_17",
			"from": [7.25, 4.75, 7.9],
			"to": [7.375, 5.375, 8.225],
			"faces": {
				"north": {"uv": [6.375, 9.375, 6.25, 10], "texture": "#0"},
				"east": {"uv": [6.25, 9.375, 6.375, 10], "texture": "#0"},
				"south": {"uv": [6.25, 9.375, 6.375, 10], "texture": "#0"},
				"west": {"uv": [6.25, 9.375, 6.375, 10], "texture": "#0"},
				"up": {"uv": [6.25, 9.375, 6.375, 9.5], "texture": "#0"},
				"down": {"uv": [6.25, 9.875, 6.375, 10], "texture": "#0"}
			}
		},
		{
			"name": "death_knight_dagger_18",
			"from": [7.75, 5.25, 7.85],
			"to": [8.375, 5.375, 8.275],
			"faces": {
				"north": {"uv": [7.625, 9.375, 7, 9.5], "texture": "#0"},
				"east": {"uv": [7.5, 9.375, 7.625, 9.5], "texture": "#0"},
				"south": {"uv": [7, 9.375, 7.625, 9.5], "texture": "#0"},
				"west": {"uv": [7, 9.375, 7.125, 9.5], "texture": "#0"},
				"up": {"uv": [7, 9.375, 7.625, 9.5], "texture": "#0"},
				"down": {"uv": [7, 9.375, 7.625, 9.5], "texture": "#0"}
			}
		},
		{
			"name": "death_knight_dagger_19",
			"from": [8.75, 4.75, 7.9],
			"to": [8.875, 5.375, 8.225],
			"faces": {
				"north": {"uv": [8.375, 9.375, 8.25, 10], "texture": "#0"},
				"east": {"uv": [8.25, 9.375, 8.375, 10], "texture": "#0"},
				"south": {"uv": [8.25, 9.375, 8.375, 10], "texture": "#0"},
				"west": {"uv": [8.25, 9.375, 8.375, 10], "texture": "#0"},
				"up": {"uv": [8.25, 9.375, 8.375, 9.5], "texture": "#0"},
				"down": {"uv": [8.25, 9.875, 8.375, 10], "texture": "#0"}
			}
		},
		{
			"name": "death_knight_dagger_20",
			"from": [7, 4.875, 7.9],
			"to": [7.25, 5.25, 8.225],
			"faces": {
				"north": {"uv": [6.25, 9.5, 6, 9.875], "texture": "#0"},
				"south": {"uv": [6, 9.5, 6.25, 9.875], "texture": "#0"},
				"west": {"uv": [6, 9.5, 6.125, 9.875], "texture": "#0"},
				"up": {"uv": [6, 9.5, 6.25, 9.625], "texture": "#0"},
				"down": {"uv": [6, 9.75, 6.25, 9.875], "texture": "#0"}
			}
		},
		{
			"name": "death_knight_dagger_21",
			"from": [7.375, 4.875, 7.9],
			"to": [7.75, 5.25, 8.225],
			"faces": {
				"north": {"uv": [6.75, 9.5, 6.375, 9.875], "texture": "#0"},
				"south": {"uv": [6.375, 9.5, 6.75, 9.875], "texture": "#0"},
				"up": {"uv": [6.375, 9.5, 6.75, 9.625], "texture": "#0"},
				"down": {"uv": [6.375, 9.75, 6.75, 9.875], "texture": "#0"}
			}
		},
		{
			"name": "death_knight_dagger_22",
			"from": [7.75, 4.75, 7.85],
			"to": [7.875, 5.25, 8.275],
			"faces": {
				"north": {"uv": [7.125, 9.5, 7, 10], "texture": "#0"},
				"east": {"uv": [7, 9.5, 7.125, 10], "texture": "#0"},
				"south": {"uv": [7, 9.5, 7.125, 10], "texture": "#0"},
				"west": {"uv": [7, 9.5, 7.125, 10], "texture": "#0"},
				"down": {"uv": [7, 9.875, 7.125, 10], "texture": "#0"}
			}
		},
		{
			"name": "death_knight_dagger_23",
			"from": [8, 4.75, 7.85],
			"to": [8.125, 5.25, 8.275],
			"faces": {
				"north": {"uv": [7.375, 9.5, 7.25, 10], "texture": "#0"},
				"east": {"uv": [7.25, 9.5, 7.375, 10], "texture": "#0"},
				"south": {"uv": [7.25, 9.5, 7.375, 10], "texture": "#0"},
				"west": {"uv": [7.25, 9.5, 7.375, 10], "texture": "#0"}
			}
		},
		{
			"name": "death_knight_dagger_24",
			"from": [8.25, 4.75, 7.85],
			"to": [8.375, 5.25, 8.275],
			"faces": {
				"north": {"uv": [7.625, 9.5, 7.5, 10], "texture": "#0"},
				"east": {"uv": [7.5, 9.5, 7.625, 10], "texture": "#0"},
				"south": {"uv": [7.5, 9.5, 7.625, 10], "texture": "#0"},
				"west": {"uv": [7.5, 9.5, 7.625, 10], "texture": "#0"},
				"down": {"uv": [7.5, 9.875, 7.625, 10], "texture": "#0"}
			}
		},
		{
			"name": "death_knight_dagger_25",
			"from": [8.375, 4.875, 7.9],
			"to": [8.75, 5.25, 8.225],
			"faces": {
				"north": {"uv": [8.25, 9.5, 7.875, 9.875], "texture": "#0"},
				"south": {"uv": [7.875, 9.5, 8.25, 9.875], "texture": "#0"},
				"up": {"uv": [7.875, 9.5, 8.25, 9.625], "texture": "#0"},
				"down": {"uv": [7.875, 9.75, 8.25, 9.875], "texture": "#0"}
			}
		},
		{
			"name": "death_knight_dagger_26",
			"from": [8.875, 4.875, 7.9],
			"to": [9.125, 5.25, 8.225],
			"faces": {
				"north": {"uv": [8.625, 9.5, 8.375, 9.875], "texture": "#0"},
				"east": {"uv": [8.5, 9.5, 8.625, 9.875], "texture": "#0"},
				"south": {"uv": [8.375, 9.5, 8.625, 9.875], "texture": "#0"},
				"up": {"uv": [8.375, 9.5, 8.625, 9.625], "texture": "#0"},
				"down": {"uv": [8.375, 9.75, 8.625, 9.875], "texture": "#0"}
			}
		},
		{
			"name": "death_knight_dagger_27",
			"from": [6.75, 5, 7.9],
			"to": [7, 5.125, 8.225],
			"faces": {
				"north": {"uv": [6, 9.625, 5.75, 9.75], "texture": "#0"},
				"south": {"uv": [5.75, 9.625, 6, 9.75], "texture": "#0"},
				"west": {"uv": [5.75, 9.625, 5.875, 9.75], "texture": "#0"},
				"up": {"uv": [5.75, 9.625, 6, 9.75], "texture": "#0"},
				"down": {"uv": [5.75, 9.625, 6, 9.75], "texture": "#0"}
			}
		},
		{
			"name": "death_knight_dagger_28",
			"from": [7.875, 5, 7.85],
			"to": [8, 5.125, 8.275],
			"faces": {
				"north": {"uv": [7.25, 9.625, 7.125, 9.75], "texture": "#0"},
				"south": {"uv": [7.125, 9.625, 7.25, 9.75], "texture": "#0"},
				"up": {"uv": [7.125, 9.625, 7.25, 9.75], "texture": "#0"},
				"down": {"uv": [7.125, 9.625, 7.25, 9.75], "texture": "#0"}
			}
		},
		{
			"name": "death_knight_dagger_29",
			"from": [8.125, 5, 7.85],
			"to": [8.25, 5.125, 8.275],
			"faces": {
				"north": {"uv": [7.5, 9.625, 7.375, 9.75], "texture": "#0"},
				"south": {"uv": [7.375, 9.625, 7.5, 9.75], "texture": "#0"},
				"up": {"uv": [7.375, 9.625, 7.5, 9.75], "texture": "#0"},
				"down": {"uv": [7.375, 9.625, 7.5, 9.75], "texture": "#0"}
			}
		},
		{
			"name": "death_knight_dagger_30",
			"from": [9.125, 5, 7.9],
			"to": [9.375, 5.125, 8.225],
			"faces": {
				"north": {"uv": [8.875, 9.625, 8.625, 9.75], "texture": "#0"},
				"east": {"uv": [8.75, 9.625, 8.875, 9.75], "texture": "#0"},
				"south": {"uv": [8.625, 9.625, 8.875, 9.75], "texture": "#0"},
				"up": {"uv": [8.625, 9.625, 8.875, 9.75], "texture": "#0"},
				"down": {"uv": [8.625, 9.625, 8.875, 9.75], "texture": "#0"}
			}
		},
		{
			"name": "death_knight_dagger_31",
			"from": [7.875, 4.75, 7.85],
			"to": [8, 4.875, 8.275],
			"faces": {
				"north": {"uv": [7.25, 9.875, 7.125, 10], "texture": "#0"},
				"south": {"uv": [7.125, 9.875, 7.25, 10], "texture": "#0"},
				"up": {"uv": [7.125, 9.875, 7.25, 10], "texture": "#0"}
			}
		},
		{
			"name": "death_knight_dagger_32",
			"from": [8.125, 4.75, 7.85],
			"to": [8.25, 4.875, 8.275],
			"faces": {
				"north": {"uv": [7.5, 9.875, 7.375, 10], "texture": "#0"},
				"south": {"uv": [7.375, 9.875, 7.5, 10], "texture": "#0"},
				"up": {"uv": [7.375, 9.875, 7.5, 10], "texture": "#0"}
			}
		},
		{
			"name": "death_knight_dagger_33",
			"from": [7.875, 4.375, 7.85],
			"to": [8.25, 4.75, 8.275],
			"faces": {
				"north": {"uv": [7.5, 10.25, 7.125, 10.625], "texture": "#0"},
				"east": {"uv": [7.375, 10.25, 7.5, 10.625], "texture": "#0"},
				"south": {"uv": [7.125, 10.25, 7.5, 10.625], "texture": "#0"},
				"west": {"uv": [7.125, 10.25, 7.25, 10.625], "texture": "#0"},
				"down": {"uv": [7.125, 10.5, 7.5, 10.625], "texture": "#0"}
			}
		},
		{
			"name": "death_knight_dagger_34",
			"from": [7.75, 4.25, 7.85],
			"to": [7.875, 4.625, 8.275],
			"faces": {
				"north": {"uv": [7.125, 10.375, 7, 10.75], "texture": "#0"},
				"east": {"uv": [7, 10.375, 7.125, 10.75], "texture": "#0"},
				"south": {"uv": [7, 10.375, 7.125, 10.75], "texture": "#0"},
				"west": {"uv": [7, 10.375, 7.125, 10.75], "texture": "#0"},
				"up": {"uv": [7, 10.375, 7.125, 10.5], "texture": "#0"},
				"down": {"uv": [7, 10.625, 7.125, 10.75], "texture": "#0"}
			}
		},
		{
			"name": "death_knight_dagger_35",
			"from": [8.25, 4.25, 7.85],
			"to": [8.375, 4.625, 8.275],
			"faces": {
				"north": {"uv": [7.625, 10.375, 7.5, 10.75], "texture": "#0"},
				"east": {"uv": [7.5, 10.375, 7.625, 10.75], "texture": "#0"},
				"south": {"uv": [7.5, 10.375, 7.625, 10.75], "texture": "#0"},
				"west": {"uv": [7.5, 10.375, 7.625, 10.75], "texture": "#0"},
				"up": {"uv": [7.5, 10.375, 7.625, 10.5], "texture": "#0"},
				"down": {"uv": [7.5, 10.625, 7.625, 10.75], "texture": "#0"}
			}
		},
		{
			"name": "death_knight_dagger_36",
			"from": [7.625, 4.25, 7.85],
			"to": [7.75, 4.5, 8.275],
			"faces": {
				"north": {"uv": [7, 10.5, 6.875, 10.75], "texture": "#0"},
				"south": {"uv": [6.875, 10.5, 7, 10.75], "texture": "#0"},
				"west": {"uv": [6.875, 10.5, 7, 10.75], "texture": "#0"},
				"up": {"uv": [6.875, 10.5, 7, 10.625], "texture": "#0"},
				"down": {"uv": [6.875, 10.625, 7, 10.75], "texture": "#0"}
			}
		},
		{
			"name": "death_knight_dagger_37",
			"from": [8.375, 4.25, 7.85],
			"to": [8.5, 4.5, 8.275],
			"faces": {
				"north": {"uv": [7.75, 10.5, 7.625, 10.75], "texture": "#0"},
				"east": {"uv": [7.625, 10.5, 7.75, 10.75], "texture": "#0"},
				"south": {"uv": [7.625, 10.5, 7.75, 10.75], "texture": "#0"},
				"up": {"uv": [7.625, 10.5, 7.75, 10.625], "texture": "#0"},
				"down": {"uv": [7.625, 10.625, 7.75, 10.75], "texture": "#0"}
			}
		},
		{
			"name": "death_knight_dagger_38",
			"from": [7.875, 2.25, 7.9],
			"to": [8.25, 4.375, 8.225],
			"faces": {
				"north": {"uv": [7.5, 10.875, 7.125, 13], "texture": "#0"},
				"east": {"uv": [7.375, 10.875, 7.5, 13], "texture": "#0"},
				"south": {"uv": [7.125, 10.875, 7.5, 13], "texture": "#0"},
				"west": {"uv": [7.125, 10.875, 7.25, 13], "texture": "#0"}
			}
		},
		{
			"name": "death_knight_dagger_39",
			"from": [7.75, 2, 7.8],
			"to": [8.375, 2.25, 8.325],
			"faces": {
				"north": {"uv": [8.375, 13, 7.75, 13.25], "texture": "#0"},
				"east": {"uv": [8.25, 13, 8.375, 13.25], "texture": "#0"},
				"south": {"uv": [7.75, 13, 8.375, 13.25], "texture": "#0"},
				"west": {"uv": [7.75, 13, 7.875, 13.25], "texture": "#0"},
				"up": {"uv": [7.75, 13, 8.375, 13.125], "texture": "#0"},
				"down": {"uv": [7.75, 13.125, 8.375, 13.25], "texture": "#0"}
			}
		},
		{
			"name": "death_knight_dagger_40",
			"from": [7.875, 1.875, 7.9],
			"to": [8.25, 2, 8.225],
			"faces": {
				"north": {"uv": [7.5, 13.25, 7.125, 13.375], "texture": "#0"},
				"east": {"uv": [7.375, 13.25, 7.5, 13.375], "texture": "#0"},
				"south": {"uv": [7.125, 13.25, 7.5, 13.375], "texture": "#0"},
				"west": {"uv": [7.125, 13.25, 7.25, 13.375], "texture": "#0"},
				"down": {"uv": [7.125, 13.25, 7.5, 13.375], "texture": "#0"}
			}
		},
		{
			"name": "death_knight_dagger_41",
			"from": [7.75, 1.5, 7.95],
			"to": [7.875, 1.875, 8.175],
			"faces": {
				"north": {"uv": [7.125, 13.625, 7, 14], "texture": "#0"},
				"east": {"uv": [7, 13.625, 7.125, 14], "texture": "#0"},
				"south": {"uv": [7, 13.625, 7.125, 14], "texture": "#0"},
				"west": {"uv": [7, 13.625, 7.125, 14], "texture": "#0"},
				"up": {"uv": [7, 13.625, 7.125, 13.75], "texture": "#0"},
				"down": {"uv": [7, 13.875, 7.125, 14], "texture": "#0"}
			}
		},
		{
			"name": "death_knight_dagger_42",
			"from": [8, 1, 7.95],
			"to": [8.125, 1.875, 8.175],
			"faces": {
				"north": {"uv": [7.375, 13.625, 7.25, 14.5], "texture": "#0"},
				"east": {"uv": [7.25, 13.625, 7.375, 14.5], "texture": "#0"},
				"south": {"uv": [7.25, 13.625, 7.375, 14.5], "texture": "#0"},
				"west": {"uv": [7.25, 13.625, 7.375, 14.5], "texture": "#0"},
				"down": {"uv": [7.25, 14.375, 7.375, 14.5], "texture": "#0"}
			}
		},
		{
			"name": "death_knight_dagger_43",
			"from": [8.25, 1.5, 7.95],
			"to": [8.375, 1.875, 8.175],
			"faces": {
				"north": {"uv": [7.625, 13.625, 7.5, 14], "texture": "#0"},
				"east": {"uv": [7.5, 13.625, 7.625, 14], "texture": "#0"},
				"south": {"uv": [7.5, 13.625, 7.625, 14], "texture": "#0"},
				"west": {"uv": [7.5, 13.625, 7.625, 14], "texture": "#0"},
				"up": {"uv": [7.5, 13.625, 7.625, 13.75], "texture": "#0"},
				"down": {"uv": [7.5, 13.875, 7.625, 14], "texture": "#0"}
			}
		},
		{
			"name": "death_knight_dagger_44",
			"from": [7.875, 1.25, 7.95],
			"to": [8, 1.75, 8.175],
			"faces": {
				"north": {"uv": [7.25, 13.75, 7.125, 14.25], "texture": "#0"},
				"south": {"uv": [7.125, 13.75, 7.25, 14.25], "texture": "#0"},
				"west": {"uv": [7.125, 13.75, 7.25, 14.25], "texture": "#0"},
				"up": {"uv": [7.125, 13.75, 7.25, 13.875], "texture": "#0"},
				"down": {"uv": [7.125, 14.125, 7.25, 14.25], "texture": "#0"}
			}
		},
		{
			"name": "death_knight_dagger_45",
			"from": [8.125, 1.25, 7.95],
			"to": [8.25, 1.75, 8.175],
			"faces": {
				"north": {"uv": [7.5, 13.75, 7.375, 14.25], "texture": "#0"},
				"east": {"uv": [7.375, 13.75, 7.5, 14.25], "texture": "#0"},
				"south": {"uv": [7.375, 13.75, 7.5, 14.25], "texture": "#0"},
				"up": {"uv": [7.375, 13.75, 7.5, 13.875], "texture": "#0"},
				"down": {"uv": [7.375, 14.125, 7.5, 14.25], "texture": "#0"}
			}
		}
	],
	"gui_light": "front",
	"display": {
		"thirdperson_righthand": {
			"rotation": [180, 90, 0],
			"translation": [0, -12.5, 1.25],
			"scale": [2.2, 2.2, 2.2]
		},
		"thirdperson_lefthand": {
			"rotation": [180, 90, 0],
			"translation": [0, -12.5, 1.25],
			"scale": [2.2, 2.2, 2.2]
		},
		"firstperson_righthand": {
			"rotation": [-4, -90, -8],
			"translation": [2.5, 8.5, -0.25],
			"scale": [2, 2, 2]
		},
		"firstperson_lefthand": {
			"rotation": [9, 90, -8],
			"translation": [1.75, 8.75, -0.5],
			"scale": [2, 2, 2]
		},
		"ground": {
			"translation": [0, 7.75, 0],
			"scale": [2, 2, 2]
		},
		"gui": {
			"rotation": [0, 0, -42],
			"translation": [4.5, 5, 0],
			"scale": [3, 3, 3]
		},
		"head": {
			"rotation": [0, 0, -132],
			"translation": [7.25, -29.75, 4.75],
			"scale": [3, 3, 3]
		},
		"fixed": {
			"rotation": [-180, 0, 138],
			"translation": [-8.5, 10, -0.75],
			"scale": [4, 4, 3]
		}
	},
	"groups": [
		{
			"name": "death_knight_dagger",
			"origin": [8, 8, 8],
			"color": 0,
			"nbt": "{}",
			"children": [0, 1, 2, 3, 4, 5, 6, 7, 8, 9, 10, 11, 12, 13, 14, 15, 16, 17, 18, 19, 20, 21, 22, 23, 24, 25, 26, 27, 28, 29, 30, 31, 32, 33, 34, 35, 36, 37, 38, 39, 40, 41, 42, 43, 44, 45]
		}
	]
}