{
	"credit": "Made with Blockbench",
	"textures": {
		"0": "prominent:item/transmog/demigods_unholy_halberd",
		"1": "prominent:item/transmog/red_particle_finished",
		"particle": "prominent:item/transmog/demigods_unholy_halberd"
	},
	"elements": [
		{
			"name": "demigods_unholy_halberd_0",
			"from": [7.875, 14.625, 8],
			"to": [8, 15.625, 8.125],
			"faces": {
				"north": {"uv": [9, 0.375, 8.875, 1.375], "texture": "#0"},
				"east": {"uv": [8.875, 0.375, 9, 1.375], "texture": "#0"},
				"south": {"uv": [8.875, 0.375, 9, 1.375], "texture": "#0"},
				"west": {"uv": [8.875, 0.375, 9, 1.375], "texture": "#0"},
				"up": {"uv": [8.875, 0.375, 9, 0.5], "texture": "#0"},
				"down": {"uv": [8.875, 1.25, 9, 1.375], "texture": "#0"}
			}
		},
		{
			"name": "demigods_unholy_halberd_1",
			"from": [7.75, 14, 8],
			"to": [7.875, 15.25, 8.125],
			"faces": {
				"north": {"uv": [8.875, 0.75, 8.75, 2], "texture": "#0"},
				"east": {"uv": [8.75, 0.75, 8.875, 2], "texture": "#0"},
				"south": {"uv": [8.75, 0.75, 8.875, 2], "texture": "#0"},
				"west": {"uv": [8.75, 0.75, 8.875, 2], "texture": "#0"},
				"up": {"uv": [8.75, 0.75, 8.875, 0.875], "texture": "#0"},
				"down": {"uv": [8.75, 1.875, 8.875, 2], "texture": "#0"}
			}
		},
		{
			"name": "demigods_unholy_halberd_2",
			"from": [8, 14, 8],
			"to": [8.125, 15.25, 8.125],
			"faces": {
				"north": {"uv": [9.125, 0.75, 9, 2], "texture": "#0"},
				"east": {"uv": [9, 0.75, 9.125, 2], "texture": "#0"},
				"south": {"uv": [9, 0.75, 9.125, 2], "texture": "#0"},
				"west": {"uv": [9, 0.75, 9.125, 2], "texture": "#0"},
				"up": {"uv": [9, 0.75, 9.125, 0.875], "texture": "#0"},
				"down": {"uv": [9, 1.875, 9.125, 2], "texture": "#0"}
			}
		},
		{
			"name": "demigods_unholy_halberd_3",
			"from": [7.875, 13.625, 7.9],
			"to": [8, 14.625, 8.225],
			"faces": {
				"north": {"uv": [10, 0.875, 9.875, 1.875], "texture": "#0"},
				"east": {"uv": [9.875, 0.875, 10, 1.875], "texture": "#0"},
				"south": {"uv": [9.875, 0.875, 10, 1.875], "texture": "#0"},
				"west": {"uv": [9.875, 0.875, 10, 1.875], "texture": "#0"},
				"up": {"uv": [9.875, 0.875, 10, 1], "texture": "#0"},
				"down": {"uv": [9.875, 1.75, 10, 1.875], "texture": "#0"}
			}
		},
		{
			"name": "demigods_unholy_halberd_4",
			"from": [6.25, 14.5, 8],
			"to": [6.625, 14.75, 8.125],
			"faces": {
				"north": {"uv": [5.375, 1.25, 5, 1.5], "texture": "#0"},
				"east": {"uv": [5.25, 1.25, 5.375, 1.5], "texture": "#0"},
				"south": {"uv": [5, 1.25, 5.375, 1.5], "texture": "#0"},
				"west": {"uv": [5, 1.25, 5.125, 1.5], "texture": "#0"},
				"up": {"uv": [5, 1.25, 5.375, 1.375], "texture": "#0"},
				"down": {"uv": [5, 1.375, 5.375, 1.5], "texture": "#0"}
			}
		},
		{
			"name": "demigods_unholy_halberd_5",
			"from": [6.125, 14.5, 8],
			"to": [6.25, 14.625, 8.125],
			"faces": {
				"north": {"uv": [5, 1.375, 4.875, 1.5], "texture": "#0"},
				"east": {"uv": [4.875, 1.375, 5, 1.5], "texture": "#0"},
				"south": {"uv": [4.875, 1.375, 5, 1.5], "texture": "#0"},
				"west": {"uv": [4.875, 1.375, 5, 1.5], "texture": "#0"},
				"up": {"uv": [4.875, 1.375, 5, 1.5], "texture": "#0"},
				"down": {"uv": [4.875, 1.375, 5, 1.5], "texture": "#0"}
			}
		},
		{
			"name": "demigods_unholy_halberd_6",
			"from": [6.625, 14, 8],
			"to": [6.75, 14.625, 8.125],
			"faces": {
				"north": {"uv": [5.5, 1.375, 5.375, 2], "texture": "#0"},
				"east": {"uv": [5.375, 1.375, 5.5, 2], "texture": "#0"},
				"south": {"uv": [5.375, 1.375, 5.5, 2], "texture": "#0"},
				"west": {"uv": [5.375, 1.375, 5.5, 2], "texture": "#0"},
				"up": {"uv": [5.375, 1.375, 5.5, 1.5], "texture": "#0"},
				"down": {"uv": [5.375, 1.875, 5.5, 2], "texture": "#0"}
			}
		},
		{
			"name": "demigods_unholy_halberd_7",
			"from": [7.625, 13.75, 8],
			"to": [7.75, 14.625, 8.125],
			"faces": {
				"north": {"uv": [8.75, 1.375, 8.625, 2.25], "texture": "#0"},
				"east": {"uv": [8.625, 1.375, 8.75, 2.25], "texture": "#0"},
				"south": {"uv": [8.625, 1.375, 8.75, 2.25], "texture": "#0"},
				"west": {"uv": [8.625, 1.375, 8.75, 2.25], "texture": "#0"},
				"up": {"uv": [8.625, 1.375, 8.75, 1.5], "texture": "#0"},
				"down": {"uv": [8.625, 2.125, 8.75, 2.25], "texture": "#0"}
			}
		},
		{
			"name": "demigods_unholy_halberd_8",
			"from": [8.125, 13.75, 8],
			"to": [8.25, 14.625, 8.125],
			"faces": {
				"north": {"uv": [9.25, 1.375, 9.125, 2.25], "texture": "#0"},
				"east": {"uv": [9.125, 1.375, 9.25, 2.25], "texture": "#0"},
				"south": {"uv": [9.125, 1.375, 9.25, 2.25], "texture": "#0"},
				"west": {"uv": [9.125, 1.375, 9.25, 2.25], "texture": "#0"},
				"up": {"uv": [9.125, 1.375, 9.25, 1.5], "texture": "#0"},
				"down": {"uv": [9.125, 2.125, 9.25, 2.25], "texture": "#0"}
			}
		},
		{
			"name": "demigods_unholy_halberd_9",
			"from": [6.375, 14.375, 8],
			"to": [6.625, 14.5, 8.125],
			"faces": {
				"north": {"uv": [5.375, 1.5, 5.125, 1.625], "texture": "#0"},
				"east": {"uv": [5.25, 1.5, 5.375, 1.625], "texture": "#0"},
				"south": {"uv": [5.125, 1.5, 5.375, 1.625], "texture": "#0"},
				"west": {"uv": [5.125, 1.5, 5.25, 1.625], "texture": "#0"},
				"up": {"uv": [5.125, 1.5, 5.375, 1.625], "texture": "#0"},
				"down": {"uv": [5.125, 1.5, 5.375, 1.625], "texture": "#0"}
			}
		},
		{
			"name": "demigods_unholy_halberd_10",
			"from": [6.75, 12.375, 8],
			"to": [6.875, 14.5, 8.125],
			"faces": {
				"north": {"uv": [5.625, 1.5, 5.5, 3.625], "texture": "#0"},
				"east": {"uv": [5.5, 1.5, 5.625, 3.625], "texture": "#0"},
				"south": {"uv": [5.5, 1.5, 5.625, 3.625], "texture": "#0"},
				"west": {"uv": [5.5, 1.5, 5.625, 3.625], "texture": "#0"},
				"up": {"uv": [5.5, 1.5, 5.625, 1.625], "texture": "#0"},
				"down": {"uv": [5.5, 3.5, 5.625, 3.625], "texture": "#0"}
			}
		},
		{
			"name": "demigods_unholy_halberd_11",
			"from": [7.75, 13.625, 7.9],
			"to": [7.875, 14, 8.225],
			"faces": {
				"north": {"uv": [9.875, 1.5, 9.75, 1.875], "texture": "#0"},
				"east": {"uv": [9.75, 1.5, 9.875, 1.875], "texture": "#0"},
				"south": {"uv": [9.75, 1.5, 9.875, 1.875], "texture": "#0"},
				"west": {"uv": [9.75, 1.5, 9.875, 1.875], "texture": "#0"},
				"up": {"uv": [9.75, 1.5, 9.875, 1.625], "texture": "#0"},
				"down": {"uv": [9.75, 1.75, 9.875, 1.875], "texture": "#0"}
			}
		},
		{
			"name": "demigods_unholy_halberd_12",
			"from": [8, 13.625, 7.9],
			"to": [8.125, 14, 8.225],
			"faces": {
				"north": {"uv": [10.125, 1.5, 10, 1.875], "texture": "#0"},
				"east": {"uv": [10, 1.5, 10.125, 1.875], "texture": "#0"},
				"south": {"uv": [10, 1.5, 10.125, 1.875], "texture": "#0"},
				"west": {"uv": [10, 1.5, 10.125, 1.875], "texture": "#0"},
				"up": {"uv": [10, 1.5, 10.125, 1.625], "texture": "#0"},
				"down": {"uv": [10, 1.75, 10.125, 1.875], "texture": "#0"}
			}
		},
		{
			"name": "demigods_unholy_halberd_13",
			"from": [6.5, 14.25, 8],
			"to": [6.625, 14.375, 8.125],
			"faces": {
				"north": {"uv": [5.375, 1.625, 5.25, 1.75], "texture": "#0"},
				"east": {"uv": [5.25, 1.625, 5.375, 1.75], "texture": "#0"},
				"south": {"uv": [5.25, 1.625, 5.375, 1.75], "texture": "#0"},
				"west": {"uv": [5.25, 1.625, 5.375, 1.75], "texture": "#0"},
				"up": {"uv": [5.25, 1.625, 5.375, 1.75], "texture": "#0"},
				"down": {"uv": [5.25, 1.625, 5.375, 1.75], "texture": "#0"}
			}
		},
		{
			"name": "demigods_unholy_halberd_14",
			"from": [6.875, 14.125, 8],
			"to": [7, 14.375, 8.125],
			"faces": {
				"north": {"uv": [5.75, 1.625, 5.625, 1.875], "texture": "#0"},
				"east": {"uv": [5.625, 1.625, 5.75, 1.875], "texture": "#0"},
				"south": {"uv": [5.625, 1.625, 5.75, 1.875], "texture": "#0"},
				"west": {"uv": [5.625, 1.625, 5.75, 1.875], "texture": "#0"},
				"up": {"uv": [5.625, 1.625, 5.75, 1.75], "texture": "#0"},
				"down": {"uv": [5.625, 1.75, 5.75, 1.875], "texture": "#0"}
			}
		},
		{
			"name": "demigods_unholy_halberd_15",
			"from": [7.625, 13.625, 7.9],
			"to": [7.75, 13.75, 8.225],
			"faces": {
				"north": {"uv": [9.75, 1.75, 9.625, 1.875], "texture": "#0"},
				"east": {"uv": [9.625, 1.75, 9.75, 1.875], "texture": "#0"},
				"south": {"uv": [9.625, 1.75, 9.75, 1.875], "texture": "#0"},
				"west": {"uv": [9.625, 1.75, 9.75, 1.875], "texture": "#0"},
				"up": {"uv": [9.625, 1.75, 9.75, 1.875], "texture": "#0"},
				"down": {"uv": [9.625, 1.75, 9.75, 1.875], "texture": "#0"}
			}
		},
		{
			"name": "demigods_unholy_halberd_16",
			"from": [8.125, 13.625, 7.9],
			"to": [8.25, 13.75, 8.225],
			"faces": {
				"north": {"uv": [10.25, 1.75, 10.125, 1.875], "texture": "#0"},
				"east": {"uv": [10.125, 1.75, 10.25, 1.875], "texture": "#0"},
				"south": {"uv": [10.125, 1.75, 10.25, 1.875], "texture": "#0"},
				"west": {"uv": [10.125, 1.75, 10.25, 1.875], "texture": "#0"},
				"up": {"uv": [10.125, 1.75, 10.25, 1.875], "texture": "#0"},
				"down": {"uv": [10.125, 1.75, 10.25, 1.875], "texture": "#0"}
			}
		},
		{
			"name": "demigods_unholy_halberd_17",
			"from": [7, 13.875, 8],
			"to": [7.125, 14.125, 8.125],
			"faces": {
				"north": {"uv": [5.875, 1.875, 5.75, 2.125], "texture": "#0"},
				"east": {"uv": [5.75, 1.875, 5.875, 2.125], "texture": "#0"},
				"south": {"uv": [5.75, 1.875, 5.875, 2.125], "texture": "#0"},
				"west": {"uv": [5.75, 1.875, 5.875, 2.125], "texture": "#0"},
				"up": {"uv": [5.75, 1.875, 5.875, 2], "texture": "#0"},
				"down": {"uv": [5.75, 2, 5.875, 2.125], "texture": "#0"}
			}
		},
		{
			"name": "demigods_unholy_halberd_18",
			"from": [6.875, 13.875, 7.9],
			"to": [7, 14.125, 8.225],
			"faces": {
				"north": {"uv": [7, 1.875, 6.875, 2.125], "texture": "#0"},
				"east": {"uv": [6.875, 1.875, 7, 2.125], "texture": "#0"},
				"south": {"uv": [6.875, 1.875, 7, 2.125], "texture": "#0"},
				"west": {"uv": [6.875, 1.875, 7, 2.125], "texture": "#0"},
				"up": {"uv": [6.875, 1.875, 7, 2], "texture": "#0"},
				"down": {"uv": [6.875, 2, 7, 2.125], "texture": "#0"}
			}
		},
		{
			"name": "demigods_unholy_halberd_19",
			"from": [7.5, 13.625, 8],
			"to": [7.625, 14, 8.125],
			"faces": {
				"north": {"uv": [8.625, 2, 8.5, 2.375], "texture": "#0"},
				"east": {"uv": [8.5, 2, 8.625, 2.375], "texture": "#0"},
				"south": {"uv": [8.5, 2, 8.625, 2.375], "texture": "#0"},
				"west": {"uv": [8.5, 2, 8.625, 2.375], "texture": "#0"},
				"up": {"uv": [8.5, 2, 8.625, 2.125], "texture": "#0"},
				"down": {"uv": [8.5, 2.25, 8.625, 2.375], "texture": "#0"}
			}
		},
		{
			"name": "demigods_unholy_halberd_20",
			"from": [8.25, 13.625, 8],
			"to": [8.375, 14, 8.125],
			"faces": {
				"north": {"uv": [9.375, 2, 9.25, 2.375], "texture": "#0"},
				"east": {"uv": [9.25, 2, 9.375, 2.375], "texture": "#0"},
				"south": {"uv": [9.25, 2, 9.375, 2.375], "texture": "#0"},
				"west": {"uv": [9.25, 2, 9.375, 2.375], "texture": "#0"},
				"up": {"uv": [9.25, 2, 9.375, 2.125], "texture": "#0"},
				"down": {"uv": [9.25, 2.25, 9.375, 2.375], "texture": "#0"}
			}
		},
		{
			"name": "demigods_unholy_halberd_21",
			"from": [6.875, 12.5, 8],
			"to": [7, 13.875, 8.125],
			"faces": {
				"north": {"uv": [5.75, 2.125, 5.625, 3.5], "texture": "#0"},
				"east": {"uv": [5.625, 2.125, 5.75, 3.5], "texture": "#0"},
				"south": {"uv": [5.625, 2.125, 5.75, 3.5], "texture": "#0"},
				"west": {"uv": [5.625, 2.125, 5.75, 3.5], "texture": "#0"},
				"up": {"uv": [5.625, 2.125, 5.75, 2.25], "texture": "#0"},
				"down": {"uv": [5.625, 3.375, 5.75, 3.5], "texture": "#0"}
			}
		},
		{
			"name": "demigods_unholy_halberd_22",
			"from": [7.125, 13, 8],
			"to": [7.25, 13.875, 8.125],
			"faces": {
				"north": {"uv": [6, 2.125, 5.875, 3], "texture": "#0"},
				"east": {"uv": [5.875, 2.125, 6, 3], "texture": "#0"},
				"south": {"uv": [5.875, 2.125, 6, 3], "texture": "#0"},
				"west": {"uv": [5.875, 2.125, 6, 3], "texture": "#0"},
				"up": {"uv": [5.875, 2.125, 6, 2.25], "texture": "#0"},
				"down": {"uv": [5.875, 2.875, 6, 3], "texture": "#0"}
			}
		},
		{
			"name": "demigods_unholy_halberd_23",
			"from": [7, 13, 7.9],
			"to": [7.125, 13.875, 8.225],
			"faces": {
				"north": {"uv": [7.125, 2.125, 7, 3], "texture": "#0"},
				"east": {"uv": [7, 2.125, 7.125, 3], "texture": "#0"},
				"south": {"uv": [7, 2.125, 7.125, 3], "texture": "#0"},
				"west": {"uv": [7, 2.125, 7.125, 3], "texture": "#0"},
				"up": {"uv": [7, 2.125, 7.125, 2.25], "texture": "#0"},
				"down": {"uv": [7, 2.875, 7.125, 3], "texture": "#0"}
			}
		},
		{
			"name": "demigods_unholy_halberd_24",
			"from": [7.375, 13.625, 8],
			"to": [7.5, 13.875, 8.125],
			"faces": {
				"north": {"uv": [8.5, 2.125, 8.375, 2.375], "texture": "#0"},
				"east": {"uv": [8.375, 2.125, 8.5, 2.375], "texture": "#0"},
				"south": {"uv": [8.375, 2.125, 8.5, 2.375], "texture": "#0"},
				"west": {"uv": [8.375, 2.125, 8.5, 2.375], "texture": "#0"},
				"up": {"uv": [8.375, 2.125, 8.5, 2.25], "texture": "#0"},
				"down": {"uv": [8.375, 2.25, 8.5, 2.375], "texture": "#0"}
			}
		},
		{
			"name": "demigods_unholy_halberd_25",
			"from": [8.375, 13.625, 8],
			"to": [8.5, 13.875, 8.125],
			"faces": {
				"north": {"uv": [9.5, 2.125, 9.375, 2.375], "texture": "#0"},
				"east": {"uv": [9.375, 2.125, 9.5, 2.375], "texture": "#0"},
				"south": {"uv": [9.375, 2.125, 9.5, 2.375], "texture": "#0"},
				"west": {"uv": [9.375, 2.125, 9.5, 2.375], "texture": "#0"},
				"up": {"uv": [9.375, 2.125, 9.5, 2.25], "texture": "#0"},
				"down": {"uv": [9.375, 2.25, 9.5, 2.375], "texture": "#0"}
			}
		},
		{
			"name": "demigods_unholy_halberd_26",
			"from": [7.875, 12.625, 7.9],
			"to": [8, 13.625, 8.225],
			"faces": {
				"north": {"uv": [10, 2.125, 9.875, 3.125], "texture": "#0"},
				"east": {"uv": [9.875, 2.125, 10, 3.125], "texture": "#0"},
				"south": {"uv": [9.875, 2.125, 10, 3.125], "texture": "#0"},
				"west": {"uv": [9.875, 2.125, 10, 3.125], "texture": "#0"},
				"up": {"uv": [9.875, 2.125, 10, 2.25], "texture": "#0"},
				"down": {"uv": [9.875, 3, 10, 3.125], "texture": "#0"}
			}
		},
		{
			"name": "demigods_unholy_halberd_27",
			"from": [7.75, 13.125, 7.9],
			"to": [7.875, 13.625, 8.225],
			"faces": {
				"north": {"uv": [7.875, 2.375, 7.75, 2.875], "texture": "#0"},
				"east": {"uv": [7.75, 2.375, 7.875, 2.875], "texture": "#0"},
				"south": {"uv": [7.75, 2.375, 7.875, 2.875], "texture": "#0"},
				"west": {"uv": [7.75, 2.375, 7.875, 2.875], "texture": "#0"},
				"up": {"uv": [7.75, 2.375, 7.875, 2.5], "texture": "#0"},
				"down": {"uv": [7.75, 2.75, 7.875, 2.875], "texture": "#0"}
			}
		},
		{
			"name": "demigods_unholy_halberd_28",
			"from": [8, 13.125, 7.9],
			"to": [8.125, 13.625, 8.225],
			"faces": {
				"north": {"uv": [8.125, 2.375, 8, 2.875], "texture": "#0"},
				"east": {"uv": [8, 2.375, 8.125, 2.875], "texture": "#0"},
				"south": {"uv": [8, 2.375, 8.125, 2.875], "texture": "#0"},
				"west": {"uv": [8, 2.375, 8.125, 2.875], "texture": "#0"},
				"up": {"uv": [8, 2.375, 8.125, 2.5], "texture": "#0"},
				"down": {"uv": [8, 2.75, 8.125, 2.875], "texture": "#0"}
			}
		},
		{
			"name": "demigods_unholy_halberd_29",
			"from": [7.625, 13.5, 8],
			"to": [7.75, 13.625, 8.125],
			"faces": {
				"north": {"uv": [8.75, 2.375, 8.625, 2.5], "texture": "#0"},
				"east": {"uv": [8.625, 2.375, 8.75, 2.5], "texture": "#0"},
				"south": {"uv": [8.625, 2.375, 8.75, 2.5], "texture": "#0"},
				"west": {"uv": [8.625, 2.375, 8.75, 2.5], "texture": "#0"},
				"up": {"uv": [8.625, 2.375, 8.75, 2.5], "texture": "#0"},
				"down": {"uv": [8.625, 2.375, 8.75, 2.5], "texture": "#0"}
			}
		},
		{
			"name": "demigods_unholy_halberd_30",
			"from": [8.125, 13.5, 8],
			"to": [8.25, 13.625, 8.125],
			"faces": {
				"north": {"uv": [9.25, 2.375, 9.125, 2.5], "texture": "#0"},
				"east": {"uv": [9.125, 2.375, 9.25, 2.5], "texture": "#0"},
				"south": {"uv": [9.125, 2.375, 9.25, 2.5], "texture": "#0"},
				"west": {"uv": [9.125, 2.375, 9.25, 2.5], "texture": "#0"},
				"up": {"uv": [9.125, 2.375, 9.25, 2.5], "texture": "#0"},
				"down": {"uv": [9.125, 2.375, 9.25, 2.5], "texture": "#0"}
			}
		},
		{
			"name": "demigods_unholy_halberd_31",
			"from": [6.625, 12.375, 8],
			"to": [6.75, 13.5, 8.125],
			"faces": {
				"north": {"uv": [5.5, 2.5, 5.375, 3.625], "texture": "#0"},
				"east": {"uv": [5.375, 2.5, 5.5, 3.625], "texture": "#0"},
				"south": {"uv": [5.375, 2.5, 5.5, 3.625], "texture": "#0"},
				"west": {"uv": [5.375, 2.5, 5.5, 3.625], "texture": "#0"},
				"up": {"uv": [5.375, 2.5, 5.5, 2.625], "texture": "#0"},
				"down": {"uv": [5.375, 3.5, 5.5, 3.625], "texture": "#0"}
			}
		},
		{
			"name": "demigods_unholy_halberd_32",
			"from": [7.625, 13, 7.9],
			"to": [7.875, 13.125, 8.225],
			"faces": {
				"north": {"uv": [9.875, 2.625, 9.625, 2.75], "texture": "#0"},
				"east": {"uv": [9.75, 2.625, 9.875, 2.75], "texture": "#0"},
				"south": {"uv": [9.625, 2.625, 9.875, 2.75], "texture": "#0"},
				"west": {"uv": [9.625, 2.625, 9.75, 2.75], "texture": "#0"},
				"up": {"uv": [9.625, 2.625, 9.875, 2.75], "texture": "#0"},
				"down": {"uv": [9.625, 2.625, 9.875, 2.75], "texture": "#0"}
			}
		},
		{
			"name": "demigods_unholy_halberd_33",
			"from": [8, 13, 7.9],
			"to": [8.25, 13.125, 8.225],
			"faces": {
				"north": {"uv": [10.25, 2.625, 10, 2.75], "texture": "#0"},
				"east": {"uv": [10.125, 2.625, 10.25, 2.75], "texture": "#0"},
				"south": {"uv": [10, 2.625, 10.25, 2.75], "texture": "#0"},
				"west": {"uv": [10, 2.625, 10.125, 2.75], "texture": "#0"},
				"up": {"uv": [10, 2.625, 10.25, 2.75], "texture": "#0"},
				"down": {"uv": [10, 2.625, 10.25, 2.75], "texture": "#0"}
			}
		},
		{
			"name": "demigods_unholy_halberd_34",
			"from": [6.5, 10.75, 8],
			"to": [6.625, 13.125, 8.125],
			"faces": {
				"north": {"uv": [5.375, 2.875, 5.25, 5.25], "texture": "#0"},
				"east": {"uv": [5.25, 2.875, 5.375, 5.25], "texture": "#0"},
				"south": {"uv": [5.25, 2.875, 5.375, 5.25], "texture": "#0"},
				"west": {"uv": [5.25, 2.875, 5.375, 5.25], "texture": "#0"},
				"up": {"uv": [5.25, 2.875, 5.375, 3], "texture": "#0"},
				"down": {"uv": [5.25, 5.125, 5.375, 5.25], "texture": "#0"}
			}
		},
		{
			"name": "demigods_unholy_halberd_35",
			"from": [7.625, 12.75, 7.9],
			"to": [7.875, 12.875, 8.225],
			"faces": {
				"north": {"uv": [9.875, 2.875, 9.625, 3], "texture": "#0"},
				"east": {"uv": [9.75, 2.875, 9.875, 3], "texture": "#0"},
				"south": {"uv": [9.625, 2.875, 9.875, 3], "texture": "#0"},
				"west": {"uv": [9.625, 2.875, 9.75, 3], "texture": "#0"},
				"up": {"uv": [9.625, 2.875, 9.875, 3], "texture": "#0"},
				"down": {"uv": [9.625, 2.875, 9.875, 3], "texture": "#0"}
			}
		},
		{
			"name": "demigods_unholy_halberd_36",
			"from": [8, 12.75, 7.9],
			"to": [8.25, 12.875, 8.225],
			"faces": {
				"north": {"uv": [10.25, 2.875, 10, 3], "texture": "#0"},
				"east": {"uv": [10.125, 2.875, 10.25, 3], "texture": "#0"},
				"south": {"uv": [10, 2.875, 10.25, 3], "texture": "#0"},
				"west": {"uv": [10, 2.875, 10.125, 3], "texture": "#0"},
				"up": {"uv": [10, 2.875, 10.25, 3], "texture": "#0"},
				"down": {"uv": [10, 2.875, 10.25, 3], "texture": "#0"}
			}
		},
		{
			"name": "demigods_unholy_halberd_37",
			"from": [7, 12.375, 8.1],
			"to": [7.125, 13, 8.125],
			"faces": {
				"north": {"uv": [5.875, 3, 5.75, 3.625], "texture": "#0"},
				"east": {"uv": [5.75, 3, 5.875, 3.625], "texture": "#0"},
				"south": {"uv": [5.75, 3, 5.875, 3.625], "texture": "#0"},
				"west": {"uv": [5.75, 3, 5.875, 3.625], "texture": "#0"},
				"up": {"uv": [5.75, 3, 5.875, 3.125], "texture": "#0"},
				"down": {"uv": [5.75, 3.5, 5.875, 3.625], "texture": "#0"}
			}
		},
		{
			"name": "demigods_unholy_halberd_38",
			"from": [7.25, 12.875, 8],
			"to": [7.375, 13, 8.125],
			"faces": {
				"north": {"uv": [6.125, 3, 6, 3.125], "texture": "#0"},
				"east": {"uv": [6, 3, 6.125, 3.125], "texture": "#0"},
				"south": {"uv": [6, 3, 6.125, 3.125], "texture": "#0"},
				"west": {"uv": [6, 3, 6.125, 3.125], "texture": "#0"},
				"up": {"uv": [6, 3, 6.125, 3.125], "texture": "#0"},
				"down": {"uv": [6, 3, 6.125, 3.125], "texture": "#0"}
			}
		},
		{
			"name": "demigods_unholy_halberd_39",
			"from": [7.125, 12.875, 7.9],
			"to": [7.25, 13, 8.225],
			"faces": {
				"north": {"uv": [7.25, 3, 7.125, 3.125], "texture": "#0"},
				"east": {"uv": [7.125, 3, 7.25, 3.125], "texture": "#0"},
				"south": {"uv": [7.125, 3, 7.25, 3.125], "texture": "#0"},
				"west": {"uv": [7.125, 3, 7.25, 3.125], "texture": "#0"},
				"up": {"uv": [7.125, 3, 7.25, 3.125], "texture": "#0"},
				"down": {"uv": [7.125, 3, 7.25, 3.125], "texture": "#0"}
			}
		},
		{
			"name": "demigods_unholy_halberd_40",
			"from": [7.75, 12.875, 7.9],
			"to": [7.875, 13, 8.225],
			"faces": {
				"north": {"uv": [7.875, 3, 7.75, 3.125], "texture": "#0"},
				"east": {"uv": [7.75, 3, 7.875, 3.125], "texture": "#0"},
				"south": {"uv": [7.75, 3, 7.875, 3.125], "texture": "#0"},
				"west": {"uv": [7.75, 3, 7.875, 3.125], "texture": "#0"},
				"up": {"uv": [7.75, 3, 7.875, 3.125], "texture": "#0"},
				"down": {"uv": [7.75, 3, 7.875, 3.125], "texture": "#0"}
			}
		},
		{
			"name": "demigods_unholy_halberd_41",
			"from": [8, 12.875, 7.9],
			"to": [8.125, 13, 8.225],
			"faces": {
				"north": {"uv": [8.125, 3, 8, 3.125], "texture": "#0"},
				"east": {"uv": [8, 3, 8.125, 3.125], "texture": "#0"},
				"south": {"uv": [8, 3, 8.125, 3.125], "texture": "#0"},
				"west": {"uv": [8, 3, 8.125, 3.125], "texture": "#0"},
				"up": {"uv": [8, 3, 8.125, 3.125], "texture": "#0"},
				"down": {"uv": [8, 3, 8.125, 3.125], "texture": "#0"}
			}
		},
		{
			"name": "demigods_unholy_halberd_42",
			"from": [9, 12.875, 8],
			"to": [9.25, 13, 8.125],
			"faces": {
				"north": {"uv": [10.75, 3, 10.5, 3.125], "texture": "#0"},
				"east": {"uv": [10.625, 3, 10.75, 3.125], "texture": "#0"},
				"south": {"uv": [10.5, 3, 10.75, 3.125], "texture": "#0"},
				"west": {"uv": [10.5, 3, 10.625, 3.125], "texture": "#0"},
				"up": {"uv": [10.5, 3, 10.75, 3.125], "texture": "#0"},
				"down": {"uv": [10.5, 3, 10.75, 3.125], "texture": "#0"}
			}
		},
		{
			"name": "demigods_unholy_halberd_43",
			"from": [7.125, 12.375, 8.1],
			"to": [7.25, 12.875, 8.125],
			"faces": {
				"north": {"uv": [6, 3.125, 5.875, 3.625], "texture": "#0"},
				"east": {"uv": [5.875, 3.125, 6, 3.625], "texture": "#0"},
				"south": {"uv": [5.875, 3.125, 6, 3.625], "texture": "#0"},
				"west": {"uv": [5.875, 3.125, 6, 3.625], "texture": "#0"},
				"up": {"uv": [5.875, 3.125, 6, 3.25], "texture": "#0"},
				"down": {"uv": [5.875, 3.5, 6, 3.625], "texture": "#0"}
			}
		},
		{
			"name": "demigods_unholy_halberd_44",
			"from": [7.375, 12.75, 8.1],
			"to": [7.5, 12.875, 8.125],
			"faces": {
				"north": {"uv": [6.25, 3.125, 6.125, 3.25], "texture": "#0"},
				"east": {"uv": [6.125, 3.125, 6.25, 3.25], "texture": "#0"},
				"south": {"uv": [6.125, 3.125, 6.25, 3.25], "texture": "#0"},
				"west": {"uv": [6.125, 3.125, 6.25, 3.25], "texture": "#0"},
				"up": {"uv": [6.125, 3.125, 6.25, 3.25], "texture": "#0"},
				"down": {"uv": [6.125, 3.125, 6.25, 3.25], "texture": "#0"}
			}
		},
		{
			"name": "demigods_unholy_halberd_45",
			"from": [7.25, 12.625, 7.9],
			"to": [7.375, 12.875, 8.225],
			"faces": {
				"north": {"uv": [7.375, 3.125, 7.25, 3.375], "texture": "#0"},
				"east": {"uv": [7.25, 3.125, 7.375, 3.375], "texture": "#0"},
				"south": {"uv": [7.25, 3.125, 7.375, 3.375], "texture": "#0"},
				"west": {"uv": [7.25, 3.125, 7.375, 3.375], "texture": "#0"},
				"up": {"uv": [7.25, 3.125, 7.375, 3.25], "texture": "#0"},
				"down": {"uv": [7.25, 3.25, 7.375, 3.375], "texture": "#0"}
			}
		},
		{
			"name": "demigods_unholy_halberd_46",
			"from": [8.875, 12.5, 8],
			"to": [9.125, 12.875, 8.125],
			"faces": {
				"north": {"uv": [10.625, 3.125, 10.375, 3.5], "texture": "#0"},
				"east": {"uv": [10.5, 3.125, 10.625, 3.5], "texture": "#0"},
				"south": {"uv": [10.375, 3.125, 10.625, 3.5], "texture": "#0"},
				"west": {"uv": [10.375, 3.125, 10.5, 3.5], "texture": "#0"},
				"up": {"uv": [10.375, 3.125, 10.625, 3.25], "texture": "#0"},
				"down": {"uv": [10.375, 3.375, 10.625, 3.5], "texture": "#0"}
			}
		},
		{
			"name": "demigods_unholy_halberd_47",
			"from": [6.375, 11.25, 8],
			"to": [6.5, 12.75, 8.125],
			"faces": {
				"north": {"uv": [5.25, 3.25, 5.125, 4.75], "texture": "#0"},
				"east": {"uv": [5.125, 3.25, 5.25, 4.75], "texture": "#0"},
				"south": {"uv": [5.125, 3.25, 5.25, 4.75], "texture": "#0"},
				"west": {"uv": [5.125, 3.25, 5.25, 4.75], "texture": "#0"},
				"up": {"uv": [5.125, 3.25, 5.25, 3.375], "texture": "#0"},
				"down": {"uv": [5.125, 4.625, 5.25, 4.75], "texture": "#0"}
			}
		},
		{
			"name": "demigods_unholy_halberd_48",
			"from": [7.5, 12.625, 8],
			"to": [7.625, 12.75, 8.125],
			"faces": {
				"north": {"uv": [6.375, 3.25, 6.25, 3.375], "texture": "#0"},
				"east": {"uv": [6.25, 3.25, 6.375, 3.375], "texture": "#0"},
				"south": {"uv": [6.25, 3.25, 6.375, 3.375], "texture": "#0"},
				"west": {"uv": [6.25, 3.25, 6.375, 3.375], "texture": "#0"},
				"up": {"uv": [6.25, 3.25, 6.375, 3.375], "texture": "#0"},
				"down": {"uv": [6.25, 3.25, 6.375, 3.375], "texture": "#0"}
			}
		},
		{
			"name": "demigods_unholy_halberd_49",
			"from": [7.375, 12.625, 7.9],
			"to": [7.5, 12.75, 8.225],
			"faces": {
				"north": {"uv": [7.5, 3.25, 7.375, 3.375], "texture": "#0"},
				"east": {"uv": [7.375, 3.25, 7.5, 3.375], "texture": "#0"},
				"south": {"uv": [7.375, 3.25, 7.5, 3.375], "texture": "#0"},
				"west": {"uv": [7.375, 3.25, 7.5, 3.375], "texture": "#0"},
				"up": {"uv": [7.375, 3.25, 7.5, 3.375], "texture": "#0"},
				"down": {"uv": [7.375, 3.25, 7.5, 3.375], "texture": "#0"}
			}
		},
		{
			"name": "demigods_unholy_halberd_50",
			"from": [7.75, 12.625, 7.9],
			"to": [7.875, 12.75, 8.225],
			"faces": {
				"north": {"uv": [7.875, 3.25, 7.75, 3.375], "texture": "#0"},
				"east": {"uv": [7.75, 3.25, 7.875, 3.375], "texture": "#0"},
				"south": {"uv": [7.75, 3.25, 7.875, 3.375], "texture": "#0"},
				"west": {"uv": [7.75, 3.25, 7.875, 3.375], "texture": "#0"},
				"up": {"uv": [7.75, 3.25, 7.875, 3.375], "texture": "#0"},
				"down": {"uv": [7.75, 3.25, 7.875, 3.375], "texture": "#0"}
			}
		},
		{
			"name": "demigods_unholy_halberd_51",
			"from": [8, 12.625, 7.9],
			"to": [8.125, 12.75, 8.225],
			"faces": {
				"north": {"uv": [8.125, 3.25, 8, 3.375], "texture": "#0"},
				"east": {"uv": [8, 3.25, 8.125, 3.375], "texture": "#0"},
				"south": {"uv": [8, 3.25, 8.125, 3.375], "texture": "#0"},
				"west": {"uv": [8, 3.25, 8.125, 3.375], "texture": "#0"},
				"up": {"uv": [8, 3.25, 8.125, 3.375], "texture": "#0"},
				"down": {"uv": [8, 3.25, 8.125, 3.375], "texture": "#0"}
			}
		},
		{
			"name": "demigods_unholy_halberd_52",
			"from": [7.25, 12.375, 8.1],
			"to": [7.5, 12.625, 8.125],
			"faces": {
				"north": {"uv": [6.25, 3.375, 6, 3.625], "texture": "#0"},
				"east": {"uv": [6.125, 3.375, 6.25, 3.625], "texture": "#0"},
				"south": {"uv": [6, 3.375, 6.25, 3.625], "texture": "#0"},
				"west": {"uv": [6, 3.375, 6.125, 3.625], "texture": "#0"},
				"up": {"uv": [6, 3.375, 6.25, 3.5], "texture": "#0"},
				"down": {"uv": [6, 3.5, 6.25, 3.625], "texture": "#0"}
			}
		},
		{
			"name": "demigods_unholy_halberd_53",
			"from": [7.5, 12.5, 7.9],
			"to": [7.625, 12.625, 8.225],
			"faces": {
				"north": {"uv": [7.625, 3.375, 7.5, 3.5], "texture": "#0"},
				"east": {"uv": [7.5, 3.375, 7.625, 3.5], "texture": "#0"},
				"south": {"uv": [7.5, 3.375, 7.625, 3.5], "texture": "#0"},
				"west": {"uv": [7.5, 3.375, 7.625, 3.5], "texture": "#0"},
				"up": {"uv": [7.5, 3.375, 7.625, 3.5], "texture": "#0"},
				"down": {"uv": [7.5, 3.375, 7.625, 3.5], "texture": "#0"}
			}
		},
		{
			"name": "demigods_unholy_halberd_54",
			"from": [8.25, 12.375, 8],
			"to": [8.5, 12.625, 8.125],
			"faces": {
				"north": {"uv": [10, 3.375, 9.75, 3.625], "texture": "#0"},
				"east": {"uv": [9.875, 3.375, 10, 3.625], "texture": "#0"},
				"south": {"uv": [9.75, 3.375, 10, 3.625], "texture": "#0"},
				"west": {"uv": [9.75, 3.375, 9.875, 3.625], "texture": "#0"},
				"up": {"uv": [9.75, 3.375, 10, 3.5], "texture": "#0"},
				"down": {"uv": [9.75, 3.5, 10, 3.625], "texture": "#0"}
			}
		},
		{
			"name": "demigods_unholy_halberd_55",
			"from": [9.125, 12.375, 8],
			"to": [9.25, 12.625, 8.125],
			"faces": {
				"north": {"uv": [10.75, 3.375, 10.625, 3.625], "texture": "#0"},
				"east": {"uv": [10.625, 3.375, 10.75, 3.625], "texture": "#0"},
				"south": {"uv": [10.625, 3.375, 10.75, 3.625], "texture": "#0"},
				"west": {"uv": [10.625, 3.375, 10.75, 3.625], "texture": "#0"},
				"up": {"uv": [10.625, 3.375, 10.75, 3.5], "texture": "#0"},
				"down": {"uv": [10.625, 3.5, 10.75, 3.625], "texture": "#0"}
			}
		},
		{
			"name": "demigods_unholy_halberd_56",
			"from": [7.5, 12.375, 8.1],
			"to": [7.625, 12.5, 8.125],
			"faces": {
				"north": {"uv": [6.375, 3.5, 6.25, 3.625], "texture": "#0"},
				"east": {"uv": [6.25, 3.5, 6.375, 3.625], "texture": "#0"},
				"south": {"uv": [6.25, 3.5, 6.375, 3.625], "texture": "#0"},
				"west": {"uv": [6.25, 3.5, 6.375, 3.625], "texture": "#0"},
				"up": {"uv": [6.25, 3.5, 6.375, 3.625], "texture": "#0"},
				"down": {"uv": [6.25, 3.5, 6.375, 3.625], "texture": "#0"}
			}
		},
		{
			"name": "demigods_unholy_halberd_57",
			"from": [6.875, 12.125, 7.9],
			"to": [7, 12.5, 8.225],
			"faces": {
				"north": {"uv": [7, 3.5, 6.875, 3.875], "texture": "#0"},
				"east": {"uv": [6.875, 3.5, 7, 3.875], "texture": "#0"},
				"south": {"uv": [6.875, 3.5, 7, 3.875], "texture": "#0"},
				"west": {"uv": [6.875, 3.5, 7, 3.875], "texture": "#0"},
				"up": {"uv": [6.875, 3.5, 7, 3.625], "texture": "#0"},
				"down": {"uv": [6.875, 3.75, 7, 3.875], "texture": "#0"}
			}
		},
		{
			"name": "demigods_unholy_halberd_58",
			"from": [9, 12.125, 7.9],
			"to": [9.125, 12.5, 8.225],
			"faces": {
				"north": {"uv": [9.375, 3.5, 9.25, 3.875], "texture": "#0"},
				"east": {"uv": [9.25, 3.5, 9.375, 3.875], "texture": "#0"},
				"south": {"uv": [9.25, 3.5, 9.375, 3.875], "texture": "#0"},
				"west": {"uv": [9.25, 3.5, 9.375, 3.875], "texture": "#0"},
				"up": {"uv": [9.25, 3.5, 9.375, 3.625], "texture": "#0"},
				"down": {"uv": [9.25, 3.75, 9.375, 3.875], "texture": "#0"}
			}
		},
		{
			"name": "demigods_unholy_halberd_59",
			"from": [8.5, 12.375, 8],
			"to": [9, 12.5, 8.125],
			"faces": {
				"north": {"uv": [10.5, 3.5, 10, 3.625], "texture": "#0"},
				"east": {"uv": [10.375, 3.5, 10.5, 3.625], "texture": "#0"},
				"south": {"uv": [10, 3.5, 10.5, 3.625], "texture": "#0"},
				"west": {"uv": [10, 3.5, 10.125, 3.625], "texture": "#0"},
				"up": {"uv": [10, 3.5, 10.5, 3.625], "texture": "#0"},
				"down": {"uv": [10, 3.5, 10.5, 3.625], "texture": "#0"}
			}
		},
		{
			"name": "demigods_unholy_halberd_60",
			"from": [9.25, 12.375, 8],
			"to": [9.625, 12.5, 8.125],
			"faces": {
				"north": {"uv": [11.125, 3.5, 10.75, 3.625], "texture": "#0"},
				"east": {"uv": [11, 3.5, 11.125, 3.625], "texture": "#0"},
				"south": {"uv": [10.75, 3.5, 11.125, 3.625], "texture": "#0"},
				"west": {"uv": [10.75, 3.5, 10.875, 3.625], "texture": "#0"},
				"up": {"uv": [10.75, 3.5, 11.125, 3.625], "texture": "#0"},
				"down": {"uv": [10.75, 3.5, 11.125, 3.625], "texture": "#0"}
			}
		},
		{
			"name": "demigods_unholy_halberd_61",
			"from": [6.625, 12.25, 7.9],
			"to": [6.875, 12.375, 8.225],
			"faces": {
				"north": {"uv": [6.875, 3.625, 6.625, 3.75], "texture": "#0"},
				"east": {"uv": [6.75, 3.625, 6.875, 3.75], "texture": "#0"},
				"south": {"uv": [6.625, 3.625, 6.875, 3.75], "texture": "#0"},
				"west": {"uv": [6.625, 3.625, 6.75, 3.75], "texture": "#0"},
				"up": {"uv": [6.625, 3.625, 6.875, 3.75], "texture": "#0"},
				"down": {"uv": [6.625, 3.625, 6.875, 3.75], "texture": "#0"}
			}
		},
		{
			"name": "demigods_unholy_halberd_62",
			"from": [7, 12.25, 7.9],
			"to": [7.625, 12.375, 8.225],
			"faces": {
				"north": {"uv": [7.625, 3.625, 7, 3.75], "texture": "#0"},
				"east": {"uv": [7.5, 3.625, 7.625, 3.75], "texture": "#0"},
				"south": {"uv": [7, 3.625, 7.625, 3.75], "texture": "#0"},
				"west": {"uv": [7, 3.625, 7.125, 3.75], "texture": "#0"},
				"up": {"uv": [7, 3.625, 7.625, 3.75], "texture": "#0"},
				"down": {"uv": [7, 3.625, 7.625, 3.75], "texture": "#0"}
			}
		},
		{
			"name": "demigods_unholy_halberd_63",
			"from": [8.25, 12.25, 7.9],
			"to": [9, 12.375, 8.225],
			"faces": {
				"north": {"uv": [9.25, 3.625, 8.5, 3.75], "texture": "#0"},
				"east": {"uv": [9.125, 3.625, 9.25, 3.75], "texture": "#0"},
				"south": {"uv": [8.5, 3.625, 9.25, 3.75], "texture": "#0"},
				"west": {"uv": [8.5, 3.625, 8.625, 3.75], "texture": "#0"},
				"up": {"uv": [8.5, 3.625, 9.25, 3.75], "texture": "#0"},
				"down": {"uv": [8.5, 3.625, 9.25, 3.75], "texture": "#0"}
			}
		},
		{
			"name": "demigods_unholy_halberd_64",
			"from": [9.125, 12.25, 7.9],
			"to": [9.375, 12.375, 8.225],
			"faces": {
				"north": {"uv": [9.625, 3.625, 9.375, 3.75], "texture": "#0"},
				"east": {"uv": [9.5, 3.625, 9.625, 3.75], "texture": "#0"},
				"south": {"uv": [9.375, 3.625, 9.625, 3.75], "texture": "#0"},
				"west": {"uv": [9.375, 3.625, 9.5, 3.75], "texture": "#0"},
				"up": {"uv": [9.375, 3.625, 9.625, 3.75], "texture": "#0"},
				"down": {"uv": [9.375, 3.625, 9.625, 3.75], "texture": "#0"}
			}
		},
		{
			"name": "demigods_unholy_halberd_65",
			"from": [9.375, 12.125, 8],
			"to": [9.625, 12.375, 8.125],
			"faces": {
				"north": {"uv": [11.125, 3.625, 10.875, 3.875], "texture": "#0"},
				"east": {"uv": [11, 3.625, 11.125, 3.875], "texture": "#0"},
				"south": {"uv": [10.875, 3.625, 11.125, 3.875], "texture": "#0"},
				"west": {"uv": [10.875, 3.625, 11, 3.875], "texture": "#0"},
				"up": {"uv": [10.875, 3.625, 11.125, 3.75], "texture": "#0"},
				"down": {"uv": [10.875, 3.75, 11.125, 3.875], "texture": "#0"}
			}
		},
		{
			"name": "demigods_unholy_halberd_66",
			"from": [9.625, 12.25, 8],
			"to": [9.875, 12.375, 8.125],
			"faces": {
				"north": {"uv": [11.375, 3.625, 11.125, 3.75], "texture": "#0"},
				"east": {"uv": [11.25, 3.625, 11.375, 3.75], "texture": "#0"},
				"south": {"uv": [11.125, 3.625, 11.375, 3.75], "texture": "#0"},
				"west": {"uv": [11.125, 3.625, 11.25, 3.75], "texture": "#0"},
				"up": {"uv": [11.125, 3.625, 11.375, 3.75], "texture": "#0"},
				"down": {"uv": [11.125, 3.625, 11.375, 3.75], "texture": "#0"}
			}
		},
		{
			"name": "demigods_unholy_halberd_67",
			"from": [6.625, 11.375, 8],
			"to": [6.875, 12.25, 8.125],
			"faces": {
				"north": {"uv": [5.625, 3.75, 5.375, 4.625], "texture": "#0"},
				"east": {"uv": [5.5, 3.75, 5.625, 4.625], "texture": "#0"},
				"south": {"uv": [5.375, 3.75, 5.625, 4.625], "texture": "#0"},
				"west": {"uv": [5.375, 3.75, 5.5, 4.625], "texture": "#0"},
				"up": {"uv": [5.375, 3.75, 5.625, 3.875], "texture": "#0"},
				"down": {"uv": [5.375, 4.5, 5.625, 4.625], "texture": "#0"}
			}
		},
		{
			"name": "demigods_unholy_halberd_68",
			"from": [7, 12, 8],
			"to": [7.5, 12.25, 8.125],
			"faces": {
				"north": {"uv": [6.25, 3.75, 5.75, 4], "texture": "#0"},
				"east": {"uv": [6.125, 3.75, 6.25, 4], "texture": "#0"},
				"south": {"uv": [5.75, 3.75, 6.25, 4], "texture": "#0"},
				"west": {"uv": [5.75, 3.75, 5.875, 4], "texture": "#0"},
				"up": {"uv": [5.75, 3.75, 6.25, 3.875], "texture": "#0"},
				"down": {"uv": [5.75, 3.875, 6.25, 4], "texture": "#0"}
			}
		},
		{
			"name": "demigods_unholy_halberd_69",
			"from": [7.5, 12.125, 8],
			"to": [7.625, 12.25, 8.125],
			"faces": {
				"north": {"uv": [6.375, 3.75, 6.25, 3.875], "texture": "#0"},
				"east": {"uv": [6.25, 3.75, 6.375, 3.875], "texture": "#0"},
				"south": {"uv": [6.25, 3.75, 6.375, 3.875], "texture": "#0"},
				"west": {"uv": [6.25, 3.75, 6.375, 3.875], "texture": "#0"},
				"up": {"uv": [6.25, 3.75, 6.375, 3.875], "texture": "#0"},
				"down": {"uv": [6.25, 3.75, 6.375, 3.875], "texture": "#0"}
			}
		},
		{
			"name": "demigods_unholy_halberd_70",
			"from": [8.25, 12, 8],
			"to": [8.5, 12.25, 8.125],
			"faces": {
				"north": {"uv": [10, 3.75, 9.75, 4], "texture": "#0"},
				"east": {"uv": [9.875, 3.75, 10, 4], "texture": "#0"},
				"south": {"uv": [9.75, 3.75, 10, 4], "texture": "#0"},
				"west": {"uv": [9.75, 3.75, 9.875, 4], "texture": "#0"},
				"up": {"uv": [9.75, 3.75, 10, 3.875], "texture": "#0"},
				"down": {"uv": [9.75, 3.875, 10, 4], "texture": "#0"}
			}
		},
		{
			"name": "demigods_unholy_halberd_71",
			"from": [8.5, 12.125, 8],
			"to": [9, 12.25, 8.125],
			"faces": {
				"north": {"uv": [10.5, 3.75, 10, 3.875], "texture": "#0"},
				"east": {"uv": [10.375, 3.75, 10.5, 3.875], "texture": "#0"},
				"south": {"uv": [10, 3.75, 10.5, 3.875], "texture": "#0"},
				"west": {"uv": [10, 3.75, 10.125, 3.875], "texture": "#0"},
				"up": {"uv": [10, 3.75, 10.5, 3.875], "texture": "#0"},
				"down": {"uv": [10, 3.75, 10.5, 3.875], "texture": "#0"}
			}
		},
		{
			"name": "demigods_unholy_halberd_72",
			"from": [9.125, 12.125, 8],
			"to": [9.375, 12.25, 8.125],
			"faces": {
				"north": {"uv": [10.875, 3.75, 10.625, 3.875], "texture": "#0"},
				"east": {"uv": [10.75, 3.75, 10.875, 3.875], "texture": "#0"},
				"south": {"uv": [10.625, 3.75, 10.875, 3.875], "texture": "#0"},
				"west": {"uv": [10.625, 3.75, 10.75, 3.875], "texture": "#0"},
				"up": {"uv": [10.625, 3.75, 10.875, 3.875], "texture": "#0"},
				"down": {"uv": [10.625, 3.75, 10.875, 3.875], "texture": "#0"}
			}
		},
		{
			"name": "demigods_unholy_halberd_73",
			"from": [6.875, 11.625, 8],
			"to": [7, 12.125, 8.125],
			"faces": {
				"north": {"uv": [5.75, 3.875, 5.625, 4.375], "texture": "#0"},
				"east": {"uv": [5.625, 3.875, 5.75, 4.375], "texture": "#0"},
				"south": {"uv": [5.625, 3.875, 5.75, 4.375], "texture": "#0"},
				"west": {"uv": [5.625, 3.875, 5.75, 4.375], "texture": "#0"},
				"up": {"uv": [5.625, 3.875, 5.75, 4], "texture": "#0"},
				"down": {"uv": [5.625, 4.25, 5.75, 4.375], "texture": "#0"}
			}
		},
		{
			"name": "demigods_unholy_halberd_74",
			"from": [7.5, 12, 7.9],
			"to": [7.625, 12.125, 8.225],
			"faces": {
				"north": {"uv": [7.625, 3.875, 7.5, 4], "texture": "#0"},
				"east": {"uv": [7.5, 3.875, 7.625, 4], "texture": "#0"},
				"south": {"uv": [7.5, 3.875, 7.625, 4], "texture": "#0"},
				"west": {"uv": [7.5, 3.875, 7.625, 4], "texture": "#0"},
				"up": {"uv": [7.5, 3.875, 7.625, 4], "texture": "#0"},
				"down": {"uv": [7.5, 3.875, 7.625, 4], "texture": "#0"}
			}
		},
		{
			"name": "demigods_unholy_halberd_75",
			"from": [7.625, 11.875, 7.8],
			"to": [8.25, 12.625, 8.325],
			"faces": {
				"north": {"uv": [9, 3.875, 8.375, 4.625], "texture": "#0"},
				"east": {"uv": [8.875, 3.875, 9, 4.625], "texture": "#0"},
				"south": {"uv": [8.375, 3.875, 9, 4.625], "texture": "#0"},
				"west": {"uv": [8.375, 3.875, 8.5, 4.625], "texture": "#0"},
				"up": {"uv": [8.375, 3.875, 9, 4], "texture": "#0"},
				"down": {"uv": [8.375, 4.5, 9, 4.625], "texture": "#0"}
			}
		},
		{
			"name": "demigods_unholy_halberd_76",
			"from": [8.875, 11.75, 8],
			"to": [9.125, 12.125, 8.125],
			"faces": {
				"north": {"uv": [10.625, 3.875, 10.375, 4.25], "texture": "#0"},
				"east": {"uv": [10.5, 3.875, 10.625, 4.25], "texture": "#0"},
				"south": {"uv": [10.375, 3.875, 10.625, 4.25], "texture": "#0"},
				"west": {"uv": [10.375, 3.875, 10.5, 4.25], "texture": "#0"},
				"up": {"uv": [10.375, 3.875, 10.625, 4], "texture": "#0"},
				"down": {"uv": [10.375, 4.125, 10.625, 4.25], "texture": "#0"}
			}
		},
		{
			"name": "demigods_unholy_halberd_77",
			"from": [9.125, 12, 8],
			"to": [9.25, 12.125, 8.125],
			"faces": {
				"north": {"uv": [10.75, 3.875, 10.625, 4], "texture": "#0"},
				"east": {"uv": [10.625, 3.875, 10.75, 4], "texture": "#0"},
				"south": {"uv": [10.625, 3.875, 10.75, 4], "texture": "#0"},
				"west": {"uv": [10.625, 3.875, 10.75, 4], "texture": "#0"},
				"up": {"uv": [10.625, 3.875, 10.75, 4], "texture": "#0"},
				"down": {"uv": [10.625, 3.875, 10.75, 4], "texture": "#0"}
			}
		},
		{
			"name": "demigods_unholy_halberd_78",
			"from": [7, 11.875, 8],
			"to": [7.25, 12, 8.125],
			"faces": {
				"north": {"uv": [6, 4, 5.75, 4.125], "texture": "#0"},
				"east": {"uv": [5.875, 4, 6, 4.125], "texture": "#0"},
				"south": {"uv": [5.75, 4, 6, 4.125], "texture": "#0"},
				"west": {"uv": [5.75, 4, 5.875, 4.125], "texture": "#0"},
				"up": {"uv": [5.75, 4, 6, 4.125], "texture": "#0"},
				"down": {"uv": [5.75, 4, 6, 4.125], "texture": "#0"}
			}
		},
		{
			"name": "demigods_unholy_halberd_79",
			"from": [7.5, 11.875, 8],
			"to": [7.625, 12, 8.125],
			"faces": {
				"north": {"uv": [6.375, 4, 6.25, 4.125], "texture": "#0"},
				"east": {"uv": [6.25, 4, 6.375, 4.125], "texture": "#0"},
				"south": {"uv": [6.25, 4, 6.375, 4.125], "texture": "#0"},
				"west": {"uv": [6.25, 4, 6.375, 4.125], "texture": "#0"},
				"up": {"uv": [6.25, 4, 6.375, 4.125], "texture": "#0"},
				"down": {"uv": [6.25, 4, 6.375, 4.125], "texture": "#0"}
			}
		},
		{
			"name": "demigods_unholy_halberd_80",
			"from": [7.25, 11.875, 7.9],
			"to": [7.5, 12, 8.225],
			"faces": {
				"north": {"uv": [7.5, 4, 7.25, 4.125], "texture": "#0"},
				"east": {"uv": [7.375, 4, 7.5, 4.125], "texture": "#0"},
				"south": {"uv": [7.25, 4, 7.5, 4.125], "texture": "#0"},
				"west": {"uv": [7.25, 4, 7.375, 4.125], "texture": "#0"},
				"up": {"uv": [7.25, 4, 7.5, 4.125], "texture": "#0"},
				"down": {"uv": [7.25, 4, 7.5, 4.125], "texture": "#0"}
			}
		},
		{
			"name": "demigods_unholy_halberd_81",
			"from": [7, 11.75, 8],
			"to": [7.125, 11.875, 8.125],
			"faces": {
				"north": {"uv": [5.875, 4.125, 5.75, 4.25], "texture": "#0"},
				"east": {"uv": [5.75, 4.125, 5.875, 4.25], "texture": "#0"},
				"south": {"uv": [5.75, 4.125, 5.875, 4.25], "texture": "#0"},
				"west": {"uv": [5.75, 4.125, 5.875, 4.25], "texture": "#0"},
				"up": {"uv": [5.75, 4.125, 5.875, 4.25], "texture": "#0"},
				"down": {"uv": [5.75, 4.125, 5.875, 4.25], "texture": "#0"}
			}
		},
		{
			"name": "demigods_unholy_halberd_82",
			"from": [7.25, 11.75, 8],
			"to": [7.5, 11.875, 8.125],
			"faces": {
				"north": {"uv": [6.25, 4.125, 6, 4.25], "texture": "#0"},
				"east": {"uv": [6.125, 4.125, 6.25, 4.25], "texture": "#0"},
				"south": {"uv": [6, 4.125, 6.25, 4.25], "texture": "#0"},
				"west": {"uv": [6, 4.125, 6.125, 4.25], "texture": "#0"},
				"up": {"uv": [6, 4.125, 6.25, 4.25], "texture": "#0"},
				"down": {"uv": [6, 4.125, 6.25, 4.25], "texture": "#0"}
			}
		},
		{
			"name": "demigods_unholy_halberd_83",
			"from": [7.125, 11.75, 7.9],
			"to": [7.25, 11.875, 8.225],
			"faces": {
				"north": {"uv": [7.25, 4.125, 7.125, 4.25], "texture": "#0"},
				"east": {"uv": [7.125, 4.125, 7.25, 4.25], "texture": "#0"},
				"south": {"uv": [7.125, 4.125, 7.25, 4.25], "texture": "#0"},
				"west": {"uv": [7.125, 4.125, 7.25, 4.25], "texture": "#0"},
				"up": {"uv": [7.125, 4.125, 7.25, 4.25], "texture": "#0"},
				"down": {"uv": [7.125, 4.125, 7.25, 4.25], "texture": "#0"}
			}
		},
		{
			"name": "demigods_unholy_halberd_84",
			"from": [7.75, 11.75, 7.9],
			"to": [8.125, 11.875, 8.225],
			"faces": {
				"north": {"uv": [8.125, 4.125, 7.75, 4.25], "texture": "#0"},
				"east": {"uv": [8, 4.125, 8.125, 4.25], "texture": "#0"},
				"south": {"uv": [7.75, 4.125, 8.125, 4.25], "texture": "#0"},
				"west": {"uv": [7.75, 4.125, 7.875, 4.25], "texture": "#0"},
				"up": {"uv": [7.75, 4.125, 8.125, 4.25], "texture": "#0"},
				"down": {"uv": [7.75, 4.125, 8.125, 4.25], "texture": "#0"}
			}
		},
		{
			"name": "demigods_unholy_halberd_85",
			"from": [7.125, 11.625, 8],
			"to": [7.375, 11.75, 8.125],
			"faces": {
				"north": {"uv": [6.125, 4.25, 5.875, 4.375], "texture": "#0"},
				"east": {"uv": [6, 4.25, 6.125, 4.375], "texture": "#0"},
				"south": {"uv": [5.875, 4.25, 6.125, 4.375], "texture": "#0"},
				"west": {"uv": [5.875, 4.25, 6, 4.375], "texture": "#0"},
				"up": {"uv": [5.875, 4.25, 6.125, 4.375], "texture": "#0"},
				"down": {"uv": [5.875, 4.25, 6.125, 4.375], "texture": "#0"}
			}
		},
		{
			"name": "demigods_unholy_halberd_86",
			"from": [7, 11.625, 7.9],
			"to": [7.125, 11.75, 8.225],
			"faces": {
				"north": {"uv": [7.125, 4.25, 7, 4.375], "texture": "#0"},
				"east": {"uv": [7, 4.25, 7.125, 4.375], "texture": "#0"},
				"south": {"uv": [7, 4.25, 7.125, 4.375], "texture": "#0"},
				"west": {"uv": [7, 4.25, 7.125, 4.375], "texture": "#0"},
				"up": {"uv": [7, 4.25, 7.125, 4.375], "texture": "#0"},
				"down": {"uv": [7, 4.25, 7.125, 4.375], "texture": "#0"}
			}
		},
		{
			"name": "demigods_unholy_halberd_87",
			"from": [9, 11.625, 8],
			"to": [9.25, 11.75, 8.125],
			"faces": {
				"north": {"uv": [10.75, 4.25, 10.5, 4.375], "texture": "#0"},
				"east": {"uv": [10.625, 4.25, 10.75, 4.375], "texture": "#0"},
				"south": {"uv": [10.5, 4.25, 10.75, 4.375], "texture": "#0"},
				"west": {"uv": [10.5, 4.25, 10.625, 4.375], "texture": "#0"},
				"up": {"uv": [10.5, 4.25, 10.75, 4.375], "texture": "#0"},
				"down": {"uv": [10.5, 4.25, 10.75, 4.375], "texture": "#0"}
			}
		},
		{
			"name": "demigods_unholy_halberd_88",
			"from": [7, 11.5, 8],
			"to": [7.25, 11.625, 8.125],
			"faces": {
				"north": {"uv": [6, 4.375, 5.75, 4.5], "texture": "#0"},
				"east": {"uv": [5.875, 4.375, 6, 4.5], "texture": "#0"},
				"south": {"uv": [5.75, 4.375, 6, 4.5], "texture": "#0"},
				"west": {"uv": [5.75, 4.375, 5.875, 4.5], "texture": "#0"},
				"up": {"uv": [5.75, 4.375, 6, 4.5], "texture": "#0"},
				"down": {"uv": [5.75, 4.375, 6, 4.5], "texture": "#0"}
			}
		},
		{
			"name": "demigods_unholy_halberd_89",
			"from": [6.875, 11.375, 7.9],
			"to": [7, 11.625, 8.225],
			"faces": {
				"north": {"uv": [7, 4.375, 6.875, 4.625], "texture": "#0"},
				"east": {"uv": [6.875, 4.375, 7, 4.625], "texture": "#0"},
				"south": {"uv": [6.875, 4.375, 7, 4.625], "texture": "#0"},
				"west": {"uv": [6.875, 4.375, 7, 4.625], "texture": "#0"},
				"up": {"uv": [6.875, 4.375, 7, 4.5], "texture": "#0"},
				"down": {"uv": [6.875, 4.5, 7, 4.625], "texture": "#0"}
			}
		},
		{
			"name": "demigods_unholy_halberd_90",
			"from": [7, 11.375, 8],
			"to": [7.125, 11.5, 8.125],
			"faces": {
				"north": {"uv": [5.875, 4.5, 5.75, 4.625], "texture": "#0"},
				"east": {"uv": [5.75, 4.5, 5.875, 4.625], "texture": "#0"},
				"south": {"uv": [5.75, 4.5, 5.875, 4.625], "texture": "#0"},
				"west": {"uv": [5.75, 4.5, 5.875, 4.625], "texture": "#0"},
				"up": {"uv": [5.75, 4.5, 5.875, 4.625], "texture": "#0"},
				"down": {"uv": [5.75, 4.5, 5.875, 4.625], "texture": "#0"}
			}
		},
		{
			"name": "demigods_unholy_halberd_91",
			"from": [7.75, 11.375, 7.9],
			"to": [8.125, 11.5, 8.225],
			"faces": {
				"north": {"uv": [8.125, 4.5, 7.75, 4.625], "texture": "#0"},
				"east": {"uv": [8, 4.5, 8.125, 4.625], "texture": "#0"},
				"south": {"uv": [7.75, 4.5, 8.125, 4.625], "texture": "#0"},
				"west": {"uv": [7.75, 4.5, 7.875, 4.625], "texture": "#0"},
				"up": {"uv": [7.75, 4.5, 8.125, 4.625], "texture": "#0"},
				"down": {"uv": [7.75, 4.5, 8.125, 4.625], "texture": "#0"}
			}
		},
		{
			"name": "demigods_unholy_halberd_92",
			"from": [6.625, 10.5, 8],
			"to": [6.75, 11.375, 8.125],
			"faces": {
				"north": {"uv": [5.5, 4.625, 5.375, 5.5], "texture": "#0"},
				"east": {"uv": [5.375, 4.625, 5.5, 5.5], "texture": "#0"},
				"south": {"uv": [5.375, 4.625, 5.5, 5.5], "texture": "#0"},
				"west": {"uv": [5.375, 4.625, 5.5, 5.5], "texture": "#0"},
				"up": {"uv": [5.375, 4.625, 5.5, 4.75], "texture": "#0"},
				"down": {"uv": [5.375, 5.375, 5.5, 5.5], "texture": "#0"}
			}
		},
		{
			"name": "demigods_unholy_halberd_93",
			"from": [6.875, 10.75, 8],
			"to": [7, 11.375, 8.125],
			"faces": {
				"north": {"uv": [5.75, 4.625, 5.625, 5.25], "texture": "#0"},
				"east": {"uv": [5.625, 4.625, 5.75, 5.25], "texture": "#0"},
				"south": {"uv": [5.625, 4.625, 5.75, 5.25], "texture": "#0"},
				"west": {"uv": [5.625, 4.625, 5.75, 5.25], "texture": "#0"},
				"up": {"uv": [5.625, 4.625, 5.75, 4.75], "texture": "#0"},
				"down": {"uv": [5.625, 5.125, 5.75, 5.25], "texture": "#0"}
			}
		},
		{
			"name": "demigods_unholy_halberd_94",
			"from": [6.75, 10.75, 7.9],
			"to": [6.875, 11.375, 8.225],
			"faces": {
				"north": {"uv": [6.875, 4.625, 6.75, 5.25], "texture": "#0"},
				"east": {"uv": [6.75, 4.625, 6.875, 5.25], "texture": "#0"},
				"south": {"uv": [6.75, 4.625, 6.875, 5.25], "texture": "#0"},
				"west": {"uv": [6.75, 4.625, 6.875, 5.25], "texture": "#0"},
				"up": {"uv": [6.75, 4.625, 6.875, 4.75], "texture": "#0"},
				"down": {"uv": [6.75, 5.125, 6.875, 5.25], "texture": "#0"}
			}
		},
		{
			"name": "demigods_unholy_halberd_95",
			"from": [7.625, 11.5, 7.8],
			"to": [8.25, 11.75, 8.325],
			"faces": {
				"north": {"uv": [9, 4.75, 8.375, 5], "texture": "#0"},
				"east": {"uv": [8.875, 4.75, 9, 5], "texture": "#0"},
				"south": {"uv": [8.375, 4.75, 9, 5], "texture": "#0"},
				"west": {"uv": [8.375, 4.75, 8.5, 5], "texture": "#0"},
				"up": {"uv": [8.375, 4.75, 9, 4.875], "texture": "#0"},
				"down": {"uv": [8.375, 4.875, 9, 5], "texture": "#0"}
			}
		},
		{
			"name": "demigods_unholy_halberd_96",
			"from": [7.75, 11, 7.9],
			"to": [8.125, 11.125, 8.225],
			"faces": {
				"north": {"uv": [8.125, 4.875, 7.75, 5], "texture": "#0"},
				"east": {"uv": [8, 4.875, 8.125, 5], "texture": "#0"},
				"south": {"uv": [7.75, 4.875, 8.125, 5], "texture": "#0"},
				"west": {"uv": [7.75, 4.875, 7.875, 5], "texture": "#0"},
				"up": {"uv": [7.75, 4.875, 8.125, 5], "texture": "#0"},
				"down": {"uv": [7.75, 4.875, 8.125, 5], "texture": "#0"}
			}
		},
		{
			"name": "demigods_unholy_halberd_97",
			"from": [7.625, 11.125, 7.8],
			"to": [8.25, 11.375, 8.325],
			"faces": {
				"north": {"uv": [9, 5.125, 8.375, 5.375], "texture": "#0"},
				"east": {"uv": [8.875, 5.125, 9, 5.375], "texture": "#0"},
				"south": {"uv": [8.375, 5.125, 9, 5.375], "texture": "#0"},
				"west": {"uv": [8.375, 5.125, 8.5, 5.375], "texture": "#0"},
				"up": {"uv": [8.375, 5.125, 9, 5.25], "texture": "#0"},
				"down": {"uv": [8.375, 5.25, 9, 5.375], "texture": "#0"}
			}
		},
		{
			"name": "demigods_unholy_halberd_98",
			"from": [6.75, 10.375, 8],
			"to": [6.875, 10.75, 8.125],
			"faces": {
				"north": {"uv": [5.625, 5.25, 5.5, 5.625], "texture": "#0"},
				"east": {"uv": [5.5, 5.25, 5.625, 5.625], "texture": "#0"},
				"south": {"uv": [5.5, 5.25, 5.625, 5.625], "texture": "#0"},
				"west": {"uv": [5.5, 5.25, 5.625, 5.625], "texture": "#0"},
				"up": {"uv": [5.5, 5.25, 5.625, 5.375], "texture": "#0"},
				"down": {"uv": [5.5, 5.5, 5.625, 5.625], "texture": "#0"}
			}
		},
		{
			"name": "demigods_unholy_halberd_99",
			"from": [7, 10.125, 8],
			"to": [7.125, 10.75, 8.125],
			"faces": {
				"north": {"uv": [5.875, 5.25, 5.75, 5.875], "texture": "#0"},
				"east": {"uv": [5.75, 5.25, 5.875, 5.875], "texture": "#0"},
				"south": {"uv": [5.75, 5.25, 5.875, 5.875], "texture": "#0"},
				"west": {"uv": [5.75, 5.25, 5.875, 5.875], "texture": "#0"},
				"up": {"uv": [5.75, 5.25, 5.875, 5.375], "texture": "#0"},
				"down": {"uv": [5.75, 5.75, 5.875, 5.875], "texture": "#0"}
			}
		},
		{
			"name": "demigods_unholy_halberd_100",
			"from": [6.875, 10.625, 7.9],
			"to": [7, 10.75, 8.225],
			"faces": {
				"north": {"uv": [7, 5.25, 6.875, 5.375], "texture": "#0"},
				"east": {"uv": [6.875, 5.25, 7, 5.375], "texture": "#0"},
				"south": {"uv": [6.875, 5.25, 7, 5.375], "texture": "#0"},
				"west": {"uv": [6.875, 5.25, 7, 5.375], "texture": "#0"},
				"up": {"uv": [6.875, 5.25, 7, 5.375], "texture": "#0"},
				"down": {"uv": [6.875, 5.25, 7, 5.375], "texture": "#0"}
			}
		},
		{
			"name": "demigods_unholy_halberd_101",
			"from": [7.75, 1.875, 7.9],
			"to": [8.125, 10.75, 8.225],
			"faces": {
				"north": {"uv": [8.125, 5.25, 7.75, 14.125], "texture": "#0"},
				"east": {"uv": [8, 5.25, 8.125, 14.125], "texture": "#0"},
				"south": {"uv": [7.75, 5.25, 8.125, 14.125], "texture": "#0"},
				"west": {"uv": [7.75, 5.25, 7.875, 14.125], "texture": "#0"},
				"up": {"uv": [7.75, 5.25, 8.125, 5.375], "texture": "#0"},
				"down": {"uv": [7.75, 14, 8.125, 14.125], "texture": "#0"}
			}
		},
		{
			"name": "demigods_unholy_halberd_102",
			"from": [6.875, 10.25, 8],
			"to": [7, 10.625, 8.125],
			"faces": {
				"north": {"uv": [5.75, 5.375, 5.625, 5.75], "texture": "#0"},
				"east": {"uv": [5.625, 5.375, 5.75, 5.75], "texture": "#0"},
				"south": {"uv": [5.625, 5.375, 5.75, 5.75], "texture": "#0"},
				"west": {"uv": [5.625, 5.375, 5.75, 5.75], "texture": "#0"},
				"up": {"uv": [5.625, 5.375, 5.75, 5.5], "texture": "#0"},
				"down": {"uv": [5.625, 5.625, 5.75, 5.75], "texture": "#0"}
			}
		},
		{
			"name": "demigods_unholy_halberd_103",
			"from": [7.125, 10, 8],
			"to": [7.25, 10.5, 8.125],
			"faces": {
				"north": {"uv": [6, 5.5, 5.875, 6], "texture": "#0"},
				"east": {"uv": [5.875, 5.5, 6, 6], "texture": "#0"},
				"south": {"uv": [5.875, 5.5, 6, 6], "texture": "#0"},
				"west": {"uv": [5.875, 5.5, 6, 6], "texture": "#0"},
				"up": {"uv": [5.875, 5.5, 6, 5.625], "texture": "#0"},
				"down": {"uv": [5.875, 5.875, 6, 6], "texture": "#0"}
			}
		},
		{
			"name": "demigods_unholy_halberd_104",
			"from": [7.625, 10.75, 7.8],
			"to": [8.25, 11, 8.325],
			"faces": {
				"north": {"uv": [9, 5.5, 8.375, 5.75], "texture": "#0"},
				"east": {"uv": [8.875, 5.5, 9, 5.75], "texture": "#0"},
				"south": {"uv": [8.375, 5.5, 9, 5.75], "texture": "#0"},
				"west": {"uv": [8.375, 5.5, 8.5, 5.75], "texture": "#0"},
				"up": {"uv": [8.375, 5.5, 9, 5.625], "texture": "#0"},
				"down": {"uv": [8.375, 5.625, 9, 5.75], "texture": "#0"}
			}
		},
		{
			"name": "demigods_unholy_halberd_105",
			"from": [7.25, 10, 8],
			"to": [7.375, 10.25, 8.125],
			"faces": {
				"north": {"uv": [6.125, 5.75, 6, 6], "texture": "#0"},
				"east": {"uv": [6, 5.75, 6.125, 6], "texture": "#0"},
				"south": {"uv": [6, 5.75, 6.125, 6], "texture": "#0"},
				"west": {"uv": [6, 5.75, 6.125, 6], "texture": "#0"},
				"up": {"uv": [6, 5.75, 6.125, 5.875], "texture": "#0"},
				"down": {"uv": [6, 5.875, 6.125, 6], "texture": "#0"}
			}
		},
		{
			"name": "demigods_unholy_halberd_106",
			"from": [7.375, 10, 8],
			"to": [7.5, 10.125, 8.125],
			"faces": {
				"north": {"uv": [6.25, 5.875, 6.125, 6], "texture": "#0"},
				"east": {"uv": [6.125, 5.875, 6.25, 6], "texture": "#0"},
				"south": {"uv": [6.125, 5.875, 6.25, 6], "texture": "#0"},
				"west": {"uv": [6.125, 5.875, 6.25, 6], "texture": "#0"},
				"up": {"uv": [6.125, 5.875, 6.25, 6], "texture": "#0"},
				"down": {"uv": [6.125, 5.875, 6.25, 6], "texture": "#0"}
			}
		},
		{
			"name": "demigods_unholy_halberd_5",
			"from": [6.25, 14.5, 8],
			"to": [6.625, 14.75, 8.125],
			"faces": {
				"north": {"uv": [5.375, 1.25, 5, 1.5], "texture": "#0"},
				"east": {"uv": [5.25, 1.25, 5.375, 1.5], "texture": "#0"},
				"south": {"uv": [5, 1.25, 5.375, 1.5], "texture": "#0"},
				"west": {"uv": [5, 1.25, 5.125, 1.5], "texture": "#0"},
				"up": {"uv": [5, 1.25, 5.375, 1.375], "texture": "#0"},
				"down": {"uv": [5, 1.375, 5.375, 1.5], "texture": "#0"}
			}
		},
		{
			"name": "demigods_unholy_halberd_6",
			"from": [6.125, 14.5, 8],
			"to": [6.25, 14.625, 8.125],
			"faces": {
				"north": {"uv": [5, 1.375, 4.875, 1.5], "texture": "#0"},
				"east": {"uv": [4.875, 1.375, 5, 1.5], "texture": "#0"},
				"south": {"uv": [4.875, 1.375, 5, 1.5], "texture": "#0"},
				"west": {"uv": [4.875, 1.375, 5, 1.5], "texture": "#0"},
				"up": {"uv": [4.875, 1.375, 5, 1.5], "texture": "#0"},
				"down": {"uv": [4.875, 1.375, 5, 1.5], "texture": "#0"}
			}
		},
		{
			"name": "demigods_unholy_halberd_7",
			"from": [6.625, 14, 8],
			"to": [6.75, 14.625, 8.125],
			"faces": {
				"north": {"uv": [5.5, 1.375, 5.375, 2], "texture": "#0"},
				"east": {"uv": [5.375, 1.375, 5.5, 2], "texture": "#0"},
				"south": {"uv": [5.375, 1.375, 5.5, 2], "texture": "#0"},
				"west": {"uv": [5.375, 1.375, 5.5, 2], "texture": "#0"},
				"up": {"uv": [5.375, 1.375, 5.5, 1.5], "texture": "#0"},
				"down": {"uv": [5.375, 1.875, 5.5, 2], "texture": "#0"}
			}
		},
		{
			"name": "demigods_unholy_halberd_10",
			"from": [6.375, 14.375, 8],
			"to": [6.625, 14.5, 8.125],
			"faces": {
				"north": {"uv": [5.375, 1.5, 5.125, 1.625], "texture": "#0"},
				"east": {"uv": [5.25, 1.5, 5.375, 1.625], "texture": "#0"},
				"south": {"uv": [5.125, 1.5, 5.375, 1.625], "texture": "#0"},
				"west": {"uv": [5.125, 1.5, 5.25, 1.625], "texture": "#0"},
				"up": {"uv": [5.125, 1.5, 5.375, 1.625], "texture": "#0"},
				"down": {"uv": [5.125, 1.5, 5.375, 1.625], "texture": "#0"}
			}
		},
		{
			"name": "demigods_unholy_halberd_11",
			"from": [6.75, 12.375, 8],
			"to": [6.875, 14.5, 8.125],
			"faces": {
				"north": {"uv": [5.625, 1.5, 5.5, 3.625], "texture": "#0"},
				"east": {"uv": [5.5, 1.5, 5.625, 3.625], "texture": "#0"},
				"south": {"uv": [5.5, 1.5, 5.625, 3.625], "texture": "#0"},
				"west": {"uv": [5.5, 1.5, 5.625, 3.625], "texture": "#0"},
				"up": {"uv": [5.5, 1.5, 5.625, 1.625], "texture": "#0"},
				"down": {"uv": [5.5, 3.5, 5.625, 3.625], "texture": "#0"}
			}
		},
		{
			"name": "demigods_unholy_halberd_14",
			"from": [6.5, 14.25, 8],
			"to": [6.625, 14.375, 8.125],
			"faces": {
				"north": {"uv": [5.375, 1.625, 5.25, 1.75], "texture": "#0"},
				"east": {"uv": [5.25, 1.625, 5.375, 1.75], "texture": "#0"},
				"south": {"uv": [5.25, 1.625, 5.375, 1.75], "texture": "#0"},
				"west": {"uv": [5.25, 1.625, 5.375, 1.75], "texture": "#0"},
				"up": {"uv": [5.25, 1.625, 5.375, 1.75], "texture": "#0"},
				"down": {"uv": [5.25, 1.625, 5.375, 1.75], "texture": "#0"}
			}
		},
		{
			"name": "demigods_unholy_halberd_15",
			"from": [6.875, 14.125, 8.1],
			"to": [7, 14.375, 8.125],
			"faces": {
				"north": {"uv": [5.75, 1.625, 5.625, 1.875], "texture": "#0"},
				"east": {"uv": [5.625, 1.625, 5.75, 1.875], "texture": "#0"},
				"south": {"uv": [5.625, 1.625, 5.75, 1.875], "texture": "#0"},
				"west": {"uv": [5.625, 1.625, 5.75, 1.875], "texture": "#0"},
				"up": {"uv": [5.625, 1.625, 5.75, 1.75], "texture": "#0"},
				"down": {"uv": [5.625, 1.75, 5.75, 1.875], "texture": "#0"}
			}
		},
		{
			"name": "demigods_unholy_halberd_18",
			"from": [7, 13.875, 8.1],
			"to": [7.125, 14.125, 8.125],
			"faces": {
				"north": {"uv": [5.875, 1.875, 5.75, 2.125], "texture": "#0"},
				"east": {"uv": [5.75, 1.875, 5.875, 2.125], "texture": "#0"},
				"south": {"uv": [5.75, 1.875, 5.875, 2.125], "texture": "#0"},
				"west": {"uv": [5.75, 1.875, 5.875, 2.125], "texture": "#0"},
				"up": {"uv": [5.75, 1.875, 5.875, 2], "texture": "#0"},
				"down": {"uv": [5.75, 2, 5.875, 2.125], "texture": "#0"}
			}
		},
		{
			"name": "demigods_unholy_halberd_22",
			"from": [6.875, 12.5, 8.1],
			"to": [7, 13.875, 8.125],
			"faces": {
				"north": {"uv": [5.75, 2.125, 5.625, 3.5], "texture": "#0"},
				"east": {"uv": [5.625, 2.125, 5.75, 3.5], "texture": "#0"},
				"south": {"uv": [5.625, 2.125, 5.75, 3.5], "texture": "#0"},
				"west": {"uv": [5.625, 2.125, 5.75, 3.5], "texture": "#0"},
				"up": {"uv": [5.625, 2.125, 5.75, 2.25], "texture": "#0"},
				"down": {"uv": [5.625, 3.375, 5.75, 3.5], "texture": "#0"}
			}
		},
		{
			"name": "demigods_unholy_halberd_23",
			"from": [7.125, 13, 8.1],
			"to": [7.25, 13.875, 8.125],
			"faces": {
				"north": {"uv": [6, 2.125, 5.875, 3], "texture": "#0"},
				"east": {"uv": [5.875, 2.125, 6, 3], "texture": "#0"},
				"south": {"uv": [5.875, 2.125, 6, 3], "texture": "#0"},
				"west": {"uv": [5.875, 2.125, 6, 3], "texture": "#0"},
				"up": {"uv": [5.875, 2.125, 6, 2.25], "texture": "#0"},
				"down": {"uv": [5.875, 2.875, 6, 3], "texture": "#0"}
			}
		},
		{
			"name": "demigods_unholy_halberd_32",
			"from": [6.625, 12.375, 8],
			"to": [6.75, 13.5, 8.125],
			"faces": {
				"north": {"uv": [5.5, 2.5, 5.375, 3.625], "texture": "#0"},
				"east": {"uv": [5.375, 2.5, 5.5, 3.625], "texture": "#0"},
				"south": {"uv": [5.375, 2.5, 5.5, 3.625], "texture": "#0"},
				"west": {"uv": [5.375, 2.5, 5.5, 3.625], "texture": "#0"},
				"up": {"uv": [5.375, 2.5, 5.5, 2.625], "texture": "#0"},
				"down": {"uv": [5.375, 3.5, 5.5, 3.625], "texture": "#0"}
			}
		},
		{
			"name": "demigods_unholy_halberd_35",
			"from": [6.5, 10.75, 8],
			"to": [6.625, 13.125, 8.125],
			"faces": {
				"north": {"uv": [5.375, 2.875, 5.25, 5.25], "texture": "#0"},
				"east": {"uv": [5.25, 2.875, 5.375, 5.25], "texture": "#0"},
				"south": {"uv": [5.25, 2.875, 5.375, 5.25], "texture": "#0"},
				"west": {"uv": [5.25, 2.875, 5.375, 5.25], "texture": "#0"},
				"up": {"uv": [5.25, 2.875, 5.375, 3], "texture": "#0"},
				"down": {"uv": [5.25, 5.125, 5.375, 5.25], "texture": "#0"}
			}
		},
		{
			"name": "demigods_unholy_halberd_38",
			"from": [7, 12.375, 8.1],
			"to": [7.125, 13, 8.125],
			"faces": {
				"north": {"uv": [5.875, 3, 5.75, 3.625], "texture": "#0"},
				"east": {"uv": [5.75, 3, 5.875, 3.625], "texture": "#0"},
				"south": {"uv": [5.75, 3, 5.875, 3.625], "texture": "#0"},
				"west": {"uv": [5.75, 3, 5.875, 3.625], "texture": "#0"},
				"up": {"uv": [5.75, 3, 5.875, 3.125], "texture": "#0"},
				"down": {"uv": [5.75, 3.5, 5.875, 3.625], "texture": "#0"}
			}
		},
		{
			"name": "demigods_unholy_halberd_39",
			"from": [7.25, 12.875, 8.1],
			"to": [7.375, 13, 8.125],
			"faces": {
				"north": {"uv": [6.125, 3, 6, 3.125], "texture": "#0"},
				"east": {"uv": [6, 3, 6.125, 3.125], "texture": "#0"},
				"south": {"uv": [6, 3, 6.125, 3.125], "texture": "#0"},
				"west": {"uv": [6, 3, 6.125, 3.125], "texture": "#0"},
				"up": {"uv": [6, 3, 6.125, 3.125], "texture": "#0"},
				"down": {"uv": [6, 3, 6.125, 3.125], "texture": "#0"}
			}
		},
		{
			"name": "demigods_unholy_halberd_44",
			"from": [7.125, 12.375, 8.1],
			"to": [7.25, 12.875, 8.125],
			"faces": {
				"north": {"uv": [6, 3.125, 5.875, 3.625], "texture": "#0"},
				"east": {"uv": [5.875, 3.125, 6, 3.625], "texture": "#0"},
				"south": {"uv": [5.875, 3.125, 6, 3.625], "texture": "#0"},
				"west": {"uv": [5.875, 3.125, 6, 3.625], "texture": "#0"},
				"up": {"uv": [5.875, 3.125, 6, 3.25], "texture": "#0"},
				"down": {"uv": [5.875, 3.5, 6, 3.625], "texture": "#0"}
			}
		},
		{
			"name": "demigods_unholy_halberd_45",
			"from": [7.375, 12.75, 8.1],
			"to": [7.5, 12.875, 8.125],
			"faces": {
				"north": {"uv": [6.25, 3.125, 6.125, 3.25], "texture": "#0"},
				"east": {"uv": [6.125, 3.125, 6.25, 3.25], "texture": "#0"},
				"south": {"uv": [6.125, 3.125, 6.25, 3.25], "texture": "#0"},
				"west": {"uv": [6.125, 3.125, 6.25, 3.25], "texture": "#0"},
				"up": {"uv": [6.125, 3.125, 6.25, 3.25], "texture": "#0"},
				"down": {"uv": [6.125, 3.125, 6.25, 3.25], "texture": "#0"}
			}
		},
		{
			"name": "demigods_unholy_halberd_48",
			"from": [6.375, 11.25, 8],
			"to": [6.5, 12.75, 8.125],
			"faces": {
				"north": {"uv": [5.25, 3.25, 5.125, 4.75], "texture": "#0"},
				"east": {"uv": [5.125, 3.25, 5.25, 4.75], "texture": "#0"},
				"south": {"uv": [5.125, 3.25, 5.25, 4.75], "texture": "#0"},
				"west": {"uv": [5.125, 3.25, 5.25, 4.75], "texture": "#0"},
				"up": {"uv": [5.125, 3.25, 5.25, 3.375], "texture": "#0"},
				"down": {"uv": [5.125, 4.625, 5.25, 4.75], "texture": "#0"}
			}
		},
		{
			"name": "demigods_unholy_halberd_49",
			"from": [7.5, 12.625, 8.1],
			"to": [7.625, 12.75, 8.125],
			"faces": {
				"north": {"uv": [6.375, 3.25, 6.25, 3.375], "texture": "#0"},
				"east": {"uv": [6.25, 3.25, 6.375, 3.375], "texture": "#0"},
				"south": {"uv": [6.25, 3.25, 6.375, 3.375], "texture": "#0"},
				"west": {"uv": [6.25, 3.25, 6.375, 3.375], "texture": "#0"},
				"up": {"uv": [6.25, 3.25, 6.375, 3.375], "texture": "#0"},
				"down": {"uv": [6.25, 3.25, 6.375, 3.375], "texture": "#0"}
			}
		},
		{
			"name": "demigods_unholy_halberd_53",
			"from": [7.25, 12.375, 8.1],
			"to": [7.5, 12.625, 8.125],
			"faces": {
				"north": {"uv": [6.25, 3.375, 6, 3.625], "texture": "#0"},
				"east": {"uv": [6.125, 3.375, 6.25, 3.625], "texture": "#0"},
				"south": {"uv": [6, 3.375, 6.25, 3.625], "texture": "#0"},
				"west": {"uv": [6, 3.375, 6.125, 3.625], "texture": "#0"},
				"up": {"uv": [6, 3.375, 6.25, 3.5], "texture": "#0"},
				"down": {"uv": [6, 3.5, 6.25, 3.625], "texture": "#0"}
			}
		},
		{
			"name": "demigods_unholy_halberd_57",
			"from": [7.5, 12.375, 8.1],
			"to": [7.625, 12.5, 8.125],
			"faces": {
				"north": {"uv": [6.375, 3.5, 6.25, 3.625], "texture": "#0"},
				"east": {"uv": [6.25, 3.5, 6.375, 3.625], "texture": "#0"},
				"south": {"uv": [6.25, 3.5, 6.375, 3.625], "texture": "#0"},
				"west": {"uv": [6.25, 3.5, 6.375, 3.625], "texture": "#0"},
				"up": {"uv": [6.25, 3.5, 6.375, 3.625], "texture": "#0"},
				"down": {"uv": [6.25, 3.5, 6.375, 3.625], "texture": "#0"}
			}
		},
		{
			"name": "demigods_unholy_halberd_68",
			"from": [6.625, 11.375, 8.1],
			"to": [6.875, 12.25, 8.125],
			"faces": {
				"north": {"uv": [5.625, 3.75, 5.375, 4.625], "texture": "#0"},
				"east": {"uv": [5.5, 3.75, 5.625, 4.625], "texture": "#0"},
				"south": {"uv": [5.375, 3.75, 5.625, 4.625], "texture": "#0"},
				"west": {"uv": [5.375, 3.75, 5.5, 4.625], "texture": "#0"},
				"up": {"uv": [5.375, 3.75, 5.625, 3.875], "texture": "#0"},
				"down": {"uv": [5.375, 4.5, 5.625, 4.625], "texture": "#0"}
			}
		},
		{
			"name": "demigods_unholy_halberd_69",
			"from": [7, 12, 8.1],
			"to": [7.5, 12.25, 8.125],
			"faces": {
				"north": {"uv": [6.25, 3.75, 5.75, 4], "texture": "#0"},
				"east": {"uv": [6.125, 3.75, 6.25, 4], "texture": "#0"},
				"south": {"uv": [5.75, 3.75, 6.25, 4], "texture": "#0"},
				"west": {"uv": [5.75, 3.75, 5.875, 4], "texture": "#0"},
				"up": {"uv": [5.75, 3.75, 6.25, 3.875], "texture": "#0"},
				"down": {"uv": [5.75, 3.875, 6.25, 4], "texture": "#0"}
			}
		},
		{
			"name": "demigods_unholy_halberd_70",
			"from": [7.5, 12.125, 8.1],
			"to": [7.625, 12.25, 8.125],
			"faces": {
				"north": {"uv": [6.375, 3.75, 6.25, 3.875], "texture": "#0"},
				"east": {"uv": [6.25, 3.75, 6.375, 3.875], "texture": "#0"},
				"south": {"uv": [6.25, 3.75, 6.375, 3.875], "texture": "#0"},
				"west": {"uv": [6.25, 3.75, 6.375, 3.875], "texture": "#0"},
				"up": {"uv": [6.25, 3.75, 6.375, 3.875], "texture": "#0"},
				"down": {"uv": [6.25, 3.75, 6.375, 3.875], "texture": "#0"}
			}
		},
		{
			"name": "demigods_unholy_halberd_74",
			"from": [6.875, 11.625, 8.1],
			"to": [7, 12.125, 8.125],
			"faces": {
				"north": {"uv": [5.75, 3.875, 5.625, 4.375], "texture": "#0"},
				"east": {"uv": [5.625, 3.875, 5.75, 4.375], "texture": "#0"},
				"south": {"uv": [5.625, 3.875, 5.75, 4.375], "texture": "#0"},
				"west": {"uv": [5.625, 3.875, 5.75, 4.375], "texture": "#0"},
				"up": {"uv": [5.625, 3.875, 5.75, 4], "texture": "#0"},
				"down": {"uv": [5.625, 4.25, 5.75, 4.375], "texture": "#0"}
			}
		},
		{
			"name": "demigods_unholy_halberd_79",
			"from": [7, 11.875, 8.1],
			"to": [7.25, 12, 8.125],
			"faces": {
				"north": {"uv": [6, 4, 5.75, 4.125], "texture": "#0"},
				"east": {"uv": [5.875, 4, 6, 4.125], "texture": "#0"},
				"south": {"uv": [5.75, 4, 6, 4.125], "texture": "#0"},
				"west": {"uv": [5.75, 4, 5.875, 4.125], "texture": "#0"},
				"up": {"uv": [5.75, 4, 6, 4.125], "texture": "#0"},
				"down": {"uv": [5.75, 4, 6, 4.125], "texture": "#0"}
			}
		},
		{
			"name": "demigods_unholy_halberd_80",
			"from": [7.5, 11.875, 8.1],
			"to": [7.625, 12, 8.125],
			"faces": {
				"north": {"uv": [6.375, 4, 6.25, 4.125], "texture": "#0"},
				"east": {"uv": [6.25, 4, 6.375, 4.125], "texture": "#0"},
				"south": {"uv": [6.25, 4, 6.375, 4.125], "texture": "#0"},
				"west": {"uv": [6.25, 4, 6.375, 4.125], "texture": "#0"},
				"up": {"uv": [6.25, 4, 6.375, 4.125], "texture": "#0"},
				"down": {"uv": [6.25, 4, 6.375, 4.125], "texture": "#0"}
			}
		},
		{
			"name": "demigods_unholy_halberd_82",
			"from": [7, 11.75, 8.1],
			"to": [7.125, 11.875, 8.125],
			"faces": {
				"north": {"uv": [5.875, 4.125, 5.75, 4.25], "texture": "#0"},
				"east": {"uv": [5.75, 4.125, 5.875, 4.25], "texture": "#0"},
				"south": {"uv": [5.75, 4.125, 5.875, 4.25], "texture": "#0"},
				"west": {"uv": [5.75, 4.125, 5.875, 4.25], "texture": "#0"},
				"up": {"uv": [5.75, 4.125, 5.875, 4.25], "texture": "#0"},
				"down": {"uv": [5.75, 4.125, 5.875, 4.25], "texture": "#0"}
			}
		},
		{
			"name": "demigods_unholy_halberd_83",
			"from": [7.25, 11.75, 8.1],
			"to": [7.5, 11.875, 8.125],
			"faces": {
				"north": {"uv": [6.25, 4.125, 6, 4.25], "texture": "#0"},
				"east": {"uv": [6.125, 4.125, 6.25, 4.25], "texture": "#0"},
				"south": {"uv": [6, 4.125, 6.25, 4.25], "texture": "#0"},
				"west": {"uv": [6, 4.125, 6.125, 4.25], "texture": "#0"},
				"up": {"uv": [6, 4.125, 6.25, 4.25], "texture": "#0"},
				"down": {"uv": [6, 4.125, 6.25, 4.25], "texture": "#0"}
			}
		},
		{
			"name": "demigods_unholy_halberd_86",
			"from": [7.125, 11.625, 8.1],
			"to": [7.375, 11.75, 8.125],
			"faces": {
				"north": {"uv": [6.125, 4.25, 5.875, 4.375], "texture": "#0"},
				"east": {"uv": [6, 4.25, 6.125, 4.375], "texture": "#0"},
				"south": {"uv": [5.875, 4.25, 6.125, 4.375], "texture": "#0"},
				"west": {"uv": [5.875, 4.25, 6, 4.375], "texture": "#0"},
				"up": {"uv": [5.875, 4.25, 6.125, 4.375], "texture": "#0"},
				"down": {"uv": [5.875, 4.25, 6.125, 4.375], "texture": "#0"}
			}
		},
		{
			"name": "demigods_unholy_halberd_89",
			"from": [7, 11.5, 8.1],
			"to": [7.25, 11.625, 8.125],
			"faces": {
				"north": {"uv": [6, 4.375, 5.75, 4.5], "texture": "#0"},
				"east": {"uv": [5.875, 4.375, 6, 4.5], "texture": "#0"},
				"south": {"uv": [5.75, 4.375, 6, 4.5], "texture": "#0"},
				"west": {"uv": [5.75, 4.375, 5.875, 4.5], "texture": "#0"},
				"up": {"uv": [5.75, 4.375, 6, 4.5], "texture": "#0"},
				"down": {"uv": [5.75, 4.375, 6, 4.5], "texture": "#0"}
			}
		},
		{
			"name": "demigods_unholy_halberd_91",
			"from": [7, 11.375, 8.1],
			"to": [7.125, 11.5, 8.125],
			"faces": {
				"north": {"uv": [5.875, 4.5, 5.75, 4.625], "texture": "#0"},
				"east": {"uv": [5.75, 4.5, 5.875, 4.625], "texture": "#0"},
				"south": {"uv": [5.75, 4.5, 5.875, 4.625], "texture": "#0"},
				"west": {"uv": [5.75, 4.5, 5.875, 4.625], "texture": "#0"},
				"up": {"uv": [5.75, 4.5, 5.875, 4.625], "texture": "#0"},
				"down": {"uv": [5.75, 4.5, 5.875, 4.625], "texture": "#0"}
			}
		},
		{
			"name": "demigods_unholy_halberd_93",
			"from": [6.625, 10.5, 8.1],
			"to": [6.75, 11.375, 8.125],
			"faces": {
				"north": {"uv": [5.5, 4.625, 5.375, 5.5], "texture": "#0"},
				"east": {"uv": [5.375, 4.625, 5.5, 5.5], "texture": "#0"},
				"south": {"uv": [5.375, 4.625, 5.5, 5.5], "texture": "#0"},
				"west": {"uv": [5.375, 4.625, 5.5, 5.5], "texture": "#0"},
				"up": {"uv": [5.375, 4.625, 5.5, 4.75], "texture": "#0"},
				"down": {"uv": [5.375, 5.375, 5.5, 5.5], "texture": "#0"}
			}
		},
		{
			"name": "demigods_unholy_halberd_94",
			"from": [6.875, 10.75, 8.1],
			"to": [7, 11.375, 8.125],
			"faces": {
				"north": {"uv": [5.75, 4.625, 5.625, 5.25], "texture": "#0"},
				"east": {"uv": [5.625, 4.625, 5.75, 5.25], "texture": "#0"},
				"south": {"uv": [5.625, 4.625, 5.75, 5.25], "texture": "#0"},
				"west": {"uv": [5.625, 4.625, 5.75, 5.25], "texture": "#0"},
				"up": {"uv": [5.625, 4.625, 5.75, 4.75], "texture": "#0"},
				"down": {"uv": [5.625, 5.125, 5.75, 5.25], "texture": "#0"}
			}
		},
		{
			"name": "demigods_unholy_halberd_99",
			"from": [6.75, 10.375, 8.1],
			"to": [6.875, 10.75, 8.125],
			"faces": {
				"north": {"uv": [5.625, 5.25, 5.5, 5.625], "texture": "#0"},
				"east": {"uv": [5.5, 5.25, 5.625, 5.625], "texture": "#0"},
				"south": {"uv": [5.5, 5.25, 5.625, 5.625], "texture": "#0"},
				"west": {"uv": [5.5, 5.25, 5.625, 5.625], "texture": "#0"},
				"up": {"uv": [5.5, 5.25, 5.625, 5.375], "texture": "#0"},
				"down": {"uv": [5.5, 5.5, 5.625, 5.625], "texture": "#0"}
			}
		},
		{
			"name": "demigods_unholy_halberd_100",
			"from": [7, 10.125, 8.1],
			"to": [7.125, 10.75, 8.125],
			"faces": {
				"north": {"uv": [5.875, 5.25, 5.75, 5.875], "texture": "#0"},
				"east": {"uv": [5.75, 5.25, 5.875, 5.875], "texture": "#0"},
				"south": {"uv": [5.75, 5.25, 5.875, 5.875], "texture": "#0"},
				"west": {"uv": [5.75, 5.25, 5.875, 5.875], "texture": "#0"},
				"up": {"uv": [5.75, 5.25, 5.875, 5.375], "texture": "#0"},
				"down": {"uv": [5.75, 5.75, 5.875, 5.875], "texture": "#0"}
			}
		},
		{
			"name": "demigods_unholy_halberd_103",
			"from": [6.875, 10.25, 8.1],
			"to": [7, 10.625, 8.125],
			"faces": {
				"north": {"uv": [5.75, 5.375, 5.625, 5.75], "texture": "#0"},
				"east": {"uv": [5.625, 5.375, 5.75, 5.75], "texture": "#0"},
				"south": {"uv": [5.625, 5.375, 5.75, 5.75], "texture": "#0"},
				"west": {"uv": [5.625, 5.375, 5.75, 5.75], "texture": "#0"},
				"up": {"uv": [5.625, 5.375, 5.75, 5.5], "texture": "#0"},
				"down": {"uv": [5.625, 5.625, 5.75, 5.75], "texture": "#0"}
			}
		},
		{
			"name": "demigods_unholy_halberd_104",
			"from": [7.125, 10, 8.1],
			"to": [7.25, 10.5, 8.125],
			"faces": {
				"north": {"uv": [6, 5.5, 5.875, 6], "texture": "#0"},
				"east": {"uv": [5.875, 5.5, 6, 6], "texture": "#0"},
				"south": {"uv": [5.875, 5.5, 6, 6], "texture": "#0"},
				"west": {"uv": [5.875, 5.5, 6, 6], "texture": "#0"},
				"up": {"uv": [5.875, 5.5, 6, 5.625], "texture": "#0"},
				"down": {"uv": [5.875, 5.875, 6, 6], "texture": "#0"}
			}
		},
		{
			"name": "demigods_unholy_halberd_106",
			"from": [7.25, 10, 8.1],
			"to": [7.375, 10.25, 8.125],
			"faces": {
				"north": {"uv": [6.125, 5.75, 6, 6], "texture": "#0"},
				"east": {"uv": [6, 5.75, 6.125, 6], "texture": "#0"},
				"south": {"uv": [6, 5.75, 6.125, 6], "texture": "#0"},
				"west": {"uv": [6, 5.75, 6.125, 6], "texture": "#0"},
				"up": {"uv": [6, 5.75, 6.125, 5.875], "texture": "#0"},
				"down": {"uv": [6, 5.875, 6.125, 6], "texture": "#0"}
			}
		},
		{
			"name": "demigods_unholy_halberd_107",
			"from": [7.375, 10, 8.1],
			"to": [7.5, 10.125, 8.125],
			"faces": {
				"north": {"uv": [6.25, 5.875, 6.125, 6], "texture": "#0"},
				"east": {"uv": [6.125, 5.875, 6.25, 6], "texture": "#0"},
				"south": {"uv": [6.125, 5.875, 6.25, 6], "texture": "#0"},
				"west": {"uv": [6.125, 5.875, 6.25, 6], "texture": "#0"},
				"up": {"uv": [6.125, 5.875, 6.25, 6], "texture": "#0"},
				"down": {"uv": [6.125, 5.875, 6.25, 6], "texture": "#0"}
			}
		},
		{
			"name": "demigods_unholy_halberd_107",
			"from": [7.625, 1.625, 7.8],
			"to": [8.25, 1.875, 8.325],
			"faces": {
				"north": {"uv": [8.25, 14.375, 7.625, 14.625], "texture": "#0"},
				"east": {"uv": [8.125, 14.375, 8.25, 14.625], "texture": "#0"},
				"south": {"uv": [7.625, 14.375, 8.25, 14.625], "texture": "#0"},
				"west": {"uv": [7.625, 14.375, 7.75, 14.625], "texture": "#0"},
				"up": {"uv": [7.625, 14.375, 8.25, 14.5], "texture": "#0"},
				"down": {"uv": [7.625, 14.5, 8.25, 14.625], "texture": "#0"}
			}
		},
		{
			"name": "demigods_unholy_halberd_108",
			"from": [7.75, 1.375, 7.9],
			"to": [8.125, 1.625, 8.225],
			"faces": {
				"north": {"uv": [8.125, 14.875, 7.75, 15.125], "texture": "#0"},
				"east": {"uv": [8, 14.875, 8.125, 15.125], "texture": "#0"},
				"south": {"uv": [7.75, 14.875, 8.125, 15.125], "texture": "#0"},
				"west": {"uv": [7.75, 14.875, 7.875, 15.125], "texture": "#0"},
				"up": {"uv": [7.75, 14.875, 8.125, 15], "texture": "#0"},
				"down": {"uv": [7.75, 15, 8.125, 15.125], "texture": "#0"}
			}
		},
		{
			"name": "demigods_unholy_halberd_109",
			"from": [7.875, 1.125, 8],
			"to": [8, 1.375, 8.125],
			"faces": {
				"north": {"uv": [8, 15.375, 7.875, 15.625], "texture": "#0"},
				"east": {"uv": [7.875, 15.375, 8, 15.625], "texture": "#0"},
				"south": {"uv": [7.875, 15.375, 8, 15.625], "texture": "#0"},
				"west": {"uv": [7.875, 15.375, 8, 15.625], "texture": "#0"},
				"up": {"uv": [7.875, 15.375, 8, 15.5], "texture": "#0"},
				"down": {"uv": [7.875, 15.5, 8, 15.625], "texture": "#0"}
			}
		},
		{
			"from": [3, 7, 7.5],
			"to": [13, 17, 7.5],
			"faces": {
				"north": {"uv": [0, 0, 16, 16], "texture": "#1"}
			}
		},
		{
			"from": [3, 7, 8.5],
			"to": [13, 17, 8.5],
			"faces": {
				"south": {"uv": [0, 0, 16, 16], "texture": "#1"}
			}
		}
	],
	"gui_light": "front",
	"display": {
		"thirdperson_righthand": {
			"rotation": [0, -90, 0],
			"translation": [0.25, -2, 2],
			"scale": [3.5, 3.5, 2.5]
		},
		"thirdperson_lefthand": {
			"rotation": [0, 90, 0],
			"translation": [0.25, -2, 1.5],
			"scale": [3.5, 3.5, 2.5]
		},
		"firstperson_righthand": {
			"rotation": [0, -90, -4],
			"translation": [0.75, 3.75, 1.5],
			"scale": [2, 2, 1.75]
		},
		"firstperson_lefthand": {
			"rotation": [0, 90, 1],
			"translation": [3.25, 4.5, 0.5],
			"scale": [2, 2, 1.75]
		},
		"ground": {
			"translation": [0, 10.25, 0],
			"scale": [3.75, 3.75, 2.5]
		},
		"gui": {
			"rotation": [0, 0, -42],
			"translation": [0.75, -1.25, 0],
			"scale": [2, 2, 1]
		},
		"fixed": {
			"rotation": [-180, 0, 138],
			"translation": [-1.25, 1.75, -0.75],
			"scale": [4, 4, 3]
		}
	},
	"groups": [
		{
			"name": "demigods_unholy_halberd",
			"origin": [8, 8, 8],
			"color": 0,
			"children": [
				0,
				1,
				2,
				3,
				4,
				5,
				6,
				7,
				8,
				9,
				10,
				11,
				12,
				13,
				14,
				15,
				16,
				17,
				18,
				19,
				20,
				21,
				22,
				23,
				24,
				25,
				26,
				27,
				28,
				29,
				30,
				31,
				32,
				33,
				34,
				35,
				36,
				37,
				38,
				39,
				40,
				41,
				42,
				43,
				44,
				45,
				46,
				47,
				48,
				49,
				50,
				51,
				52,
				53,
				54,
				55,
				56,
				57,
				58,
				59,
				60,
				61,
				62,
				63,
				64,
				65,
				66,
				67,
				68,
				69,
				70,
				71,
				72,
				73,
				74,
				75,
				76,
				77,
				78,
				79,
				80,
				81,
				82,
				83,
				84,
				85,
				86,
				87,
				88,
				89,
				90,
				91,
				92,
				93,
				94,
				95,
				96,
				97,
				98,
				99,
				100,
				101,
				102,
				103,
				104,
				105,
				106,
				107,
				108,
				109,
				110,
				111,
				112,
				113,
				114,
				115,
				116,
				117,
				118,
				119,
				120,
				121,
				122,
				123,
				124,
				125,
				126,
				127,
				128,
				129,
				130,
				131,
				132,
				133,
				134,
				135,
				136,
				137,
				138,
				139,
				140,
				141,
				142,
				143,
				144,
				145,
				146,
				147,
				148
			]
		},
		149,
		150
	]
}