{
	"credit": "Made with Blockbench",
	"textures": {
		"0": "prominent:item/transmog/excalibur_ani",
		"1": "prominent:item/transmog/effect-sheet",
		"4": "prominent:item/transmog/blue_flame",
		"particle": "prominent:item/transmog/excalibur_ani"
	},
	"elements": [
		{
			"name": "ex1_0",
			"from": [8, 6.25, 7.9],
			"to": [8.125, 8.75, 8.225],
			"rotation": {"angle": 0, "axis": "y", "origin": [0, 0, 8]},
			"faces": {
				"north": {"uv": [8.125, 7.25, 8, 9.75], "texture": "#0"},
				"east": {"uv": [8, 7.25, 8.125, 9.75], "texture": "#0"},
				"south": {"uv": [8, 7.25, 8.125, 9.75], "texture": "#0"},
				"west": {"uv": [8, 7.25, 8.125, 9.75], "texture": "#0"},
				"up": {"uv": [8, 7.25, 8.125, 7.375], "texture": "#0"}
			}
		},
		{
			"name": "ex1_1",
			"from": [7.875, 5.875, 7.9],
			"to": [8, 7.125, 8.225],
			"rotation": {"angle": 0, "axis": "y", "origin": [0, 0, 8]},
			"faces": {
				"north": {"uv": [8, 8.875, 7.875, 10.125], "texture": "#0"},
				"south": {"uv": [7.875, 8.875, 8, 10.125], "texture": "#0"},
				"west": {"uv": [7.875, 8.875, 8, 10.125], "texture": "#0"},
				"up": {"uv": [7.875, 8.875, 8, 9], "texture": "#0"}
			}
		},
		{
			"name": "ex1_2",
			"from": [8.125, 5.875, 7.9],
			"to": [8.25, 7.125, 8.225],
			"rotation": {"angle": 0, "axis": "y", "origin": [0, 0, 8]},
			"faces": {
				"north": {"uv": [8.25, 8.875, 8.125, 10.125], "texture": "#0"},
				"east": {"uv": [8.125, 8.875, 8.25, 10.125], "texture": "#0"},
				"south": {"uv": [8.125, 8.875, 8.25, 10.125], "texture": "#0"},
				"up": {"uv": [8.125, 8.875, 8.25, 9], "texture": "#0"}
			}
		},
		{
			"name": "ex1_3",
			"from": [7.125, 6.375, 7.9],
			"to": [7.375, 6.5, 8.225],
			"rotation": {"angle": 0, "axis": "y", "origin": [0, 0, 8]},
			"faces": {
				"north": {"uv": [7.375, 9.5, 7.125, 9.625], "texture": "#0"},
				"east": {"uv": [7.25, 9.5, 7.375, 9.625], "texture": "#0"},
				"south": {"uv": [7.125, 9.5, 7.375, 9.625], "texture": "#0"},
				"west": {"uv": [7.125, 9.5, 7.25, 9.625], "texture": "#0"},
				"up": {"uv": [7.125, 9.5, 7.375, 9.625], "texture": "#0"},
				"down": {"uv": [7.125, 9.5, 7.375, 9.625], "texture": "#0"}
			}
		},
		{
			"name": "ex1_4",
			"from": [7.75, 5.625, 7.9],
			"to": [7.875, 6.5, 8.225],
			"rotation": {"angle": 0, "axis": "y", "origin": [0, 0, 8]},
			"faces": {
				"north": {"uv": [7.875, 9.5, 7.75, 10.375], "texture": "#0"},
				"south": {"uv": [7.75, 9.5, 7.875, 10.375], "texture": "#0"},
				"west": {"uv": [7.75, 9.5, 7.875, 10.375], "texture": "#0"},
				"up": {"uv": [7.75, 9.5, 7.875, 9.625], "texture": "#0"}
			}
		},
		{
			"name": "ex1_5",
			"from": [8.25, 5.625, 7.9],
			"to": [8.375, 6.5, 8.225],
			"rotation": {"angle": 0, "axis": "y", "origin": [0, 0, 8]},
			"faces": {
				"north": {"uv": [8.375, 9.5, 8.25, 10.375], "texture": "#0"},
				"east": {"uv": [8.25, 9.5, 8.375, 10.375], "texture": "#0"},
				"south": {"uv": [8.25, 9.5, 8.375, 10.375], "texture": "#0"},
				"up": {"uv": [8.25, 9.5, 8.375, 9.625], "texture": "#0"}
			}
		},
		{
			"name": "ex1_6",
			"from": [8.75, 6.375, 7.9],
			"to": [9, 6.5, 8.225],
			"rotation": {"angle": 0, "axis": "y", "origin": [0, 0, 8]},
			"faces": {
				"north": {"uv": [9, 9.5, 8.75, 9.625], "texture": "#0"},
				"east": {"uv": [8.875, 9.5, 9, 9.625], "texture": "#0"},
				"south": {"uv": [8.75, 9.5, 9, 9.625], "texture": "#0"},
				"west": {"uv": [8.75, 9.5, 8.875, 9.625], "texture": "#0"},
				"up": {"uv": [8.75, 9.5, 9, 9.625], "texture": "#0"},
				"down": {"uv": [8.75, 9.5, 9, 9.625], "texture": "#0"}
			}
		},
		{
			"name": "ex1_7",
			"from": [7.125, 6.25, 7.9],
			"to": [7.25, 6.375, 8.225],
			"rotation": {"angle": 0, "axis": "y", "origin": [0, 0, 8]},
			"faces": {
				"north": {"uv": [7.25, 9.625, 7.125, 9.75], "texture": "#0"},
				"east": {"uv": [7.125, 9.625, 7.25, 9.75], "texture": "#0"},
				"south": {"uv": [7.125, 9.625, 7.25, 9.75], "texture": "#0"},
				"west": {"uv": [7.125, 9.625, 7.25, 9.75], "texture": "#0"},
				"down": {"uv": [7.125, 9.625, 7.25, 9.75], "texture": "#0"}
			}
		},
		{
			"name": "ex1_8",
			"from": [7.375, 6.25, 7.9],
			"to": [7.5, 6.375, 8.225],
			"rotation": {"angle": 0, "axis": "y", "origin": [0, 0, 8]},
			"faces": {
				"north": {"uv": [7.5, 9.625, 7.375, 9.75], "texture": "#0"},
				"east": {"uv": [7.375, 9.625, 7.5, 9.75], "texture": "#0"},
				"south": {"uv": [7.375, 9.625, 7.5, 9.75], "texture": "#0"},
				"west": {"uv": [7.375, 9.625, 7.5, 9.75], "texture": "#0"},
				"up": {"uv": [7.375, 9.625, 7.5, 9.75], "texture": "#0"},
				"down": {"uv": [7.375, 9.625, 7.5, 9.75], "texture": "#0"}
			}
		},
		{
			"name": "ex1_9",
			"from": [8.625, 6.25, 7.9],
			"to": [8.75, 6.375, 8.225],
			"rotation": {"angle": 0, "axis": "y", "origin": [0, 0, 8]},
			"faces": {
				"north": {"uv": [8.75, 9.625, 8.625, 9.75], "texture": "#0"},
				"east": {"uv": [8.625, 9.625, 8.75, 9.75], "texture": "#0"},
				"south": {"uv": [8.625, 9.625, 8.75, 9.75], "texture": "#0"},
				"west": {"uv": [8.625, 9.625, 8.75, 9.75], "texture": "#0"},
				"up": {"uv": [8.625, 9.625, 8.75, 9.75], "texture": "#0"},
				"down": {"uv": [8.625, 9.625, 8.75, 9.75], "texture": "#0"}
			}
		},
		{
			"name": "ex1_10",
			"from": [8.875, 6.25, 7.9],
			"to": [9, 6.375, 8.225],
			"rotation": {"angle": 0, "axis": "y", "origin": [0, 0, 8]},
			"faces": {
				"north": {"uv": [9, 9.625, 8.875, 9.75], "texture": "#0"},
				"east": {"uv": [8.875, 9.625, 9, 9.75], "texture": "#0"},
				"south": {"uv": [8.875, 9.625, 9, 9.75], "texture": "#0"},
				"west": {"uv": [8.875, 9.625, 9, 9.75], "texture": "#0"},
				"down": {"uv": [8.875, 9.625, 9, 9.75], "texture": "#0"}
			}
		},
		{
			"name": "ex1_11",
			"from": [7.5, 5.5, 7.9],
			"to": [7.625, 6.25, 8.225],
			"rotation": {"angle": 0, "axis": "y", "origin": [0, 0, 8]},
			"faces": {
				"north": {"uv": [7.625, 9.75, 7.5, 10.5], "texture": "#0"},
				"east": {"uv": [7.5, 9.75, 7.625, 10.5], "texture": "#0"},
				"south": {"uv": [7.5, 9.75, 7.625, 10.5], "texture": "#0"},
				"west": {"uv": [7.5, 9.75, 7.625, 10.5], "texture": "#0"},
				"up": {"uv": [7.5, 9.75, 7.625, 9.875], "texture": "#0"}
			}
		},
		{
			"name": "ex1_12",
			"from": [8.5, 5.5, 7.9],
			"to": [8.625, 6.25, 8.225],
			"rotation": {"angle": 0, "axis": "y", "origin": [0, 0, 8]},
			"faces": {
				"north": {"uv": [8.625, 9.75, 8.5, 10.5], "texture": "#0"},
				"east": {"uv": [8.5, 9.75, 8.625, 10.5], "texture": "#0"},
				"south": {"uv": [8.5, 9.75, 8.625, 10.5], "texture": "#0"},
				"west": {"uv": [8.5, 9.75, 8.625, 10.5], "texture": "#0"},
				"up": {"uv": [8.5, 9.75, 8.625, 9.875], "texture": "#0"}
			}
		},
		{
			"name": "ex1_13",
			"from": [6.75, 5.875, 7.9],
			"to": [6.875, 6.125, 8.225],
			"rotation": {"angle": 0, "axis": "y", "origin": [0, 0, 8]},
			"faces": {
				"north": {"uv": [6.875, 9.875, 6.75, 10.125], "texture": "#0"},
				"east": {"uv": [6.75, 9.875, 6.875, 10.125], "texture": "#0"},
				"south": {"uv": [6.75, 9.875, 6.875, 10.125], "texture": "#0"},
				"west": {"uv": [6.75, 9.875, 6.875, 10.125], "texture": "#0"},
				"up": {"uv": [6.75, 9.875, 6.875, 10], "texture": "#0"},
				"down": {"uv": [6.75, 10, 6.875, 10.125], "texture": "#0"}
			}
		},
		{
			"name": "ex1_14",
			"from": [9.25, 5.875, 7.9],
			"to": [9.375, 6.125, 8.225],
			"rotation": {"angle": 0, "axis": "y", "origin": [0, 0, 8]},
			"faces": {
				"north": {"uv": [9.375, 9.875, 9.25, 10.125], "texture": "#0"},
				"east": {"uv": [9.25, 9.875, 9.375, 10.125], "texture": "#0"},
				"south": {"uv": [9.25, 9.875, 9.375, 10.125], "texture": "#0"},
				"west": {"uv": [9.25, 9.875, 9.375, 10.125], "texture": "#0"},
				"up": {"uv": [9.25, 9.875, 9.375, 10], "texture": "#0"},
				"down": {"uv": [9.25, 10, 9.375, 10.125], "texture": "#0"}
			}
		},
		{
			"name": "ex1_15",
			"from": [6.625, 5.875, 7.9],
			"to": [6.75, 6, 8.225],
			"rotation": {"angle": 0, "axis": "y", "origin": [0, 0, 8]},
			"faces": {
				"north": {"uv": [6.75, 10, 6.625, 10.125], "texture": "#0"},
				"south": {"uv": [6.625, 10, 6.75, 10.125], "texture": "#0"},
				"west": {"uv": [6.625, 10, 6.75, 10.125], "texture": "#0"},
				"up": {"uv": [6.625, 10, 6.75, 10.125], "texture": "#0"},
				"down": {"uv": [6.625, 10, 6.75, 10.125], "texture": "#0"}
			}
		},
		{
			"name": "ex1_16",
			"from": [6.875, 5.75, 7.9],
			"to": [7.25, 6, 8.225],
			"rotation": {"angle": 0, "axis": "y", "origin": [0, 0, 8]},
			"faces": {
				"north": {"uv": [7.25, 10, 6.875, 10.25], "texture": "#0"},
				"east": {"uv": [7.125, 10, 7.25, 10.25], "texture": "#0"},
				"south": {"uv": [6.875, 10, 7.25, 10.25], "texture": "#0"},
				"west": {"uv": [6.875, 10, 7, 10.25], "texture": "#0"},
				"up": {"uv": [6.875, 10, 7.25, 10.125], "texture": "#0"},
				"down": {"uv": [6.875, 10.125, 7.25, 10.25], "texture": "#0"}
			}
		},
		{
			"name": "ex1_17",
			"from": [7.375, 5.5, 7.9],
			"to": [7.5, 6, 8.225],
			"rotation": {"angle": 0, "axis": "y", "origin": [0, 0, 8]},
			"faces": {
				"north": {"uv": [7.5, 10, 7.375, 10.5], "texture": "#0"},
				"south": {"uv": [7.375, 10, 7.5, 10.5], "texture": "#0"},
				"west": {"uv": [7.375, 10, 7.5, 10.5], "texture": "#0"},
				"up": {"uv": [7.375, 10, 7.5, 10.125], "texture": "#0"},
				"down": {"uv": [7.375, 10.375, 7.5, 10.5], "texture": "#0"}
			}
		},
		{
			"name": "ex1_18",
			"from": [7.625, 5.5, 7.9],
			"to": [7.75, 6, 8.225],
			"rotation": {"angle": 0, "axis": "y", "origin": [0, 0, 8]},
			"faces": {
				"north": {"uv": [7.75, 10, 7.625, 10.5], "texture": "#0"},
				"south": {"uv": [7.625, 10, 7.75, 10.5], "texture": "#0"},
				"up": {"uv": [7.625, 10, 7.75, 10.125], "texture": "#0"}
			}
		},
		{
			"name": "ex1_19",
			"from": [8.375, 5.5, 7.9],
			"to": [8.5, 6, 8.225],
			"rotation": {"angle": 0, "axis": "y", "origin": [0, 0, 8]},
			"faces": {
				"north": {"uv": [8.5, 10, 8.375, 10.5], "texture": "#0"},
				"south": {"uv": [8.375, 10, 8.5, 10.5], "texture": "#0"},
				"up": {"uv": [8.375, 10, 8.5, 10.125], "texture": "#0"}
			}
		},
		{
			"name": "ex1_20",
			"from": [8.625, 5.5, 7.9],
			"to": [8.75, 6, 8.225],
			"rotation": {"angle": 0, "axis": "y", "origin": [0, 0, 8]},
			"faces": {
				"north": {"uv": [8.75, 10, 8.625, 10.5], "texture": "#0"},
				"east": {"uv": [8.625, 10, 8.75, 10.5], "texture": "#0"},
				"south": {"uv": [8.625, 10, 8.75, 10.5], "texture": "#0"},
				"up": {"uv": [8.625, 10, 8.75, 10.125], "texture": "#0"},
				"down": {"uv": [8.625, 10.375, 8.75, 10.5], "texture": "#0"}
			}
		},
		{
			"name": "ex1_21",
			"from": [8.875, 5.75, 7.9],
			"to": [9.25, 6, 8.225],
			"rotation": {"angle": 0, "axis": "y", "origin": [0, 0, 8]},
			"faces": {
				"north": {"uv": [9.25, 10, 8.875, 10.25], "texture": "#0"},
				"east": {"uv": [9.125, 10, 9.25, 10.25], "texture": "#0"},
				"south": {"uv": [8.875, 10, 9.25, 10.25], "texture": "#0"},
				"west": {"uv": [8.875, 10, 9, 10.25], "texture": "#0"},
				"up": {"uv": [8.875, 10, 9.25, 10.125], "texture": "#0"},
				"down": {"uv": [8.875, 10.125, 9.25, 10.25], "texture": "#0"}
			}
		},
		{
			"name": "ex1_22",
			"from": [9.375, 5.875, 7.9],
			"to": [9.5, 6, 8.225],
			"rotation": {"angle": 0, "axis": "y", "origin": [0, 0, 8]},
			"faces": {
				"north": {"uv": [9.5, 10, 9.375, 10.125], "texture": "#0"},
				"east": {"uv": [9.375, 10, 9.5, 10.125], "texture": "#0"},
				"south": {"uv": [9.375, 10, 9.5, 10.125], "texture": "#0"},
				"up": {"uv": [9.375, 10, 9.5, 10.125], "texture": "#0"},
				"down": {"uv": [9.375, 10, 9.5, 10.125], "texture": "#0"}
			}
		},
		{
			"name": "ex1_23",
			"from": [7.25, 5.5, 7.9],
			"to": [7.375, 5.875, 8.225],
			"rotation": {"angle": 0, "axis": "y", "origin": [0, 0, 8]},
			"faces": {
				"north": {"uv": [7.375, 10.125, 7.25, 10.5], "texture": "#0"},
				"south": {"uv": [7.25, 10.125, 7.375, 10.5], "texture": "#0"},
				"up": {"uv": [7.25, 10.125, 7.375, 10.25], "texture": "#0"},
				"down": {"uv": [7.25, 10.375, 7.375, 10.5], "texture": "#0"}
			}
		},
		{
			"name": "ex1_24",
			"from": [8.75, 5.5, 7.9],
			"to": [8.875, 5.875, 8.225],
			"rotation": {"angle": 0, "axis": "y", "origin": [0, 0, 8]},
			"faces": {
				"north": {"uv": [8.875, 10.125, 8.75, 10.5], "texture": "#0"},
				"south": {"uv": [8.75, 10.125, 8.875, 10.5], "texture": "#0"},
				"up": {"uv": [8.75, 10.125, 8.875, 10.25], "texture": "#0"},
				"down": {"uv": [8.75, 10.375, 8.875, 10.5], "texture": "#0"}
			}
		},
		{
			"name": "ex1_25",
			"from": [7, 5.375, 7.9],
			"to": [7.25, 5.75, 8.225],
			"rotation": {"angle": 0, "axis": "y", "origin": [0, 0, 8]},
			"faces": {
				"north": {"uv": [7.25, 10.25, 7, 10.625], "texture": "#0"},
				"east": {"uv": [7.125, 10.25, 7.25, 10.625], "texture": "#0"},
				"south": {"uv": [7, 10.25, 7.25, 10.625], "texture": "#0"},
				"west": {"uv": [7, 10.25, 7.125, 10.625], "texture": "#0"},
				"down": {"uv": [7, 10.5, 7.25, 10.625], "texture": "#0"}
			}
		},
		{
			"name": "ex1_26",
			"from": [8.875, 5.375, 7.9],
			"to": [9.125, 5.75, 8.225],
			"rotation": {"angle": 0, "axis": "y", "origin": [0, 0, 8]},
			"faces": {
				"north": {"uv": [9.125, 10.25, 8.875, 10.625], "texture": "#0"},
				"east": {"uv": [9, 10.25, 9.125, 10.625], "texture": "#0"},
				"south": {"uv": [8.875, 10.25, 9.125, 10.625], "texture": "#0"},
				"west": {"uv": [8.875, 10.25, 9, 10.625], "texture": "#0"},
				"down": {"uv": [8.875, 10.5, 9.125, 10.625], "texture": "#0"}
			}
		},
		{
			"name": "ex1_27",
			"from": [6.875, 5.375, 7.9],
			"to": [7, 5.625, 8.225],
			"rotation": {"angle": 0, "axis": "y", "origin": [0, 0, 8]},
			"faces": {
				"north": {"uv": [7, 10.375, 6.875, 10.625], "texture": "#0"},
				"south": {"uv": [6.875, 10.375, 7, 10.625], "texture": "#0"},
				"west": {"uv": [6.875, 10.375, 7, 10.625], "texture": "#0"},
				"up": {"uv": [6.875, 10.375, 7, 10.5], "texture": "#0"},
				"down": {"uv": [6.875, 10.5, 7, 10.625], "texture": "#0"}
			}
		},
		{
			"name": "ex1_28",
			"from": [9.125, 5.375, 7.9],
			"to": [9.25, 5.625, 8.225],
			"rotation": {"angle": 0, "axis": "y", "origin": [0, 0, 8]},
			"faces": {
				"north": {"uv": [9.25, 10.375, 9.125, 10.625], "texture": "#0"},
				"east": {"uv": [9.125, 10.375, 9.25, 10.625], "texture": "#0"},
				"south": {"uv": [9.125, 10.375, 9.25, 10.625], "texture": "#0"},
				"up": {"uv": [9.125, 10.375, 9.25, 10.5], "texture": "#0"},
				"down": {"uv": [9.125, 10.5, 9.25, 10.625], "texture": "#0"}
			}
		},
		{
			"name": "ex1_29",
			"from": [6.625, 5.375, 7.9],
			"to": [6.875, 5.5, 8.225],
			"rotation": {"angle": 0, "axis": "y", "origin": [0, 0, 8]},
			"faces": {
				"north": {"uv": [6.875, 10.5, 6.625, 10.625], "texture": "#0"},
				"south": {"uv": [6.625, 10.5, 6.875, 10.625], "texture": "#0"},
				"west": {"uv": [6.625, 10.5, 6.75, 10.625], "texture": "#0"},
				"up": {"uv": [6.625, 10.5, 6.875, 10.625], "texture": "#0"},
				"down": {"uv": [6.625, 10.5, 6.875, 10.625], "texture": "#0"}
			}
		},
		{
			"name": "ex1_30",
			"from": [9.25, 5.375, 7.9],
			"to": [9.5, 5.5, 8.225],
			"rotation": {"angle": 0, "axis": "y", "origin": [0, 0, 8]},
			"faces": {
				"north": {"uv": [9.5, 10.5, 9.25, 10.625], "texture": "#0"},
				"east": {"uv": [9.375, 10.5, 9.5, 10.625], "texture": "#0"},
				"south": {"uv": [9.25, 10.5, 9.5, 10.625], "texture": "#0"},
				"up": {"uv": [9.25, 10.5, 9.5, 10.625], "texture": "#0"},
				"down": {"uv": [9.25, 10.5, 9.5, 10.625], "texture": "#0"}
			}
		},
		{
			"name": "ex1_31",
			"from": [6.75, 5.25, 7.9],
			"to": [6.875, 5.375, 8.225],
			"rotation": {"angle": 0, "axis": "y", "origin": [0, 0, 8]},
			"faces": {
				"north": {"uv": [6.875, 10.625, 6.75, 10.75], "texture": "#0"},
				"east": {"uv": [6.75, 10.625, 6.875, 10.75], "texture": "#0"},
				"south": {"uv": [6.75, 10.625, 6.875, 10.75], "texture": "#0"},
				"west": {"uv": [6.75, 10.625, 6.875, 10.75], "texture": "#0"},
				"down": {"uv": [6.75, 10.625, 6.875, 10.75], "texture": "#0"}
			}
		},
		{
			"name": "ex1_32",
			"from": [7.875, 3.75, 7.9],
			"to": [8.25, 5.375, 8.225],
			"rotation": {"angle": 0, "axis": "y", "origin": [0, 0, 8]},
			"faces": {
				"north": {"uv": [8.25, 10.625, 7.875, 12.25], "texture": "#0"},
				"east": {"uv": [8.125, 10.625, 8.25, 12.25], "texture": "#0"},
				"south": {"uv": [7.875, 10.625, 8.25, 12.25], "texture": "#0"},
				"west": {"uv": [7.875, 10.625, 8, 12.25], "texture": "#0"}
			}
		},
		{
			"name": "ex1_33",
			"from": [9.25, 5.25, 7.9],
			"to": [9.375, 5.375, 8.225],
			"rotation": {"angle": 0, "axis": "y", "origin": [0, 0, 8]},
			"faces": {
				"north": {"uv": [9.375, 10.625, 9.25, 10.75], "texture": "#0"},
				"east": {"uv": [9.25, 10.625, 9.375, 10.75], "texture": "#0"},
				"south": {"uv": [9.25, 10.625, 9.375, 10.75], "texture": "#0"},
				"west": {"uv": [9.25, 10.625, 9.375, 10.75], "texture": "#0"},
				"down": {"uv": [9.25, 10.625, 9.375, 10.75], "texture": "#0"}
			}
		},
		{
			"name": "ex1_34",
			"from": [7.875, 2.375, 7.9],
			"to": [8.25, 3.5, 8.225],
			"rotation": {"angle": 0, "axis": "y", "origin": [0, 0, 8]},
			"faces": {
				"north": {"uv": [8.25, 12.5, 7.875, 13.625], "texture": "#0"},
				"east": {"uv": [8.125, 12.5, 8.25, 13.625], "texture": "#0"},
				"south": {"uv": [7.875, 12.5, 8.25, 13.625], "texture": "#0"},
				"west": {"uv": [7.875, 12.5, 8, 13.625], "texture": "#0"}
			}
		},
		{
			"name": "ex1_35",
			"from": [7.875, 2, 7.95],
			"to": [8.25, 2.125, 8.175],
			"rotation": {"angle": 0, "axis": "y", "origin": [0, 0, 8]},
			"faces": {
				"north": {"uv": [8.25, 13.875, 7.875, 14], "texture": "#0"},
				"east": {"uv": [8.125, 13.875, 8.25, 14], "texture": "#0"},
				"south": {"uv": [7.875, 13.875, 8.25, 14], "texture": "#0"},
				"west": {"uv": [7.875, 13.875, 8, 14], "texture": "#0"}
			}
		},
		{
			"name": "ex1_36",
			"from": [7.375, 1.375, 7.95],
			"to": [7.5, 1.875, 8.175],
			"rotation": {"angle": 0, "axis": "y", "origin": [0, 0, 8]},
			"faces": {
				"north": {"uv": [7.5, 14.125, 7.375, 14.625], "texture": "#0"},
				"east": {"uv": [7.375, 14.125, 7.5, 14.625], "texture": "#0"},
				"south": {"uv": [7.375, 14.125, 7.5, 14.625], "texture": "#0"},
				"west": {"uv": [7.375, 14.125, 7.5, 14.625], "texture": "#0"},
				"up": {"uv": [7.375, 14.125, 7.5, 14.25], "texture": "#0"},
				"down": {"uv": [7.375, 14.5, 7.5, 14.625], "texture": "#0"}
			}
		},
		{
			"name": "ex1_37",
			"from": [8.625, 1.375, 7.95],
			"to": [8.75, 1.875, 8.175],
			"rotation": {"angle": 0, "axis": "y", "origin": [0, 0, 8]},
			"faces": {
				"north": {"uv": [8.75, 14.125, 8.625, 14.625], "texture": "#0"},
				"east": {"uv": [8.625, 14.125, 8.75, 14.625], "texture": "#0"},
				"south": {"uv": [8.625, 14.125, 8.75, 14.625], "texture": "#0"},
				"west": {"uv": [8.625, 14.125, 8.75, 14.625], "texture": "#0"},
				"up": {"uv": [8.625, 14.125, 8.75, 14.25], "texture": "#0"},
				"down": {"uv": [8.625, 14.5, 8.75, 14.625], "texture": "#0"}
			}
		},
		{
			"name": "ex1_38",
			"from": [7.25, 1.5, 7.95],
			"to": [7.375, 1.75, 8.175],
			"rotation": {"angle": 0, "axis": "y", "origin": [0, 0, 8]},
			"faces": {
				"north": {"uv": [7.375, 14.25, 7.25, 14.5], "texture": "#0"},
				"south": {"uv": [7.25, 14.25, 7.375, 14.5], "texture": "#0"},
				"west": {"uv": [7.25, 14.25, 7.375, 14.5], "texture": "#0"},
				"up": {"uv": [7.25, 14.25, 7.375, 14.375], "texture": "#0"},
				"down": {"uv": [7.25, 14.375, 7.375, 14.5], "texture": "#0"}
			}
		},
		{
			"name": "ex1_39",
			"from": [7.5, 1.5, 7.95],
			"to": [7.625, 1.75, 8.175],
			"rotation": {"angle": 0, "axis": "y", "origin": [0, 0, 8]},
			"faces": {
				"north": {"uv": [7.625, 14.25, 7.5, 14.5], "texture": "#0"},
				"south": {"uv": [7.5, 14.25, 7.625, 14.5], "texture": "#0"},
				"up": {"uv": [7.5, 14.25, 7.625, 14.375], "texture": "#0"},
				"down": {"uv": [7.5, 14.375, 7.625, 14.5], "texture": "#0"}
			}
		},
		{
			"name": "ex1_40",
			"from": [8.5, 1.5, 7.95],
			"to": [8.625, 1.75, 8.175],
			"rotation": {"angle": 0, "axis": "y", "origin": [0, 0, 8]},
			"faces": {
				"north": {"uv": [8.625, 14.25, 8.5, 14.5], "texture": "#0"},
				"south": {"uv": [8.5, 14.25, 8.625, 14.5], "texture": "#0"},
				"up": {"uv": [8.5, 14.25, 8.625, 14.375], "texture": "#0"},
				"down": {"uv": [8.5, 14.375, 8.625, 14.5], "texture": "#0"}
			}
		},
		{
			"name": "ex1_41",
			"from": [8.75, 1.5, 7.95],
			"to": [8.875, 1.75, 8.175],
			"rotation": {"angle": 0, "axis": "y", "origin": [0, 0, 8]},
			"faces": {
				"north": {"uv": [8.875, 14.25, 8.75, 14.5], "texture": "#0"},
				"east": {"uv": [8.75, 14.25, 8.875, 14.5], "texture": "#0"},
				"south": {"uv": [8.75, 14.25, 8.875, 14.5], "texture": "#0"},
				"up": {"uv": [8.75, 14.25, 8.875, 14.375], "texture": "#0"},
				"down": {"uv": [8.75, 14.375, 8.875, 14.5], "texture": "#0"}
			}
		},
		{
			"name": "ex1_42",
			"from": [8, 0.5, 7.95],
			"to": [8.125, 1.125, 8.175],
			"rotation": {"angle": 0, "axis": "y", "origin": [0, 0, 8]},
			"faces": {
				"north": {"uv": [8.125, 14.875, 8, 15.5], "texture": "#0"},
				"east": {"uv": [8, 14.875, 8.125, 15.5], "texture": "#0"},
				"south": {"uv": [8, 14.875, 8.125, 15.5], "texture": "#0"},
				"west": {"uv": [8, 14.875, 8.125, 15.5], "texture": "#0"},
				"down": {"uv": [8, 15.375, 8.125, 15.5], "texture": "#0"}
			}
		},
		{
			"name": "ex1_43",
			"from": [7.875, 0.875, 7.95],
			"to": [8, 1, 8.175],
			"rotation": {"angle": 0, "axis": "y", "origin": [0, 0, 8]},
			"faces": {
				"north": {"uv": [8, 15, 7.875, 15.125], "texture": "#0"},
				"south": {"uv": [7.875, 15, 8, 15.125], "texture": "#0"},
				"west": {"uv": [7.875, 15, 8, 15.125], "texture": "#0"},
				"up": {"uv": [7.875, 15, 8, 15.125], "texture": "#0"},
				"down": {"uv": [7.875, 15, 8, 15.125], "texture": "#0"}
			}
		},
		{
			"name": "ex1_44",
			"from": [8.125, 0.875, 7.95],
			"to": [8.25, 1, 8.175],
			"rotation": {"angle": 0, "axis": "y", "origin": [0, 0, 8]},
			"faces": {
				"north": {"uv": [8.25, 15, 8.125, 15.125], "texture": "#0"},
				"east": {"uv": [8.125, 15, 8.25, 15.125], "texture": "#0"},
				"south": {"uv": [8.125, 15, 8.25, 15.125], "texture": "#0"},
				"up": {"uv": [8.125, 15, 8.25, 15.125], "texture": "#0"},
				"down": {"uv": [8.125, 15, 8.25, 15.125], "texture": "#0"}
			}
		},
		{
			"name": "ex2_0",
			"from": [8, 14.5, 8],
			"to": [8.125, 15.125, 8.125],
			"rotation": {"angle": 0, "axis": "y", "origin": [0, 0, 8]},
			"faces": {
				"north": {"uv": [8.125, 0.875, 8, 1.5], "texture": "#0"},
				"east": {"uv": [8, 0.875, 8.125, 1.5], "texture": "#0"},
				"south": {"uv": [8, 0.875, 8.125, 1.5], "texture": "#0"},
				"west": {"uv": [8, 0.875, 8.125, 1.5], "texture": "#0"},
				"up": {"uv": [8, 0.875, 8.125, 1], "texture": "#0"}
			}
		},
		{
			"name": "ex2_1",
			"from": [7.875, 14.125, 8],
			"to": [8, 14.5, 8.125],
			"rotation": {"angle": 0, "axis": "y", "origin": [0, 0, 8]},
			"faces": {
				"north": {"uv": [8, 1.5, 7.875, 1.875], "texture": "#0"},
				"south": {"uv": [7.875, 1.5, 8, 1.875], "texture": "#0"},
				"west": {"uv": [7.875, 1.5, 8, 1.875], "texture": "#0"},
				"up": {"uv": [7.875, 1.5, 8, 1.625], "texture": "#0"}
			}
		},
		{
			"name": "ex2_2",
			"from": [8.125, 14.125, 8],
			"to": [8.25, 14.5, 8.125],
			"rotation": {"angle": 0, "axis": "y", "origin": [0, 0, 8]},
			"faces": {
				"north": {"uv": [8.25, 1.5, 8.125, 1.875], "texture": "#0"},
				"east": {"uv": [8.125, 1.5, 8.25, 1.875], "texture": "#0"},
				"south": {"uv": [8.125, 1.5, 8.25, 1.875], "texture": "#0"},
				"up": {"uv": [8.125, 1.5, 8.25, 1.625], "texture": "#0"}
			}
		},
		{
			"name": "ex2_3",
			"from": [7.75, 13.5, 8],
			"to": [7.875, 14.125, 8.125],
			"rotation": {"angle": 0, "axis": "y", "origin": [0, 0, 8]},
			"faces": {
				"north": {"uv": [7.875, 1.875, 7.75, 2.5], "texture": "#0"},
				"south": {"uv": [7.75, 1.875, 7.875, 2.5], "texture": "#0"},
				"west": {"uv": [7.75, 1.875, 7.875, 2.5], "texture": "#0"},
				"up": {"uv": [7.75, 1.875, 7.875, 2], "texture": "#0"}
			}
		},
		{
			"name": "ex2_4",
			"from": [8.25, 13.5, 8],
			"to": [8.375, 14.125, 8.125],
			"rotation": {"angle": 0, "axis": "y", "origin": [0, 0, 8]},
			"faces": {
				"north": {"uv": [8.375, 1.875, 8.25, 2.5], "texture": "#0"},
				"east": {"uv": [8.25, 1.875, 8.375, 2.5], "texture": "#0"},
				"south": {"uv": [8.25, 1.875, 8.375, 2.5], "texture": "#0"},
				"up": {"uv": [8.25, 1.875, 8.375, 2], "texture": "#0"}
			}
		},
		{
			"name": "ex2_5",
			"from": [7.625, 7.125, 8],
			"to": [7.75, 13.5, 8.125],
			"rotation": {"angle": 0, "axis": "y", "origin": [0, 0, 8]},
			"faces": {
				"north": {"uv": [7.75, 2.5, 7.625, 8.875], "texture": "#0"},
				"south": {"uv": [7.625, 2.5, 7.75, 8.875], "texture": "#0"},
				"west": {"uv": [7.625, 2.5, 7.75, 8.875], "texture": "#0"},
				"up": {"uv": [7.625, 2.5, 7.75, 2.625], "texture": "#0"}
			}
		},
		{
			"name": "ex2_6",
			"from": [8.375, 7.125, 8],
			"to": [8.5, 13.5, 8.125],
			"rotation": {"angle": 0, "axis": "y", "origin": [0, 0, 8]},
			"faces": {
				"north": {"uv": [8.5, 2.5, 8.375, 8.875], "texture": "#0"},
				"east": {"uv": [8.375, 2.5, 8.5, 8.875], "texture": "#0"},
				"south": {"uv": [8.375, 2.5, 8.5, 8.875], "texture": "#0"},
				"up": {"uv": [8.375, 2.5, 8.5, 2.625], "texture": "#0"}
			}
		},
		{
			"name": "ex2_7",
			"from": [7.5, 6.625, 8],
			"to": [7.625, 7.125, 8.125],
			"rotation": {"angle": 0, "axis": "y", "origin": [0, 0, 8]},
			"faces": {
				"north": {"uv": [7.625, 8.875, 7.5, 9.375], "texture": "#0"},
				"south": {"uv": [7.5, 8.875, 7.625, 9.375], "texture": "#0"},
				"west": {"uv": [7.5, 8.875, 7.625, 9.375], "texture": "#0"},
				"up": {"uv": [7.5, 8.875, 7.625, 9], "texture": "#0"}
			}
		},
		{
			"name": "ex2_8",
			"from": [8.5, 6.625, 8],
			"to": [8.625, 7.125, 8.125],
			"rotation": {"angle": 0, "axis": "y", "origin": [0, 0, 8]},
			"faces": {
				"north": {"uv": [8.625, 8.875, 8.5, 9.375], "texture": "#0"},
				"east": {"uv": [8.5, 8.875, 8.625, 9.375], "texture": "#0"},
				"south": {"uv": [8.5, 8.875, 8.625, 9.375], "texture": "#0"},
				"up": {"uv": [8.5, 8.875, 8.625, 9], "texture": "#0"}
			}
		},
		{
			"name": "ex2_9",
			"from": [7.375, 6.375, 8],
			"to": [7.5, 6.625, 8.125],
			"rotation": {"angle": 0, "axis": "y", "origin": [0, 0, 8]},
			"faces": {
				"north": {"uv": [7.5, 9.375, 7.375, 9.625], "texture": "#0"},
				"south": {"uv": [7.375, 9.375, 7.5, 9.625], "texture": "#0"},
				"west": {"uv": [7.375, 9.375, 7.5, 9.625], "texture": "#0"},
				"up": {"uv": [7.375, 9.375, 7.5, 9.5], "texture": "#0"}
			}
		},
		{
			"name": "ex2_10",
			"from": [8.625, 6.375, 8],
			"to": [8.75, 6.625, 8.125],
			"rotation": {"angle": 0, "axis": "y", "origin": [0, 0, 8]},
			"faces": {
				"north": {"uv": [8.75, 9.375, 8.625, 9.625], "texture": "#0"},
				"east": {"uv": [8.625, 9.375, 8.75, 9.625], "texture": "#0"},
				"south": {"uv": [8.625, 9.375, 8.75, 9.625], "texture": "#0"},
				"up": {"uv": [8.625, 9.375, 8.75, 9.5], "texture": "#0"}
			}
		},
		{
			"name": "ex2_11",
			"from": [8, 5.375, 7.85],
			"to": [8.125, 6.25, 8.275],
			"rotation": {"angle": 0, "axis": "y", "origin": [0, 0, 8]},
			"faces": {
				"north": {"uv": [8.125, 9.75, 8, 10.625], "texture": "#0"},
				"east": {"uv": [8, 9.75, 8.125, 10.625], "texture": "#0"},
				"south": {"uv": [8, 9.75, 8.125, 10.625], "texture": "#0"},
				"west": {"uv": [8, 9.75, 8.125, 10.625], "texture": "#0"},
				"up": {"uv": [8, 9.75, 8.125, 9.875], "texture": "#0"},
				"down": {"uv": [8, 10.5, 8.125, 10.625], "texture": "#0"}
			}
		},
		{
			"name": "ex2_12",
			"from": [7.875, 5.375, 7.85],
			"to": [8, 5.875, 8.275],
			"rotation": {"angle": 0, "axis": "y", "origin": [0, 0, 8]},
			"faces": {
				"north": {"uv": [8, 10.125, 7.875, 10.625], "texture": "#0"},
				"south": {"uv": [7.875, 10.125, 8, 10.625], "texture": "#0"},
				"west": {"uv": [7.875, 10.125, 8, 10.625], "texture": "#0"},
				"up": {"uv": [7.875, 10.125, 8, 10.25], "texture": "#0"},
				"down": {"uv": [7.875, 10.5, 8, 10.625], "texture": "#0"}
			}
		},
		{
			"name": "ex2_13",
			"from": [8.125, 5.375, 7.85],
			"to": [8.25, 5.875, 8.275],
			"rotation": {"angle": 0, "axis": "y", "origin": [0, 0, 8]},
			"faces": {
				"north": {"uv": [8.25, 10.125, 8.125, 10.625], "texture": "#0"},
				"east": {"uv": [8.125, 10.125, 8.25, 10.625], "texture": "#0"},
				"south": {"uv": [8.125, 10.125, 8.25, 10.625], "texture": "#0"},
				"up": {"uv": [8.125, 10.125, 8.25, 10.25], "texture": "#0"},
				"down": {"uv": [8.125, 10.5, 8.25, 10.625], "texture": "#0"}
			}
		},
		{
			"name": "ex2_14",
			"from": [7.75, 5.375, 7.85],
			"to": [7.875, 5.625, 8.275],
			"rotation": {"angle": 0, "axis": "y", "origin": [0, 0, 8]},
			"faces": {
				"north": {"uv": [7.875, 10.375, 7.75, 10.625], "texture": "#0"},
				"south": {"uv": [7.75, 10.375, 7.875, 10.625], "texture": "#0"},
				"west": {"uv": [7.75, 10.375, 7.875, 10.625], "texture": "#0"},
				"up": {"uv": [7.75, 10.375, 7.875, 10.5], "texture": "#0"},
				"down": {"uv": [7.75, 10.5, 7.875, 10.625], "texture": "#0"}
			}
		},
		{
			"name": "ex2_15",
			"from": [8.25, 5.375, 7.85],
			"to": [8.375, 5.625, 8.275],
			"rotation": {"angle": 0, "axis": "y", "origin": [0, 0, 8]},
			"faces": {
				"north": {"uv": [8.375, 10.375, 8.25, 10.625], "texture": "#0"},
				"east": {"uv": [8.25, 10.375, 8.375, 10.625], "texture": "#0"},
				"south": {"uv": [8.25, 10.375, 8.375, 10.625], "texture": "#0"},
				"up": {"uv": [8.25, 10.375, 8.375, 10.5], "texture": "#0"},
				"down": {"uv": [8.25, 10.5, 8.375, 10.625], "texture": "#0"}
			}
		},
		{
			"name": "ex2_16",
			"from": [7.25, 5.125, 8],
			"to": [7.375, 5.5, 8.125],
			"rotation": {"angle": 0, "axis": "y", "origin": [0, 0, 8]},
			"faces": {
				"north": {"uv": [7.375, 10.5, 7.25, 10.875], "texture": "#0"},
				"east": {"uv": [7.25, 10.5, 7.375, 10.875], "texture": "#0"},
				"south": {"uv": [7.25, 10.5, 7.375, 10.875], "texture": "#0"},
				"west": {"uv": [7.25, 10.5, 7.375, 10.875], "texture": "#0"},
				"down": {"uv": [7.25, 10.75, 7.375, 10.875], "texture": "#0"}
			}
		},
		{
			"name": "ex2_17",
			"from": [7.5, 5.375, 7.85],
			"to": [7.75, 5.5, 8.275],
			"rotation": {"angle": 0, "axis": "y", "origin": [0, 0, 8]},
			"faces": {
				"north": {"uv": [7.75, 10.5, 7.5, 10.625], "texture": "#0"},
				"south": {"uv": [7.5, 10.5, 7.75, 10.625], "texture": "#0"},
				"west": {"uv": [7.5, 10.5, 7.625, 10.625], "texture": "#0"},
				"up": {"uv": [7.5, 10.5, 7.75, 10.625], "texture": "#0"},
				"down": {"uv": [7.5, 10.5, 7.75, 10.625], "texture": "#0"}
			}
		},
		{
			"name": "ex2_18",
			"from": [8.375, 5.375, 7.85],
			"to": [8.625, 5.5, 8.275],
			"rotation": {"angle": 0, "axis": "y", "origin": [0, 0, 8]},
			"faces": {
				"north": {"uv": [8.625, 10.5, 8.375, 10.625], "texture": "#0"},
				"east": {"uv": [8.5, 10.5, 8.625, 10.625], "texture": "#0"},
				"south": {"uv": [8.375, 10.5, 8.625, 10.625], "texture": "#0"},
				"up": {"uv": [8.375, 10.5, 8.625, 10.625], "texture": "#0"},
				"down": {"uv": [8.375, 10.5, 8.625, 10.625], "texture": "#0"}
			}
		},
		{
			"name": "ex2_19",
			"from": [8.75, 5.125, 8],
			"to": [8.875, 5.5, 8.125],
			"rotation": {"angle": 0, "axis": "y", "origin": [0, 0, 8]},
			"faces": {
				"north": {"uv": [8.875, 10.5, 8.75, 10.875], "texture": "#0"},
				"east": {"uv": [8.75, 10.5, 8.875, 10.875], "texture": "#0"},
				"south": {"uv": [8.75, 10.5, 8.875, 10.875], "texture": "#0"},
				"west": {"uv": [8.75, 10.5, 8.875, 10.875], "texture": "#0"},
				"down": {"uv": [8.75, 10.75, 8.875, 10.875], "texture": "#0"}
			}
		},
		{
			"name": "ex2_20",
			"from": [7.5, 5.25, 7.85],
			"to": [7.625, 5.375, 8.275],
			"rotation": {"angle": 0, "axis": "y", "origin": [0, 0, 8]},
			"faces": {
				"north": {"uv": [7.625, 10.625, 7.5, 10.75], "texture": "#0"},
				"east": {"uv": [7.5, 10.625, 7.625, 10.75], "texture": "#0"},
				"south": {"uv": [7.5, 10.625, 7.625, 10.75], "texture": "#0"},
				"west": {"uv": [7.5, 10.625, 7.625, 10.75], "texture": "#0"},
				"down": {"uv": [7.5, 10.625, 7.625, 10.75], "texture": "#0"}
			}
		},
		{
			"name": "ex2_21",
			"from": [8.5, 5.25, 7.85],
			"to": [8.625, 5.375, 8.275],
			"rotation": {"angle": 0, "axis": "y", "origin": [0, 0, 8]},
			"faces": {
				"north": {"uv": [8.625, 10.625, 8.5, 10.75], "texture": "#0"},
				"east": {"uv": [8.5, 10.625, 8.625, 10.75], "texture": "#0"},
				"south": {"uv": [8.5, 10.625, 8.625, 10.75], "texture": "#0"},
				"west": {"uv": [8.5, 10.625, 8.625, 10.75], "texture": "#0"},
				"down": {"uv": [8.5, 10.625, 8.625, 10.75], "texture": "#0"}
			}
		},
		{
			"name": "ex2_22",
			"from": [7.375, 4.875, 8],
			"to": [7.5, 5.125, 8.125],
			"rotation": {"angle": 0, "axis": "y", "origin": [0, 0, 8]},
			"faces": {
				"north": {"uv": [7.5, 10.875, 7.375, 11.125], "texture": "#0"},
				"east": {"uv": [7.375, 10.875, 7.5, 11.125], "texture": "#0"},
				"south": {"uv": [7.375, 10.875, 7.5, 11.125], "texture": "#0"},
				"west": {"uv": [7.375, 10.875, 7.5, 11.125], "texture": "#0"},
				"up": {"uv": [7.375, 10.875, 7.5, 11], "texture": "#0"},
				"down": {"uv": [7.375, 11, 7.5, 11.125], "texture": "#0"}
			}
		},
		{
			"name": "ex2_23",
			"from": [8.625, 4.875, 8],
			"to": [8.75, 5.125, 8.125],
			"rotation": {"angle": 0, "axis": "y", "origin": [0, 0, 8]},
			"faces": {
				"north": {"uv": [8.75, 10.875, 8.625, 11.125], "texture": "#0"},
				"east": {"uv": [8.625, 10.875, 8.75, 11.125], "texture": "#0"},
				"south": {"uv": [8.625, 10.875, 8.75, 11.125], "texture": "#0"},
				"west": {"uv": [8.625, 10.875, 8.75, 11.125], "texture": "#0"},
				"up": {"uv": [8.625, 10.875, 8.75, 11], "texture": "#0"},
				"down": {"uv": [8.625, 11, 8.75, 11.125], "texture": "#0"}
			}
		},
		{
			"name": "ex2_24",
			"from": [7.5, 4.875, 8],
			"to": [7.625, 5, 8.125],
			"rotation": {"angle": 0, "axis": "y", "origin": [0, 0, 8]},
			"faces": {
				"north": {"uv": [7.625, 11, 7.5, 11.125], "texture": "#0"},
				"east": {"uv": [7.5, 11, 7.625, 11.125], "texture": "#0"},
				"south": {"uv": [7.5, 11, 7.625, 11.125], "texture": "#0"},
				"up": {"uv": [7.5, 11, 7.625, 11.125], "texture": "#0"},
				"down": {"uv": [7.5, 11, 7.625, 11.125], "texture": "#0"}
			}
		},
		{
			"name": "ex2_25",
			"from": [8.5, 4.875, 8],
			"to": [8.625, 5, 8.125],
			"rotation": {"angle": 0, "axis": "y", "origin": [0, 0, 8]},
			"faces": {
				"north": {"uv": [8.625, 11, 8.5, 11.125], "texture": "#0"},
				"south": {"uv": [8.5, 11, 8.625, 11.125], "texture": "#0"},
				"west": {"uv": [8.5, 11, 8.625, 11.125], "texture": "#0"},
				"up": {"uv": [8.5, 11, 8.625, 11.125], "texture": "#0"},
				"down": {"uv": [8.5, 11, 8.625, 11.125], "texture": "#0"}
			}
		},
		{
			"name": "ex2_26",
			"from": [7.625, 4.75, 8],
			"to": [7.875, 4.875, 8.125],
			"rotation": {"angle": 0, "axis": "y", "origin": [0, 0, 8]},
			"faces": {
				"north": {"uv": [7.875, 11.125, 7.625, 11.25], "texture": "#0"},
				"south": {"uv": [7.625, 11.125, 7.875, 11.25], "texture": "#0"},
				"west": {"uv": [7.625, 11.125, 7.75, 11.25], "texture": "#0"},
				"up": {"uv": [7.625, 11.125, 7.875, 11.25], "texture": "#0"},
				"down": {"uv": [7.625, 11.125, 7.875, 11.25], "texture": "#0"}
			}
		},
		{
			"name": "ex2_27",
			"from": [8.25, 4.75, 8],
			"to": [8.5, 4.875, 8.125],
			"rotation": {"angle": 0, "axis": "y", "origin": [0, 0, 8]},
			"faces": {
				"north": {"uv": [8.5, 11.125, 8.25, 11.25], "texture": "#0"},
				"east": {"uv": [8.375, 11.125, 8.5, 11.25], "texture": "#0"},
				"south": {"uv": [8.25, 11.125, 8.5, 11.25], "texture": "#0"},
				"up": {"uv": [8.25, 11.125, 8.5, 11.25], "texture": "#0"},
				"down": {"uv": [8.25, 11.125, 8.5, 11.25], "texture": "#0"}
			}
		},
		{
			"name": "ex2_28",
			"from": [7.75, 3.5, 7.8],
			"to": [8.375, 3.75, 8.325],
			"rotation": {"angle": 0, "axis": "y", "origin": [0, 0, 8]},
			"faces": {
				"north": {"uv": [8.375, 12.25, 7.75, 12.5], "texture": "#0"},
				"east": {"uv": [8.375, 12.25, 7.75, 12.5], "texture": "#0"},
				"south": {"uv": [7.75, 12.25, 8.375, 12.5], "texture": "#0"},
				"west": {"uv": [8.375, 12.25, 7.75, 12.5], "texture": "#0"},
				"up": {"uv": [7.75, 12.25, 8.375, 12.375], "texture": "#0"},
				"down": {"uv": [7.75, 12.375, 8.375, 12.5], "texture": "#0"}
			}
		},
		{
			"name": "ex2_29",
			"from": [7.75, 2.125, 7.8],
			"to": [8.375, 2.375, 8.325],
			"rotation": {"angle": 0, "axis": "y", "origin": [0, 0, 8]},
			"faces": {
				"north": {"uv": [8.375, 13.625, 7.75, 13.875], "texture": "#0"},
				"east": {"uv": [8.375, 12.25, 7.75, 12.5], "texture": "#0"},
				"south": {"uv": [7.75, 13.625, 8.375, 13.875], "texture": "#0"},
				"west": {"uv": [8.375, 12.25, 7.75, 12.5], "texture": "#0"},
				"up": {"uv": [7.75, 13.625, 8.375, 13.75], "texture": "#0"},
				"down": {"uv": [7.75, 13.75, 8.375, 13.875], "texture": "#0"}
			}
		},
		{
			"name": "ex2_30",
			"from": [7.75, 1.75, 7.9],
			"to": [8.375, 2, 8.225],
			"rotation": {"angle": 0, "axis": "y", "origin": [0, 0, 8]},
			"faces": {
				"north": {"uv": [8.375, 14, 7.75, 14.25], "texture": "#0"},
				"east": {"uv": [8.25, 14, 8.375, 14.25], "texture": "#0"},
				"south": {"uv": [7.75, 14, 8.375, 14.25], "texture": "#0"},
				"west": {"uv": [7.75, 14, 7.875, 14.25], "texture": "#0"},
				"up": {"uv": [7.75, 14, 8.375, 14.125], "texture": "#0"},
				"down": {"uv": [7.75, 14.125, 8.375, 14.25], "texture": "#0"}
			}
		},
		{
			"name": "ex2_31",
			"from": [7.625, 1.25, 7.9],
			"to": [7.75, 1.875, 8.225],
			"rotation": {"angle": 0, "axis": "y", "origin": [0, 0, 8]},
			"faces": {
				"north": {"uv": [7.75, 14.125, 7.625, 14.75], "texture": "#0"},
				"south": {"uv": [7.625, 14.125, 7.75, 14.75], "texture": "#0"},
				"west": {"uv": [7.625, 14.125, 7.75, 14.75], "texture": "#0"},
				"up": {"uv": [7.625, 14.125, 7.75, 14.25], "texture": "#0"},
				"down": {"uv": [7.625, 14.625, 7.75, 14.75], "texture": "#0"}
			}
		},
		{
			"name": "ex2_32",
			"from": [8.375, 1.25, 7.9],
			"to": [8.5, 1.875, 8.225],
			"rotation": {"angle": 0, "axis": "y", "origin": [0, 0, 8]},
			"faces": {
				"north": {"uv": [8.5, 14.125, 8.375, 14.75], "texture": "#0"},
				"east": {"uv": [8.375, 14.125, 8.5, 14.75], "texture": "#0"},
				"south": {"uv": [8.375, 14.125, 8.5, 14.75], "texture": "#0"},
				"up": {"uv": [8.375, 14.125, 8.5, 14.25], "texture": "#0"},
				"down": {"uv": [8.375, 14.625, 8.5, 14.75], "texture": "#0"}
			}
		},
		{
			"name": "ex2_33",
			"from": [7.75, 1.125, 7.9],
			"to": [7.875, 1.75, 8.225],
			"rotation": {"angle": 0, "axis": "y", "origin": [0, 0, 8]},
			"faces": {
				"north": {"uv": [7.875, 14.25, 7.75, 14.875], "texture": "#0"},
				"east": {"uv": [7.75, 14.25, 7.875, 14.875], "texture": "#0"},
				"south": {"uv": [7.75, 14.25, 7.875, 14.875], "texture": "#0"},
				"west": {"uv": [7.75, 14.25, 7.875, 14.875], "texture": "#0"},
				"down": {"uv": [7.75, 14.75, 7.875, 14.875], "texture": "#0"}
			}
		},
		{
			"name": "ex2_34",
			"from": [8.25, 1.125, 7.9],
			"to": [8.375, 1.75, 8.225],
			"rotation": {"angle": 0, "axis": "y", "origin": [0, 0, 8]},
			"faces": {
				"north": {"uv": [8.375, 14.25, 8.25, 14.875], "texture": "#0"},
				"east": {"uv": [8.25, 14.25, 8.375, 14.875], "texture": "#0"},
				"south": {"uv": [8.25, 14.25, 8.375, 14.875], "texture": "#0"},
				"west": {"uv": [8.25, 14.25, 8.375, 14.875], "texture": "#0"},
				"down": {"uv": [8.25, 14.75, 8.375, 14.875], "texture": "#0"}
			}
		},
		{
			"name": "ex2_35",
			"from": [7.875, 1.125, 7.9],
			"to": [8.25, 1.375, 8.225],
			"rotation": {"angle": 0, "axis": "y", "origin": [0, 0, 8]},
			"faces": {
				"north": {"uv": [8.25, 14.625, 7.875, 14.875], "texture": "#0"},
				"south": {"uv": [7.875, 14.625, 8.25, 14.875], "texture": "#0"},
				"up": {"uv": [7.875, 14.625, 8.25, 14.75], "texture": "#0"},
				"down": {"uv": [7.875, 14.75, 8.25, 14.875], "texture": "#0"}
			}
		},
		{
			"name": "ex3_0",
			"from": [8, 8.75, 7.95],
			"to": [8.125, 14.5, 8.175],
			"rotation": {"angle": 0, "axis": "y", "origin": [0, 0, 8]},
			"faces": {
				"north": {"uv": [8.125, 1.5, 8, 7.25], "texture": "#0"},
				"east": {"uv": [8, 1.5, 8.125, 7.25], "texture": "#0"},
				"south": {"uv": [8, 1.5, 8.125, 7.25], "texture": "#0"},
				"west": {"uv": [8, 1.5, 8.125, 7.25], "texture": "#0"},
				"up": {"uv": [8, 1.5, 8.125, 1.625], "texture": "#0"}
			}
		},
		{
			"name": "ex3_1",
			"from": [7.875, 7.125, 7.95],
			"to": [8, 14.125, 8.175],
			"rotation": {"angle": 0, "axis": "y", "origin": [0, 0, 8]},
			"faces": {
				"north": {"uv": [8, 1.875, 7.875, 8.875], "texture": "#0"},
				"south": {"uv": [7.875, 1.875, 8, 8.875], "texture": "#0"},
				"west": {"uv": [7.875, 1.875, 8, 8.875], "texture": "#0"},
				"up": {"uv": [7.875, 1.875, 8, 2], "texture": "#0"}
			}
		},
		{
			"name": "ex3_2",
			"from": [8.125, 7.125, 7.95],
			"to": [8.25, 14.125, 8.175],
			"rotation": {"angle": 0, "axis": "y", "origin": [0, 0, 8]},
			"faces": {
				"north": {"uv": [8.25, 1.875, 8.125, 8.875], "texture": "#0"},
				"east": {"uv": [8.125, 1.875, 8.25, 8.875], "texture": "#0"},
				"south": {"uv": [8.125, 1.875, 8.25, 8.875], "texture": "#0"},
				"up": {"uv": [8.125, 1.875, 8.25, 2], "texture": "#0"}
			}
		},
		{
			"name": "ex3_3",
			"from": [7.75, 6.5, 7.95],
			"to": [7.875, 13.5, 8.175],
			"rotation": {"angle": 0, "axis": "y", "origin": [0, 0, 8]},
			"faces": {
				"north": {"uv": [7.875, 2.5, 7.75, 9.5], "texture": "#0"},
				"south": {"uv": [7.75, 2.5, 7.875, 9.5], "texture": "#0"},
				"west": {"uv": [7.75, 2.5, 7.875, 9.5], "texture": "#0"},
				"up": {"uv": [7.75, 2.5, 7.875, 2.625], "texture": "#0"}
			}
		},
		{
			"name": "ex3_4",
			"from": [8.25, 6.5, 7.95],
			"to": [8.375, 13.5, 8.175],
			"rotation": {"angle": 0, "axis": "y", "origin": [0, 0, 8]},
			"faces": {
				"north": {"uv": [8.375, 2.5, 8.25, 9.5], "texture": "#0"},
				"east": {"uv": [8.25, 2.5, 8.375, 9.5], "texture": "#0"},
				"south": {"uv": [8.25, 2.5, 8.375, 9.5], "texture": "#0"},
				"up": {"uv": [8.25, 2.5, 8.375, 2.625], "texture": "#0"}
			}
		},
		{
			"name": "ex3_5",
			"from": [7.625, 6, 7.95],
			"to": [7.75, 7.125, 8.175],
			"rotation": {"angle": 0, "axis": "y", "origin": [0, 0, 8]},
			"faces": {
				"north": {"uv": [7.75, 8.875, 7.625, 10], "texture": "#0"},
				"south": {"uv": [7.625, 8.875, 7.75, 10], "texture": "#0"},
				"west": {"uv": [7.625, 8.875, 7.75, 10], "texture": "#0"},
				"up": {"uv": [7.625, 8.875, 7.75, 9], "texture": "#0"}
			}
		},
		{
			"name": "ex3_6",
			"from": [8.375, 6, 7.95],
			"to": [8.5, 7.125, 8.175],
			"rotation": {"angle": 0, "axis": "y", "origin": [0, 0, 8]},
			"faces": {
				"north": {"uv": [8.5, 8.875, 8.375, 10], "texture": "#0"},
				"east": {"uv": [8.375, 8.875, 8.5, 10], "texture": "#0"},
				"south": {"uv": [8.375, 8.875, 8.5, 10], "texture": "#0"},
				"up": {"uv": [8.375, 8.875, 8.5, 9], "texture": "#0"}
			}
		},
		{
			"name": "ex3_7",
			"from": [7.5, 6.25, 7.95],
			"to": [7.625, 6.625, 8.175],
			"rotation": {"angle": 0, "axis": "y", "origin": [0, 0, 8]},
			"faces": {
				"north": {"uv": [7.625, 9.375, 7.5, 9.75], "texture": "#0"},
				"south": {"uv": [7.5, 9.375, 7.625, 9.75], "texture": "#0"},
				"west": {"uv": [7.5, 9.375, 7.625, 9.75], "texture": "#0"},
				"up": {"uv": [7.5, 9.375, 7.625, 9.5], "texture": "#0"}
			}
		},
		{
			"name": "ex3_8",
			"from": [8.5, 6.25, 7.95],
			"to": [8.625, 6.625, 8.175],
			"rotation": {"angle": 0, "axis": "y", "origin": [0, 0, 8]},
			"faces": {
				"north": {"uv": [8.625, 9.375, 8.5, 9.75], "texture": "#0"},
				"east": {"uv": [8.5, 9.375, 8.625, 9.75], "texture": "#0"},
				"south": {"uv": [8.5, 9.375, 8.625, 9.75], "texture": "#0"},
				"up": {"uv": [8.5, 9.375, 8.625, 9.5], "texture": "#0"}
			}
		},
		{
			"name": "partic",
			"from": [3.6, 5.7, 13.3],
			"to": [9.6, 17.7, 13.3],
			"rotation": {"angle": 22.5, "axis": "y", "origin": [-5.4, 5.7, 14.1]},
			"faces": {
				"north": {"uv": [8, 0, 16, 16], "texture": "#1"}
			}
		},
		{
			"name": "partic",
			"from": [8.5, 5.7, 4.1],
			"to": [14.5, 17.7, 4.1],
			"rotation": {"angle": -22.5, "axis": "y", "origin": [-0.5, 5.7, 4.9]},
			"faces": {
				"north": {"uv": [0, 0, 8, 16], "texture": "#1"}
			}
		},
		{
			"name": "partic",
			"from": [2.9, 5.7, 2.7],
			"to": [8.9, 17.7, 2.7],
			"rotation": {"angle": -22.5, "axis": "y", "origin": [-6.1, 5.7, 3.5]},
			"faces": {
				"south": {"uv": [0, 0, 8, 16], "texture": "#1"}
			}
		},
		{
			"name": "partic",
			"from": [9.075, 5.7, 11.9],
			"to": [15.075, 17.7, 11.9],
			"rotation": {"angle": 22.5, "axis": "y", "origin": [0.1, 5.7, 12.7]},
			"faces": {
				"south": {"uv": [8, 0, 16, 16], "texture": "#1"}
			}
		},
		{
			"from": [3, 5.9, 8.1],
			"to": [13, 16.9, 8.1],
			"rotation": {"angle": 0, "axis": "y", "origin": [0, 5.9, 8.1]},
			"faces": {
				"north": {"uv": [0, 0, 16, 16], "texture": "#4"},
				"south": {"uv": [16, 0, 0, 16], "texture": "#4"}
			}
		}
	],
	"gui_light": "front",
	"display": {
		"thirdperson_righthand": {
			"rotation": [0, 90, 0],
			"translation": [-0.25, 9.25, 1.25],
			"scale": [2.7, 2.7, 2.7]
		},
		"thirdperson_lefthand": {
			"rotation": [0, -90, 0],
			"translation": [0, 9.25, 1.25],
			"scale": [2.7, 2.7, 2.7]
		},
		"firstperson_righthand": {
			"rotation": [6, 95, 0],
			"translation": [0, 7, 2],
			"scale": [1.6, 1.6, 1.6]
		},
		"firstperson_lefthand": {
			"rotation": [6, -90, 0],
			"translation": [1.5, 7, 1],
			"scale": [1.6, 1.6, 1.6]
		},
		"ground": {
			"rotation": [0, 0, -45],
			"translation": [0, 3.3956, 0],
			"scale": [1.5, 1.5, 1.5]
		},
		"gui": {
			"rotation": [0, 0, -45],
			"translation": [0.75, 0, 0],
			"scale": [1.8, 1.8, 1.5]
		},
		"head": {
			"rotation": [0, 0, 145],
			"translation": [2.75, -15, 4],
			"scale": [4, 4, 4]
		},
		"fixed": {
			"rotation": [0, 0, 45],
			"translation": [-0.75, 1, -0.5],
			"scale": [4, 4, 4]
		}
	},
	"groups": [
		{
			"name": "ex1",
			"origin": [8, 8, 8],
			"color": 0,
			"children": [0, 1, 2, 3, 4, 5, 6, 7, 8, 9, 10, 11, 12, 13, 14, 15, 16, 17, 18, 19, 20, 21, 22, 23, 24, 25, 26, 27, 28, 29, 30, 31, 32, 33, 34, 35, 36, 37, 38, 39, 40, 41, 42, 43, 44]
		},
		{
			"name": "ex2",
			"origin": [8, 8, 8],
			"color": 0,
			"children": [45, 46, 47, 48, 49, 50, 51, 52, 53, 54, 55, 56, 57, 58, 59, 60, 61, 62, 63, 64, 65, 66, 67, 68, 69, 70, 71, 72, 73, 74, 75, 76, 77, 78, 79, 80]
		},
		{
			"name": "ex3",
			"origin": [8, 8, 8],
			"color": 0,
			"children": [81, 82, 83, 84, 85, 86, 87, 88, 89]
		},
		90,
		91,
		92,
		93,
		94
	]
}