{
	"credit": "Made with Blockbench",
	"textures": {
		"0": "prominent:item/transmog/fallen_god_spear",
		"1": "prominent:item/transmog/red_lightning",
		"particle": "prominent:item/transmog/fallen_god_spear"
	},
	"elements": [
		{
			"name": "fallen_god_spear_0",
			"from": [8.125, 13.625, 7.8],
			"to": [8.25, 15.625, 7.925],
			"faces": {
				"north": {"uv": [7.25, 0.375, 7.125, 2.375], "texture": "#0"},
				"east": {"uv": [7.125, 0.375, 7.25, 2.375], "texture": "#0"},
				"south": {"uv": [7.125, 0.375, 7.25, 2.375], "texture": "#0"},
				"west": {"uv": [7.125, 0.375, 7.25, 2.375], "texture": "#0"},
				"up": {"uv": [7.125, 0.375, 7.25, 0.5], "texture": "#0"},
				"down": {"uv": [7.125, 2.25, 7.25, 2.375], "texture": "#0"}
			}
		},
		{
			"name": "fallen_god_spear_1",
			"from": [8.375, 13.625, 7.8],
			"to": [8.5, 15.625, 7.925],
			"faces": {
				"north": {"uv": [9.5, 0.375, 9.375, 2.375], "texture": "#0"},
				"east": {"uv": [9.375, 0.375, 9.5, 2.375], "texture": "#0"},
				"south": {"uv": [9.375, 0.375, 9.5, 2.375], "texture": "#0"},
				"west": {"uv": [9.375, 0.375, 9.5, 2.375], "texture": "#0"},
				"up": {"uv": [9.375, 0.375, 9.5, 0.5], "texture": "#0"},
				"down": {"uv": [9.375, 2.25, 9.5, 2.375], "texture": "#0"}
			}
		},
		{
			"name": "fallen_god_spear_2",
			"from": [8, 13.375, 7.8],
			"to": [8.125, 15.125, 7.925],
			"faces": {
				"north": {"uv": [7.125, 0.875, 7, 2.625], "texture": "#0"},
				"east": {"uv": [7, 0.875, 7.125, 2.625], "texture": "#0"},
				"south": {"uv": [7, 0.875, 7.125, 2.625], "texture": "#0"},
				"west": {"uv": [7, 0.875, 7.125, 2.625], "texture": "#0"},
				"up": {"uv": [7, 0.875, 7.125, 1], "texture": "#0"},
				"down": {"uv": [7, 2.5, 7.125, 2.625], "texture": "#0"}
			}
		},
		{
			"name": "fallen_god_spear_3",
			"from": [8.5, 13.375, 7.8],
			"to": [8.625, 15.125, 7.925],
			"faces": {
				"north": {"uv": [9.625, 0.875, 9.5, 2.625], "texture": "#0"},
				"east": {"uv": [9.5, 0.875, 9.625, 2.625], "texture": "#0"},
				"south": {"uv": [9.5, 0.875, 9.625, 2.625], "texture": "#0"},
				"west": {"uv": [9.5, 0.875, 9.625, 2.625], "texture": "#0"},
				"up": {"uv": [9.5, 0.875, 9.625, 1], "texture": "#0"},
				"down": {"uv": [9.5, 2.5, 9.625, 2.625], "texture": "#0"}
			}
		},
		{
			"name": "fallen_god_spear_4",
			"from": [7.875, 12, 7.8],
			"to": [8, 14.625, 7.925],
			"faces": {
				"north": {"uv": [7, 1.375, 6.875, 4], "texture": "#0"},
				"east": {"uv": [6.875, 1.375, 7, 4], "texture": "#0"},
				"south": {"uv": [6.875, 1.375, 7, 4], "texture": "#0"},
				"west": {"uv": [6.875, 1.375, 7, 4], "texture": "#0"},
				"up": {"uv": [6.875, 1.375, 7, 1.5], "texture": "#0"},
				"down": {"uv": [6.875, 3.875, 7, 4], "texture": "#0"}
			}
		},
		{
			"name": "fallen_god_spear_5",
			"from": [8.625, 12, 7.8],
			"to": [8.75, 14.625, 7.925],
			"faces": {
				"north": {"uv": [9.75, 1.375, 9.625, 4], "texture": "#0"},
				"east": {"uv": [9.625, 1.375, 9.75, 4], "texture": "#0"},
				"south": {"uv": [9.625, 1.375, 9.75, 4], "texture": "#0"},
				"west": {"uv": [9.625, 1.375, 9.75, 4], "texture": "#0"},
				"up": {"uv": [9.625, 1.375, 9.75, 1.5], "texture": "#0"},
				"down": {"uv": [9.625, 3.875, 9.75, 4], "texture": "#0"}
			}
		},
		{
			"name": "fallen_god_spear_6",
			"from": [7.75, 12.75, 7.8],
			"to": [7.875, 14.125, 7.925],
			"faces": {
				"north": {"uv": [6.875, 1.875, 6.75, 3.25], "texture": "#0"},
				"east": {"uv": [6.75, 1.875, 6.875, 3.25], "texture": "#0"},
				"south": {"uv": [6.75, 1.875, 6.875, 3.25], "texture": "#0"},
				"west": {"uv": [6.75, 1.875, 6.875, 3.25], "texture": "#0"},
				"up": {"uv": [6.75, 1.875, 6.875, 2], "texture": "#0"},
				"down": {"uv": [6.75, 3.125, 6.875, 3.25], "texture": "#0"}
			}
		},
		{
			"name": "fallen_god_spear_7",
			"from": [8.75, 12.75, 7.8],
			"to": [8.875, 14.125, 7.925],
			"faces": {
				"north": {"uv": [9.875, 1.875, 9.75, 3.25], "texture": "#0"},
				"east": {"uv": [9.75, 1.875, 9.875, 3.25], "texture": "#0"},
				"south": {"uv": [9.75, 1.875, 9.875, 3.25], "texture": "#0"},
				"west": {"uv": [9.75, 1.875, 9.875, 3.25], "texture": "#0"},
				"up": {"uv": [9.75, 1.875, 9.875, 2], "texture": "#0"},
				"down": {"uv": [9.75, 3.125, 9.875, 3.25], "texture": "#0"}
			}
		},
		{
			"name": "fallen_god_spear_8",
			"from": [8.125, 13.375, 7.75],
			"to": [8.25, 13.625, 7.975],
			"faces": {
				"north": {"uv": [8.25, 2.125, 8.125, 2.375], "texture": "#0"},
				"east": {"uv": [8.125, 2.125, 8.25, 2.375], "texture": "#0"},
				"south": {"uv": [8.125, 2.125, 8.25, 2.375], "texture": "#0"},
				"west": {"uv": [8.125, 2.125, 8.25, 2.375], "texture": "#0"},
				"up": {"uv": [8.125, 2.125, 8.25, 2.25], "texture": "#0"},
				"down": {"uv": [8.125, 2.25, 8.25, 2.375], "texture": "#0"}
			}
		},
		{
			"name": "fallen_god_spear_9",
			"from": [8.375, 13.375, 7.75],
			"to": [8.5, 13.625, 7.975],
			"faces": {
				"north": {"uv": [8.5, 2.125, 8.375, 2.375], "texture": "#0"},
				"east": {"uv": [8.375, 2.125, 8.5, 2.375], "texture": "#0"},
				"south": {"uv": [8.375, 2.125, 8.5, 2.375], "texture": "#0"},
				"west": {"uv": [8.375, 2.125, 8.5, 2.375], "texture": "#0"},
				"up": {"uv": [8.375, 2.125, 8.5, 2.25], "texture": "#0"},
				"down": {"uv": [8.375, 2.25, 8.5, 2.375], "texture": "#0"}
			}
		},
		{
			"name": "fallen_god_spear_10",
			"from": [7.625, 13, 7.8],
			"to": [7.75, 13.75, 7.925],
			"faces": {
				"north": {"uv": [6.75, 2.25, 6.625, 3], "texture": "#0"},
				"east": {"uv": [6.625, 2.25, 6.75, 3], "texture": "#0"},
				"south": {"uv": [6.625, 2.25, 6.75, 3], "texture": "#0"},
				"west": {"uv": [6.625, 2.25, 6.75, 3], "texture": "#0"},
				"up": {"uv": [6.625, 2.25, 6.75, 2.375], "texture": "#0"},
				"down": {"uv": [6.625, 2.875, 6.75, 3], "texture": "#0"}
			}
		},
		{
			"name": "fallen_god_spear_11",
			"from": [8.875, 13, 7.8],
			"to": [9, 13.75, 7.925],
			"faces": {
				"north": {"uv": [10, 2.25, 9.875, 3], "texture": "#0"},
				"east": {"uv": [9.875, 2.25, 10, 3], "texture": "#0"},
				"south": {"uv": [9.875, 2.25, 10, 3], "texture": "#0"},
				"west": {"uv": [9.875, 2.25, 10, 3], "texture": "#0"},
				"up": {"uv": [9.875, 2.25, 10, 2.375], "texture": "#0"},
				"down": {"uv": [9.875, 2.875, 10, 3], "texture": "#0"}
			}
		},
		{
			"name": "fallen_god_spear_12",
			"from": [8, 13.25, 7.75],
			"to": [8.125, 13.375, 7.975],
			"faces": {
				"north": {"uv": [8.125, 2.375, 8, 2.5], "texture": "#0"},
				"east": {"uv": [8, 2.375, 8.125, 2.5], "texture": "#0"},
				"south": {"uv": [8, 2.375, 8.125, 2.5], "texture": "#0"},
				"west": {"uv": [8, 2.375, 8.125, 2.5], "texture": "#0"},
				"up": {"uv": [8, 2.375, 8.125, 2.5], "texture": "#0"},
				"down": {"uv": [8, 2.375, 8.125, 2.5], "texture": "#0"}
			}
		},
		{
			"name": "fallen_god_spear_13",
			"from": [8.5, 13.25, 7.75],
			"to": [8.625, 13.375, 7.975],
			"faces": {
				"north": {"uv": [8.625, 2.375, 8.5, 2.5], "texture": "#0"},
				"east": {"uv": [8.5, 2.375, 8.625, 2.5], "texture": "#0"},
				"south": {"uv": [8.5, 2.375, 8.625, 2.5], "texture": "#0"},
				"west": {"uv": [8.5, 2.375, 8.625, 2.5], "texture": "#0"},
				"up": {"uv": [8.5, 2.375, 8.625, 2.5], "texture": "#0"},
				"down": {"uv": [8.5, 2.375, 8.625, 2.5], "texture": "#0"}
			}
		},
		{
			"name": "fallen_god_spear_14",
			"from": [7.5, 13.125, 7.8],
			"to": [7.625, 13.5, 7.925],
			"faces": {
				"north": {"uv": [6.625, 2.5, 6.5, 2.875], "texture": "#0"},
				"east": {"uv": [6.5, 2.5, 6.625, 2.875], "texture": "#0"},
				"south": {"uv": [6.5, 2.5, 6.625, 2.875], "texture": "#0"},
				"west": {"uv": [6.5, 2.5, 6.625, 2.875], "texture": "#0"},
				"up": {"uv": [6.5, 2.5, 6.625, 2.625], "texture": "#0"},
				"down": {"uv": [6.5, 2.75, 6.625, 2.875], "texture": "#0"}
			}
		},
		{
			"name": "fallen_god_spear_15",
			"from": [8.125, 12.125, 7.75],
			"to": [8.25, 13.25, 7.975],
			"faces": {
				"north": {"uv": [8.25, 2.5, 8.125, 3.625], "texture": "#0"},
				"east": {"uv": [8.125, 2.5, 8.25, 3.625], "texture": "#0"},
				"south": {"uv": [8.125, 2.5, 8.25, 3.625], "texture": "#0"},
				"west": {"uv": [8.125, 2.5, 8.25, 3.625], "texture": "#0"},
				"up": {"uv": [8.125, 2.5, 8.25, 2.625], "texture": "#0"},
				"down": {"uv": [8.125, 3.5, 8.25, 3.625], "texture": "#0"}
			}
		},
		{
			"name": "fallen_god_spear_16",
			"from": [8.375, 12.125, 7.75],
			"to": [8.5, 13.25, 7.975],
			"faces": {
				"north": {"uv": [8.5, 2.5, 8.375, 3.625], "texture": "#0"},
				"east": {"uv": [8.375, 2.5, 8.5, 3.625], "texture": "#0"},
				"south": {"uv": [8.375, 2.5, 8.5, 3.625], "texture": "#0"},
				"west": {"uv": [8.375, 2.5, 8.5, 3.625], "texture": "#0"},
				"up": {"uv": [8.375, 2.5, 8.5, 2.625], "texture": "#0"},
				"down": {"uv": [8.375, 3.5, 8.5, 3.625], "texture": "#0"}
			}
		},
		{
			"name": "fallen_god_spear_17",
			"from": [9, 13.125, 7.8],
			"to": [9.125, 13.5, 7.925],
			"faces": {
				"north": {"uv": [10.125, 2.5, 10, 2.875], "texture": "#0"},
				"east": {"uv": [10, 2.5, 10.125, 2.875], "texture": "#0"},
				"south": {"uv": [10, 2.5, 10.125, 2.875], "texture": "#0"},
				"west": {"uv": [10, 2.5, 10.125, 2.875], "texture": "#0"},
				"up": {"uv": [10, 2.5, 10.125, 2.625], "texture": "#0"},
				"down": {"uv": [10, 2.75, 10.125, 2.875], "texture": "#0"}
			}
		},
		{
			"name": "fallen_god_spear_18",
			"from": [7.375, 13.25, 7.8],
			"to": [7.5, 13.375, 7.925],
			"faces": {
				"north": {"uv": [6.5, 2.625, 6.375, 2.75], "texture": "#0"},
				"east": {"uv": [6.375, 2.625, 6.5, 2.75], "texture": "#0"},
				"south": {"uv": [6.375, 2.625, 6.5, 2.75], "texture": "#0"},
				"west": {"uv": [6.375, 2.625, 6.5, 2.75], "texture": "#0"},
				"up": {"uv": [6.375, 2.625, 6.5, 2.75], "texture": "#0"},
				"down": {"uv": [6.375, 2.625, 6.5, 2.75], "texture": "#0"}
			}
		},
		{
			"name": "fallen_god_spear_19",
			"from": [9.125, 13.25, 7.8],
			"to": [9.25, 13.375, 7.925],
			"faces": {
				"north": {"uv": [10.25, 2.625, 10.125, 2.75], "texture": "#0"},
				"east": {"uv": [10.125, 2.625, 10.25, 2.75], "texture": "#0"},
				"south": {"uv": [10.125, 2.625, 10.25, 2.75], "texture": "#0"},
				"west": {"uv": [10.125, 2.625, 10.25, 2.75], "texture": "#0"},
				"up": {"uv": [10.125, 2.625, 10.25, 2.75], "texture": "#0"},
				"down": {"uv": [10.125, 2.625, 10.25, 2.75], "texture": "#0"}
			}
		},
		{
			"name": "fallen_god_spear_20",
			"from": [8, 12, 7.8],
			"to": [8.125, 13.25, 7.925],
			"faces": {
				"north": {"uv": [7.125, 2.75, 7, 4], "texture": "#0"},
				"east": {"uv": [7, 2.75, 7.125, 4], "texture": "#0"},
				"south": {"uv": [7, 2.75, 7.125, 4], "texture": "#0"},
				"west": {"uv": [7, 2.75, 7.125, 4], "texture": "#0"},
				"up": {"uv": [7, 2.75, 7.125, 2.875], "texture": "#0"},
				"down": {"uv": [7, 3.875, 7.125, 4], "texture": "#0"}
			}
		},
		{
			"name": "fallen_god_spear_21",
			"from": [8.5, 12, 7.8],
			"to": [8.625, 13.25, 7.925],
			"faces": {
				"north": {"uv": [9.625, 2.75, 9.5, 4], "texture": "#0"},
				"east": {"uv": [9.5, 2.75, 9.625, 4], "texture": "#0"},
				"south": {"uv": [9.5, 2.75, 9.625, 4], "texture": "#0"},
				"west": {"uv": [9.5, 2.75, 9.625, 4], "texture": "#0"},
				"up": {"uv": [9.5, 2.75, 9.625, 2.875], "texture": "#0"},
				"down": {"uv": [9.5, 3.875, 9.625, 4], "texture": "#0"}
			}
		},
		{
			"name": "fallen_god_spear_22",
			"from": [7.75, 11.875, 7.8],
			"to": [7.875, 12.25, 7.925],
			"faces": {
				"north": {"uv": [6.875, 3.75, 6.75, 4.125], "texture": "#0"},
				"east": {"uv": [6.75, 3.75, 6.875, 4.125], "texture": "#0"},
				"south": {"uv": [6.75, 3.75, 6.875, 4.125], "texture": "#0"},
				"west": {"uv": [6.75, 3.75, 6.875, 4.125], "texture": "#0"},
				"up": {"uv": [6.75, 3.75, 6.875, 3.875], "texture": "#0"},
				"down": {"uv": [6.75, 4, 6.875, 4.125], "texture": "#0"}
			}
		},
		{
			"name": "fallen_god_spear_23",
			"from": [8.75, 11.875, 7.8],
			"to": [8.875, 12.25, 7.925],
			"faces": {
				"north": {"uv": [9.875, 3.75, 9.75, 4.125], "texture": "#0"},
				"east": {"uv": [9.75, 3.75, 9.875, 4.125], "texture": "#0"},
				"south": {"uv": [9.75, 3.75, 9.875, 4.125], "texture": "#0"},
				"west": {"uv": [9.75, 3.75, 9.875, 4.125], "texture": "#0"},
				"up": {"uv": [9.75, 3.75, 9.875, 3.875], "texture": "#0"},
				"down": {"uv": [9.75, 4, 9.875, 4.125], "texture": "#0"}
			}
		},
		{
			"name": "fallen_god_spear_24",
			"from": [8.125, 11.75, 7.65],
			"to": [8.5, 12.125, 8.075],
			"faces": {
				"north": {"uv": [8.5, 3.875, 8.125, 4.25], "texture": "#0"},
				"east": {"uv": [8.375, 3.875, 8.5, 4.25], "texture": "#0"},
				"south": {"uv": [8.125, 3.875, 8.5, 4.25], "texture": "#0"},
				"west": {"uv": [8.125, 3.875, 8.25, 4.25], "texture": "#0"},
				"up": {"uv": [8.125, 3.875, 8.5, 4], "texture": "#0"},
				"down": {"uv": [8.125, 4.125, 8.5, 4.25], "texture": "#0"}
			}
		},
		{
			"name": "fallen_god_spear_25",
			"from": [7.625, 11.625, 7.8],
			"to": [7.75, 12, 7.925],
			"faces": {
				"north": {"uv": [6.75, 4, 6.625, 4.375], "texture": "#0"},
				"east": {"uv": [6.625, 4, 6.75, 4.375], "texture": "#0"},
				"south": {"uv": [6.625, 4, 6.75, 4.375], "texture": "#0"},
				"west": {"uv": [6.625, 4, 6.75, 4.375], "texture": "#0"},
				"up": {"uv": [6.625, 4, 6.75, 4.125], "texture": "#0"},
				"down": {"uv": [6.625, 4.25, 6.75, 4.375], "texture": "#0"}
			}
		},
		{
			"name": "fallen_god_spear_26",
			"from": [7.875, 11.75, 7.65],
			"to": [8.125, 12, 8.075],
			"faces": {
				"north": {"uv": [8.125, 4, 7.875, 4.25], "texture": "#0"},
				"east": {"uv": [8, 4, 8.125, 4.25], "texture": "#0"},
				"south": {"uv": [7.875, 4, 8.125, 4.25], "texture": "#0"},
				"west": {"uv": [7.875, 4, 8, 4.25], "texture": "#0"},
				"up": {"uv": [7.875, 4, 8.125, 4.125], "texture": "#0"},
				"down": {"uv": [7.875, 4.125, 8.125, 4.25], "texture": "#0"}
			}
		},
		{
			"name": "fallen_god_spear_27",
			"from": [8.5, 11.75, 7.65],
			"to": [8.75, 12, 8.075],
			"faces": {
				"north": {"uv": [8.75, 4, 8.5, 4.25], "texture": "#0"},
				"east": {"uv": [8.625, 4, 8.75, 4.25], "texture": "#0"},
				"south": {"uv": [8.5, 4, 8.75, 4.25], "texture": "#0"},
				"west": {"uv": [8.5, 4, 8.625, 4.25], "texture": "#0"},
				"up": {"uv": [8.5, 4, 8.75, 4.125], "texture": "#0"},
				"down": {"uv": [8.5, 4.125, 8.75, 4.25], "texture": "#0"}
			}
		},
		{
			"name": "fallen_god_spear_28",
			"from": [8.875, 11.625, 7.8],
			"to": [9, 12, 7.925],
			"faces": {
				"north": {"uv": [10, 4, 9.875, 4.375], "texture": "#0"},
				"east": {"uv": [9.875, 4, 10, 4.375], "texture": "#0"},
				"south": {"uv": [9.875, 4, 10, 4.375], "texture": "#0"},
				"west": {"uv": [9.875, 4, 10, 4.375], "texture": "#0"},
				"up": {"uv": [9.875, 4, 10, 4.125], "texture": "#0"},
				"down": {"uv": [9.875, 4.25, 10, 4.375], "texture": "#0"}
			}
		},
		{
			"name": "fallen_god_spear_29",
			"from": [7.75, 11, 7.65],
			"to": [7.875, 11.875, 8.075],
			"faces": {
				"north": {"uv": [7.875, 4.125, 7.75, 5], "texture": "#0"},
				"east": {"uv": [7.75, 4.125, 7.875, 5], "texture": "#0"},
				"south": {"uv": [7.75, 4.125, 7.875, 5], "texture": "#0"},
				"west": {"uv": [7.75, 4.125, 7.875, 5], "texture": "#0"},
				"up": {"uv": [7.75, 4.125, 7.875, 4.25], "texture": "#0"},
				"down": {"uv": [7.75, 4.875, 7.875, 5], "texture": "#0"}
			}
		},
		{
			"name": "fallen_god_spear_30",
			"from": [8.75, 11, 7.65],
			"to": [8.875, 11.875, 8.075],
			"faces": {
				"north": {"uv": [8.875, 4.125, 8.75, 5], "texture": "#0"},
				"east": {"uv": [8.75, 4.125, 8.875, 5], "texture": "#0"},
				"south": {"uv": [8.75, 4.125, 8.875, 5], "texture": "#0"},
				"west": {"uv": [8.75, 4.125, 8.875, 5], "texture": "#0"},
				"up": {"uv": [8.75, 4.125, 8.875, 4.25], "texture": "#0"},
				"down": {"uv": [8.75, 4.875, 8.875, 5], "texture": "#0"}
			}
		},
		{
			"name": "fallen_god_spear_31",
			"from": [7.5, 11.25, 7.8],
			"to": [7.625, 11.75, 7.925],
			"faces": {
				"north": {"uv": [6.625, 4.25, 6.5, 4.75], "texture": "#0"},
				"east": {"uv": [6.5, 4.25, 6.625, 4.75], "texture": "#0"},
				"south": {"uv": [6.5, 4.25, 6.625, 4.75], "texture": "#0"},
				"west": {"uv": [6.5, 4.25, 6.625, 4.75], "texture": "#0"},
				"up": {"uv": [6.5, 4.25, 6.625, 4.375], "texture": "#0"},
				"down": {"uv": [6.5, 4.625, 6.625, 4.75], "texture": "#0"}
			}
		},
		{
			"name": "fallen_god_spear_32",
			"from": [8.125, 11.125, 7.7],
			"to": [8.5, 11.75, 8.025],
			"faces": {
				"north": {"uv": [7.25, 4.25, 6.875, 4.875], "texture": "#0"},
				"east": {"uv": [7.125, 4.25, 7.25, 4.875], "texture": "#0"},
				"south": {"uv": [6.875, 4.25, 7.25, 4.875], "texture": "#0"},
				"west": {"uv": [6.875, 4.25, 7, 4.875], "texture": "#0"},
				"up": {"uv": [6.875, 4.25, 7.25, 4.375], "texture": "#0"},
				"down": {"uv": [6.875, 4.75, 7.25, 4.875], "texture": "#0"}
			}
		},
		{
			"name": "fallen_god_spear_33",
			"from": [7.875, 11.625, 7.65],
			"to": [8, 11.75, 8.075],
			"faces": {
				"north": {"uv": [8, 4.25, 7.875, 4.375], "texture": "#0"},
				"east": {"uv": [7.875, 4.25, 8, 4.375], "texture": "#0"},
				"south": {"uv": [7.875, 4.25, 8, 4.375], "texture": "#0"},
				"west": {"uv": [7.875, 4.25, 8, 4.375], "texture": "#0"},
				"up": {"uv": [7.875, 4.25, 8, 4.375], "texture": "#0"},
				"down": {"uv": [7.875, 4.25, 8, 4.375], "texture": "#0"}
			}
		},
		{
			"name": "fallen_god_spear_34",
			"from": [8.625, 11.625, 7.65],
			"to": [8.75, 11.75, 8.075],
			"faces": {
				"north": {"uv": [8.75, 4.25, 8.625, 4.375], "texture": "#0"},
				"east": {"uv": [8.625, 4.25, 8.75, 4.375], "texture": "#0"},
				"south": {"uv": [8.625, 4.25, 8.75, 4.375], "texture": "#0"},
				"west": {"uv": [8.625, 4.25, 8.75, 4.375], "texture": "#0"},
				"up": {"uv": [8.625, 4.25, 8.75, 4.375], "texture": "#0"},
				"down": {"uv": [8.625, 4.25, 8.75, 4.375], "texture": "#0"}
			}
		},
		{
			"name": "fallen_god_spear_35",
			"from": [9, 11.25, 7.8],
			"to": [9.125, 11.75, 7.925],
			"faces": {
				"north": {"uv": [10.125, 4.25, 10, 4.75], "texture": "#0"},
				"east": {"uv": [10, 4.25, 10.125, 4.75], "texture": "#0"},
				"south": {"uv": [10, 4.25, 10.125, 4.75], "texture": "#0"},
				"west": {"uv": [10, 4.25, 10.125, 4.75], "texture": "#0"},
				"up": {"uv": [10, 4.25, 10.125, 4.375], "texture": "#0"},
				"down": {"uv": [10, 4.625, 10.125, 4.75], "texture": "#0"}
			}
		},
		{
			"name": "fallen_god_spear_36",
			"from": [7.375, 11.25, 7.8],
			"to": [7.5, 11.625, 7.925],
			"faces": {
				"north": {"uv": [6.5, 4.375, 6.375, 4.75], "texture": "#0"},
				"east": {"uv": [6.375, 4.375, 6.5, 4.75], "texture": "#0"},
				"south": {"uv": [6.375, 4.375, 6.5, 4.75], "texture": "#0"},
				"west": {"uv": [6.375, 4.375, 6.5, 4.75], "texture": "#0"},
				"up": {"uv": [6.375, 4.375, 6.5, 4.5], "texture": "#0"},
				"down": {"uv": [6.375, 4.625, 6.5, 4.75], "texture": "#0"}
			}
		},
		{
			"name": "fallen_god_spear_37",
			"from": [7.625, 11.25, 7.65],
			"to": [7.75, 11.625, 8.075],
			"faces": {
				"north": {"uv": [7.75, 4.375, 7.625, 4.75], "texture": "#0"},
				"east": {"uv": [7.625, 4.375, 7.75, 4.75], "texture": "#0"},
				"south": {"uv": [7.625, 4.375, 7.75, 4.75], "texture": "#0"},
				"west": {"uv": [7.625, 4.375, 7.75, 4.75], "texture": "#0"},
				"up": {"uv": [7.625, 4.375, 7.75, 4.5], "texture": "#0"},
				"down": {"uv": [7.625, 4.625, 7.75, 4.75], "texture": "#0"}
			}
		},
		{
			"name": "fallen_god_spear_38",
			"from": [8.875, 11.25, 7.65],
			"to": [9, 11.625, 8.075],
			"faces": {
				"north": {"uv": [9, 4.375, 8.875, 4.75], "texture": "#0"},
				"east": {"uv": [8.875, 4.375, 9, 4.75], "texture": "#0"},
				"south": {"uv": [8.875, 4.375, 9, 4.75], "texture": "#0"},
				"west": {"uv": [8.875, 4.375, 9, 4.75], "texture": "#0"},
				"up": {"uv": [8.875, 4.375, 9, 4.5], "texture": "#0"},
				"down": {"uv": [8.875, 4.625, 9, 4.75], "texture": "#0"}
			}
		},
		{
			"name": "fallen_god_spear_39",
			"from": [9.125, 11.25, 7.8],
			"to": [9.25, 11.625, 7.925],
			"faces": {
				"north": {"uv": [10.25, 4.375, 10.125, 4.75], "texture": "#0"},
				"east": {"uv": [10.125, 4.375, 10.25, 4.75], "texture": "#0"},
				"south": {"uv": [10.125, 4.375, 10.25, 4.75], "texture": "#0"},
				"west": {"uv": [10.125, 4.375, 10.25, 4.75], "texture": "#0"},
				"up": {"uv": [10.125, 4.375, 10.25, 4.5], "texture": "#0"},
				"down": {"uv": [10.125, 4.625, 10.25, 4.75], "texture": "#0"}
			}
		},
		{
			"name": "fallen_god_spear_40",
			"from": [7, 11.375, 7.8],
			"to": [7.375, 11.5, 7.925],
			"faces": {
				"north": {"uv": [6.375, 4.5, 6, 4.625], "texture": "#0"},
				"east": {"uv": [6.25, 4.5, 6.375, 4.625], "texture": "#0"},
				"south": {"uv": [6, 4.5, 6.375, 4.625], "texture": "#0"},
				"west": {"uv": [6, 4.5, 6.125, 4.625], "texture": "#0"},
				"up": {"uv": [6, 4.5, 6.375, 4.625], "texture": "#0"},
				"down": {"uv": [6, 4.5, 6.375, 4.625], "texture": "#0"}
			}
		},
		{
			"name": "fallen_god_spear_41",
			"from": [9.25, 11.375, 7.8],
			"to": [9.625, 11.5, 7.925],
			"faces": {
				"north": {"uv": [10.625, 4.5, 10.25, 4.625], "texture": "#0"},
				"east": {"uv": [10.5, 4.5, 10.625, 4.625], "texture": "#0"},
				"south": {"uv": [10.25, 4.5, 10.625, 4.625], "texture": "#0"},
				"west": {"uv": [10.25, 4.5, 10.375, 4.625], "texture": "#0"},
				"up": {"uv": [10.25, 4.5, 10.625, 4.625], "texture": "#0"},
				"down": {"uv": [10.25, 4.5, 10.625, 4.625], "texture": "#0"}
			}
		},
		{
			"name": "fallen_god_spear_42",
			"from": [7.625, 10.875, 7.8],
			"to": [7.75, 11.25, 7.925],
			"faces": {
				"north": {"uv": [6.75, 4.75, 6.625, 5.125], "texture": "#0"},
				"east": {"uv": [6.625, 4.75, 6.75, 5.125], "texture": "#0"},
				"south": {"uv": [6.625, 4.75, 6.75, 5.125], "texture": "#0"},
				"west": {"uv": [6.625, 4.75, 6.75, 5.125], "texture": "#0"},
				"up": {"uv": [6.625, 4.75, 6.75, 4.875], "texture": "#0"},
				"down": {"uv": [6.625, 5, 6.75, 5.125], "texture": "#0"}
			}
		},
		{
			"name": "fallen_god_spear_43",
			"from": [7.875, 10.875, 7.65],
			"to": [8, 11.25, 8.075],
			"faces": {
				"north": {"uv": [8, 4.75, 7.875, 5.125], "texture": "#0"},
				"east": {"uv": [7.875, 4.75, 8, 5.125], "texture": "#0"},
				"south": {"uv": [7.875, 4.75, 8, 5.125], "texture": "#0"},
				"west": {"uv": [7.875, 4.75, 8, 5.125], "texture": "#0"},
				"up": {"uv": [7.875, 4.75, 8, 4.875], "texture": "#0"},
				"down": {"uv": [7.875, 5, 8, 5.125], "texture": "#0"}
			}
		},
		{
			"name": "fallen_god_spear_44",
			"from": [8.625, 10.875, 7.65],
			"to": [8.75, 11.25, 8.075],
			"faces": {
				"north": {"uv": [8.75, 4.75, 8.625, 5.125], "texture": "#0"},
				"east": {"uv": [8.625, 4.75, 8.75, 5.125], "texture": "#0"},
				"south": {"uv": [8.625, 4.75, 8.75, 5.125], "texture": "#0"},
				"west": {"uv": [8.625, 4.75, 8.75, 5.125], "texture": "#0"},
				"up": {"uv": [8.625, 4.75, 8.75, 4.875], "texture": "#0"},
				"down": {"uv": [8.625, 5, 8.75, 5.125], "texture": "#0"}
			}
		},
		{
			"name": "fallen_god_spear_45",
			"from": [8.875, 10.875, 7.8],
			"to": [9, 11.25, 7.925],
			"faces": {
				"north": {"uv": [10, 4.75, 9.875, 5.125], "texture": "#0"},
				"east": {"uv": [9.875, 4.75, 10, 5.125], "texture": "#0"},
				"south": {"uv": [9.875, 4.75, 10, 5.125], "texture": "#0"},
				"west": {"uv": [9.875, 4.75, 10, 5.125], "texture": "#0"},
				"up": {"uv": [9.875, 4.75, 10, 4.875], "texture": "#0"},
				"down": {"uv": [9.875, 5, 10, 5.125], "texture": "#0"}
			}
		},
		{
			"name": "fallen_god_spear_46",
			"from": [7.5, 10.75, 7.8],
			"to": [7.625, 11.125, 7.925],
			"faces": {
				"north": {"uv": [6.625, 4.875, 6.5, 5.25], "texture": "#0"},
				"east": {"uv": [6.5, 4.875, 6.625, 5.25], "texture": "#0"},
				"south": {"uv": [6.5, 4.875, 6.625, 5.25], "texture": "#0"},
				"west": {"uv": [6.5, 4.875, 6.625, 5.25], "texture": "#0"},
				"up": {"uv": [6.5, 4.875, 6.625, 5], "texture": "#0"},
				"down": {"uv": [6.5, 5.125, 6.625, 5.25], "texture": "#0"}
			}
		},
		{
			"name": "fallen_god_spear_47",
			"from": [8, 10.875, 7.65],
			"to": [8.625, 11.125, 8.075],
			"faces": {
				"north": {"uv": [8.625, 4.875, 8, 5.125], "texture": "#0"},
				"east": {"uv": [8.5, 4.875, 8.625, 5.125], "texture": "#0"},
				"south": {"uv": [8, 4.875, 8.625, 5.125], "texture": "#0"},
				"west": {"uv": [8, 4.875, 8.125, 5.125], "texture": "#0"},
				"up": {"uv": [8, 4.875, 8.625, 5], "texture": "#0"},
				"down": {"uv": [8, 5, 8.625, 5.125], "texture": "#0"}
			}
		},
		{
			"name": "fallen_god_spear_48",
			"from": [9, 10.75, 7.8],
			"to": [9.125, 11.125, 7.925],
			"faces": {
				"north": {"uv": [10.125, 4.875, 10, 5.25], "texture": "#0"},
				"east": {"uv": [10, 4.875, 10.125, 5.25], "texture": "#0"},
				"south": {"uv": [10, 4.875, 10.125, 5.25], "texture": "#0"},
				"west": {"uv": [10, 4.875, 10.125, 5.25], "texture": "#0"},
				"up": {"uv": [10, 4.875, 10.125, 5], "texture": "#0"},
				"down": {"uv": [10, 5.125, 10.125, 5.25], "texture": "#0"}
			}
		},
		{
			"name": "fallen_god_spear_49",
			"from": [7.375, 10.75, 7.8],
			"to": [7.5, 11, 7.925],
			"faces": {
				"north": {"uv": [6.5, 5, 6.375, 5.25], "texture": "#0"},
				"east": {"uv": [6.375, 5, 6.5, 5.25], "texture": "#0"},
				"south": {"uv": [6.375, 5, 6.5, 5.25], "texture": "#0"},
				"west": {"uv": [6.375, 5, 6.5, 5.25], "texture": "#0"},
				"up": {"uv": [6.375, 5, 6.5, 5.125], "texture": "#0"},
				"down": {"uv": [6.375, 5.125, 6.5, 5.25], "texture": "#0"}
			}
		},
		{
			"name": "fallen_god_spear_50",
			"from": [7.75, 10.875, 7.8],
			"to": [7.875, 11, 7.925],
			"faces": {
				"north": {"uv": [6.875, 5, 6.75, 5.125], "texture": "#0"},
				"east": {"uv": [6.75, 5, 6.875, 5.125], "texture": "#0"},
				"south": {"uv": [6.75, 5, 6.875, 5.125], "texture": "#0"},
				"west": {"uv": [6.75, 5, 6.875, 5.125], "texture": "#0"},
				"up": {"uv": [6.75, 5, 6.875, 5.125], "texture": "#0"},
				"down": {"uv": [6.75, 5, 6.875, 5.125], "texture": "#0"}
			}
		},
		{
			"name": "fallen_god_spear_51",
			"from": [8.75, 10.875, 7.8],
			"to": [8.875, 11, 7.925],
			"faces": {
				"north": {"uv": [9.875, 5, 9.75, 5.125], "texture": "#0"},
				"east": {"uv": [9.75, 5, 9.875, 5.125], "texture": "#0"},
				"south": {"uv": [9.75, 5, 9.875, 5.125], "texture": "#0"},
				"west": {"uv": [9.75, 5, 9.875, 5.125], "texture": "#0"},
				"up": {"uv": [9.75, 5, 9.875, 5.125], "texture": "#0"},
				"down": {"uv": [9.75, 5, 9.875, 5.125], "texture": "#0"}
			}
		},
		{
			"name": "fallen_god_spear_52",
			"from": [9.125, 10.75, 7.8],
			"to": [9.25, 11, 7.925],
			"faces": {
				"north": {"uv": [10.25, 5, 10.125, 5.25], "texture": "#0"},
				"east": {"uv": [10.125, 5, 10.25, 5.25], "texture": "#0"},
				"south": {"uv": [10.125, 5, 10.25, 5.25], "texture": "#0"},
				"west": {"uv": [10.125, 5, 10.25, 5.25], "texture": "#0"},
				"up": {"uv": [10.125, 5, 10.25, 5.125], "texture": "#0"},
				"down": {"uv": [10.125, 5.125, 10.25, 5.25], "texture": "#0"}
			}
		},
		{
			"name": "fallen_god_spear_53",
			"from": [7.25, 10.75, 7.8],
			"to": [7.375, 10.875, 7.925],
			"faces": {
				"north": {"uv": [6.375, 5.125, 6.25, 5.25], "texture": "#0"},
				"east": {"uv": [6.25, 5.125, 6.375, 5.25], "texture": "#0"},
				"south": {"uv": [6.25, 5.125, 6.375, 5.25], "texture": "#0"},
				"west": {"uv": [6.25, 5.125, 6.375, 5.25], "texture": "#0"},
				"up": {"uv": [6.25, 5.125, 6.375, 5.25], "texture": "#0"},
				"down": {"uv": [6.25, 5.125, 6.375, 5.25], "texture": "#0"}
			}
		},
		{
			"name": "fallen_god_spear_54",
			"from": [7.875, 10.75, 7.8],
			"to": [8.125, 10.875, 7.925],
			"faces": {
				"north": {"uv": [7.125, 5.125, 6.875, 5.25], "texture": "#0"},
				"east": {"uv": [7, 5.125, 7.125, 5.25], "texture": "#0"},
				"south": {"uv": [6.875, 5.125, 7.125, 5.25], "texture": "#0"},
				"west": {"uv": [6.875, 5.125, 7, 5.25], "texture": "#0"},
				"up": {"uv": [6.875, 5.125, 7.125, 5.25], "texture": "#0"},
				"down": {"uv": [6.875, 5.125, 7.125, 5.25], "texture": "#0"}
			}
		},
		{
			"name": "fallen_god_spear_55",
			"from": [8.125, 10.75, 7.65],
			"to": [8.5, 10.875, 8.075],
			"faces": {
				"north": {"uv": [8.5, 5.125, 8.125, 5.25], "texture": "#0"},
				"east": {"uv": [8.375, 5.125, 8.5, 5.25], "texture": "#0"},
				"south": {"uv": [8.125, 5.125, 8.5, 5.25], "texture": "#0"},
				"west": {"uv": [8.125, 5.125, 8.25, 5.25], "texture": "#0"},
				"up": {"uv": [8.125, 5.125, 8.5, 5.25], "texture": "#0"},
				"down": {"uv": [8.125, 5.125, 8.5, 5.25], "texture": "#0"}
			}
		},
		{
			"name": "fallen_god_spear_56",
			"from": [8.5, 10.75, 7.8],
			"to": [8.75, 10.875, 7.925],
			"faces": {
				"north": {"uv": [9.75, 5.125, 9.5, 5.25], "texture": "#0"},
				"east": {"uv": [9.625, 5.125, 9.75, 5.25], "texture": "#0"},
				"south": {"uv": [9.5, 5.125, 9.75, 5.25], "texture": "#0"},
				"west": {"uv": [9.5, 5.125, 9.625, 5.25], "texture": "#0"},
				"up": {"uv": [9.5, 5.125, 9.75, 5.25], "texture": "#0"},
				"down": {"uv": [9.5, 5.125, 9.75, 5.25], "texture": "#0"}
			}
		},
		{
			"name": "fallen_god_spear_57",
			"from": [9.25, 10.75, 7.8],
			"to": [9.375, 10.875, 7.925],
			"faces": {
				"north": {"uv": [10.375, 5.125, 10.25, 5.25], "texture": "#0"},
				"east": {"uv": [10.25, 5.125, 10.375, 5.25], "texture": "#0"},
				"south": {"uv": [10.25, 5.125, 10.375, 5.25], "texture": "#0"},
				"west": {"uv": [10.25, 5.125, 10.375, 5.25], "texture": "#0"},
				"up": {"uv": [10.25, 5.125, 10.375, 5.25], "texture": "#0"},
				"down": {"uv": [10.25, 5.125, 10.375, 5.25], "texture": "#0"}
			}
		},
		{
			"name": "fallen_god_spear_58",
			"from": [8.125, 10.625, 7.7],
			"to": [8.5, 10.75, 8.025],
			"faces": {
				"north": {"uv": [9, 5.25, 8.625, 5.375], "texture": "#0"},
				"east": {"uv": [8.875, 5.25, 9, 5.375], "texture": "#0"},
				"south": {"uv": [8.625, 5.25, 9, 5.375], "texture": "#0"},
				"west": {"uv": [8.625, 5.25, 8.75, 5.375], "texture": "#0"},
				"up": {"uv": [8.625, 5.25, 9, 5.375], "texture": "#0"},
				"down": {"uv": [8.625, 5.25, 9, 5.375], "texture": "#0"}
			}
		},
		{
			"name": "fallen_god_spear_59",
			"from": [8, 10.375, 7.55],
			"to": [8.625, 10.625, 8.125],
			"faces": {
				"north": {"uv": [7.875, 5.375, 7.25, 5.625], "texture": "#0"},
				"east": {"uv": [7.875, 5.375, 7.25, 5.625], "texture": "#0"},
				"south": {"uv": [7.25, 5.375, 7.875, 5.625], "texture": "#0"},
				"west": {"uv": [7.875, 5.375, 7.25, 5.625], "texture": "#0"},
				"up": {"uv": [7.25, 5.375, 7.875, 5.5], "texture": "#0"},
				"down": {"uv": [7.25, 5.5, 7.875, 5.625], "texture": "#0"}
			}
		},
		{
			"name": "fallen_god_spear_60",
			"from": [8.125, 10.25, 7.7],
			"to": [8.5, 10.375, 8.025],
			"faces": {
				"north": {"uv": [8.5, 5.625, 8.125, 5.75], "texture": "#0"},
				"east": {"uv": [8.375, 5.625, 8.5, 5.75], "texture": "#0"},
				"south": {"uv": [8.125, 5.625, 8.5, 5.75], "texture": "#0"},
				"west": {"uv": [8.125, 5.625, 8.25, 5.75], "texture": "#0"},
				"up": {"uv": [8.125, 5.625, 8.5, 5.75], "texture": "#0"},
				"down": {"uv": [8.125, 5.625, 8.5, 5.75], "texture": "#0"}
			}
		},
		{
			"name": "fallen_god_spear_61",
			"from": [8, 10, 7.6],
			"to": [8.625, 10.25, 8.125],
			"faces": {
				"north": {"uv": [7.875, 5.75, 7.25, 6], "texture": "#0"},
				"east": {"uv": [7.875, 5.375, 7.25, 5.625], "texture": "#0"},
				"south": {"uv": [7.25, 5.75, 7.875, 6], "texture": "#0"},
				"west": {"uv": [7.875, 5.375, 7.25, 5.625], "texture": "#0"},
				"up": {"uv": [7.25, 5.75, 7.875, 5.875], "texture": "#0"},
				"down": {"uv": [7.25, 5.875, 7.875, 6], "texture": "#0"}
			}
		},
		{
			"name": "fallen_god_spear_62",
			"from": [8.125, 9.875, 7.7],
			"to": [8.5, 10, 8.025],
			"faces": {
				"north": {"uv": [8.5, 6, 8.125, 6.125], "texture": "#0"},
				"east": {"uv": [8.375, 6, 8.5, 6.125], "texture": "#0"},
				"south": {"uv": [8.125, 6, 8.5, 6.125], "texture": "#0"},
				"west": {"uv": [8.125, 6, 8.25, 6.125], "texture": "#0"},
				"up": {"uv": [8.125, 6, 8.5, 6.125], "texture": "#0"},
				"down": {"uv": [8.125, 6, 8.5, 6.125], "texture": "#0"}
			}
		},
		{
			"name": "fallen_god_spear_63",
			"from": [8, 9.625, 7.6],
			"to": [8.625, 9.875, 8.125],
			"faces": {
				"north": {"uv": [7.875, 6.125, 7.25, 6.375], "texture": "#0"},
				"east": {"uv": [7.875, 5.375, 7.25, 5.625], "texture": "#0"},
				"south": {"uv": [7.25, 6.125, 7.875, 6.375], "texture": "#0"},
				"west": {"uv": [7.875, 5.375, 7.25, 5.625], "texture": "#0"},
				"up": {"uv": [7.25, 6.125, 7.875, 6.25], "texture": "#0"},
				"down": {"uv": [7.25, 6.25, 7.875, 6.375], "texture": "#0"}
			}
		},
		{
			"name": "fallen_god_spear_64",
			"from": [8.125, 8.75, 7.7],
			"to": [8.5, 9.625, 8.025],
			"faces": {
				"north": {"uv": [8.5, 6.375, 8.125, 7.25], "texture": "#0"},
				"east": {"uv": [8.375, 6.375, 8.5, 7.25], "texture": "#0"},
				"south": {"uv": [8.125, 6.375, 8.5, 7.25], "texture": "#0"},
				"west": {"uv": [8.125, 6.375, 8.25, 7.25], "texture": "#0"},
				"up": {"uv": [8.125, 6.375, 8.5, 6.5], "texture": "#0"},
				"down": {"uv": [8.125, 7.125, 8.5, 7.25], "texture": "#0"}
			}
		},
		{
			"name": "fallen_god_spear_65",
			"from": [8, 9.25, 7.8],
			"to": [8.125, 9.5, 7.925],
			"faces": {
				"north": {"uv": [7.875, 6.5, 7.75, 6.75], "texture": "#0"},
				"east": {"uv": [7.75, 6.5, 7.875, 6.75], "texture": "#0"},
				"south": {"uv": [7.75, 6.5, 7.875, 6.75], "texture": "#0"},
				"west": {"uv": [7.75, 6.5, 7.875, 6.75], "texture": "#0"},
				"up": {"uv": [7.75, 6.5, 7.875, 6.625], "texture": "#0"},
				"down": {"uv": [7.75, 6.625, 7.875, 6.75], "texture": "#0"}
			}
		},
		{
			"name": "fallen_god_spear_66",
			"from": [8.5, 9.25, 7.8],
			"to": [8.625, 9.5, 7.925],
			"faces": {
				"north": {"uv": [8.875, 6.5, 8.75, 6.75], "texture": "#0"},
				"east": {"uv": [8.75, 6.5, 8.875, 6.75], "texture": "#0"},
				"south": {"uv": [8.75, 6.5, 8.875, 6.75], "texture": "#0"},
				"west": {"uv": [8.75, 6.5, 8.875, 6.75], "texture": "#0"},
				"up": {"uv": [8.75, 6.5, 8.875, 6.625], "texture": "#0"},
				"down": {"uv": [8.75, 6.625, 8.875, 6.75], "texture": "#0"}
			}
		},
		{
			"name": "fallen_god_spear_67",
			"from": [7.75, 9.25, 7.8],
			"to": [8, 9.375, 7.925],
			"faces": {
				"north": {"uv": [7.75, 6.625, 7.5, 6.75], "texture": "#0"},
				"east": {"uv": [7.625, 6.625, 7.75, 6.75], "texture": "#0"},
				"south": {"uv": [7.5, 6.625, 7.75, 6.75], "texture": "#0"},
				"west": {"uv": [7.5, 6.625, 7.625, 6.75], "texture": "#0"},
				"up": {"uv": [7.5, 6.625, 7.75, 6.75], "texture": "#0"},
				"down": {"uv": [7.5, 6.625, 7.75, 6.75], "texture": "#0"}
			}
		},
		{
			"name": "fallen_god_spear_68",
			"from": [8.625, 9.25, 7.8],
			"to": [8.875, 9.375, 7.925],
			"faces": {
				"north": {"uv": [9.125, 6.625, 8.875, 6.75], "texture": "#0"},
				"east": {"uv": [9, 6.625, 9.125, 6.75], "texture": "#0"},
				"south": {"uv": [8.875, 6.625, 9.125, 6.75], "texture": "#0"},
				"west": {"uv": [8.875, 6.625, 9, 6.75], "texture": "#0"},
				"up": {"uv": [8.875, 6.625, 9.125, 6.75], "texture": "#0"},
				"down": {"uv": [8.875, 6.625, 9.125, 6.75], "texture": "#0"}
			}
		},
		{
			"name": "fallen_god_spear_69",
			"from": [8, 8.875, 7.8],
			"to": [8.125, 9.125, 7.925],
			"faces": {
				"north": {"uv": [7.875, 6.875, 7.75, 7.125], "texture": "#0"},
				"east": {"uv": [7.75, 6.875, 7.875, 7.125], "texture": "#0"},
				"south": {"uv": [7.75, 6.875, 7.875, 7.125], "texture": "#0"},
				"west": {"uv": [7.75, 6.875, 7.875, 7.125], "texture": "#0"},
				"up": {"uv": [7.75, 6.875, 7.875, 7], "texture": "#0"},
				"down": {"uv": [7.75, 7, 7.875, 7.125], "texture": "#0"}
			}
		},
		{
			"name": "fallen_god_spear_70",
			"from": [8.5, 8.875, 7.8],
			"to": [8.625, 9.125, 7.925],
			"faces": {
				"north": {"uv": [8.875, 6.875, 8.75, 7.125], "texture": "#0"},
				"east": {"uv": [8.75, 6.875, 8.875, 7.125], "texture": "#0"},
				"south": {"uv": [8.75, 6.875, 8.875, 7.125], "texture": "#0"},
				"west": {"uv": [8.75, 6.875, 8.875, 7.125], "texture": "#0"},
				"up": {"uv": [8.75, 6.875, 8.875, 7], "texture": "#0"},
				"down": {"uv": [8.75, 7, 8.875, 7.125], "texture": "#0"}
			}
		},
		{
			"name": "fallen_god_spear_71",
			"from": [7.75, 8.875, 7.8],
			"to": [8, 9, 7.925],
			"faces": {
				"north": {"uv": [7.75, 7, 7.5, 7.125], "texture": "#0"},
				"east": {"uv": [7.625, 7, 7.75, 7.125], "texture": "#0"},
				"south": {"uv": [7.5, 7, 7.75, 7.125], "texture": "#0"},
				"west": {"uv": [7.5, 7, 7.625, 7.125], "texture": "#0"},
				"up": {"uv": [7.5, 7, 7.75, 7.125], "texture": "#0"},
				"down": {"uv": [7.5, 7, 7.75, 7.125], "texture": "#0"}
			}
		},
		{
			"name": "fallen_god_spear_72",
			"from": [8.625, 8.875, 7.8],
			"to": [8.875, 9, 7.925],
			"faces": {
				"north": {"uv": [9.125, 7, 8.875, 7.125], "texture": "#0"},
				"east": {"uv": [9, 7, 9.125, 7.125], "texture": "#0"},
				"south": {"uv": [8.875, 7, 9.125, 7.125], "texture": "#0"},
				"west": {"uv": [8.875, 7, 9, 7.125], "texture": "#0"},
				"up": {"uv": [8.875, 7, 9.125, 7.125], "texture": "#0"},
				"down": {"uv": [8.875, 7, 9.125, 7.125], "texture": "#0"}
			}
		},
		{
			"name": "fallen_god_spear_73",
			"from": [8, 8.5, 7.6],
			"to": [8.625, 8.75, 8.125],
			"faces": {
				"north": {"uv": [7.875, 7.25, 7.25, 7.5], "texture": "#0"},
				"east": {"uv": [7.875, 5.375, 7.25, 5.625], "texture": "#0"},
				"south": {"uv": [7.25, 7.25, 7.875, 7.5], "texture": "#0"},
				"west": {"uv": [7.875, 5.375, 7.25, 5.625], "texture": "#0"},
				"up": {"uv": [7.25, 7.25, 7.875, 7.375], "texture": "#0"},
				"down": {"uv": [7.25, 7.375, 7.875, 7.5], "texture": "#0"}
			}
		},
		{
			"name": "fallen_god_spear_74",
			"from": [8.125, 2, 7.7],
			"to": [8.5, 8.5, 8.025],
			"faces": {
				"north": {"uv": [8.5, 7.5, 8.125, 14], "texture": "#0"},
				"east": {"uv": [8.375, 7.5, 8.5, 14], "texture": "#0"},
				"south": {"uv": [8.125, 7.5, 8.5, 14], "texture": "#0"},
				"west": {"uv": [8.125, 7.5, 8.25, 14], "texture": "#0"},
				"up": {"uv": [8.125, 7.5, 8.5, 7.625], "texture": "#0"},
				"down": {"uv": [8.125, 13.875, 8.5, 14], "texture": "#0"}
			}
		},
		{
			"name": "fallen_god_spear_75",
			"from": [8, 1.75, 7.6],
			"to": [8.625, 2, 8.125],
			"faces": {
				"north": {"uv": [7.875, 14, 7.25, 14.25], "texture": "#0"},
				"east": {"uv": [7.875, 14, 7.25, 14.25], "texture": "#0"},
				"south": {"uv": [7.25, 14, 7.875, 14.25], "texture": "#0"},
				"west": {"uv": [7.875, 14, 7.25, 14.25], "texture": "#0"},
				"up": {"uv": [7.25, 14, 7.875, 14.125], "texture": "#0"},
				"down": {"uv": [7.25, 14.125, 7.875, 14.25], "texture": "#0"}
			}
		},
		{
			"name": "fallen_god_spear_76",
			"from": [8.125, 1.625, 7.7],
			"to": [8.5, 1.75, 8.025],
			"faces": {
				"north": {"uv": [8.5, 14.25, 8.125, 14.375], "texture": "#0"},
				"east": {"uv": [8.375, 14.25, 8.5, 14.375], "texture": "#0"},
				"south": {"uv": [8.125, 14.25, 8.5, 14.375], "texture": "#0"},
				"west": {"uv": [8.125, 14.25, 8.25, 14.375], "texture": "#0"},
				"up": {"uv": [8.125, 14.25, 8.5, 14.375], "texture": "#0"},
				"down": {"uv": [8.125, 14.25, 8.5, 14.375], "texture": "#0"}
			}
		},
		{
			"name": "fallen_god_spear_77",
			"from": [8, 1.375, 7.6],
			"to": [8.625, 1.625, 8.125],
			"faces": {
				"north": {"uv": [7.875, 14.375, 7.25, 14.625], "texture": "#0"},
				"east": {"uv": [7.875, 14, 7.25, 14.25], "texture": "#0"},
				"south": {"uv": [7.25, 14.375, 7.875, 14.625], "texture": "#0"},
				"west": {"uv": [7.875, 14, 7.25, 14.25], "texture": "#0"},
				"up": {"uv": [7.25, 14.375, 7.875, 14.5], "texture": "#0"},
				"down": {"uv": [7.25, 14.5, 7.875, 14.625], "texture": "#0"}
			}
		},
		{
			"name": "fallen_god_spear_78",
			"from": [8.125, 1.125, 7.7],
			"to": [8.5, 1.375, 8.025],
			"faces": {
				"north": {"uv": [8.5, 14.625, 8.125, 14.875], "texture": "#0"},
				"east": {"uv": [8.375, 14.625, 8.5, 14.875], "texture": "#0"},
				"south": {"uv": [8.125, 14.625, 8.5, 14.875], "texture": "#0"},
				"west": {"uv": [8.125, 14.625, 8.25, 14.875], "texture": "#0"},
				"up": {"uv": [8.125, 14.625, 8.5, 14.75], "texture": "#0"},
				"down": {"uv": [8.125, 14.75, 8.5, 14.875], "texture": "#0"}
			}
		},
		{
			"name": "fallen_god_spear_79",
			"from": [8, 1, 7.8],
			"to": [8.25, 1.125, 7.925],
			"faces": {
				"north": {"uv": [7.5, 14.875, 7.25, 15], "texture": "#0"},
				"east": {"uv": [7.375, 14.875, 7.5, 15], "texture": "#0"},
				"south": {"uv": [7.25, 14.875, 7.5, 15], "texture": "#0"},
				"west": {"uv": [7.25, 14.875, 7.375, 15], "texture": "#0"},
				"up": {"uv": [7.25, 14.875, 7.5, 15], "texture": "#0"},
				"down": {"uv": [7.25, 14.875, 7.5, 15], "texture": "#0"}
			}
		},
		{
			"name": "fallen_god_spear_80",
			"from": [8.375, 1, 7.8],
			"to": [8.625, 1.125, 7.925],
			"faces": {
				"north": {"uv": [7.875, 14.875, 7.625, 15], "texture": "#0"},
				"east": {"uv": [7.75, 14.875, 7.875, 15], "texture": "#0"},
				"south": {"uv": [7.625, 14.875, 7.875, 15], "texture": "#0"},
				"west": {"uv": [7.625, 14.875, 7.75, 15], "texture": "#0"},
				"up": {"uv": [7.625, 14.875, 7.875, 15], "texture": "#0"},
				"down": {"uv": [7.625, 14.875, 7.875, 15], "texture": "#0"}
			}
		},
		{
			"name": "fallen_god_spear_81",
			"from": [8.25, 0.75, 7.7],
			"to": [8.375, 1.125, 8.025],
			"faces": {
				"north": {"uv": [8.375, 14.875, 8.25, 15.25], "texture": "#0"},
				"east": {"uv": [8.25, 14.875, 8.375, 15.25], "texture": "#0"},
				"south": {"uv": [8.25, 14.875, 8.375, 15.25], "texture": "#0"},
				"west": {"uv": [8.25, 14.875, 8.375, 15.25], "texture": "#0"},
				"up": {"uv": [8.25, 14.875, 8.375, 15], "texture": "#0"},
				"down": {"uv": [8.25, 15.125, 8.375, 15.25], "texture": "#0"}
			}
		},
		{
			"name": "fallen_god_spear_82",
			"from": [7.875, 0.875, 7.8],
			"to": [8.125, 1, 7.925],
			"faces": {
				"north": {"uv": [7.375, 15, 7.125, 15.125], "texture": "#0"},
				"east": {"uv": [7.25, 15, 7.375, 15.125], "texture": "#0"},
				"south": {"uv": [7.125, 15, 7.375, 15.125], "texture": "#0"},
				"west": {"uv": [7.125, 15, 7.25, 15.125], "texture": "#0"},
				"up": {"uv": [7.125, 15, 7.375, 15.125], "texture": "#0"},
				"down": {"uv": [7.125, 15, 7.375, 15.125], "texture": "#0"}
			}
		},
		{
			"name": "fallen_god_spear_83",
			"from": [8.5, 0.875, 7.8],
			"to": [8.75, 1, 7.925],
			"faces": {
				"north": {"uv": [8, 15, 7.75, 15.125], "texture": "#0"},
				"east": {"uv": [7.875, 15, 8, 15.125], "texture": "#0"},
				"south": {"uv": [7.75, 15, 8, 15.125], "texture": "#0"},
				"west": {"uv": [7.75, 15, 7.875, 15.125], "texture": "#0"},
				"up": {"uv": [7.75, 15, 8, 15.125], "texture": "#0"},
				"down": {"uv": [7.75, 15, 8, 15.125], "texture": "#0"}
			}
		},
		{
			"name": "fallen_god_spear_84",
			"from": [8.125, 0.875, 7.7],
			"to": [8.25, 1, 8.025],
			"faces": {
				"north": {"uv": [8.25, 15, 8.125, 15.125], "texture": "#0"},
				"east": {"uv": [8.125, 15, 8.25, 15.125], "texture": "#0"},
				"south": {"uv": [8.125, 15, 8.25, 15.125], "texture": "#0"},
				"west": {"uv": [8.125, 15, 8.25, 15.125], "texture": "#0"},
				"up": {"uv": [8.125, 15, 8.25, 15.125], "texture": "#0"},
				"down": {"uv": [8.125, 15, 8.25, 15.125], "texture": "#0"}
			}
		},
		{
			"name": "fallen_god_spear_85",
			"from": [8.375, 0.875, 7.7],
			"to": [8.5, 1, 8.025],
			"faces": {
				"north": {"uv": [8.5, 15, 8.375, 15.125], "texture": "#0"},
				"east": {"uv": [8.375, 15, 8.5, 15.125], "texture": "#0"},
				"south": {"uv": [8.375, 15, 8.5, 15.125], "texture": "#0"},
				"west": {"uv": [8.375, 15, 8.5, 15.125], "texture": "#0"},
				"up": {"uv": [8.375, 15, 8.5, 15.125], "texture": "#0"},
				"down": {"uv": [8.375, 15, 8.5, 15.125], "texture": "#0"}
			}
		},
		{
			"name": "fallen_god_spear_86",
			"from": [8, 0.75, 7.8],
			"to": [8.25, 0.875, 7.925],
			"faces": {
				"north": {"uv": [7.5, 15.125, 7.25, 15.25], "texture": "#0"},
				"east": {"uv": [7.375, 15.125, 7.5, 15.25], "texture": "#0"},
				"south": {"uv": [7.25, 15.125, 7.5, 15.25], "texture": "#0"},
				"west": {"uv": [7.25, 15.125, 7.375, 15.25], "texture": "#0"},
				"up": {"uv": [7.25, 15.125, 7.5, 15.25], "texture": "#0"},
				"down": {"uv": [7.25, 15.125, 7.5, 15.25], "texture": "#0"}
			}
		},
		{
			"name": "fallen_god_spear_87",
			"from": [8.375, 0.75, 7.8],
			"to": [8.625, 0.875, 7.925],
			"faces": {
				"north": {"uv": [7.875, 15.125, 7.625, 15.25], "texture": "#0"},
				"east": {"uv": [7.75, 15.125, 7.875, 15.25], "texture": "#0"},
				"south": {"uv": [7.625, 15.125, 7.875, 15.25], "texture": "#0"},
				"west": {"uv": [7.625, 15.125, 7.75, 15.25], "texture": "#0"},
				"up": {"uv": [7.625, 15.125, 7.875, 15.25], "texture": "#0"},
				"down": {"uv": [7.625, 15.125, 7.875, 15.25], "texture": "#0"}
			}
		},
		{
			"name": "fallen_god_spear_88",
			"from": [8.125, 0.5, 7.8],
			"to": [8.5, 0.75, 7.925],
			"faces": {
				"north": {"uv": [7.75, 15.25, 7.375, 15.5], "texture": "#0"},
				"east": {"uv": [7.625, 15.25, 7.75, 15.5], "texture": "#0"},
				"south": {"uv": [7.375, 15.25, 7.75, 15.5], "texture": "#0"},
				"west": {"uv": [7.375, 15.25, 7.5, 15.5], "texture": "#0"},
				"up": {"uv": [7.375, 15.25, 7.75, 15.375], "texture": "#0"},
				"down": {"uv": [7.375, 15.375, 7.75, 15.5], "texture": "#0"}
			}
		},
		{
			"name": "fallen_god_spear_89",
			"from": [8.25, 0.25, 7.8],
			"to": [8.375, 0.5, 7.925],
			"faces": {
				"north": {"uv": [7.625, 15.5, 7.5, 15.75], "texture": "#0"},
				"east": {"uv": [7.5, 15.5, 7.625, 15.75], "texture": "#0"},
				"south": {"uv": [7.5, 15.5, 7.625, 15.75], "texture": "#0"},
				"west": {"uv": [7.5, 15.5, 7.625, 15.75], "texture": "#0"},
				"up": {"uv": [7.5, 15.5, 7.625, 15.625], "texture": "#0"},
				"down": {"uv": [7.5, 15.625, 7.625, 15.75], "texture": "#0"}
			}
		},
		{
			"from": [4.2, 7, 7.85],
			"to": [12.2, 14, 7.85],
			"faces": {
				"north": {"uv": [0, 0, 16, 16], "texture": "#1"},
				"south": {"uv": [0, 0, 16, 16], "texture": "#1"}
			}
		}
	],
	"gui_light": "front",
	"display": {
		"thirdperson_righthand": {
			"rotation": [0, -90, 0],
			"translation": [0.5, 2, 0.25],
			"scale": [3.5, 3.5, 3.5]
		},
		"thirdperson_lefthand": {
			"rotation": [0, 90, 0],
			"translation": [0.25, 1, 0.5],
			"scale": [3.5, 3.5, 2.5]
		},
		"firstperson_righthand": {
			"rotation": [0, -90, -4],
			"translation": [0.75, 2, 1.5],
			"scale": [2, 2, 2]
		},
		"firstperson_lefthand": {
			"rotation": [-1, 87, 1],
			"translation": [3, 3, 0.75],
			"scale": [2, 2, 2]
		},
		"ground": {
			"translation": [0, 12.5, 0],
			"scale": [3.75, 3.75, 2.5]
		},
		"gui": {
			"rotation": [0, 0, -42],
			"translation": [1.25, 1.5, 0],
			"scale": [2, 2, 1]
		},
		"fixed": {
			"rotation": [-180, 0, 138],
			"translation": [-1.25, 1.75, -0.75],
			"scale": [4, 4, 3]
		}
	},
	"groups": [
		{
			"name": "fallen_god_spear",
			"origin": [8, 8, 8],
			"color": 0,
			"children": [
				0,
				1,
				2,
				3,
				4,
				5,
				6,
				7,
				8,
				9,
				10,
				11,
				12,
				13,
				14,
				15,
				16,
				17,
				18,
				19,
				20,
				21,
				22,
				23,
				24,
				25,
				26,
				27,
				28,
				29,
				30,
				31,
				32,
				33,
				34,
				35,
				36,
				37,
				38,
				39,
				40,
				41,
				42,
				43,
				44,
				45,
				46,
				47,
				48,
				49,
				50,
				51,
				52,
				53,
				54,
				55,
				56,
				57,
				58,
				59,
				60,
				61,
				62,
				63,
				64,
				65,
				66,
				67,
				68,
				69,
				70,
				71,
				72,
				73,
				74,
				75,
				76,
				77,
				78,
				79,
				80,
				81,
				82,
				83,
				84,
				85,
				86,
				87,
				88,
				89
			]
		},
		90
	]
}