{
	"credit": "Made with Blockbench",
	"textures": {
		"0": "prominent:item/transmog/floral_sabre",
		"particle": "prominent:item/transmog/floral_sabre"
	},
	"elements": [
		{
			"name": "floral_sabre_0",
			"from": [9.25, 13, 7.75],
			"to": [9.375, 13.25, 7.875],
			"faces": {
				"north": {"uv": [9.125, 2.75, 9, 3], "texture": "#0"},
				"east": {"uv": [9, 2.75, 9.125, 3], "texture": "#0"},
				"south": {"uv": [9, 2.75, 9.125, 3], "texture": "#0"},
				"west": {"uv": [9, 2.75, 9.125, 3], "texture": "#0"},
				"up": {"uv": [9, 2.75, 9.125, 2.875], "texture": "#0"},
				"down": {"uv": [9, 2.875, 9.125, 3], "texture": "#0"}
			}
		},
		{
			"name": "floral_sabre_1",
			"from": [9.125, 12.875, 7.75],
			"to": [9.25, 13.125, 7.875],
			"faces": {
				"north": {"uv": [9, 2.875, 8.875, 3.125], "texture": "#0"},
				"east": {"uv": [8.875, 2.875, 9, 3.125], "texture": "#0"},
				"south": {"uv": [8.875, 2.875, 9, 3.125], "texture": "#0"},
				"west": {"uv": [8.875, 2.875, 9, 3.125], "texture": "#0"},
				"up": {"uv": [8.875, 2.875, 9, 3], "texture": "#0"},
				"down": {"uv": [8.875, 3, 9, 3.125], "texture": "#0"}
			}
		},
		{
			"name": "floral_sabre_2",
			"from": [9, 12.75, 7.75],
			"to": [9.125, 13, 7.875],
			"faces": {
				"north": {"uv": [8.875, 3, 8.75, 3.25], "texture": "#0"},
				"east": {"uv": [8.75, 3, 8.875, 3.25], "texture": "#0"},
				"south": {"uv": [8.75, 3, 8.875, 3.25], "texture": "#0"},
				"west": {"uv": [8.75, 3, 8.875, 3.25], "texture": "#0"},
				"up": {"uv": [8.75, 3, 8.875, 3.125], "texture": "#0"},
				"down": {"uv": [8.75, 3.125, 8.875, 3.25], "texture": "#0"}
			}
		},
		{
			"name": "floral_sabre_3",
			"from": [8.875, 12.25, 7.75],
			"to": [9, 12.875, 7.875],
			"faces": {
				"north": {"uv": [8.75, 3.125, 8.625, 3.75], "texture": "#0"},
				"east": {"uv": [8.625, 3.125, 8.75, 3.75], "texture": "#0"},
				"south": {"uv": [8.625, 3.125, 8.75, 3.75], "texture": "#0"},
				"west": {"uv": [8.625, 3.125, 8.75, 3.75], "texture": "#0"},
				"up": {"uv": [8.625, 3.125, 8.75, 3.25], "texture": "#0"},
				"down": {"uv": [8.625, 3.625, 8.75, 3.75], "texture": "#0"}
			}
		},
		{
			"name": "floral_sabre_4",
			"from": [9.125, 12.75, 7.7],
			"to": [9.25, 12.875, 7.925],
			"faces": {
				"north": {"uv": [9.25, 3.125, 9.125, 3.25], "texture": "#0"},
				"east": {"uv": [9.125, 3.125, 9.25, 3.25], "texture": "#0"},
				"south": {"uv": [9.125, 3.125, 9.25, 3.25], "texture": "#0"},
				"west": {"uv": [9.125, 3.125, 9.25, 3.25], "texture": "#0"},
				"up": {"uv": [9.125, 3.125, 9.25, 3.25], "texture": "#0"},
				"down": {"uv": [9.125, 3.125, 9.25, 3.25], "texture": "#0"}
			}
		},
		{
			"name": "floral_sabre_5",
			"from": [9, 12.125, 7.7],
			"to": [9.125, 12.75, 7.925],
			"faces": {
				"north": {"uv": [9.125, 3.25, 9, 3.875], "texture": "#0"},
				"east": {"uv": [9, 3.25, 9.125, 3.875], "texture": "#0"},
				"south": {"uv": [9, 3.25, 9.125, 3.875], "texture": "#0"},
				"west": {"uv": [9, 3.25, 9.125, 3.875], "texture": "#0"},
				"up": {"uv": [9, 3.25, 9.125, 3.375], "texture": "#0"},
				"down": {"uv": [9, 3.75, 9.125, 3.875], "texture": "#0"}
			}
		},
		{
			"name": "floral_sabre_6",
			"from": [8.75, 11.875, 7.75],
			"to": [8.875, 12.625, 7.875],
			"faces": {
				"north": {"uv": [8.625, 3.375, 8.5, 4.125], "texture": "#0"},
				"east": {"uv": [8.5, 3.375, 8.625, 4.125], "texture": "#0"},
				"south": {"uv": [8.5, 3.375, 8.625, 4.125], "texture": "#0"},
				"west": {"uv": [8.5, 3.375, 8.625, 4.125], "texture": "#0"},
				"up": {"uv": [8.5, 3.375, 8.625, 3.5], "texture": "#0"},
				"down": {"uv": [8.5, 4, 8.625, 4.125], "texture": "#0"}
			}
		},
		{
			"name": "floral_sabre_7",
			"from": [8.625, 11.375, 7.75],
			"to": [8.75, 12.25, 7.875],
			"faces": {
				"north": {"uv": [8.5, 3.75, 8.375, 4.625], "texture": "#0"},
				"east": {"uv": [8.375, 3.75, 8.5, 4.625], "texture": "#0"},
				"south": {"uv": [8.375, 3.75, 8.5, 4.625], "texture": "#0"},
				"west": {"uv": [8.375, 3.75, 8.5, 4.625], "texture": "#0"},
				"up": {"uv": [8.375, 3.75, 8.5, 3.875], "texture": "#0"},
				"down": {"uv": [8.375, 4.5, 8.5, 4.625], "texture": "#0"}
			}
		},
		{
			"name": "floral_sabre_8",
			"from": [8.875, 11.375, 7.7],
			"to": [9, 12.25, 7.925],
			"faces": {
				"north": {"uv": [9, 3.75, 8.875, 4.625], "texture": "#0"},
				"east": {"uv": [8.875, 3.75, 9, 4.625], "texture": "#0"},
				"south": {"uv": [8.875, 3.75, 9, 4.625], "texture": "#0"},
				"west": {"uv": [8.875, 3.75, 9, 4.625], "texture": "#0"},
				"up": {"uv": [8.875, 3.75, 9, 3.875], "texture": "#0"},
				"down": {"uv": [8.875, 4.5, 9, 4.625], "texture": "#0"}
			}
		},
		{
			"name": "floral_sabre_9",
			"from": [8.5, 10.75, 7.75],
			"to": [8.625, 11.875, 7.875],
			"faces": {
				"north": {"uv": [8.375, 4.125, 8.25, 5.25], "texture": "#0"},
				"east": {"uv": [8.25, 4.125, 8.375, 5.25], "texture": "#0"},
				"south": {"uv": [8.25, 4.125, 8.375, 5.25], "texture": "#0"},
				"west": {"uv": [8.25, 4.125, 8.375, 5.25], "texture": "#0"},
				"up": {"uv": [8.25, 4.125, 8.375, 4.25], "texture": "#0"},
				"down": {"uv": [8.25, 5.125, 8.375, 5.25], "texture": "#0"}
			}
		},
		{
			"name": "floral_sabre_10",
			"from": [8.75, 10.75, 7.7],
			"to": [8.875, 11.875, 7.925],
			"faces": {
				"north": {"uv": [8.875, 4.125, 8.75, 5.25], "texture": "#0"},
				"east": {"uv": [8.75, 4.125, 8.875, 5.25], "texture": "#0"},
				"south": {"uv": [8.75, 4.125, 8.875, 5.25], "texture": "#0"},
				"west": {"uv": [8.75, 4.125, 8.875, 5.25], "texture": "#0"},
				"up": {"uv": [8.75, 4.125, 8.875, 4.25], "texture": "#0"},
				"down": {"uv": [8.75, 5.125, 8.875, 5.25], "texture": "#0"}
			}
		},
		{
			"name": "floral_sabre_11",
			"from": [8.625, 9.375, 7.7],
			"to": [8.75, 11.375, 7.925],
			"faces": {
				"north": {"uv": [8.75, 4.625, 8.625, 6.625], "texture": "#0"},
				"east": {"uv": [8.625, 4.625, 8.75, 6.625], "texture": "#0"},
				"south": {"uv": [8.625, 4.625, 8.75, 6.625], "texture": "#0"},
				"west": {"uv": [8.625, 4.625, 8.75, 6.625], "texture": "#0"},
				"up": {"uv": [8.625, 4.625, 8.75, 4.75], "texture": "#0"},
				"down": {"uv": [8.625, 6.5, 8.75, 6.625], "texture": "#0"}
			}
		},
		{
			"name": "floral_sabre_12",
			"from": [8.375, 9.5, 7.75],
			"to": [8.5, 11.25, 7.875],
			"faces": {
				"north": {"uv": [8.25, 4.75, 8.125, 6.5], "texture": "#0"},
				"east": {"uv": [8.125, 4.75, 8.25, 6.5], "texture": "#0"},
				"south": {"uv": [8.125, 4.75, 8.25, 6.5], "texture": "#0"},
				"west": {"uv": [8.125, 4.75, 8.25, 6.5], "texture": "#0"},
				"up": {"uv": [8.125, 4.75, 8.25, 4.875], "texture": "#0"},
				"down": {"uv": [8.125, 6.375, 8.25, 6.5], "texture": "#0"}
			}
		},
		{
			"name": "floral_sabre_13",
			"from": [8.5, 8.25, 7.7],
			"to": [8.625, 10.75, 7.925],
			"faces": {
				"north": {"uv": [8.625, 5.25, 8.5, 7.75], "texture": "#0"},
				"east": {"uv": [8.5, 5.25, 8.625, 7.75], "texture": "#0"},
				"south": {"uv": [8.5, 5.25, 8.625, 7.75], "texture": "#0"},
				"west": {"uv": [8.5, 5.25, 8.625, 7.75], "texture": "#0"},
				"up": {"uv": [8.5, 5.25, 8.625, 5.375], "texture": "#0"},
				"down": {"uv": [8.5, 7.625, 8.625, 7.75], "texture": "#0"}
			}
		},
		{
			"name": "floral_sabre_14",
			"from": [8.25, 6.625, 7.75],
			"to": [8.375, 10.625, 7.875],
			"faces": {
				"north": {"uv": [8.125, 5.375, 8, 9.375], "texture": "#0"},
				"east": {"uv": [8, 5.375, 8.125, 9.375], "texture": "#0"},
				"south": {"uv": [8, 5.375, 8.125, 9.375], "texture": "#0"},
				"west": {"uv": [8, 5.375, 8.125, 9.375], "texture": "#0"},
				"up": {"uv": [8, 5.375, 8.125, 5.5], "texture": "#0"},
				"down": {"uv": [8, 9.25, 8.125, 9.375], "texture": "#0"}
			}
		},
		{
			"name": "floral_sabre_15",
			"from": [8.125, 6.625, 7.75],
			"to": [8.25, 9.5, 7.875],
			"faces": {
				"north": {"uv": [8, 6.5, 7.875, 9.375], "texture": "#0"},
				"east": {"uv": [7.875, 6.5, 8, 9.375], "texture": "#0"},
				"south": {"uv": [7.875, 6.5, 8, 9.375], "texture": "#0"},
				"west": {"uv": [7.875, 6.5, 8, 9.375], "texture": "#0"},
				"up": {"uv": [7.875, 6.5, 8, 6.625], "texture": "#0"},
				"down": {"uv": [7.875, 9.25, 8, 9.375], "texture": "#0"}
			}
		},
		{
			"name": "floral_sabre_16",
			"from": [8.375, 7.75, 7.7],
			"to": [8.5, 9.5, 7.925],
			"faces": {
				"north": {"uv": [8.5, 6.5, 8.375, 8.25], "texture": "#0"},
				"east": {"uv": [8.375, 6.5, 8.5, 8.25], "texture": "#0"},
				"south": {"uv": [8.375, 6.5, 8.5, 8.25], "texture": "#0"},
				"west": {"uv": [8.375, 6.5, 8.5, 8.25], "texture": "#0"},
				"up": {"uv": [8.375, 6.5, 8.5, 6.625], "texture": "#0"},
				"down": {"uv": [8.375, 8.125, 8.5, 8.25], "texture": "#0"}
			}
		},
		{
			"name": "floral_sabre_17",
			"from": [8.625, 7.875, 7.65],
			"to": [8.875, 8.375, 7.975],
			"faces": {
				"north": {"uv": [9.375, 7.625, 9.125, 8.125], "texture": "#0"},
				"east": {"uv": [9.25, 7.625, 9.375, 8.125], "texture": "#0"},
				"south": {"uv": [9.125, 7.625, 9.375, 8.125], "texture": "#0"},
				"west": {"uv": [9.125, 7.625, 9.25, 8.125], "texture": "#0"},
				"up": {"uv": [9.125, 7.625, 9.375, 7.75], "texture": "#0"},
				"down": {"uv": [9.125, 8, 9.375, 8.125], "texture": "#0"}
			}
		},
		{
			"name": "floral_sabre_18",
			"from": [8.875, 8.25, 7.65],
			"to": [9, 8.375, 7.975],
			"faces": {
				"north": {"uv": [9.5, 7.625, 9.375, 7.75], "texture": "#0"},
				"east": {"uv": [9.375, 7.625, 9.5, 7.75], "texture": "#0"},
				"south": {"uv": [9.375, 7.625, 9.5, 7.75], "texture": "#0"},
				"west": {"uv": [9.375, 7.625, 9.5, 7.75], "texture": "#0"},
				"up": {"uv": [9.375, 7.625, 9.5, 7.75], "texture": "#0"},
				"down": {"uv": [9.375, 7.625, 9.5, 7.75], "texture": "#0"}
			}
		},
		{
			"name": "floral_sabre_19",
			"from": [8.5, 6, 7.65],
			"to": [8.625, 8.25, 7.975],
			"faces": {
				"north": {"uv": [9.125, 7.75, 9, 10], "texture": "#0"},
				"east": {"uv": [9, 7.75, 9.125, 10], "texture": "#0"},
				"south": {"uv": [9, 7.75, 9.125, 10], "texture": "#0"},
				"west": {"uv": [9, 7.75, 9.125, 10], "texture": "#0"},
				"up": {"uv": [9, 7.75, 9.125, 7.875], "texture": "#0"},
				"down": {"uv": [9, 9.875, 9.125, 10], "texture": "#0"}
			}
		},
		{
			"name": "floral_sabre_20",
			"from": [8.625, 7.5, 7.65],
			"to": [8.75, 7.875, 7.975],
			"faces": {
				"north": {"uv": [9.25, 8.125, 9.125, 8.5], "texture": "#0"},
				"east": {"uv": [9.125, 8.125, 9.25, 8.5], "texture": "#0"},
				"south": {"uv": [9.125, 8.125, 9.25, 8.5], "texture": "#0"},
				"west": {"uv": [9.125, 8.125, 9.25, 8.5], "texture": "#0"},
				"up": {"uv": [9.125, 8.125, 9.25, 8.25], "texture": "#0"},
				"down": {"uv": [9.125, 8.375, 9.25, 8.5], "texture": "#0"}
			}
		},
		{
			"name": "floral_sabre_21",
			"from": [8.375, 6, 7.65],
			"to": [8.5, 7.75, 7.975],
			"faces": {
				"north": {"uv": [9, 8.25, 8.875, 10], "texture": "#0"},
				"east": {"uv": [8.875, 8.25, 9, 10], "texture": "#0"},
				"south": {"uv": [8.875, 8.25, 9, 10], "texture": "#0"},
				"west": {"uv": [8.875, 8.25, 9, 10], "texture": "#0"},
				"up": {"uv": [8.875, 8.25, 9, 8.375], "texture": "#0"},
				"down": {"uv": [8.875, 9.875, 9, 10], "texture": "#0"}
			}
		},
		{
			"name": "floral_sabre_22",
			"from": [9.125, 6.875, 7.75],
			"to": [9.25, 7.25, 7.875],
			"faces": {
				"north": {"uv": [10, 8.75, 9.875, 9.125], "texture": "#0"},
				"east": {"uv": [9.875, 8.75, 10, 9.125], "texture": "#0"},
				"south": {"uv": [9.875, 8.75, 10, 9.125], "texture": "#0"},
				"west": {"uv": [9.875, 8.75, 10, 9.125], "texture": "#0"},
				"up": {"uv": [9.875, 8.75, 10, 8.875], "texture": "#0"},
				"down": {"uv": [9.875, 9, 10, 9.125], "texture": "#0"}
			}
		},
		{
			"name": "floral_sabre_23",
			"from": [8.875, 6.875, 7.75],
			"to": [9.125, 7.125, 7.875],
			"faces": {
				"north": {"uv": [9.875, 8.875, 9.625, 9.125], "texture": "#0"},
				"east": {"uv": [9.75, 8.875, 9.875, 9.125], "texture": "#0"},
				"south": {"uv": [9.625, 8.875, 9.875, 9.125], "texture": "#0"},
				"west": {"uv": [9.625, 8.875, 9.75, 9.125], "texture": "#0"},
				"up": {"uv": [9.625, 8.875, 9.875, 9], "texture": "#0"},
				"down": {"uv": [9.625, 9, 9.875, 9.125], "texture": "#0"}
			}
		},
		{
			"name": "floral_sabre_24",
			"from": [9.25, 6.875, 7.75],
			"to": [9.375, 7.125, 7.875],
			"faces": {
				"north": {"uv": [10.125, 8.875, 10, 9.125], "texture": "#0"},
				"east": {"uv": [10, 8.875, 10.125, 9.125], "texture": "#0"},
				"south": {"uv": [10, 8.875, 10.125, 9.125], "texture": "#0"},
				"west": {"uv": [10, 8.875, 10.125, 9.125], "texture": "#0"},
				"up": {"uv": [10, 8.875, 10.125, 9], "texture": "#0"},
				"down": {"uv": [10, 9, 10.125, 9.125], "texture": "#0"}
			}
		},
		{
			"name": "floral_sabre_25",
			"from": [8.75, 6, 7.75],
			"to": [8.875, 7, 7.875],
			"faces": {
				"north": {"uv": [9.625, 9, 9.5, 10], "texture": "#0"},
				"east": {"uv": [9.5, 9, 9.625, 10], "texture": "#0"},
				"south": {"uv": [9.5, 9, 9.625, 10], "texture": "#0"},
				"west": {"uv": [9.5, 9, 9.625, 10], "texture": "#0"},
				"up": {"uv": [9.5, 9, 9.625, 9.125], "texture": "#0"},
				"down": {"uv": [9.5, 9.875, 9.625, 10], "texture": "#0"}
			}
		},
		{
			"name": "floral_sabre_26",
			"from": [9.375, 6.5, 7.75],
			"to": [9.5, 7, 7.875],
			"faces": {
				"north": {"uv": [10.25, 9, 10.125, 9.5], "texture": "#0"},
				"east": {"uv": [10.125, 9, 10.25, 9.5], "texture": "#0"},
				"south": {"uv": [10.125, 9, 10.25, 9.5], "texture": "#0"},
				"west": {"uv": [10.125, 9, 10.25, 9.5], "texture": "#0"},
				"up": {"uv": [10.125, 9, 10.25, 9.125], "texture": "#0"},
				"down": {"uv": [10.125, 9.375, 10.25, 9.5], "texture": "#0"}
			}
		},
		{
			"name": "floral_sabre_27",
			"from": [8.625, 6.25, 7.75],
			"to": [8.75, 6.875, 7.875],
			"faces": {
				"north": {"uv": [9.5, 9.125, 9.375, 9.75], "texture": "#0"},
				"east": {"uv": [9.375, 9.125, 9.5, 9.75], "texture": "#0"},
				"south": {"uv": [9.375, 9.125, 9.5, 9.75], "texture": "#0"},
				"west": {"uv": [9.375, 9.125, 9.5, 9.75], "texture": "#0"},
				"up": {"uv": [9.375, 9.125, 9.5, 9.25], "texture": "#0"},
				"down": {"uv": [9.375, 9.625, 9.5, 9.75], "texture": "#0"}
			}
		},
		{
			"name": "floral_sabre_28",
			"from": [8.875, 6.75, 7.75],
			"to": [9, 6.875, 7.875],
			"faces": {
				"north": {"uv": [9.75, 9.125, 9.625, 9.25], "texture": "#0"},
				"east": {"uv": [9.625, 9.125, 9.75, 9.25], "texture": "#0"},
				"south": {"uv": [9.625, 9.125, 9.75, 9.25], "texture": "#0"},
				"west": {"uv": [9.625, 9.125, 9.75, 9.25], "texture": "#0"},
				"up": {"uv": [9.625, 9.125, 9.75, 9.25], "texture": "#0"},
				"down": {"uv": [9.625, 9.125, 9.75, 9.25], "texture": "#0"}
			}
		},
		{
			"name": "floral_sabre_29",
			"from": [9.5, 6.625, 7.75],
			"to": [9.625, 6.875, 7.875],
			"faces": {
				"north": {"uv": [10.375, 9.125, 10.25, 9.375], "texture": "#0"},
				"east": {"uv": [10.25, 9.125, 10.375, 9.375], "texture": "#0"},
				"south": {"uv": [10.25, 9.125, 10.375, 9.375], "texture": "#0"},
				"west": {"uv": [10.25, 9.125, 10.375, 9.375], "texture": "#0"},
				"up": {"uv": [10.25, 9.125, 10.375, 9.25], "texture": "#0"},
				"down": {"uv": [10.25, 9.25, 10.375, 9.375], "texture": "#0"}
			}
		},
		{
			"name": "floral_sabre_30",
			"from": [9.125, 6.375, 7.75],
			"to": [9.25, 6.75, 7.875],
			"faces": {
				"north": {"uv": [10, 9.25, 9.875, 9.625], "texture": "#0"},
				"east": {"uv": [9.875, 9.25, 10, 9.625], "texture": "#0"},
				"south": {"uv": [9.875, 9.25, 10, 9.625], "texture": "#0"},
				"west": {"uv": [9.875, 9.25, 10, 9.625], "texture": "#0"},
				"up": {"uv": [9.875, 9.25, 10, 9.375], "texture": "#0"},
				"down": {"uv": [9.875, 9.5, 10, 9.625], "texture": "#0"}
			}
		},
		{
			"name": "floral_sabre_31",
			"from": [8, 6, 7.65],
			"to": [8.375, 6.625, 7.975],
			"faces": {
				"north": {"uv": [8.875, 9.375, 8.5, 10], "texture": "#0"},
				"east": {"uv": [8.75, 9.375, 8.875, 10], "texture": "#0"},
				"south": {"uv": [8.5, 9.375, 8.875, 10], "texture": "#0"},
				"west": {"uv": [8.5, 9.375, 8.625, 10], "texture": "#0"},
				"up": {"uv": [8.5, 9.375, 8.875, 9.5], "texture": "#0"},
				"down": {"uv": [8.5, 9.875, 8.875, 10], "texture": "#0"}
			}
		},
		{
			"name": "floral_sabre_32",
			"from": [9.25, 6.375, 7.75],
			"to": [9.375, 6.625, 7.875],
			"faces": {
				"north": {"uv": [10.125, 9.375, 10, 9.625], "texture": "#0"},
				"east": {"uv": [10, 9.375, 10.125, 9.625], "texture": "#0"},
				"south": {"uv": [10, 9.375, 10.125, 9.625], "texture": "#0"},
				"west": {"uv": [10, 9.375, 10.125, 9.625], "texture": "#0"},
				"up": {"uv": [10, 9.375, 10.125, 9.5], "texture": "#0"},
				"down": {"uv": [10, 9.5, 10.125, 9.625], "texture": "#0"}
			}
		},
		{
			"name": "floral_sabre_33",
			"from": [8.875, 6, 7.75],
			"to": [9, 6.5, 7.875],
			"faces": {
				"north": {"uv": [9.75, 9.5, 9.625, 10], "texture": "#0"},
				"east": {"uv": [9.625, 9.5, 9.75, 10], "texture": "#0"},
				"south": {"uv": [9.625, 9.5, 9.75, 10], "texture": "#0"},
				"west": {"uv": [9.625, 9.5, 9.75, 10], "texture": "#0"},
				"up": {"uv": [9.625, 9.5, 9.75, 9.625], "texture": "#0"},
				"down": {"uv": [9.625, 9.875, 9.75, 10], "texture": "#0"}
			}
		},
		{
			"name": "floral_sabre_34",
			"from": [7.125, 5.75, 7.6],
			"to": [7.5, 6.125, 8.025],
			"faces": {
				"north": {"uv": [6, 9.875, 5.625, 10.25], "texture": "#0"},
				"east": {"uv": [5.875, 9.875, 6, 10.25], "texture": "#0"},
				"south": {"uv": [5.625, 9.875, 6, 10.25], "texture": "#0"},
				"west": {"uv": [5.625, 9.875, 5.75, 10.25], "texture": "#0"},
				"up": {"uv": [5.625, 9.875, 6, 10], "texture": "#0"},
				"down": {"uv": [5.625, 10.125, 6, 10.25], "texture": "#0"}
			}
		},
		{
			"name": "floral_sabre_35",
			"from": [9, 6, 7.75],
			"to": [9.125, 6.125, 7.875],
			"faces": {
				"north": {"uv": [9.875, 9.875, 9.75, 10], "texture": "#0"},
				"east": {"uv": [9.75, 9.875, 9.875, 10], "texture": "#0"},
				"south": {"uv": [9.75, 9.875, 9.875, 10], "texture": "#0"},
				"west": {"uv": [9.75, 9.875, 9.875, 10], "texture": "#0"},
				"up": {"uv": [9.75, 9.875, 9.875, 10], "texture": "#0"},
				"down": {"uv": [9.75, 9.875, 9.875, 10], "texture": "#0"}
			}
		},
		{
			"name": "floral_sabre_36",
			"from": [7.5, 5.625, 7.6],
			"to": [9.375, 6, 8.025],
			"faces": {
				"north": {"uv": [7.875, 10, 6, 10.375], "texture": "#0"},
				"east": {"uv": [7.75, 10, 7.875, 10.375], "texture": "#0"},
				"south": {"uv": [6, 10, 7.875, 10.375], "texture": "#0"},
				"west": {"uv": [6, 10, 6.125, 10.375], "texture": "#0"},
				"up": {"uv": [6, 10, 7.875, 10.125], "texture": "#0"},
				"down": {"uv": [6, 10.25, 7.875, 10.375], "texture": "#0"}
			}
		},
		{
			"name": "floral_sabre_37",
			"from": [9.375, 5.5, 7.6],
			"to": [9.5, 5.875, 8.025],
			"faces": {
				"north": {"uv": [8, 10.125, 7.875, 10.5], "texture": "#0"},
				"east": {"uv": [7.875, 10.125, 8, 10.5], "texture": "#0"},
				"south": {"uv": [7.875, 10.125, 8, 10.5], "texture": "#0"},
				"west": {"uv": [7.875, 10.125, 8, 10.5], "texture": "#0"},
				"up": {"uv": [7.875, 10.125, 8, 10.25], "texture": "#0"},
				"down": {"uv": [7.875, 10.375, 8, 10.5], "texture": "#0"}
			}
		},
		{
			"name": "floral_sabre_38",
			"from": [7.25, 5.625, 7.6],
			"to": [7.5, 5.75, 8.025],
			"faces": {
				"north": {"uv": [6, 10.25, 5.75, 10.375], "texture": "#0"},
				"east": {"uv": [5.875, 10.25, 6, 10.375], "texture": "#0"},
				"south": {"uv": [5.75, 10.25, 6, 10.375], "texture": "#0"},
				"west": {"uv": [5.75, 10.25, 5.875, 10.375], "texture": "#0"},
				"up": {"uv": [5.75, 10.25, 6, 10.375], "texture": "#0"},
				"down": {"uv": [5.75, 10.25, 6, 10.375], "texture": "#0"}
			}
		},
		{
			"name": "floral_sabre_39",
			"from": [9.125, 5.25, 7.6],
			"to": [9.375, 5.625, 8.025],
			"faces": {
				"north": {"uv": [7.875, 10.375, 7.625, 10.75], "texture": "#0"},
				"east": {"uv": [7.75, 10.375, 7.875, 10.75], "texture": "#0"},
				"south": {"uv": [7.625, 10.375, 7.875, 10.75], "texture": "#0"},
				"west": {"uv": [7.625, 10.375, 7.75, 10.75], "texture": "#0"},
				"up": {"uv": [7.625, 10.375, 7.875, 10.5], "texture": "#0"},
				"down": {"uv": [7.625, 10.625, 7.875, 10.75], "texture": "#0"}
			}
		},
		{
			"name": "floral_sabre_40",
			"from": [8.125, 3.25, 7.65],
			"to": [8.625, 5.625, 7.975],
			"faces": {
				"north": {"uv": [8.625, 10.375, 8.125, 12.75], "texture": "#0"},
				"east": {"uv": [8.5, 10.375, 8.625, 12.75], "texture": "#0"},
				"south": {"uv": [8.125, 10.375, 8.625, 12.75], "texture": "#0"},
				"west": {"uv": [8.125, 10.375, 8.25, 12.75], "texture": "#0"},
				"up": {"uv": [8.125, 10.375, 8.625, 10.5], "texture": "#0"},
				"down": {"uv": [8.125, 12.625, 8.625, 12.75], "texture": "#0"}
			}
		},
		{
			"name": "floral_sabre_41",
			"from": [9, 5.25, 7.6],
			"to": [9.125, 5.5, 8.025],
			"faces": {
				"north": {"uv": [7.625, 10.5, 7.5, 10.75], "texture": "#0"},
				"east": {"uv": [7.5, 10.5, 7.625, 10.75], "texture": "#0"},
				"south": {"uv": [7.5, 10.5, 7.625, 10.75], "texture": "#0"},
				"west": {"uv": [7.5, 10.5, 7.625, 10.75], "texture": "#0"},
				"up": {"uv": [7.5, 10.5, 7.625, 10.625], "texture": "#0"},
				"down": {"uv": [7.5, 10.625, 7.625, 10.75], "texture": "#0"}
			}
		},
		{
			"name": "floral_sabre_42",
			"from": [7.5, 5.375, 7.7],
			"to": [7.875, 5.625, 7.925],
			"faces": {
				"north": {"uv": [6.375, 10.625, 6, 10.875], "texture": "#0"},
				"east": {"uv": [6.25, 10.625, 6.375, 10.875], "texture": "#0"},
				"south": {"uv": [6, 10.625, 6.375, 10.875], "texture": "#0"},
				"west": {"uv": [6, 10.625, 6.125, 10.875], "texture": "#0"},
				"up": {"uv": [6, 10.625, 6.375, 10.75], "texture": "#0"},
				"down": {"uv": [6, 10.75, 6.375, 10.875], "texture": "#0"}
			}
		},
		{
			"name": "floral_sabre_43",
			"from": [7.875, 5.5, 7.7],
			"to": [8, 5.625, 7.925],
			"faces": {
				"north": {"uv": [6.5, 10.625, 6.375, 10.75], "texture": "#0"},
				"east": {"uv": [6.375, 10.625, 6.5, 10.75], "texture": "#0"},
				"south": {"uv": [6.375, 10.625, 6.5, 10.75], "texture": "#0"},
				"west": {"uv": [6.375, 10.625, 6.5, 10.75], "texture": "#0"},
				"up": {"uv": [6.375, 10.625, 6.5, 10.75], "texture": "#0"},
				"down": {"uv": [6.375, 10.625, 6.5, 10.75], "texture": "#0"}
			}
		},
		{
			"name": "floral_sabre_44",
			"from": [7.375, 4.5, 7.7],
			"to": [7.5, 5.5, 7.925],
			"faces": {
				"north": {"uv": [6, 10.75, 5.875, 11.75], "texture": "#0"},
				"east": {"uv": [5.875, 10.75, 6, 11.75], "texture": "#0"},
				"south": {"uv": [5.875, 10.75, 6, 11.75], "texture": "#0"},
				"west": {"uv": [5.875, 10.75, 6, 11.75], "texture": "#0"},
				"up": {"uv": [5.875, 10.75, 6, 10.875], "texture": "#0"},
				"down": {"uv": [5.875, 11.625, 6, 11.75], "texture": "#0"}
			}
		},
		{
			"name": "floral_sabre_45",
			"from": [7.5, 5.25, 7.7],
			"to": [7.75, 5.375, 7.925],
			"faces": {
				"north": {"uv": [6.25, 10.875, 6, 11], "texture": "#0"},
				"east": {"uv": [6.125, 10.875, 6.25, 11], "texture": "#0"},
				"south": {"uv": [6, 10.875, 6.25, 11], "texture": "#0"},
				"west": {"uv": [6, 10.875, 6.125, 11], "texture": "#0"},
				"up": {"uv": [6, 10.875, 6.25, 11], "texture": "#0"},
				"down": {"uv": [6, 10.875, 6.25, 11], "texture": "#0"}
			}
		},
		{
			"name": "floral_sabre_46",
			"from": [7.25, 3.625, 7.7],
			"to": [7.375, 5.25, 7.925],
			"faces": {
				"north": {"uv": [5.875, 11, 5.75, 12.625], "texture": "#0"},
				"east": {"uv": [5.75, 11, 5.875, 12.625], "texture": "#0"},
				"south": {"uv": [5.75, 11, 5.875, 12.625], "texture": "#0"},
				"west": {"uv": [5.75, 11, 5.875, 12.625], "texture": "#0"},
				"up": {"uv": [5.75, 11, 5.875, 11.125], "texture": "#0"},
				"down": {"uv": [5.75, 12.5, 5.875, 12.625], "texture": "#0"}
			}
		},
		{
			"name": "floral_sabre_47",
			"from": [7.5, 5, 7.7],
			"to": [7.625, 5.25, 7.925],
			"faces": {
				"north": {"uv": [6.125, 11, 6, 11.25], "texture": "#0"},
				"east": {"uv": [6, 11, 6.125, 11.25], "texture": "#0"},
				"south": {"uv": [6, 11, 6.125, 11.25], "texture": "#0"},
				"west": {"uv": [6, 11, 6.125, 11.25], "texture": "#0"},
				"up": {"uv": [6, 11, 6.125, 11.125], "texture": "#0"},
				"down": {"uv": [6, 11.125, 6.125, 11.25], "texture": "#0"}
			}
		},
		{
			"name": "floral_sabre_48",
			"from": [8.025, 5.525, 7.9],
			"to": [8.775, 6.4, 8.125],
			"faces": {
				"north": {"uv": [10.125, 11, 9.375, 11.875], "texture": "#0"},
				"east": {"uv": [10, 11, 10.125, 11.875], "texture": "#0"},
				"south": {"uv": [9.375, 11, 10.125, 11.875], "texture": "#0"},
				"west": {"uv": [9.375, 11, 9.5, 11.875], "texture": "#0"},
				"up": {"uv": [9.375, 11, 10.125, 11.125], "texture": "#0"},
				"down": {"uv": [9.375, 11.75, 10.125, 11.875], "texture": "#0"}
			}
		},
		{
			"name": "floral_sabre_49",
			"from": [7.9, 5.525, 7.9],
			"to": [8.025, 6.275, 8.125],
			"faces": {
				"north": {"uv": [9.375, 11.125, 9.25, 11.875], "texture": "#0"},
				"east": {"uv": [9.25, 11.125, 9.375, 11.875], "texture": "#0"},
				"south": {"uv": [9.25, 11.125, 9.375, 11.875], "texture": "#0"},
				"west": {"uv": [9.25, 11.125, 9.375, 11.875], "texture": "#0"},
				"up": {"uv": [9.25, 11.125, 9.375, 11.25], "texture": "#0"},
				"down": {"uv": [9.25, 11.75, 9.375, 11.875], "texture": "#0"}
			}
		},
		{
			"name": "floral_sabre_50",
			"from": [8.775, 5.775, 7.9],
			"to": [8.9, 6.275, 8.125],
			"faces": {
				"north": {"uv": [10.25, 11.125, 10.125, 11.625], "texture": "#0"},
				"east": {"uv": [10.125, 11.125, 10.25, 11.625], "texture": "#0"},
				"south": {"uv": [10.125, 11.125, 10.25, 11.625], "texture": "#0"},
				"west": {"uv": [10.125, 11.125, 10.25, 11.625], "texture": "#0"},
				"up": {"uv": [10.125, 11.125, 10.25, 11.25], "texture": "#0"},
				"down": {"uv": [10.125, 11.5, 10.25, 11.625], "texture": "#0"}
			}
		},
		{
			"name": "floral_sabre_51",
			"from": [7.775, 5.775, 7.9],
			"to": [7.9, 6.15, 8.125],
			"faces": {
				"north": {"uv": [9.25, 11.25, 9.125, 11.625], "texture": "#0"},
				"east": {"uv": [9.125, 11.25, 9.25, 11.625], "texture": "#0"},
				"south": {"uv": [9.125, 11.25, 9.25, 11.625], "texture": "#0"},
				"west": {"uv": [9.125, 11.25, 9.25, 11.625], "texture": "#0"},
				"up": {"uv": [9.125, 11.25, 9.25, 11.375], "texture": "#0"},
				"down": {"uv": [9.125, 11.5, 9.25, 11.625], "texture": "#0"}
			}
		},
		{
			"name": "floral_sabre_52",
			"from": [7.125, 4, 7.7],
			"to": [7.25, 4.75, 7.925],
			"faces": {
				"north": {"uv": [5.75, 11.5, 5.625, 12.25], "texture": "#0"},
				"east": {"uv": [5.625, 11.5, 5.75, 12.25], "texture": "#0"},
				"south": {"uv": [5.625, 11.5, 5.75, 12.25], "texture": "#0"},
				"west": {"uv": [5.625, 11.5, 5.75, 12.25], "texture": "#0"},
				"up": {"uv": [5.625, 11.5, 5.75, 11.625], "texture": "#0"},
				"down": {"uv": [5.625, 12.125, 5.75, 12.25], "texture": "#0"}
			}
		},
		{
			"name": "floral_sabre_53",
			"from": [8.15, 5.4, 7.9],
			"to": [8.525, 5.525, 8.125],
			"faces": {
				"north": {"uv": [9.875, 11.875, 9.5, 12], "texture": "#0"},
				"east": {"uv": [9.75, 11.875, 9.875, 12], "texture": "#0"},
				"south": {"uv": [9.5, 11.875, 9.875, 12], "texture": "#0"},
				"west": {"uv": [9.5, 11.875, 9.625, 12], "texture": "#0"},
				"up": {"uv": [9.5, 11.875, 9.875, 12], "texture": "#0"},
				"down": {"uv": [9.5, 11.875, 9.875, 12], "texture": "#0"}
			}
		},
		{
			"name": "floral_sabre_54",
			"from": [7.375, 3.375, 7.7],
			"to": [7.5, 4.25, 7.925],
			"faces": {
				"north": {"uv": [6, 12, 5.875, 12.875], "texture": "#0"},
				"east": {"uv": [5.875, 12, 6, 12.875], "texture": "#0"},
				"south": {"uv": [5.875, 12, 6, 12.875], "texture": "#0"},
				"west": {"uv": [5.875, 12, 6, 12.875], "texture": "#0"},
				"up": {"uv": [5.875, 12, 6, 12.125], "texture": "#0"},
				"down": {"uv": [5.875, 12.75, 6, 12.875], "texture": "#0"}
			}
		},
		{
			"name": "floral_sabre_55",
			"from": [8.725, 5.075, 8.1],
			"to": [8.975, 5.7, 8.1],
			"faces": {
				"north": {"uv": [10.375, 12, 10.125, 12.625], "texture": "#0"},
				"east": {"uv": [10.25, 12, 10.375, 12.625], "texture": "#0"},
				"south": {"uv": [10.125, 12, 10.375, 12.625], "texture": "#0"},
				"west": {"uv": [10.125, 12, 10.25, 12.625], "texture": "#0"},
				"up": {"uv": [10.125, 12, 10.375, 12.125], "texture": "#0"},
				"down": {"uv": [10.125, 12.5, 10.375, 12.625], "texture": "#0"}
			}
		},
		{
			"name": "floral_sabre_56",
			"from": [7.825, 5.225, 8],
			"to": [7.95, 5.725, 8.025],
			"faces": {
				"north": {"uv": [9.5, 12.125, 9.375, 12.625], "texture": "#0"},
				"east": {"uv": [9.375, 12.125, 9.5, 12.625], "texture": "#0"},
				"south": {"uv": [9.375, 12.125, 9.5, 12.625], "texture": "#0"},
				"west": {"uv": [9.375, 12.125, 9.5, 12.625], "texture": "#0"},
				"up": {"uv": [9.375, 12.125, 9.5, 12.25], "texture": "#0"},
				"down": {"uv": [9.375, 12.5, 9.5, 12.625], "texture": "#0"}
			}
		},
		{
			"name": "floral_sabre_57",
			"from": [8.475, 5.2, 8.1],
			"to": [8.725, 5.575, 8.1],
			"faces": {
				"north": {"uv": [10.125, 12.125, 9.875, 12.5], "texture": "#0"},
				"east": {"uv": [10, 12.125, 10.125, 12.5], "texture": "#0"},
				"south": {"uv": [9.875, 12.125, 10.125, 12.5], "texture": "#0"},
				"west": {"uv": [9.875, 12.125, 10, 12.5], "texture": "#0"},
				"up": {"uv": [9.875, 12.125, 10.125, 12.25], "texture": "#0"},
				"down": {"uv": [9.875, 12.375, 10.125, 12.5], "texture": "#0"}
			}
		},
		{
			"name": "floral_sabre_58",
			"from": [8.975, 5.075, 8.1],
			"to": [9.1, 5.575, 8.1],
			"faces": {
				"north": {"uv": [10.5, 12.125, 10.375, 12.625], "texture": "#0"},
				"east": {"uv": [10.375, 12.125, 10.5, 12.625], "texture": "#0"},
				"south": {"uv": [10.375, 12.125, 10.5, 12.625], "texture": "#0"},
				"west": {"uv": [10.375, 12.125, 10.5, 12.625], "texture": "#0"},
				"up": {"uv": [10.375, 12.125, 10.5, 12.25], "texture": "#0"},
				"down": {"uv": [10.375, 12.5, 10.5, 12.625], "texture": "#0"}
			}
		},
		{
			"name": "floral_sabre_59",
			"from": [7.7, 5.225, 8],
			"to": [7.825, 5.6, 8.025],
			"faces": {
				"north": {"uv": [9.375, 12.25, 9.25, 12.625], "texture": "#0"},
				"east": {"uv": [9.25, 12.25, 9.375, 12.625], "texture": "#0"},
				"south": {"uv": [9.25, 12.25, 9.375, 12.625], "texture": "#0"},
				"west": {"uv": [9.25, 12.25, 9.375, 12.625], "texture": "#0"},
				"up": {"uv": [9.25, 12.25, 9.375, 12.375], "texture": "#0"},
				"down": {"uv": [9.25, 12.5, 9.375, 12.625], "texture": "#0"}
			}
		},
		{
			"name": "floral_sabre_60",
			"from": [7.95, 5.475, 8],
			"to": [8.2, 5.6, 8.025],
			"faces": {
				"north": {"uv": [9.75, 12.25, 9.5, 12.375], "texture": "#0"},
				"east": {"uv": [9.625, 12.25, 9.75, 12.375], "texture": "#0"},
				"south": {"uv": [9.5, 12.25, 9.75, 12.375], "texture": "#0"},
				"west": {"uv": [9.5, 12.25, 9.625, 12.375], "texture": "#0"},
				"up": {"uv": [9.5, 12.25, 9.75, 12.375], "texture": "#0"},
				"down": {"uv": [9.5, 12.25, 9.75, 12.375], "texture": "#0"}
			}
		},
		{
			"name": "floral_sabre_61",
			"from": [7.95, 5.225, 8],
			"to": [8.075, 5.475, 8.025],
			"faces": {
				"north": {"uv": [9.625, 12.375, 9.5, 12.625], "texture": "#0"},
				"east": {"uv": [9.5, 12.375, 9.625, 12.625], "texture": "#0"},
				"south": {"uv": [9.5, 12.375, 9.625, 12.625], "texture": "#0"},
				"west": {"uv": [9.5, 12.375, 9.625, 12.625], "texture": "#0"},
				"up": {"uv": [9.5, 12.375, 9.625, 12.5], "texture": "#0"},
				"down": {"uv": [9.5, 12.5, 9.625, 12.625], "texture": "#0"}
			}
		},
		{
			"name": "floral_sabre_62",
			"from": [7.5, 3.25, 7.7],
			"to": [7.625, 3.75, 7.925],
			"faces": {
				"north": {"uv": [6.125, 12.5, 6, 13], "texture": "#0"},
				"east": {"uv": [6, 12.5, 6.125, 13], "texture": "#0"},
				"south": {"uv": [6, 12.5, 6.125, 13], "texture": "#0"},
				"west": {"uv": [6, 12.5, 6.125, 13], "texture": "#0"},
				"up": {"uv": [6, 12.5, 6.125, 12.625], "texture": "#0"},
				"down": {"uv": [6, 12.875, 6.125, 13], "texture": "#0"}
			}
		},
		{
			"name": "floral_sabre_63",
			"from": [8.6, 5.075, 8.1],
			"to": [8.725, 5.2, 8.1],
			"faces": {
				"north": {"uv": [10.125, 12.5, 10, 12.625], "texture": "#0"},
				"east": {"uv": [10, 12.5, 10.125, 12.625], "texture": "#0"},
				"south": {"uv": [10, 12.5, 10.125, 12.625], "texture": "#0"},
				"west": {"uv": [10, 12.5, 10.125, 12.625], "texture": "#0"},
				"up": {"uv": [10, 12.5, 10.125, 12.625], "texture": "#0"},
				"down": {"uv": [10, 12.5, 10.125, 12.625], "texture": "#0"}
			}
		},
		{
			"name": "floral_sabre_64",
			"from": [7.625, 3, 7.7],
			"to": [7.75, 3.5, 7.925],
			"faces": {
				"north": {"uv": [6.25, 12.75, 6.125, 13.25], "texture": "#0"},
				"east": {"uv": [6.125, 12.75, 6.25, 13.25], "texture": "#0"},
				"south": {"uv": [6.125, 12.75, 6.25, 13.25], "texture": "#0"},
				"west": {"uv": [6.125, 12.75, 6.25, 13.25], "texture": "#0"},
				"up": {"uv": [6.125, 12.75, 6.25, 12.875], "texture": "#0"},
				"down": {"uv": [6.125, 13.125, 6.25, 13.25], "texture": "#0"}
			}
		},
		{
			"name": "floral_sabre_65",
			"from": [8.125, 2.75, 7.65],
			"to": [8.25, 3.25, 7.975],
			"faces": {
				"north": {"uv": [8.25, 12.75, 8.125, 13.25], "texture": "#0"},
				"east": {"uv": [8.125, 12.75, 8.25, 13.25], "texture": "#0"},
				"south": {"uv": [8.125, 12.75, 8.25, 13.25], "texture": "#0"},
				"west": {"uv": [8.125, 12.75, 8.25, 13.25], "texture": "#0"},
				"up": {"uv": [8.125, 12.75, 8.25, 12.875], "texture": "#0"},
				"down": {"uv": [8.125, 13.125, 8.25, 13.25], "texture": "#0"}
			}
		},
		{
			"name": "floral_sabre_66",
			"from": [8.5, 2.75, 7.65],
			"to": [8.625, 3.25, 7.975],
			"faces": {
				"north": {"uv": [8.625, 12.75, 8.5, 13.25], "texture": "#0"},
				"east": {"uv": [8.5, 12.75, 8.625, 13.25], "texture": "#0"},
				"south": {"uv": [8.5, 12.75, 8.625, 13.25], "texture": "#0"},
				"west": {"uv": [8.5, 12.75, 8.625, 13.25], "texture": "#0"},
				"up": {"uv": [8.5, 12.75, 8.625, 12.875], "texture": "#0"},
				"down": {"uv": [8.5, 13.125, 8.625, 13.25], "texture": "#0"}
			}
		},
		{
			"name": "floral_sabre_67",
			"from": [7.75, 2.5, 7.7],
			"to": [7.875, 3.375, 7.925],
			"faces": {
				"north": {"uv": [6.375, 12.875, 6.25, 13.75], "texture": "#0"},
				"east": {"uv": [6.25, 12.875, 6.375, 13.75], "texture": "#0"},
				"south": {"uv": [6.25, 12.875, 6.375, 13.75], "texture": "#0"},
				"west": {"uv": [6.25, 12.875, 6.375, 13.75], "texture": "#0"},
				"up": {"uv": [6.25, 12.875, 6.375, 13], "texture": "#0"},
				"down": {"uv": [6.25, 13.625, 6.375, 13.75], "texture": "#0"}
			}
		},
		{
			"name": "floral_sabre_68",
			"from": [7.875, 2.75, 7.7],
			"to": [8, 3.125, 7.925],
			"faces": {
				"north": {"uv": [6.5, 13.125, 6.375, 13.5], "texture": "#0"},
				"east": {"uv": [6.375, 13.125, 6.5, 13.5], "texture": "#0"},
				"south": {"uv": [6.375, 13.125, 6.5, 13.5], "texture": "#0"},
				"west": {"uv": [6.375, 13.125, 6.5, 13.5], "texture": "#0"},
				"up": {"uv": [6.375, 13.125, 6.5, 13.25], "texture": "#0"},
				"down": {"uv": [6.375, 13.375, 6.5, 13.5], "texture": "#0"}
			}
		},
		{
			"name": "floral_sabre_69",
			"from": [8.25, 2.75, 7.6],
			"to": [8.5, 3.25, 8.025],
			"faces": {
				"north": {"uv": [8.5, 13.25, 8.25, 13.75], "texture": "#0"},
				"east": {"uv": [8.375, 13.25, 8.5, 13.75], "texture": "#0"},
				"south": {"uv": [8.25, 13.25, 8.5, 13.75], "texture": "#0"},
				"west": {"uv": [8.25, 13.25, 8.375, 13.75], "texture": "#0"},
				"up": {"uv": [8.25, 13.25, 8.5, 13.375], "texture": "#0"},
				"down": {"uv": [8.25, 13.625, 8.5, 13.75], "texture": "#0"}
			}
		},
		{
			"name": "floral_sabre_70",
			"from": [7.375, 2.5, 7.7],
			"to": [7.5, 2.75, 7.925],
			"faces": {
				"north": {"uv": [6, 13.5, 5.875, 13.75], "texture": "#0"},
				"east": {"uv": [5.875, 13.5, 6, 13.75], "texture": "#0"},
				"south": {"uv": [5.875, 13.5, 6, 13.75], "texture": "#0"},
				"west": {"uv": [5.875, 13.5, 6, 13.75], "texture": "#0"},
				"up": {"uv": [5.875, 13.5, 6, 13.625], "texture": "#0"},
				"down": {"uv": [5.875, 13.625, 6, 13.75], "texture": "#0"}
			}
		},
		{
			"name": "floral_sabre_71",
			"from": [7.625, 2.375, 7.7],
			"to": [7.75, 2.75, 7.925],
			"faces": {
				"north": {"uv": [6.25, 13.5, 6.125, 13.875], "texture": "#0"},
				"east": {"uv": [6.125, 13.5, 6.25, 13.875], "texture": "#0"},
				"south": {"uv": [6.125, 13.5, 6.25, 13.875], "texture": "#0"},
				"west": {"uv": [6.125, 13.5, 6.25, 13.875], "texture": "#0"},
				"up": {"uv": [6.125, 13.5, 6.25, 13.625], "texture": "#0"},
				"down": {"uv": [6.125, 13.75, 6.25, 13.875], "texture": "#0"}
			}
		},
		{
			"name": "floral_sabre_72",
			"from": [7.5, 2.375, 7.7],
			"to": [7.625, 2.625, 7.925],
			"faces": {
				"north": {"uv": [6.125, 13.625, 6, 13.875], "texture": "#0"},
				"east": {"uv": [6, 13.625, 6.125, 13.875], "texture": "#0"},
				"south": {"uv": [6, 13.625, 6.125, 13.875], "texture": "#0"},
				"west": {"uv": [6, 13.625, 6.125, 13.875], "texture": "#0"},
				"up": {"uv": [6, 13.625, 6.125, 13.75], "texture": "#0"},
				"down": {"uv": [6, 13.75, 6.125, 13.875], "texture": "#0"}
			}
		},
		{
			"name": "floral_sabre_73",
			"from": [8, 2.375, 7.55],
			"to": [8.75, 2.75, 8.075],
			"faces": {
				"north": {"uv": [8.75, 14, 8, 14.375], "texture": "#0"},
				"east": {"uv": [8.625, 14, 8.75, 14.375], "texture": "#0"},
				"south": {"uv": [8, 14, 8.75, 14.375], "texture": "#0"},
				"west": {"uv": [8, 14, 8.125, 14.375], "texture": "#0"},
				"up": {"uv": [8, 14, 8.75, 14.125], "texture": "#0"},
				"down": {"uv": [8, 14.25, 8.75, 14.375], "texture": "#0"}
			}
		},
		{
			"name": "floral_sabre_74",
			"from": [8.25, 1.875, 7.7],
			"to": [8.5, 2.375, 7.925],
			"faces": {
				"north": {"uv": [8.5, 14.625, 8.25, 15.125], "texture": "#0"},
				"east": {"uv": [8.375, 14.625, 8.5, 15.125], "texture": "#0"},
				"south": {"uv": [8.25, 14.625, 8.5, 15.125], "texture": "#0"},
				"west": {"uv": [8.25, 14.625, 8.375, 15.125], "texture": "#0"},
				"up": {"uv": [8.25, 14.625, 8.5, 14.75], "texture": "#0"},
				"down": {"uv": [8.25, 15, 8.5, 15.125], "texture": "#0"}
			}
		},
		{
			"name": "floral_sabre_75",
			"from": [8.125, 2.125, 7.7],
			"to": [8.25, 2.25, 7.925],
			"faces": {
				"north": {"uv": [8.25, 14.75, 8.125, 14.875], "texture": "#0"},
				"east": {"uv": [8.125, 14.75, 8.25, 14.875], "texture": "#0"},
				"south": {"uv": [8.125, 14.75, 8.25, 14.875], "texture": "#0"},
				"west": {"uv": [8.125, 14.75, 8.25, 14.875], "texture": "#0"},
				"up": {"uv": [8.125, 14.75, 8.25, 14.875], "texture": "#0"},
				"down": {"uv": [8.125, 14.75, 8.25, 14.875], "texture": "#0"}
			}
		},
		{
			"name": "floral_sabre_76",
			"from": [8.5, 2.125, 7.7],
			"to": [8.625, 2.25, 7.925],
			"faces": {
				"north": {"uv": [8.625, 14.75, 8.5, 14.875], "texture": "#0"},
				"east": {"uv": [8.5, 14.75, 8.625, 14.875], "texture": "#0"},
				"south": {"uv": [8.5, 14.75, 8.625, 14.875], "texture": "#0"},
				"west": {"uv": [8.5, 14.75, 8.625, 14.875], "texture": "#0"},
				"up": {"uv": [8.5, 14.75, 8.625, 14.875], "texture": "#0"},
				"down": {"uv": [8.5, 14.75, 8.625, 14.875], "texture": "#0"}
			}
		}
	],
	"gui_light": "front",
	"display": {
		"thirdperson_righthand": {
			"rotation": [0, -90, 0],
			"translation": [0, 8, 0.25],
			"scale": [2.8, 2.8, 2.8]
		},
		"thirdperson_lefthand": {
			"rotation": [0, 90, 0],
			"translation": [0, 8.5, 0.25],
			"scale": [2.8, 2.8, 2.8]
		},
		"firstperson_righthand": {
			"rotation": [-4, -90, -8],
			"translation": [2.5, 6.5, -0.75],
			"scale": [2, 2, 2]
		},
		"firstperson_lefthand": {
			"rotation": [9, 90, -8],
			"translation": [1.75, 6, -0.75],
			"scale": [2, 2, 2]
		},
		"ground": {
			"translation": [0, 7.75, 0],
			"scale": [2, 2, 2]
		},
		"gui": {
			"rotation": [0, 0, -46],
			"translation": [0.75, 2.25, 0],
			"scale": [2.2, 2.2, 2.2]
		},
		"head": {
			"rotation": [0, 0, -132],
			"translation": [-2.25, -13, 4.25],
			"scale": [3.5, 3.5, 3.5]
		},
		"fixed": {
			"rotation": [-180, 0, 138],
			"translation": [-1.25, 1.75, -1],
			"scale": [4, 4, 3]
		}
	},
	"groups": [
		{
			"name": "floral_sabre",
			"origin": [8, 8, 8],
			"color": 0,
			"nbt": "{}",
			"children": [
				0,
				1,
				2,
				3,
				4,
				5,
				6,
				7,
				8,
				9,
				10,
				11,
				12,
				13,
				14,
				15,
				16,
				17,
				18,
				19,
				20,
				21,
				22,
				23,
				24,
				25,
				26,
				27,
				28,
				29,
				30,
				31,
				32,
				33,
				34,
				35,
				36,
				37,
				38,
				39,
				40,
				41,
				42,
				43,
				44,
				45,
				46,
				47,
				48,
				49,
				50,
				51,
				52,
				53,
				54,
				55,
				56,
				57,
				58,
				59,
				60,
				61,
				62,
				63,
				64,
				65,
				66,
				67,
				68,
				69,
				70,
				71,
				72,
				73,
				74,
				75,
				76
			]
		}
	]
}