{
	"credit": "Made with Blockbench",
	"textures": {
		"0": "prominent:item/transmog/frostscytheaxe",
		"particle": "prominent:item/transmog/frostscytheaxe"
	},
	"elements": [
		{
			"name": "frostscytheaxe_0",
			"from": [8.25, 11.75, 8],
			"to": [8.375, 12, 8.125],
			"faces": {
				"north": {"uv": [8.375, 3, 8.25, 3.25], "texture": "#0"},
				"east": {"uv": [8.25, 3, 8.375, 3.25], "texture": "#0"},
				"south": {"uv": [8.25, 3, 8.375, 3.25], "texture": "#0"},
				"west": {"uv": [8.25, 3, 8.375, 3.25], "texture": "#0"},
				"up": {"uv": [8.25, 3, 8.375, 3.125], "texture": "#0"},
				"down": {"uv": [8.25, 3.125, 8.375, 3.25], "texture": "#0"}
			}
		},
		{
			"name": "frostscytheaxe_1",
			"from": [7.5, 12.375, 8],
			"to": [7.75, 12.625, 8.125],
			"faces": {
				"north": {"uv": [6.75, 3.125, 6.5, 3.375], "texture": "#0"},
				"east": {"uv": [6.625, 3.125, 6.75, 3.375], "texture": "#0"},
				"south": {"uv": [6.5, 3.125, 6.75, 3.375], "texture": "#0"},
				"west": {"uv": [6.5, 3.125, 6.625, 3.375], "texture": "#0"},
				"up": {"uv": [6.5, 3.125, 6.75, 3.25], "texture": "#0"},
				"down": {"uv": [6.5, 3.25, 6.75, 3.375], "texture": "#0"}
			}
		},
		{
			"name": "frostscytheaxe_2",
			"from": [7.25, 12.125, 8],
			"to": [7.5, 12.5, 8.125],
			"faces": {
				"north": {"uv": [6.5, 3.25, 6.25, 3.625], "texture": "#0"},
				"east": {"uv": [6.375, 3.25, 6.5, 3.625], "texture": "#0"},
				"south": {"uv": [6.25, 3.25, 6.5, 3.625], "texture": "#0"},
				"west": {"uv": [6.25, 3.25, 6.375, 3.625], "texture": "#0"},
				"up": {"uv": [6.25, 3.25, 6.5, 3.375], "texture": "#0"},
				"down": {"uv": [6.25, 3.5, 6.5, 3.625], "texture": "#0"}
			}
		},
		{
			"name": "frostscytheaxe_3",
			"from": [8.125, 11.25, 8],
			"to": [8.25, 11.75, 8.125],
			"faces": {
				"north": {"uv": [8.25, 3.25, 8.125, 3.75], "texture": "#0"},
				"east": {"uv": [8.125, 3.25, 8.25, 3.75], "texture": "#0"},
				"south": {"uv": [8.125, 3.25, 8.25, 3.75], "texture": "#0"},
				"west": {"uv": [8.125, 3.25, 8.25, 3.75], "texture": "#0"},
				"up": {"uv": [8.125, 3.25, 8.25, 3.375], "texture": "#0"},
				"down": {"uv": [8.125, 3.625, 8.25, 3.75], "texture": "#0"}
			}
		},
		{
			"name": "frostscytheaxe_4",
			"from": [8.375, 11.25, 8],
			"to": [8.5, 11.75, 8.125],
			"faces": {
				"north": {"uv": [8.5, 3.25, 8.375, 3.75], "texture": "#0"},
				"east": {"uv": [8.375, 3.25, 8.5, 3.75], "texture": "#0"},
				"south": {"uv": [8.375, 3.25, 8.5, 3.75], "texture": "#0"},
				"west": {"uv": [8.375, 3.25, 8.5, 3.75], "texture": "#0"},
				"up": {"uv": [8.375, 3.25, 8.5, 3.375], "texture": "#0"},
				"down": {"uv": [8.375, 3.625, 8.5, 3.75], "texture": "#0"}
			}
		},
		{
			"name": "frostscytheaxe_5",
			"from": [7, 10.875, 8],
			"to": [7.25, 12.375, 8.125],
			"faces": {
				"north": {"uv": [6.25, 3.375, 6, 4.875], "texture": "#0"},
				"east": {"uv": [6.125, 3.375, 6.25, 4.875], "texture": "#0"},
				"south": {"uv": [6, 3.375, 6.25, 4.875], "texture": "#0"},
				"west": {"uv": [6, 3.375, 6.125, 4.875], "texture": "#0"},
				"up": {"uv": [6, 3.375, 6.25, 3.5], "texture": "#0"},
				"down": {"uv": [6, 4.75, 6.25, 4.875], "texture": "#0"}
			}
		},
		{
			"name": "frostscytheaxe_6",
			"from": [6.875, 8.75, 8],
			"to": [7, 12.125, 8.125],
			"faces": {
				"north": {"uv": [6, 3.625, 5.875, 7], "texture": "#0"},
				"east": {"uv": [5.875, 3.625, 6, 7], "texture": "#0"},
				"south": {"uv": [5.875, 3.625, 6, 7], "texture": "#0"},
				"west": {"uv": [5.875, 3.625, 6, 7], "texture": "#0"},
				"up": {"uv": [5.875, 3.625, 6, 3.75], "texture": "#0"},
				"down": {"uv": [5.875, 6.875, 6, 7], "texture": "#0"}
			}
		},
		{
			"name": "frostscytheaxe_7",
			"from": [7.25, 11.875, 8],
			"to": [7.375, 12.125, 8.125],
			"faces": {
				"north": {"uv": [6.375, 3.625, 6.25, 3.875], "texture": "#0"},
				"east": {"uv": [6.25, 3.625, 6.375, 3.875], "texture": "#0"},
				"south": {"uv": [6.25, 3.625, 6.375, 3.875], "texture": "#0"},
				"west": {"uv": [6.25, 3.625, 6.375, 3.875], "texture": "#0"},
				"up": {"uv": [6.25, 3.625, 6.375, 3.75], "texture": "#0"},
				"down": {"uv": [6.25, 3.75, 6.375, 3.875], "texture": "#0"}
			}
		},
		{
			"name": "frostscytheaxe_8",
			"from": [6.75, 8.875, 8],
			"to": [6.875, 12, 8.125],
			"faces": {
				"north": {"uv": [5.875, 3.75, 5.75, 6.875], "texture": "#0"},
				"east": {"uv": [5.75, 3.75, 5.875, 6.875], "texture": "#0"},
				"south": {"uv": [5.75, 3.75, 5.875, 6.875], "texture": "#0"},
				"west": {"uv": [5.75, 3.75, 5.875, 6.875], "texture": "#0"},
				"up": {"uv": [5.75, 3.75, 5.875, 3.875], "texture": "#0"},
				"down": {"uv": [5.75, 6.75, 5.875, 6.875], "texture": "#0"}
			}
		},
		{
			"name": "frostscytheaxe_9",
			"from": [6.625, 9, 8],
			"to": [6.75, 11.875, 8.125],
			"faces": {
				"north": {"uv": [5.75, 3.875, 5.625, 6.75], "texture": "#0"},
				"east": {"uv": [5.625, 3.875, 5.75, 6.75], "texture": "#0"},
				"south": {"uv": [5.625, 3.875, 5.75, 6.75], "texture": "#0"},
				"west": {"uv": [5.625, 3.875, 5.75, 6.75], "texture": "#0"},
				"up": {"uv": [5.625, 3.875, 5.75, 4], "texture": "#0"},
				"down": {"uv": [5.625, 6.625, 5.75, 6.75], "texture": "#0"}
			}
		},
		{
			"name": "frostscytheaxe_10",
			"from": [7.25, 10.875, 8],
			"to": [7.375, 11.75, 8.125],
			"faces": {
				"north": {"uv": [6.375, 4, 6.25, 4.875], "texture": "#0"},
				"east": {"uv": [6.25, 4, 6.375, 4.875], "texture": "#0"},
				"south": {"uv": [6.25, 4, 6.375, 4.875], "texture": "#0"},
				"west": {"uv": [6.25, 4, 6.375, 4.875], "texture": "#0"},
				"up": {"uv": [6.25, 4, 6.375, 4.125], "texture": "#0"},
				"down": {"uv": [6.25, 4.75, 6.375, 4.875], "texture": "#0"}
			}
		},
		{
			"name": "frostscytheaxe_11",
			"from": [8.25, 11, 7.85],
			"to": [8.375, 11.75, 8.275],
			"faces": {
				"north": {"uv": [8.375, 4, 8.25, 4.75], "texture": "#0"},
				"east": {"uv": [8.25, 4, 8.375, 4.75], "texture": "#0"},
				"south": {"uv": [8.25, 4, 8.375, 4.75], "texture": "#0"},
				"west": {"uv": [8.25, 4, 8.375, 4.75], "texture": "#0"},
				"up": {"uv": [8.25, 4, 8.375, 4.125], "texture": "#0"},
				"down": {"uv": [8.25, 4.625, 8.375, 4.75], "texture": "#0"}
			}
		},
		{
			"name": "frostscytheaxe_12",
			"from": [6.5, 9.25, 8],
			"to": [6.625, 11.625, 8.125],
			"faces": {
				"north": {"uv": [5.625, 4.125, 5.5, 6.5], "texture": "#0"},
				"east": {"uv": [5.5, 4.125, 5.625, 6.5], "texture": "#0"},
				"south": {"uv": [5.5, 4.125, 5.625, 6.5], "texture": "#0"},
				"west": {"uv": [5.5, 4.125, 5.625, 6.5], "texture": "#0"},
				"up": {"uv": [5.5, 4.125, 5.625, 4.25], "texture": "#0"},
				"down": {"uv": [5.5, 6.375, 5.625, 6.5], "texture": "#0"}
			}
		},
		{
			"name": "frostscytheaxe_13",
			"from": [6.375, 9.5, 8],
			"to": [6.5, 11.5, 8.125],
			"faces": {
				"north": {"uv": [5.5, 4.25, 5.375, 6.25], "texture": "#0"},
				"east": {"uv": [5.375, 4.25, 5.5, 6.25], "texture": "#0"},
				"south": {"uv": [5.375, 4.25, 5.5, 6.25], "texture": "#0"},
				"west": {"uv": [5.375, 4.25, 5.5, 6.25], "texture": "#0"},
				"up": {"uv": [5.375, 4.25, 5.5, 4.375], "texture": "#0"},
				"down": {"uv": [5.375, 6.125, 5.5, 6.25], "texture": "#0"}
			}
		},
		{
			"name": "frostscytheaxe_14",
			"from": [9.625, 10.5, 8],
			"to": [9.75, 11.5, 8.125],
			"faces": {
				"north": {"uv": [10.75, 4.25, 10.625, 5.25], "texture": "#0"},
				"east": {"uv": [10.625, 4.25, 10.75, 5.25], "texture": "#0"},
				"south": {"uv": [10.625, 4.25, 10.75, 5.25], "texture": "#0"},
				"west": {"uv": [10.625, 4.25, 10.75, 5.25], "texture": "#0"},
				"up": {"uv": [10.625, 4.25, 10.75, 4.375], "texture": "#0"},
				"down": {"uv": [10.625, 5.125, 10.75, 5.25], "texture": "#0"}
			}
		},
		{
			"name": "frostscytheaxe_15",
			"from": [6.25, 9.75, 8],
			"to": [6.375, 11.375, 8.125],
			"faces": {
				"north": {"uv": [5.375, 4.375, 5.25, 6], "texture": "#0"},
				"east": {"uv": [5.25, 4.375, 5.375, 6], "texture": "#0"},
				"south": {"uv": [5.25, 4.375, 5.375, 6], "texture": "#0"},
				"west": {"uv": [5.25, 4.375, 5.375, 6], "texture": "#0"},
				"up": {"uv": [5.25, 4.375, 5.375, 4.5], "texture": "#0"},
				"down": {"uv": [5.25, 5.875, 5.375, 6], "texture": "#0"}
			}
		},
		{
			"name": "frostscytheaxe_16",
			"from": [7.875, 11, 8],
			"to": [8, 11.375, 8.125],
			"faces": {
				"north": {"uv": [7, 4.375, 6.875, 4.75], "texture": "#0"},
				"east": {"uv": [6.875, 4.375, 7, 4.75], "texture": "#0"},
				"south": {"uv": [6.875, 4.375, 7, 4.75], "texture": "#0"},
				"west": {"uv": [6.875, 4.375, 7, 4.75], "texture": "#0"},
				"up": {"uv": [6.875, 4.375, 7, 4.5], "texture": "#0"},
				"down": {"uv": [6.875, 4.625, 7, 4.75], "texture": "#0"}
			}
		},
		{
			"name": "frostscytheaxe_17",
			"from": [9.75, 10.75, 8],
			"to": [9.875, 11.375, 8.125],
			"faces": {
				"north": {"uv": [10.875, 4.375, 10.75, 5], "texture": "#0"},
				"east": {"uv": [10.75, 4.375, 10.875, 5], "texture": "#0"},
				"south": {"uv": [10.75, 4.375, 10.875, 5], "texture": "#0"},
				"west": {"uv": [10.75, 4.375, 10.875, 5], "texture": "#0"},
				"up": {"uv": [10.75, 4.375, 10.875, 4.5], "texture": "#0"},
				"down": {"uv": [10.75, 4.875, 10.875, 5], "texture": "#0"}
			}
		},
		{
			"name": "frostscytheaxe_18",
			"from": [6, 10.75, 8],
			"to": [6.25, 11.25, 8.125],
			"faces": {
				"north": {"uv": [5.25, 4.5, 5, 5], "texture": "#0"},
				"east": {"uv": [5.125, 4.5, 5.25, 5], "texture": "#0"},
				"south": {"uv": [5, 4.5, 5.25, 5], "texture": "#0"},
				"west": {"uv": [5, 4.5, 5.125, 5], "texture": "#0"},
				"up": {"uv": [5, 4.5, 5.25, 4.625], "texture": "#0"},
				"down": {"uv": [5, 4.875, 5.25, 5], "texture": "#0"}
			}
		},
		{
			"name": "frostscytheaxe_19",
			"from": [7.375, 11, 8],
			"to": [7.5, 11.25, 8.125],
			"faces": {
				"north": {"uv": [6.5, 4.5, 6.375, 4.75], "texture": "#0"},
				"east": {"uv": [6.375, 4.5, 6.5, 4.75], "texture": "#0"},
				"south": {"uv": [6.375, 4.5, 6.5, 4.75], "texture": "#0"},
				"west": {"uv": [6.375, 4.5, 6.5, 4.75], "texture": "#0"},
				"up": {"uv": [6.375, 4.5, 6.5, 4.625], "texture": "#0"},
				"down": {"uv": [6.375, 4.625, 6.5, 4.75], "texture": "#0"}
			}
		},
		{
			"name": "frostscytheaxe_20",
			"from": [7.625, 11, 8],
			"to": [7.875, 11.25, 8.125],
			"faces": {
				"north": {"uv": [6.875, 4.5, 6.625, 4.75], "texture": "#0"},
				"east": {"uv": [6.75, 4.5, 6.875, 4.75], "texture": "#0"},
				"south": {"uv": [6.625, 4.5, 6.875, 4.75], "texture": "#0"},
				"west": {"uv": [6.625, 4.5, 6.75, 4.75], "texture": "#0"},
				"up": {"uv": [6.625, 4.5, 6.875, 4.625], "texture": "#0"},
				"down": {"uv": [6.625, 4.625, 6.875, 4.75], "texture": "#0"}
			}
		},
		{
			"name": "frostscytheaxe_21",
			"from": [8, 11.125, 8],
			"to": [8.125, 11.25, 8.125],
			"faces": {
				"north": {"uv": [7.125, 4.5, 7, 4.625], "texture": "#0"},
				"east": {"uv": [7, 4.5, 7.125, 4.625], "texture": "#0"},
				"south": {"uv": [7, 4.5, 7.125, 4.625], "texture": "#0"},
				"west": {"uv": [7, 4.5, 7.125, 4.625], "texture": "#0"},
				"up": {"uv": [7, 4.5, 7.125, 4.625], "texture": "#0"},
				"down": {"uv": [7, 4.5, 7.125, 4.625], "texture": "#0"}
			}
		},
		{
			"name": "frostscytheaxe_22",
			"from": [8.125, 11, 7.85],
			"to": [8.25, 11.25, 8.275],
			"faces": {
				"north": {"uv": [8.25, 4.5, 8.125, 4.75], "texture": "#0"},
				"east": {"uv": [8.125, 4.5, 8.25, 4.75], "texture": "#0"},
				"south": {"uv": [8.125, 4.5, 8.25, 4.75], "texture": "#0"},
				"west": {"uv": [8.125, 4.5, 8.25, 4.75], "texture": "#0"},
				"up": {"uv": [8.125, 4.5, 8.25, 4.625], "texture": "#0"},
				"down": {"uv": [8.125, 4.625, 8.25, 4.75], "texture": "#0"}
			}
		},
		{
			"name": "frostscytheaxe_23",
			"from": [8.375, 11, 7.85],
			"to": [8.5, 11.25, 8.275],
			"faces": {
				"north": {"uv": [8.5, 4.5, 8.375, 4.75], "texture": "#0"},
				"east": {"uv": [8.375, 4.5, 8.5, 4.75], "texture": "#0"},
				"south": {"uv": [8.375, 4.5, 8.5, 4.75], "texture": "#0"},
				"west": {"uv": [8.375, 4.5, 8.5, 4.75], "texture": "#0"},
				"up": {"uv": [8.375, 4.5, 8.5, 4.625], "texture": "#0"},
				"down": {"uv": [8.375, 4.625, 8.5, 4.75], "texture": "#0"}
			}
		},
		{
			"name": "frostscytheaxe_24",
			"from": [8.5, 11.125, 8],
			"to": [8.75, 11.25, 8.125],
			"faces": {
				"north": {"uv": [9.75, 4.5, 9.5, 4.625], "texture": "#0"},
				"east": {"uv": [9.625, 4.5, 9.75, 4.625], "texture": "#0"},
				"south": {"uv": [9.5, 4.5, 9.75, 4.625], "texture": "#0"},
				"west": {"uv": [9.5, 4.5, 9.625, 4.625], "texture": "#0"},
				"up": {"uv": [9.5, 4.5, 9.75, 4.625], "texture": "#0"},
				"down": {"uv": [9.5, 4.5, 9.75, 4.625], "texture": "#0"}
			}
		},
		{
			"name": "frostscytheaxe_25",
			"from": [9.5, 10.375, 8],
			"to": [9.625, 11.25, 8.125],
			"faces": {
				"north": {"uv": [10.625, 4.5, 10.5, 5.375], "texture": "#0"},
				"east": {"uv": [10.5, 4.5, 10.625, 5.375], "texture": "#0"},
				"south": {"uv": [10.5, 4.5, 10.625, 5.375], "texture": "#0"},
				"west": {"uv": [10.5, 4.5, 10.625, 5.375], "texture": "#0"},
				"up": {"uv": [10.5, 4.5, 10.625, 4.625], "texture": "#0"},
				"down": {"uv": [10.5, 5.25, 10.625, 5.375], "texture": "#0"}
			}
		},
		{
			"name": "frostscytheaxe_26",
			"from": [7.5, 11, 8],
			"to": [7.625, 11.125, 8.125],
			"faces": {
				"north": {"uv": [6.625, 4.625, 6.5, 4.75], "texture": "#0"},
				"east": {"uv": [6.5, 4.625, 6.625, 4.75], "texture": "#0"},
				"south": {"uv": [6.5, 4.625, 6.625, 4.75], "texture": "#0"},
				"west": {"uv": [6.5, 4.625, 6.625, 4.75], "texture": "#0"},
				"up": {"uv": [6.5, 4.625, 6.625, 4.75], "texture": "#0"},
				"down": {"uv": [6.5, 4.625, 6.625, 4.75], "texture": "#0"}
			}
		},
		{
			"name": "frostscytheaxe_27",
			"from": [8, 10.5, 7.85],
			"to": [8.125, 11.125, 8.275],
			"faces": {
				"north": {"uv": [8.125, 4.625, 8, 5.25], "texture": "#0"},
				"east": {"uv": [8, 4.625, 8.125, 5.25], "texture": "#0"},
				"south": {"uv": [8, 4.625, 8.125, 5.25], "texture": "#0"},
				"west": {"uv": [8, 4.625, 8.125, 5.25], "texture": "#0"},
				"up": {"uv": [8, 4.625, 8.125, 4.75], "texture": "#0"},
				"down": {"uv": [8, 5.125, 8.125, 5.25], "texture": "#0"}
			}
		},
		{
			"name": "frostscytheaxe_28",
			"from": [8.5, 10.5, 7.85],
			"to": [8.625, 11.125, 8.275],
			"faces": {
				"north": {"uv": [8.625, 4.625, 8.5, 5.25], "texture": "#0"},
				"east": {"uv": [8.5, 4.625, 8.625, 5.25], "texture": "#0"},
				"south": {"uv": [8.5, 4.625, 8.625, 5.25], "texture": "#0"},
				"west": {"uv": [8.5, 4.625, 8.625, 5.25], "texture": "#0"},
				"up": {"uv": [8.5, 4.625, 8.625, 4.75], "texture": "#0"},
				"down": {"uv": [8.5, 5.125, 8.625, 5.25], "texture": "#0"}
			}
		},
		{
			"name": "frostscytheaxe_29",
			"from": [8.625, 11, 8],
			"to": [9, 11.125, 8.125],
			"faces": {
				"north": {"uv": [10, 4.625, 9.625, 4.75], "texture": "#0"},
				"east": {"uv": [9.875, 4.625, 10, 4.75], "texture": "#0"},
				"south": {"uv": [9.625, 4.625, 10, 4.75], "texture": "#0"},
				"west": {"uv": [9.625, 4.625, 9.75, 4.75], "texture": "#0"},
				"up": {"uv": [9.625, 4.625, 10, 4.75], "texture": "#0"},
				"down": {"uv": [9.625, 4.625, 10, 4.75], "texture": "#0"}
			}
		},
		{
			"name": "frostscytheaxe_30",
			"from": [9.375, 10.25, 8],
			"to": [9.5, 11.125, 8.125],
			"faces": {
				"north": {"uv": [10.5, 4.625, 10.375, 5.5], "texture": "#0"},
				"east": {"uv": [10.375, 4.625, 10.5, 5.5], "texture": "#0"},
				"south": {"uv": [10.375, 4.625, 10.5, 5.5], "texture": "#0"},
				"west": {"uv": [10.375, 4.625, 10.5, 5.5], "texture": "#0"},
				"up": {"uv": [10.375, 4.625, 10.5, 4.75], "texture": "#0"},
				"down": {"uv": [10.375, 5.375, 10.5, 5.5], "texture": "#0"}
			}
		},
		{
			"name": "frostscytheaxe_31",
			"from": [7.375, 10.625, 7.85],
			"to": [8, 11, 8.275],
			"faces": {
				"north": {"uv": [8, 4.75, 7.375, 5.125], "texture": "#0"},
				"east": {"uv": [7.875, 4.75, 8, 5.125], "texture": "#0"},
				"south": {"uv": [7.375, 4.75, 8, 5.125], "texture": "#0"},
				"west": {"uv": [7.375, 4.75, 7.5, 5.125], "texture": "#0"},
				"up": {"uv": [7.375, 4.75, 8, 4.875], "texture": "#0"},
				"down": {"uv": [7.375, 5, 8, 5.125], "texture": "#0"}
			}
		},
		{
			"name": "frostscytheaxe_32",
			"from": [8.625, 10.625, 7.85],
			"to": [8.875, 11, 8.275],
			"faces": {
				"north": {"uv": [8.875, 4.75, 8.625, 5.125], "texture": "#0"},
				"east": {"uv": [8.75, 4.75, 8.875, 5.125], "texture": "#0"},
				"south": {"uv": [8.625, 4.75, 8.875, 5.125], "texture": "#0"},
				"west": {"uv": [8.625, 4.75, 8.75, 5.125], "texture": "#0"},
				"up": {"uv": [8.625, 4.75, 8.875, 4.875], "texture": "#0"},
				"down": {"uv": [8.625, 5, 8.875, 5.125], "texture": "#0"}
			}
		},
		{
			"name": "frostscytheaxe_33",
			"from": [8.875, 10.875, 8],
			"to": [9.375, 11, 8.125],
			"faces": {
				"north": {"uv": [10.375, 4.75, 9.875, 4.875], "texture": "#0"},
				"east": {"uv": [10.25, 4.75, 10.375, 4.875], "texture": "#0"},
				"south": {"uv": [9.875, 4.75, 10.375, 4.875], "texture": "#0"},
				"west": {"uv": [9.875, 4.75, 10, 4.875], "texture": "#0"},
				"up": {"uv": [9.875, 4.75, 10.375, 4.875], "texture": "#0"},
				"down": {"uv": [9.875, 4.75, 10.375, 4.875], "texture": "#0"}
			}
		},
		{
			"name": "frostscytheaxe_34",
			"from": [7, 8.625, 8],
			"to": [7.125, 10.875, 8.125],
			"faces": {
				"north": {"uv": [6.125, 4.875, 6, 7.125], "texture": "#0"},
				"east": {"uv": [6, 4.875, 6.125, 7.125], "texture": "#0"},
				"south": {"uv": [6, 4.875, 6.125, 7.125], "texture": "#0"},
				"west": {"uv": [6, 4.875, 6.125, 7.125], "texture": "#0"},
				"up": {"uv": [6, 4.875, 6.125, 5], "texture": "#0"},
				"down": {"uv": [6, 7, 6.125, 7.125], "texture": "#0"}
			}
		},
		{
			"name": "frostscytheaxe_35",
			"from": [7.125, 10.75, 7.85],
			"to": [7.375, 10.875, 8.275],
			"faces": {
				"north": {"uv": [7.375, 4.875, 7.125, 5], "texture": "#0"},
				"east": {"uv": [7.25, 4.875, 7.375, 5], "texture": "#0"},
				"south": {"uv": [7.125, 4.875, 7.375, 5], "texture": "#0"},
				"west": {"uv": [7.125, 4.875, 7.25, 5], "texture": "#0"},
				"up": {"uv": [7.125, 4.875, 7.375, 5], "texture": "#0"},
				"down": {"uv": [7.125, 4.875, 7.375, 5], "texture": "#0"}
			}
		},
		{
			"name": "frostscytheaxe_36",
			"from": [8.875, 10.625, 7.85],
			"to": [9, 10.875, 8.275],
			"faces": {
				"north": {"uv": [9, 4.875, 8.875, 5.125], "texture": "#0"},
				"east": {"uv": [8.875, 4.875, 9, 5.125], "texture": "#0"},
				"south": {"uv": [8.875, 4.875, 9, 5.125], "texture": "#0"},
				"west": {"uv": [8.875, 4.875, 9, 5.125], "texture": "#0"},
				"up": {"uv": [8.875, 4.875, 9, 5], "texture": "#0"},
				"down": {"uv": [8.875, 5, 9, 5.125], "texture": "#0"}
			}
		},
		{
			"name": "frostscytheaxe_37",
			"from": [9, 10.75, 8],
			"to": [9.375, 10.875, 8.125],
			"faces": {
				"north": {"uv": [10.375, 4.875, 10, 5], "texture": "#0"},
				"east": {"uv": [10.25, 4.875, 10.375, 5], "texture": "#0"},
				"south": {"uv": [10, 4.875, 10.375, 5], "texture": "#0"},
				"west": {"uv": [10, 4.875, 10.125, 5], "texture": "#0"},
				"up": {"uv": [10, 4.875, 10.375, 5], "texture": "#0"},
				"down": {"uv": [10, 4.875, 10.375, 5], "texture": "#0"}
			}
		},
		{
			"name": "frostscytheaxe_38",
			"from": [6.125, 10.25, 8],
			"to": [6.25, 10.75, 8.125],
			"faces": {
				"north": {"uv": [5.25, 5, 5.125, 5.5], "texture": "#0"},
				"east": {"uv": [5.125, 5, 5.25, 5.5], "texture": "#0"},
				"south": {"uv": [5.125, 5, 5.25, 5.5], "texture": "#0"},
				"west": {"uv": [5.125, 5, 5.25, 5.5], "texture": "#0"},
				"up": {"uv": [5.125, 5, 5.25, 5.125], "texture": "#0"},
				"down": {"uv": [5.125, 5.375, 5.25, 5.5], "texture": "#0"}
			}
		},
		{
			"name": "frostscytheaxe_39",
			"from": [7.125, 9.75, 8],
			"to": [7.375, 10.75, 8.125],
			"faces": {
				"north": {"uv": [6.375, 5, 6.125, 6], "texture": "#0"},
				"east": {"uv": [6.25, 5, 6.375, 6], "texture": "#0"},
				"south": {"uv": [6.125, 5, 6.375, 6], "texture": "#0"},
				"west": {"uv": [6.125, 5, 6.25, 6], "texture": "#0"},
				"up": {"uv": [6.125, 5, 6.375, 5.125], "texture": "#0"},
				"down": {"uv": [6.125, 5.875, 6.375, 6], "texture": "#0"}
			}
		},
		{
			"name": "frostscytheaxe_40",
			"from": [9, 10.5, 7.85],
			"to": [9.125, 10.75, 8.275],
			"faces": {
				"north": {"uv": [9.125, 5, 9, 5.25], "texture": "#0"},
				"east": {"uv": [9, 5, 9.125, 5.25], "texture": "#0"},
				"south": {"uv": [9, 5, 9.125, 5.25], "texture": "#0"},
				"west": {"uv": [9, 5, 9.125, 5.25], "texture": "#0"},
				"up": {"uv": [9, 5, 9.125, 5.125], "texture": "#0"},
				"down": {"uv": [9, 5.125, 9.125, 5.25], "texture": "#0"}
			}
		},
		{
			"name": "frostscytheaxe_41",
			"from": [9.125, 10.625, 8],
			"to": [9.375, 10.75, 8.125],
			"faces": {
				"north": {"uv": [10.375, 5, 10.125, 5.125], "texture": "#0"},
				"east": {"uv": [10.25, 5, 10.375, 5.125], "texture": "#0"},
				"south": {"uv": [10.125, 5, 10.375, 5.125], "texture": "#0"},
				"west": {"uv": [10.125, 5, 10.25, 5.125], "texture": "#0"},
				"up": {"uv": [10.125, 5, 10.375, 5.125], "texture": "#0"},
				"down": {"uv": [10.125, 5, 10.375, 5.125], "texture": "#0"}
			}
		},
		{
			"name": "frostscytheaxe_42",
			"from": [7.375, 10.375, 8],
			"to": [8, 10.625, 8.125],
			"faces": {
				"north": {"uv": [7, 5.125, 6.375, 5.375], "texture": "#0"},
				"east": {"uv": [6.875, 5.125, 7, 5.375], "texture": "#0"},
				"south": {"uv": [6.375, 5.125, 7, 5.375], "texture": "#0"},
				"west": {"uv": [6.375, 5.125, 6.5, 5.375], "texture": "#0"},
				"up": {"uv": [6.375, 5.125, 7, 5.25], "texture": "#0"},
				"down": {"uv": [6.375, 5.25, 7, 5.375], "texture": "#0"}
			}
		},
		{
			"name": "frostscytheaxe_43",
			"from": [8.125, 10.375, 7.85],
			"to": [8.5, 10.625, 8.275],
			"faces": {
				"north": {"uv": [8.5, 5.125, 8.125, 5.375], "texture": "#0"},
				"east": {"uv": [8.375, 5.125, 8.5, 5.375], "texture": "#0"},
				"south": {"uv": [8.125, 5.125, 8.5, 5.375], "texture": "#0"},
				"west": {"uv": [8.125, 5.125, 8.25, 5.375], "texture": "#0"},
				"up": {"uv": [8.125, 5.125, 8.5, 5.25], "texture": "#0"},
				"down": {"uv": [8.125, 5.25, 8.5, 5.375], "texture": "#0"}
			}
		},
		{
			"name": "frostscytheaxe_44",
			"from": [9.125, 10.375, 7.85],
			"to": [9.25, 10.625, 8.275],
			"faces": {
				"north": {"uv": [9.25, 5.125, 9.125, 5.375], "texture": "#0"},
				"east": {"uv": [9.125, 5.125, 9.25, 5.375], "texture": "#0"},
				"south": {"uv": [9.125, 5.125, 9.25, 5.375], "texture": "#0"},
				"west": {"uv": [9.125, 5.125, 9.25, 5.375], "texture": "#0"},
				"up": {"uv": [9.125, 5.125, 9.25, 5.25], "texture": "#0"},
				"down": {"uv": [9.125, 5.25, 9.25, 5.375], "texture": "#0"}
			}
		},
		{
			"name": "frostscytheaxe_45",
			"from": [8.625, 10.5, 8],
			"to": [9, 10.625, 8.125],
			"faces": {
				"north": {"uv": [10, 5.125, 9.625, 5.25], "texture": "#0"},
				"east": {"uv": [9.875, 5.125, 10, 5.25], "texture": "#0"},
				"south": {"uv": [9.625, 5.125, 10, 5.25], "texture": "#0"},
				"west": {"uv": [9.625, 5.125, 9.75, 5.25], "texture": "#0"},
				"up": {"uv": [9.625, 5.125, 10, 5.25], "texture": "#0"},
				"down": {"uv": [9.625, 5.125, 10, 5.25], "texture": "#0"}
			}
		},
		{
			"name": "frostscytheaxe_46",
			"from": [9.25, 10.125, 8],
			"to": [9.375, 10.625, 8.125],
			"faces": {
				"north": {"uv": [10.375, 5.125, 10.25, 5.625], "texture": "#0"},
				"east": {"uv": [10.25, 5.125, 10.375, 5.625], "texture": "#0"},
				"south": {"uv": [10.25, 5.125, 10.375, 5.625], "texture": "#0"},
				"west": {"uv": [10.25, 5.125, 10.375, 5.625], "texture": "#0"},
				"up": {"uv": [10.25, 5.125, 10.375, 5.25], "texture": "#0"},
				"down": {"uv": [10.25, 5.5, 10.375, 5.625], "texture": "#0"}
			}
		},
		{
			"name": "frostscytheaxe_47",
			"from": [8, 10.25, 8],
			"to": [8.125, 10.5, 8.125],
			"faces": {
				"north": {"uv": [7.125, 5.25, 7, 5.5], "texture": "#0"},
				"east": {"uv": [7, 5.25, 7.125, 5.5], "texture": "#0"},
				"south": {"uv": [7, 5.25, 7.125, 5.5], "texture": "#0"},
				"west": {"uv": [7, 5.25, 7.125, 5.5], "texture": "#0"},
				"up": {"uv": [7, 5.25, 7.125, 5.375], "texture": "#0"},
				"down": {"uv": [7, 5.375, 7.125, 5.5], "texture": "#0"}
			}
		},
		{
			"name": "frostscytheaxe_48",
			"from": [8.5, 10.375, 8],
			"to": [8.75, 10.5, 8.125],
			"faces": {
				"north": {"uv": [9.75, 5.25, 9.5, 5.375], "texture": "#0"},
				"east": {"uv": [9.625, 5.25, 9.75, 5.375], "texture": "#0"},
				"south": {"uv": [9.5, 5.25, 9.75, 5.375], "texture": "#0"},
				"west": {"uv": [9.5, 5.25, 9.625, 5.375], "texture": "#0"},
				"up": {"uv": [9.5, 5.25, 9.75, 5.375], "texture": "#0"},
				"down": {"uv": [9.5, 5.25, 9.75, 5.375], "texture": "#0"}
			}
		},
		{
			"name": "frostscytheaxe_49",
			"from": [9, 10.375, 8],
			"to": [9.125, 10.5, 8.125],
			"faces": {
				"north": {"uv": [10.125, 5.25, 10, 5.375], "texture": "#0"},
				"east": {"uv": [10, 5.25, 10.125, 5.375], "texture": "#0"},
				"south": {"uv": [10, 5.25, 10.125, 5.375], "texture": "#0"},
				"west": {"uv": [10, 5.25, 10.125, 5.375], "texture": "#0"},
				"up": {"uv": [10, 5.25, 10.125, 5.375], "texture": "#0"},
				"down": {"uv": [10, 5.25, 10.125, 5.375], "texture": "#0"}
			}
		},
		{
			"name": "frostscytheaxe_50",
			"from": [7.375, 10.25, 8],
			"to": [7.625, 10.375, 8.125],
			"faces": {
				"north": {"uv": [6.625, 5.375, 6.375, 5.5], "texture": "#0"},
				"east": {"uv": [6.5, 5.375, 6.625, 5.5], "texture": "#0"},
				"south": {"uv": [6.375, 5.375, 6.625, 5.5], "texture": "#0"},
				"west": {"uv": [6.375, 5.375, 6.5, 5.5], "texture": "#0"},
				"up": {"uv": [6.375, 5.375, 6.625, 5.5], "texture": "#0"},
				"down": {"uv": [6.375, 5.375, 6.625, 5.5], "texture": "#0"}
			}
		},
		{
			"name": "frostscytheaxe_51",
			"from": [7.875, 10.25, 8],
			"to": [8, 10.375, 8.125],
			"faces": {
				"north": {"uv": [7, 5.375, 6.875, 5.5], "texture": "#0"},
				"east": {"uv": [6.875, 5.375, 7, 5.5], "texture": "#0"},
				"south": {"uv": [6.875, 5.375, 7, 5.5], "texture": "#0"},
				"west": {"uv": [6.875, 5.375, 7, 5.5], "texture": "#0"},
				"up": {"uv": [6.875, 5.375, 7, 5.5], "texture": "#0"},
				"down": {"uv": [6.875, 5.375, 7, 5.5], "texture": "#0"}
			}
		},
		{
			"name": "frostscytheaxe_52",
			"from": [8.5, 10.25, 8],
			"to": [8.625, 10.375, 8.125],
			"faces": {
				"north": {"uv": [9.625, 5.375, 9.5, 5.5], "texture": "#0"},
				"east": {"uv": [9.5, 5.375, 9.625, 5.5], "texture": "#0"},
				"south": {"uv": [9.5, 5.375, 9.625, 5.5], "texture": "#0"},
				"west": {"uv": [9.5, 5.375, 9.625, 5.5], "texture": "#0"},
				"up": {"uv": [9.5, 5.375, 9.625, 5.5], "texture": "#0"},
				"down": {"uv": [9.5, 5.375, 9.625, 5.5], "texture": "#0"}
			}
		},
		{
			"name": "frostscytheaxe_53",
			"from": [9.125, 10.125, 8],
			"to": [9.25, 10.375, 8.125],
			"faces": {
				"north": {"uv": [10.25, 5.375, 10.125, 5.625], "texture": "#0"},
				"east": {"uv": [10.125, 5.375, 10.25, 5.625], "texture": "#0"},
				"south": {"uv": [10.125, 5.375, 10.25, 5.625], "texture": "#0"},
				"west": {"uv": [10.125, 5.375, 10.25, 5.625], "texture": "#0"},
				"up": {"uv": [10.125, 5.375, 10.25, 5.5], "texture": "#0"},
				"down": {"uv": [10.125, 5.5, 10.25, 5.625], "texture": "#0"}
			}
		},
		{
			"name": "frostscytheaxe_54",
			"from": [7.375, 10, 8],
			"to": [7.5, 10.25, 8.125],
			"faces": {
				"north": {"uv": [6.5, 5.5, 6.375, 5.75], "texture": "#0"},
				"east": {"uv": [6.375, 5.5, 6.5, 5.75], "texture": "#0"},
				"south": {"uv": [6.375, 5.5, 6.5, 5.75], "texture": "#0"},
				"west": {"uv": [6.375, 5.5, 6.5, 5.75], "texture": "#0"},
				"up": {"uv": [6.375, 5.5, 6.5, 5.625], "texture": "#0"},
				"down": {"uv": [6.375, 5.625, 6.5, 5.75], "texture": "#0"}
			}
		},
		{
			"name": "frostscytheaxe_55",
			"from": [8.125, 10.125, 7.9],
			"to": [8.5, 10.375, 8.225],
			"faces": {
				"north": {"uv": [8.5, 5.625, 8.125, 5.875], "texture": "#0"},
				"east": {"uv": [8.375, 5.625, 8.5, 5.875], "texture": "#0"},
				"south": {"uv": [8.125, 5.625, 8.5, 5.875], "texture": "#0"},
				"west": {"uv": [8.125, 5.625, 8.25, 5.875], "texture": "#0"},
				"up": {"uv": [8.125, 5.625, 8.5, 5.75], "texture": "#0"},
				"down": {"uv": [8.125, 5.75, 8.5, 5.875], "texture": "#0"}
			}
		},
		{
			"name": "frostscytheaxe_56",
			"from": [8.25, 9.5, 7.9],
			"to": [8.625, 10.125, 8.225],
			"faces": {
				"north": {"uv": [8.625, 5.875, 8.25, 6.5], "texture": "#0"},
				"east": {"uv": [8.5, 5.875, 8.625, 6.5], "texture": "#0"},
				"south": {"uv": [8.25, 5.875, 8.625, 6.5], "texture": "#0"},
				"west": {"uv": [8.25, 5.875, 8.375, 6.5], "texture": "#0"},
				"up": {"uv": [8.25, 5.875, 8.625, 6], "texture": "#0"},
				"down": {"uv": [8.25, 6.375, 8.625, 6.5], "texture": "#0"}
			}
		},
		{
			"name": "frostscytheaxe_57",
			"from": [7.125, 9.25, 8],
			"to": [7.25, 9.75, 8.125],
			"faces": {
				"north": {"uv": [6.25, 6, 6.125, 6.5], "texture": "#0"},
				"east": {"uv": [6.125, 6, 6.25, 6.5], "texture": "#0"},
				"south": {"uv": [6.125, 6, 6.25, 6.5], "texture": "#0"},
				"west": {"uv": [6.125, 6, 6.25, 6.5], "texture": "#0"},
				"up": {"uv": [6.125, 6, 6.25, 6.125], "texture": "#0"},
				"down": {"uv": [6.125, 6.375, 6.25, 6.5], "texture": "#0"}
			}
		},
		{
			"name": "frostscytheaxe_58",
			"from": [8.125, 8.75, 7.9],
			"to": [8.25, 9.75, 8.225],
			"faces": {
				"north": {"uv": [8.25, 6.25, 8.125, 7.25], "texture": "#0"},
				"east": {"uv": [8.125, 6.25, 8.25, 7.25], "texture": "#0"},
				"south": {"uv": [8.125, 6.25, 8.25, 7.25], "texture": "#0"},
				"west": {"uv": [8.125, 6.25, 8.25, 7.25], "texture": "#0"},
				"up": {"uv": [8.125, 6.25, 8.25, 6.375], "texture": "#0"},
				"down": {"uv": [8.125, 7.125, 8.25, 7.25], "texture": "#0"}
			}
		},
		{
			"name": "frostscytheaxe_59",
			"from": [8.25, 8.875, 7.9],
			"to": [8.5, 9.5, 8.225],
			"faces": {
				"north": {"uv": [8.5, 6.5, 8.25, 7.125], "texture": "#0"},
				"east": {"uv": [8.375, 6.5, 8.5, 7.125], "texture": "#0"},
				"south": {"uv": [8.25, 6.5, 8.5, 7.125], "texture": "#0"},
				"west": {"uv": [8.25, 6.5, 8.375, 7.125], "texture": "#0"},
				"up": {"uv": [8.25, 6.5, 8.5, 6.625], "texture": "#0"},
				"down": {"uv": [8.25, 7, 8.5, 7.125], "texture": "#0"}
			}
		},
		{
			"name": "frostscytheaxe_60",
			"from": [7.125, 8.5, 8],
			"to": [7.25, 8.75, 8.125],
			"faces": {
				"north": {"uv": [6.25, 7, 6.125, 7.25], "texture": "#0"},
				"east": {"uv": [6.125, 7, 6.25, 7.25], "texture": "#0"},
				"south": {"uv": [6.125, 7, 6.25, 7.25], "texture": "#0"},
				"west": {"uv": [6.125, 7, 6.25, 7.25], "texture": "#0"},
				"up": {"uv": [6.125, 7, 6.25, 7.125], "texture": "#0"},
				"down": {"uv": [6.125, 7.125, 6.25, 7.25], "texture": "#0"}
			}
		},
		{
			"name": "frostscytheaxe_61",
			"from": [8, 8.75, 7.9],
			"to": [8.125, 9, 8.225],
			"faces": {
				"north": {"uv": [8.125, 7, 8, 7.25], "texture": "#0"},
				"east": {"uv": [8, 7, 8.125, 7.25], "texture": "#0"},
				"south": {"uv": [8, 7, 8.125, 7.25], "texture": "#0"},
				"west": {"uv": [8, 7, 8.125, 7.25], "texture": "#0"},
				"up": {"uv": [8, 7, 8.125, 7.125], "texture": "#0"},
				"down": {"uv": [8, 7.125, 8.125, 7.25], "texture": "#0"}
			}
		},
		{
			"name": "frostscytheaxe_62",
			"from": [8.25, 8.75, 7.9],
			"to": [8.375, 8.875, 8.225],
			"faces": {
				"north": {"uv": [8.375, 7.125, 8.25, 7.25], "texture": "#0"},
				"east": {"uv": [8.25, 7.125, 8.375, 7.25], "texture": "#0"},
				"south": {"uv": [8.25, 7.125, 8.375, 7.25], "texture": "#0"},
				"west": {"uv": [8.25, 7.125, 8.375, 7.25], "texture": "#0"},
				"up": {"uv": [8.25, 7.125, 8.375, 7.25], "texture": "#0"},
				"down": {"uv": [8.25, 7.125, 8.375, 7.25], "texture": "#0"}
			}
		},
		{
			"name": "frostscytheaxe_63",
			"from": [7.875, 8.5, 7.8],
			"to": [8.5, 8.75, 8.325],
			"faces": {
				"north": {"uv": [9.25, 7.25, 8.625, 7.5], "texture": "#0"},
				"east": {"uv": [9.125, 7.25, 9.25, 7.5], "texture": "#0"},
				"south": {"uv": [8.625, 7.25, 9.25, 7.5], "texture": "#0"},
				"west": {"uv": [8.625, 7.25, 8.75, 7.5], "texture": "#0"},
				"up": {"uv": [8.625, 7.25, 9.25, 7.375], "texture": "#0"},
				"down": {"uv": [8.625, 7.375, 9.25, 7.5], "texture": "#0"}
			}
		},
		{
			"name": "frostscytheaxe_64",
			"from": [8, 8, 7.9],
			"to": [8.375, 8.5, 8.225],
			"faces": {
				"north": {"uv": [8.375, 7.5, 8, 8], "texture": "#0"},
				"east": {"uv": [8.25, 7.5, 8.375, 8], "texture": "#0"},
				"south": {"uv": [8, 7.5, 8.375, 8], "texture": "#0"},
				"west": {"uv": [8, 7.5, 8.125, 8], "texture": "#0"},
				"up": {"uv": [8, 7.5, 8.375, 7.625], "texture": "#0"},
				"down": {"uv": [8, 7.875, 8.375, 8], "texture": "#0"}
			}
		},
		{
			"name": "frostscytheaxe_65",
			"from": [7.875, 7.375, 7.9],
			"to": [8, 8.25, 8.225],
			"faces": {
				"north": {"uv": [8, 7.75, 7.875, 8.625], "texture": "#0"},
				"east": {"uv": [7.875, 7.75, 8, 8.625], "texture": "#0"},
				"south": {"uv": [7.875, 7.75, 8, 8.625], "texture": "#0"},
				"west": {"uv": [7.875, 7.75, 8, 8.625], "texture": "#0"},
				"up": {"uv": [7.875, 7.75, 8, 7.875], "texture": "#0"},
				"down": {"uv": [7.875, 8.5, 8, 8.625], "texture": "#0"}
			}
		},
		{
			"name": "frostscytheaxe_66",
			"from": [8, 6.625, 7.9],
			"to": [8.25, 8, 8.225],
			"faces": {
				"north": {"uv": [8.25, 8, 8, 9.375], "texture": "#0"},
				"east": {"uv": [8.125, 8, 8.25, 9.375], "texture": "#0"},
				"south": {"uv": [8, 8, 8.25, 9.375], "texture": "#0"},
				"west": {"uv": [8, 8, 8.125, 9.375], "texture": "#0"},
				"up": {"uv": [8, 8, 8.25, 8.125], "texture": "#0"},
				"down": {"uv": [8, 9.25, 8.25, 9.375], "texture": "#0"}
			}
		},
		{
			"name": "frostscytheaxe_67",
			"from": [8.25, 6, 7.9],
			"to": [8.375, 7.625, 8.225],
			"faces": {
				"north": {"uv": [8.375, 8.375, 8.25, 10], "texture": "#0"},
				"east": {"uv": [8.25, 8.375, 8.375, 10], "texture": "#0"},
				"south": {"uv": [8.25, 8.375, 8.375, 10], "texture": "#0"},
				"west": {"uv": [8.25, 8.375, 8.375, 10], "texture": "#0"},
				"up": {"uv": [8.25, 8.375, 8.375, 8.5], "texture": "#0"},
				"down": {"uv": [8.25, 9.875, 8.375, 10], "texture": "#0"}
			}
		},
		{
			"name": "frostscytheaxe_68",
			"from": [8.375, 6, 7.9],
			"to": [8.5, 6.875, 8.225],
			"faces": {
				"north": {"uv": [8.5, 9.125, 8.375, 10], "texture": "#0"},
				"east": {"uv": [8.375, 9.125, 8.5, 10], "texture": "#0"},
				"south": {"uv": [8.375, 9.125, 8.5, 10], "texture": "#0"},
				"west": {"uv": [8.375, 9.125, 8.5, 10], "texture": "#0"},
				"up": {"uv": [8.375, 9.125, 8.5, 9.25], "texture": "#0"},
				"down": {"uv": [8.375, 9.875, 8.5, 10], "texture": "#0"}
			}
		},
		{
			"name": "frostscytheaxe_69",
			"from": [8.125, 6, 7.9],
			"to": [8.25, 6.625, 8.225],
			"faces": {
				"north": {"uv": [8.25, 9.375, 8.125, 10], "texture": "#0"},
				"east": {"uv": [8.125, 9.375, 8.25, 10], "texture": "#0"},
				"south": {"uv": [8.125, 9.375, 8.25, 10], "texture": "#0"},
				"west": {"uv": [8.125, 9.375, 8.25, 10], "texture": "#0"},
				"up": {"uv": [8.125, 9.375, 8.25, 9.5], "texture": "#0"},
				"down": {"uv": [8.125, 9.875, 8.25, 10], "texture": "#0"}
			}
		},
		{
			"name": "frostscytheaxe_70",
			"from": [8, 5.75, 7.8],
			"to": [8.625, 6, 8.325],
			"faces": {
				"north": {"uv": [9.375, 10, 8.75, 10.25], "texture": "#0"},
				"east": {"uv": [9.25, 10, 9.375, 10.25], "texture": "#0"},
				"south": {"uv": [8.75, 10, 9.375, 10.25], "texture": "#0"},
				"west": {"uv": [8.75, 10, 8.875, 10.25], "texture": "#0"},
				"up": {"uv": [8.75, 10, 9.375, 10.125], "texture": "#0"},
				"down": {"uv": [8.75, 10.125, 9.375, 10.25], "texture": "#0"}
			}
		},
		{
			"name": "frostscytheaxe_71",
			"from": [8.125, 5.375, 7.9],
			"to": [8.5, 5.75, 8.225],
			"faces": {
				"north": {"uv": [8.5, 10.25, 8.125, 10.625], "texture": "#0"},
				"east": {"uv": [8.375, 10.25, 8.5, 10.625], "texture": "#0"},
				"south": {"uv": [8.125, 10.25, 8.5, 10.625], "texture": "#0"},
				"west": {"uv": [8.125, 10.25, 8.25, 10.625], "texture": "#0"},
				"up": {"uv": [8.125, 10.25, 8.5, 10.375], "texture": "#0"},
				"down": {"uv": [8.125, 10.5, 8.5, 10.625], "texture": "#0"}
			}
		},
		{
			"name": "frostscytheaxe_72",
			"from": [8.5, 4.5, 7.9],
			"to": [8.625, 5.625, 8.225],
			"faces": {
				"north": {"uv": [8.625, 10.375, 8.5, 11.5], "texture": "#0"},
				"east": {"uv": [8.5, 10.375, 8.625, 11.5], "texture": "#0"},
				"south": {"uv": [8.5, 10.375, 8.625, 11.5], "texture": "#0"},
				"west": {"uv": [8.5, 10.375, 8.625, 11.5], "texture": "#0"},
				"up": {"uv": [8.5, 10.375, 8.625, 10.5], "texture": "#0"},
				"down": {"uv": [8.5, 11.375, 8.625, 11.5], "texture": "#0"}
			}
		},
		{
			"name": "frostscytheaxe_73",
			"from": [8.25, 4.75, 7.9],
			"to": [8.5, 5.375, 8.225],
			"faces": {
				"north": {"uv": [8.5, 10.625, 8.25, 11.25], "texture": "#0"},
				"east": {"uv": [8.375, 10.625, 8.5, 11.25], "texture": "#0"},
				"south": {"uv": [8.25, 10.625, 8.5, 11.25], "texture": "#0"},
				"west": {"uv": [8.25, 10.625, 8.375, 11.25], "texture": "#0"},
				"up": {"uv": [8.25, 10.625, 8.5, 10.75], "texture": "#0"},
				"down": {"uv": [8.25, 11.125, 8.5, 11.25], "texture": "#0"}
			}
		},
		{
			"name": "frostscytheaxe_74",
			"from": [8.625, 4.5, 7.9],
			"to": [8.75, 5.125, 8.225],
			"faces": {
				"north": {"uv": [8.75, 10.875, 8.625, 11.5], "texture": "#0"},
				"east": {"uv": [8.625, 10.875, 8.75, 11.5], "texture": "#0"},
				"south": {"uv": [8.625, 10.875, 8.75, 11.5], "texture": "#0"},
				"west": {"uv": [8.625, 10.875, 8.75, 11.5], "texture": "#0"},
				"up": {"uv": [8.625, 10.875, 8.75, 11], "texture": "#0"},
				"down": {"uv": [8.625, 11.375, 8.75, 11.5], "texture": "#0"}
			}
		},
		{
			"name": "frostscytheaxe_75",
			"from": [8.375, 4.5, 7.9],
			"to": [8.5, 4.75, 8.225],
			"faces": {
				"north": {"uv": [8.5, 11.25, 8.375, 11.5], "texture": "#0"},
				"east": {"uv": [8.375, 11.25, 8.5, 11.5], "texture": "#0"},
				"south": {"uv": [8.375, 11.25, 8.5, 11.5], "texture": "#0"},
				"west": {"uv": [8.375, 11.25, 8.5, 11.5], "texture": "#0"},
				"up": {"uv": [8.375, 11.25, 8.5, 11.375], "texture": "#0"},
				"down": {"uv": [8.375, 11.375, 8.5, 11.5], "texture": "#0"}
			}
		},
		{
			"name": "frostscytheaxe_76",
			"from": [8.25, 3.75, 7.85],
			"to": [8.875, 4.5, 8.275],
			"faces": {
				"north": {"uv": [9.625, 11.5, 9, 12.25], "texture": "#0"},
				"east": {"uv": [9.5, 11.5, 9.625, 12.25], "texture": "#0"},
				"south": {"uv": [9, 11.5, 9.625, 12.25], "texture": "#0"},
				"west": {"uv": [9, 11.5, 9.125, 12.25], "texture": "#0"},
				"up": {"uv": [9, 11.5, 9.625, 11.625], "texture": "#0"},
				"down": {"uv": [9, 12.125, 9.625, 12.25], "texture": "#0"}
			}
		},
		{
			"name": "frostscytheaxe_77",
			"from": [8.375, 3.5, 8],
			"to": [8.75, 3.75, 8.125],
			"faces": {
				"north": {"uv": [8.75, 12.25, 8.375, 12.5], "texture": "#0"},
				"east": {"uv": [8.625, 12.25, 8.75, 12.5], "texture": "#0"},
				"south": {"uv": [8.375, 12.25, 8.75, 12.5], "texture": "#0"},
				"west": {"uv": [8.375, 12.25, 8.5, 12.5], "texture": "#0"},
				"up": {"uv": [8.375, 12.25, 8.75, 12.375], "texture": "#0"},
				"down": {"uv": [8.375, 12.375, 8.75, 12.5], "texture": "#0"}
			}
		},
		{
			"name": "frostscytheaxe_78",
			"from": [8.5, 3.25, 8],
			"to": [8.75, 3.5, 8.125],
			"faces": {
				"north": {"uv": [8.75, 12.5, 8.5, 12.75], "texture": "#0"},
				"east": {"uv": [8.625, 12.5, 8.75, 12.75], "texture": "#0"},
				"south": {"uv": [8.5, 12.5, 8.75, 12.75], "texture": "#0"},
				"west": {"uv": [8.5, 12.5, 8.625, 12.75], "texture": "#0"},
				"up": {"uv": [8.5, 12.5, 8.75, 12.625], "texture": "#0"},
				"down": {"uv": [8.5, 12.625, 8.75, 12.75], "texture": "#0"}
			}
		},
		{
			"name": "frostscytheaxe_79",
			"from": [8.625, 3, 8],
			"to": [8.75, 3.25, 8.125],
			"faces": {
				"north": {"uv": [8.75, 12.75, 8.625, 13], "texture": "#0"},
				"east": {"uv": [8.625, 12.75, 8.75, 13], "texture": "#0"},
				"south": {"uv": [8.625, 12.75, 8.75, 13], "texture": "#0"},
				"west": {"uv": [8.625, 12.75, 8.75, 13], "texture": "#0"},
				"up": {"uv": [8.625, 12.75, 8.75, 12.875], "texture": "#0"},
				"down": {"uv": [8.625, 12.875, 8.75, 13], "texture": "#0"}
			}
		}
	],
	"gui_light": "front",
	"display": {
		"thirdperson_righthand": {
			"rotation": [0, -90, 0],
			"translation": [0, -1, 0.5],
			"scale": [3, 3, 3]
		},
		"thirdperson_lefthand": {
			"rotation": [0, 90, 0],
			"translation": [0, -1, 0.5],
			"scale": [3, 3, 3]
		},
		"firstperson_righthand": {
			"rotation": [0, -90, -4],
			"translation": [0.75, 5, 2],
			"scale": [2, 2, 1.75]
		},
		"firstperson_lefthand": {
			"rotation": [0, 90, 1],
			"translation": [1.5, 5, 1.25],
			"scale": [2, 2, 1.75]
		},
		"ground": {
			"translation": [0, 8.5, 0],
			"scale": [2.5, 2.5, 2.5]
		},
		"gui": {
			"rotation": [0, 0, -42],
			"translation": [0.25, 0, 0],
			"scale": [2, 2, 1]
		},
		"head": {
			"rotation": [0, 0, 134],
			"translation": [0, -10.5, 3.5],
			"scale": [4, 4, 4]
		},
		"fixed": {
			"rotation": [-180, 0, 138],
			"translation": [-1.25, 1.75, -0.75],
			"scale": [4, 4, 3]
		}
	},
	"groups": [
		{
			"name": "frostscytheaxe",
			"origin": [8, 8, 8],
			"color": 0,
			"children": [
				0,
				1,
				2,
				3,
				4,
				5,
				6,
				7,
				8,
				9,
				10,
				11,
				12,
				13,
				14,
				15,
				16,
				17,
				18,
				19,
				20,
				21,
				22,
				23,
				24,
				25,
				26,
				27,
				28,
				29,
				30,
				31,
				32,
				33,
				34,
				35,
				36,
				37,
				38,
				39,
				40,
				41,
				42,
				43,
				44,
				45,
				46,
				47,
				48,
				49,
				50,
				51,
				52,
				53,
				54,
				55,
				56,
				57,
				58,
				59,
				60,
				61,
				62,
				63,
				64,
				65,
				66,
				67,
				68,
				69,
				70,
				71,
				72,
				73,
				74,
				75,
				76,
				77,
				78,
				79
			]
		}
	]
}