{
	"credit": "Made with Blockbench",
	"textures": {
		"0": "prominent:item/transmog/frostsblade",
		"particle": "prominent:item/transmog/frostsblade"
	},
	"elements": [
		{
			"name": "frostsblade_0",
			"from": [7.875, 10.5, 8],
			"to": [8, 11.25, 8.125],
			"faces": {
				"north": {"uv": [8, 1.75, 7.875, 2.5], "texture": "#0"},
				"east": {"uv": [7.875, 1.75, 8, 2.5], "texture": "#0"},
				"south": {"uv": [7.875, 1.75, 8, 2.5], "texture": "#0"},
				"west": {"uv": [7.875, 1.75, 8, 2.5], "texture": "#0"},
				"up": {"uv": [7.875, 1.75, 8, 1.875], "texture": "#0"},
				"down": {"uv": [7.875, 2.375, 8, 2.5], "texture": "#0"}
			}
		},
		{
			"name": "frostsblade_1",
			"from": [7.75, 10.125, 8],
			"to": [7.875, 10.875, 8.125],
			"faces": {
				"north": {"uv": [7.875, 2.125, 7.75, 2.875], "texture": "#0"},
				"east": {"uv": [7.75, 2.125, 7.875, 2.875], "texture": "#0"},
				"south": {"uv": [7.75, 2.125, 7.875, 2.875], "texture": "#0"},
				"west": {"uv": [7.75, 2.125, 7.875, 2.875], "texture": "#0"},
				"up": {"uv": [7.75, 2.125, 7.875, 2.25], "texture": "#0"},
				"down": {"uv": [7.75, 2.75, 7.875, 2.875], "texture": "#0"}
			}
		},
		{
			"name": "frostsblade_2",
			"from": [8, 10.125, 8],
			"to": [8.125, 10.875, 8.125],
			"faces": {
				"north": {"uv": [8.125, 2.125, 8, 2.875], "texture": "#0"},
				"east": {"uv": [8, 2.125, 8.125, 2.875], "texture": "#0"},
				"south": {"uv": [8, 2.125, 8.125, 2.875], "texture": "#0"},
				"west": {"uv": [8, 2.125, 8.125, 2.875], "texture": "#0"},
				"up": {"uv": [8, 2.125, 8.125, 2.25], "texture": "#0"},
				"down": {"uv": [8, 2.75, 8.125, 2.875], "texture": "#0"}
			}
		},
		{
			"name": "frostsblade_3",
			"from": [7.625, 10, 8],
			"to": [7.75, 10.5, 8.125],
			"faces": {
				"north": {"uv": [7.75, 2.5, 7.625, 3], "texture": "#0"},
				"east": {"uv": [7.625, 2.5, 7.75, 3], "texture": "#0"},
				"south": {"uv": [7.625, 2.5, 7.75, 3], "texture": "#0"},
				"west": {"uv": [7.625, 2.5, 7.75, 3], "texture": "#0"},
				"up": {"uv": [7.625, 2.5, 7.75, 2.625], "texture": "#0"},
				"down": {"uv": [7.625, 2.875, 7.75, 3], "texture": "#0"}
			}
		},
		{
			"name": "frostsblade_4",
			"from": [8.125, 10, 8],
			"to": [8.25, 10.5, 8.125],
			"faces": {
				"north": {"uv": [8.25, 2.5, 8.125, 3], "texture": "#0"},
				"east": {"uv": [8.125, 2.5, 8.25, 3], "texture": "#0"},
				"south": {"uv": [8.125, 2.5, 8.25, 3], "texture": "#0"},
				"west": {"uv": [8.125, 2.5, 8.25, 3], "texture": "#0"},
				"up": {"uv": [8.125, 2.5, 8.25, 2.625], "texture": "#0"},
				"down": {"uv": [8.125, 2.875, 8.25, 3], "texture": "#0"}
			}
		},
		{
			"name": "frostsblade_5",
			"from": [7.875, 6.625, 7.95],
			"to": [8, 10.5, 8.175],
			"faces": {
				"north": {"uv": [9, 2.5, 8.875, 6.375], "texture": "#0"},
				"east": {"uv": [8.875, 2.5, 9, 6.375], "texture": "#0"},
				"south": {"uv": [8.875, 2.5, 9, 6.375], "texture": "#0"},
				"west": {"uv": [8.875, 2.5, 9, 6.375], "texture": "#0"},
				"up": {"uv": [8.875, 2.5, 9, 2.625], "texture": "#0"},
				"down": {"uv": [8.875, 6.25, 9, 6.375], "texture": "#0"}
			}
		},
		{
			"name": "frostsblade_6",
			"from": [7.5, 9.625, 8],
			"to": [7.625, 10.125, 8.125],
			"faces": {
				"north": {"uv": [7.625, 2.875, 7.5, 3.375], "texture": "#0"},
				"east": {"uv": [7.5, 2.875, 7.625, 3.375], "texture": "#0"},
				"south": {"uv": [7.5, 2.875, 7.625, 3.375], "texture": "#0"},
				"west": {"uv": [7.5, 2.875, 7.625, 3.375], "texture": "#0"},
				"up": {"uv": [7.5, 2.875, 7.625, 3], "texture": "#0"},
				"down": {"uv": [7.5, 3.25, 7.625, 3.375], "texture": "#0"}
			}
		},
		{
			"name": "frostsblade_7",
			"from": [8.25, 9.625, 8],
			"to": [8.375, 10.125, 8.125],
			"faces": {
				"north": {"uv": [8.375, 2.875, 8.25, 3.375], "texture": "#0"},
				"east": {"uv": [8.25, 2.875, 8.375, 3.375], "texture": "#0"},
				"south": {"uv": [8.25, 2.875, 8.375, 3.375], "texture": "#0"},
				"west": {"uv": [8.25, 2.875, 8.375, 3.375], "texture": "#0"},
				"up": {"uv": [8.25, 2.875, 8.375, 3], "texture": "#0"},
				"down": {"uv": [8.25, 3.25, 8.375, 3.375], "texture": "#0"}
			}
		},
		{
			"name": "frostsblade_8",
			"from": [7.75, 6, 7.95],
			"to": [7.875, 10.125, 8.175],
			"faces": {
				"north": {"uv": [8.875, 2.875, 8.75, 7], "texture": "#0"},
				"east": {"uv": [8.75, 2.875, 8.875, 7], "texture": "#0"},
				"south": {"uv": [8.75, 2.875, 8.875, 7], "texture": "#0"},
				"west": {"uv": [8.75, 2.875, 8.875, 7], "texture": "#0"},
				"up": {"uv": [8.75, 2.875, 8.875, 3], "texture": "#0"},
				"down": {"uv": [8.75, 6.875, 8.875, 7], "texture": "#0"}
			}
		},
		{
			"name": "frostsblade_9",
			"from": [8, 6, 7.95],
			"to": [8.125, 10.125, 8.175],
			"faces": {
				"north": {"uv": [9.125, 2.875, 9, 7], "texture": "#0"},
				"east": {"uv": [9, 2.875, 9.125, 7], "texture": "#0"},
				"south": {"uv": [9, 2.875, 9.125, 7], "texture": "#0"},
				"west": {"uv": [9, 2.875, 9.125, 7], "texture": "#0"},
				"up": {"uv": [9, 2.875, 9.125, 3], "texture": "#0"},
				"down": {"uv": [9, 6.875, 9.125, 7], "texture": "#0"}
			}
		},
		{
			"name": "frostsblade_10",
			"from": [7.375, 9.875, 8],
			"to": [7.5, 10, 8.125],
			"faces": {
				"north": {"uv": [7.5, 3, 7.375, 3.125], "texture": "#0"},
				"east": {"uv": [7.375, 3, 7.5, 3.125], "texture": "#0"},
				"south": {"uv": [7.375, 3, 7.5, 3.125], "texture": "#0"},
				"west": {"uv": [7.375, 3, 7.5, 3.125], "texture": "#0"},
				"up": {"uv": [7.375, 3, 7.5, 3.125], "texture": "#0"},
				"down": {"uv": [7.375, 3, 7.5, 3.125], "texture": "#0"}
			}
		},
		{
			"name": "frostsblade_11",
			"from": [8.375, 9.875, 8],
			"to": [8.5, 10, 8.125],
			"faces": {
				"north": {"uv": [8.5, 3, 8.375, 3.125], "texture": "#0"},
				"east": {"uv": [8.375, 3, 8.5, 3.125], "texture": "#0"},
				"south": {"uv": [8.375, 3, 8.5, 3.125], "texture": "#0"},
				"west": {"uv": [8.375, 3, 8.5, 3.125], "texture": "#0"},
				"up": {"uv": [8.375, 3, 8.5, 3.125], "texture": "#0"},
				"down": {"uv": [8.375, 3, 8.5, 3.125], "texture": "#0"}
			}
		},
		{
			"name": "frostsblade_12",
			"from": [7.625, 9.875, 7.95],
			"to": [7.75, 10, 8.175],
			"faces": {
				"north": {"uv": [8.75, 3, 8.625, 3.125], "texture": "#0"},
				"east": {"uv": [8.625, 3, 8.75, 3.125], "texture": "#0"},
				"south": {"uv": [8.625, 3, 8.75, 3.125], "texture": "#0"},
				"west": {"uv": [8.625, 3, 8.75, 3.125], "texture": "#0"},
				"up": {"uv": [8.625, 3, 8.75, 3.125], "texture": "#0"},
				"down": {"uv": [8.625, 3, 8.75, 3.125], "texture": "#0"}
			}
		},
		{
			"name": "frostsblade_13",
			"from": [8.125, 9.875, 7.95],
			"to": [8.25, 10, 8.175],
			"faces": {
				"north": {"uv": [9.25, 3, 9.125, 3.125], "texture": "#0"},
				"east": {"uv": [9.125, 3, 9.25, 3.125], "texture": "#0"},
				"south": {"uv": [9.125, 3, 9.25, 3.125], "texture": "#0"},
				"west": {"uv": [9.125, 3, 9.25, 3.125], "texture": "#0"},
				"up": {"uv": [9.125, 3, 9.25, 3.125], "texture": "#0"},
				"down": {"uv": [9.125, 3, 9.25, 3.125], "texture": "#0"}
			}
		},
		{
			"name": "frostsblade_14",
			"from": [7.625, 9.375, 8],
			"to": [7.75, 9.875, 8.125],
			"faces": {
				"north": {"uv": [7.75, 3.125, 7.625, 3.625], "texture": "#0"},
				"east": {"uv": [7.625, 3.125, 7.75, 3.625], "texture": "#0"},
				"south": {"uv": [7.625, 3.125, 7.75, 3.625], "texture": "#0"},
				"west": {"uv": [7.625, 3.125, 7.75, 3.625], "texture": "#0"},
				"up": {"uv": [7.625, 3.125, 7.75, 3.25], "texture": "#0"},
				"down": {"uv": [7.625, 3.5, 7.75, 3.625], "texture": "#0"}
			}
		},
		{
			"name": "frostsblade_15",
			"from": [8.125, 9.375, 8],
			"to": [8.25, 9.875, 8.125],
			"faces": {
				"north": {"uv": [8.25, 3.125, 8.125, 3.625], "texture": "#0"},
				"east": {"uv": [8.125, 3.125, 8.25, 3.625], "texture": "#0"},
				"south": {"uv": [8.125, 3.125, 8.25, 3.625], "texture": "#0"},
				"west": {"uv": [8.125, 3.125, 8.25, 3.625], "texture": "#0"},
				"up": {"uv": [8.125, 3.125, 8.25, 3.25], "texture": "#0"},
				"down": {"uv": [8.125, 3.5, 8.25, 3.625], "texture": "#0"}
			}
		},
		{
			"name": "frostsblade_16",
			"from": [7.5, 9.125, 8],
			"to": [7.625, 9.5, 8.125],
			"faces": {
				"north": {"uv": [7.625, 3.5, 7.5, 3.875], "texture": "#0"},
				"east": {"uv": [7.5, 3.5, 7.625, 3.875], "texture": "#0"},
				"south": {"uv": [7.5, 3.5, 7.625, 3.875], "texture": "#0"},
				"west": {"uv": [7.5, 3.5, 7.625, 3.875], "texture": "#0"},
				"up": {"uv": [7.5, 3.5, 7.625, 3.625], "texture": "#0"},
				"down": {"uv": [7.5, 3.75, 7.625, 3.875], "texture": "#0"}
			}
		},
		{
			"name": "frostsblade_17",
			"from": [8.25, 9.125, 8],
			"to": [8.375, 9.5, 8.125],
			"faces": {
				"north": {"uv": [8.375, 3.5, 8.25, 3.875], "texture": "#0"},
				"east": {"uv": [8.25, 3.5, 8.375, 3.875], "texture": "#0"},
				"south": {"uv": [8.25, 3.5, 8.375, 3.875], "texture": "#0"},
				"west": {"uv": [8.25, 3.5, 8.375, 3.875], "texture": "#0"},
				"up": {"uv": [8.25, 3.5, 8.375, 3.625], "texture": "#0"},
				"down": {"uv": [8.25, 3.75, 8.375, 3.875], "texture": "#0"}
			}
		},
		{
			"name": "frostsblade_18",
			"from": [7.375, 9.25, 8],
			"to": [7.5, 9.375, 8.125],
			"faces": {
				"north": {"uv": [7.5, 3.625, 7.375, 3.75], "texture": "#0"},
				"east": {"uv": [7.375, 3.625, 7.5, 3.75], "texture": "#0"},
				"south": {"uv": [7.375, 3.625, 7.5, 3.75], "texture": "#0"},
				"west": {"uv": [7.375, 3.625, 7.5, 3.75], "texture": "#0"},
				"up": {"uv": [7.375, 3.625, 7.5, 3.75], "texture": "#0"},
				"down": {"uv": [7.375, 3.625, 7.5, 3.75], "texture": "#0"}
			}
		},
		{
			"name": "frostsblade_19",
			"from": [8.375, 9.25, 8],
			"to": [8.5, 9.375, 8.125],
			"faces": {
				"north": {"uv": [8.5, 3.625, 8.375, 3.75], "texture": "#0"},
				"east": {"uv": [8.375, 3.625, 8.5, 3.75], "texture": "#0"},
				"south": {"uv": [8.375, 3.625, 8.5, 3.75], "texture": "#0"},
				"west": {"uv": [8.375, 3.625, 8.5, 3.75], "texture": "#0"},
				"up": {"uv": [8.375, 3.625, 8.5, 3.75], "texture": "#0"},
				"down": {"uv": [8.375, 3.625, 8.5, 3.75], "texture": "#0"}
			}
		},
		{
			"name": "frostsblade_20",
			"from": [7.625, 9.25, 7.95],
			"to": [7.75, 9.375, 8.175],
			"faces": {
				"north": {"uv": [8.75, 3.625, 8.625, 3.75], "texture": "#0"},
				"east": {"uv": [8.625, 3.625, 8.75, 3.75], "texture": "#0"},
				"south": {"uv": [8.625, 3.625, 8.75, 3.75], "texture": "#0"},
				"west": {"uv": [8.625, 3.625, 8.75, 3.75], "texture": "#0"},
				"up": {"uv": [8.625, 3.625, 8.75, 3.75], "texture": "#0"},
				"down": {"uv": [8.625, 3.625, 8.75, 3.75], "texture": "#0"}
			}
		},
		{
			"name": "frostsblade_21",
			"from": [8.125, 9.25, 7.95],
			"to": [8.25, 9.375, 8.175],
			"faces": {
				"north": {"uv": [9.25, 3.625, 9.125, 3.75], "texture": "#0"},
				"east": {"uv": [9.125, 3.625, 9.25, 3.75], "texture": "#0"},
				"south": {"uv": [9.125, 3.625, 9.25, 3.75], "texture": "#0"},
				"west": {"uv": [9.125, 3.625, 9.25, 3.75], "texture": "#0"},
				"up": {"uv": [9.125, 3.625, 9.25, 3.75], "texture": "#0"},
				"down": {"uv": [9.125, 3.625, 9.25, 3.75], "texture": "#0"}
			}
		},
		{
			"name": "frostsblade_22",
			"from": [7.625, 8.875, 8],
			"to": [7.75, 9.25, 8.125],
			"faces": {
				"north": {"uv": [7.75, 3.75, 7.625, 4.125], "texture": "#0"},
				"east": {"uv": [7.625, 3.75, 7.75, 4.125], "texture": "#0"},
				"south": {"uv": [7.625, 3.75, 7.75, 4.125], "texture": "#0"},
				"west": {"uv": [7.625, 3.75, 7.75, 4.125], "texture": "#0"},
				"up": {"uv": [7.625, 3.75, 7.75, 3.875], "texture": "#0"},
				"down": {"uv": [7.625, 4, 7.75, 4.125], "texture": "#0"}
			}
		},
		{
			"name": "frostsblade_23",
			"from": [8.125, 8.875, 8],
			"to": [8.25, 9.25, 8.125],
			"faces": {
				"north": {"uv": [8.25, 3.75, 8.125, 4.125], "texture": "#0"},
				"east": {"uv": [8.125, 3.75, 8.25, 4.125], "texture": "#0"},
				"south": {"uv": [8.125, 3.75, 8.25, 4.125], "texture": "#0"},
				"west": {"uv": [8.125, 3.75, 8.25, 4.125], "texture": "#0"},
				"up": {"uv": [8.125, 3.75, 8.25, 3.875], "texture": "#0"},
				"down": {"uv": [8.125, 4, 8.25, 4.125], "texture": "#0"}
			}
		},
		{
			"name": "frostsblade_24",
			"from": [7.5, 8.625, 8],
			"to": [7.625, 9, 8.125],
			"faces": {
				"north": {"uv": [7.625, 4, 7.5, 4.375], "texture": "#0"},
				"east": {"uv": [7.5, 4, 7.625, 4.375], "texture": "#0"},
				"south": {"uv": [7.5, 4, 7.625, 4.375], "texture": "#0"},
				"west": {"uv": [7.5, 4, 7.625, 4.375], "texture": "#0"},
				"up": {"uv": [7.5, 4, 7.625, 4.125], "texture": "#0"},
				"down": {"uv": [7.5, 4.25, 7.625, 4.375], "texture": "#0"}
			}
		},
		{
			"name": "frostsblade_25",
			"from": [8.25, 8.625, 8],
			"to": [8.375, 9, 8.125],
			"faces": {
				"north": {"uv": [8.375, 4, 8.25, 4.375], "texture": "#0"},
				"east": {"uv": [8.25, 4, 8.375, 4.375], "texture": "#0"},
				"south": {"uv": [8.25, 4, 8.375, 4.375], "texture": "#0"},
				"west": {"uv": [8.25, 4, 8.375, 4.375], "texture": "#0"},
				"up": {"uv": [8.25, 4, 8.375, 4.125], "texture": "#0"},
				"down": {"uv": [8.25, 4.25, 8.375, 4.375], "texture": "#0"}
			}
		},
		{
			"name": "frostsblade_26",
			"from": [7.375, 8.75, 8],
			"to": [7.5, 8.875, 8.125],
			"faces": {
				"north": {"uv": [7.5, 4.125, 7.375, 4.25], "texture": "#0"},
				"east": {"uv": [7.375, 4.125, 7.5, 4.25], "texture": "#0"},
				"south": {"uv": [7.375, 4.125, 7.5, 4.25], "texture": "#0"},
				"west": {"uv": [7.375, 4.125, 7.5, 4.25], "texture": "#0"},
				"up": {"uv": [7.375, 4.125, 7.5, 4.25], "texture": "#0"},
				"down": {"uv": [7.375, 4.125, 7.5, 4.25], "texture": "#0"}
			}
		},
		{
			"name": "frostsblade_27",
			"from": [8.375, 8.75, 8],
			"to": [8.5, 8.875, 8.125],
			"faces": {
				"north": {"uv": [8.5, 4.125, 8.375, 4.25], "texture": "#0"},
				"east": {"uv": [8.375, 4.125, 8.5, 4.25], "texture": "#0"},
				"south": {"uv": [8.375, 4.125, 8.5, 4.25], "texture": "#0"},
				"west": {"uv": [8.375, 4.125, 8.5, 4.25], "texture": "#0"},
				"up": {"uv": [8.375, 4.125, 8.5, 4.25], "texture": "#0"},
				"down": {"uv": [8.375, 4.125, 8.5, 4.25], "texture": "#0"}
			}
		},
		{
			"name": "frostsblade_28",
			"from": [7.625, 8.75, 7.95],
			"to": [7.75, 8.875, 8.175],
			"faces": {
				"north": {"uv": [8.75, 4.125, 8.625, 4.25], "texture": "#0"},
				"east": {"uv": [8.625, 4.125, 8.75, 4.25], "texture": "#0"},
				"south": {"uv": [8.625, 4.125, 8.75, 4.25], "texture": "#0"},
				"west": {"uv": [8.625, 4.125, 8.75, 4.25], "texture": "#0"},
				"up": {"uv": [8.625, 4.125, 8.75, 4.25], "texture": "#0"},
				"down": {"uv": [8.625, 4.125, 8.75, 4.25], "texture": "#0"}
			}
		},
		{
			"name": "frostsblade_29",
			"from": [8.125, 8.75, 7.95],
			"to": [8.25, 8.875, 8.175],
			"faces": {
				"north": {"uv": [9.25, 4.125, 9.125, 4.25], "texture": "#0"},
				"east": {"uv": [9.125, 4.125, 9.25, 4.25], "texture": "#0"},
				"south": {"uv": [9.125, 4.125, 9.25, 4.25], "texture": "#0"},
				"west": {"uv": [9.125, 4.125, 9.25, 4.25], "texture": "#0"},
				"up": {"uv": [9.125, 4.125, 9.25, 4.25], "texture": "#0"},
				"down": {"uv": [9.125, 4.125, 9.25, 4.25], "texture": "#0"}
			}
		},
		{
			"name": "frostsblade_30",
			"from": [7.625, 5.125, 8],
			"to": [7.75, 8.75, 8.125],
			"faces": {
				"north": {"uv": [7.75, 4.25, 7.625, 7.875], "texture": "#0"},
				"east": {"uv": [7.625, 4.25, 7.75, 7.875], "texture": "#0"},
				"south": {"uv": [7.625, 4.25, 7.75, 7.875], "texture": "#0"},
				"west": {"uv": [7.625, 4.25, 7.75, 7.875], "texture": "#0"},
				"up": {"uv": [7.625, 4.25, 7.75, 4.375], "texture": "#0"},
				"down": {"uv": [7.625, 7.75, 7.75, 7.875], "texture": "#0"}
			}
		},
		{
			"name": "frostsblade_31",
			"from": [8.125, 5.125, 8],
			"to": [8.25, 8.75, 8.125],
			"faces": {
				"north": {"uv": [8.25, 4.25, 8.125, 7.875], "texture": "#0"},
				"east": {"uv": [8.125, 4.25, 8.25, 7.875], "texture": "#0"},
				"south": {"uv": [8.125, 4.25, 8.25, 7.875], "texture": "#0"},
				"west": {"uv": [8.125, 4.25, 8.25, 7.875], "texture": "#0"},
				"up": {"uv": [8.125, 4.25, 8.25, 4.375], "texture": "#0"},
				"down": {"uv": [8.125, 7.75, 8.25, 7.875], "texture": "#0"}
			}
		},
		{
			"name": "frostsblade_32",
			"from": [7.5, 5, 8],
			"to": [7.625, 6.5, 8.125],
			"faces": {
				"north": {"uv": [7.625, 6.5, 7.5, 8], "texture": "#0"},
				"east": {"uv": [7.5, 6.5, 7.625, 8], "texture": "#0"},
				"south": {"uv": [7.5, 6.5, 7.625, 8], "texture": "#0"},
				"west": {"uv": [7.5, 6.5, 7.625, 8], "texture": "#0"},
				"up": {"uv": [7.5, 6.5, 7.625, 6.625], "texture": "#0"},
				"down": {"uv": [7.5, 7.875, 7.625, 8], "texture": "#0"}
			}
		},
		{
			"name": "frostsblade_33",
			"from": [8.25, 5, 8],
			"to": [8.375, 6.5, 8.125],
			"faces": {
				"north": {"uv": [8.375, 6.5, 8.25, 8], "texture": "#0"},
				"east": {"uv": [8.25, 6.5, 8.375, 8], "texture": "#0"},
				"south": {"uv": [8.25, 6.5, 8.375, 8], "texture": "#0"},
				"west": {"uv": [8.25, 6.5, 8.375, 8], "texture": "#0"},
				"up": {"uv": [8.25, 6.5, 8.375, 6.625], "texture": "#0"},
				"down": {"uv": [8.25, 7.875, 8.375, 8], "texture": "#0"}
			}
		},
		{
			"name": "frostsblade_34",
			"from": [7.875, 5, 7.85],
			"to": [8, 6.625, 8.275],
			"faces": {
				"north": {"uv": [8, 7.625, 7.875, 9.25], "texture": "#0"},
				"east": {"uv": [7.875, 7.625, 8, 9.25], "texture": "#0"},
				"south": {"uv": [7.875, 7.625, 8, 9.25], "texture": "#0"},
				"west": {"uv": [7.875, 7.625, 8, 9.25], "texture": "#0"},
				"up": {"uv": [7.875, 7.625, 8, 7.75], "texture": "#0"},
				"down": {"uv": [7.875, 9.125, 8, 9.25], "texture": "#0"}
			}
		},
		{
			"name": "frostsblade_35",
			"from": [7.75, 4.875, 7.85],
			"to": [7.875, 6, 8.275],
			"faces": {
				"north": {"uv": [7.875, 8.25, 7.75, 9.375], "texture": "#0"},
				"east": {"uv": [7.75, 8.25, 7.875, 9.375], "texture": "#0"},
				"south": {"uv": [7.75, 8.25, 7.875, 9.375], "texture": "#0"},
				"west": {"uv": [7.75, 8.25, 7.875, 9.375], "texture": "#0"},
				"up": {"uv": [7.75, 8.25, 7.875, 8.375], "texture": "#0"},
				"down": {"uv": [7.75, 9.25, 7.875, 9.375], "texture": "#0"}
			}
		},
		{
			"name": "frostsblade_36",
			"from": [8, 4.875, 7.85],
			"to": [8.125, 6, 8.275],
			"faces": {
				"north": {"uv": [8.125, 8.25, 8, 9.375], "texture": "#0"},
				"east": {"uv": [8, 8.25, 8.125, 9.375], "texture": "#0"},
				"south": {"uv": [8, 8.25, 8.125, 9.375], "texture": "#0"},
				"west": {"uv": [8, 8.25, 8.125, 9.375], "texture": "#0"},
				"up": {"uv": [8, 8.25, 8.125, 8.375], "texture": "#0"},
				"down": {"uv": [8, 9.25, 8.125, 9.375], "texture": "#0"}
			}
		},
		{
			"name": "frostsblade_37",
			"from": [7, 4.875, 8],
			"to": [7.125, 5.375, 8.125],
			"faces": {
				"north": {"uv": [7.125, 8.625, 7, 9.125], "texture": "#0"},
				"east": {"uv": [7, 8.625, 7.125, 9.125], "texture": "#0"},
				"south": {"uv": [7, 8.625, 7.125, 9.125], "texture": "#0"},
				"west": {"uv": [7, 8.625, 7.125, 9.125], "texture": "#0"},
				"up": {"uv": [7, 8.625, 7.125, 8.75], "texture": "#0"},
				"down": {"uv": [7, 9, 7.125, 9.125], "texture": "#0"}
			}
		},
		{
			"name": "frostsblade_38",
			"from": [8.75, 4.875, 8],
			"to": [8.875, 5.375, 8.125],
			"faces": {
				"north": {"uv": [8.875, 8.625, 8.75, 9.125], "texture": "#0"},
				"east": {"uv": [8.75, 8.625, 8.875, 9.125], "texture": "#0"},
				"south": {"uv": [8.75, 8.625, 8.875, 9.125], "texture": "#0"},
				"west": {"uv": [8.75, 8.625, 8.875, 9.125], "texture": "#0"},
				"up": {"uv": [8.75, 8.625, 8.875, 8.75], "texture": "#0"},
				"down": {"uv": [8.75, 9, 8.875, 9.125], "texture": "#0"}
			}
		},
		{
			"name": "frostsblade_39",
			"from": [7.125, 4.75, 8],
			"to": [7.25, 5.25, 8.125],
			"faces": {
				"north": {"uv": [7.25, 8.75, 7.125, 9.25], "texture": "#0"},
				"east": {"uv": [7.125, 8.75, 7.25, 9.25], "texture": "#0"},
				"south": {"uv": [7.125, 8.75, 7.25, 9.25], "texture": "#0"},
				"west": {"uv": [7.125, 8.75, 7.25, 9.25], "texture": "#0"},
				"up": {"uv": [7.125, 8.75, 7.25, 8.875], "texture": "#0"},
				"down": {"uv": [7.125, 9.125, 7.25, 9.25], "texture": "#0"}
			}
		},
		{
			"name": "frostsblade_40",
			"from": [8.625, 4.75, 8],
			"to": [8.75, 5.25, 8.125],
			"faces": {
				"north": {"uv": [8.75, 8.75, 8.625, 9.25], "texture": "#0"},
				"east": {"uv": [8.625, 8.75, 8.75, 9.25], "texture": "#0"},
				"south": {"uv": [8.625, 8.75, 8.75, 9.25], "texture": "#0"},
				"west": {"uv": [8.625, 8.75, 8.75, 9.25], "texture": "#0"},
				"up": {"uv": [8.625, 8.75, 8.75, 8.875], "texture": "#0"},
				"down": {"uv": [8.625, 9.125, 8.75, 9.25], "texture": "#0"}
			}
		},
		{
			"name": "frostsblade_41",
			"from": [7.25, 4.75, 8],
			"to": [7.375, 5.125, 8.125],
			"faces": {
				"north": {"uv": [7.375, 8.875, 7.25, 9.25], "texture": "#0"},
				"east": {"uv": [7.25, 8.875, 7.375, 9.25], "texture": "#0"},
				"south": {"uv": [7.25, 8.875, 7.375, 9.25], "texture": "#0"},
				"west": {"uv": [7.25, 8.875, 7.375, 9.25], "texture": "#0"},
				"up": {"uv": [7.25, 8.875, 7.375, 9], "texture": "#0"},
				"down": {"uv": [7.25, 9.125, 7.375, 9.25], "texture": "#0"}
			}
		},
		{
			"name": "frostsblade_42",
			"from": [8.5, 4.75, 8],
			"to": [8.625, 5.125, 8.125],
			"faces": {
				"north": {"uv": [8.625, 8.875, 8.5, 9.25], "texture": "#0"},
				"east": {"uv": [8.5, 8.875, 8.625, 9.25], "texture": "#0"},
				"south": {"uv": [8.5, 8.875, 8.625, 9.25], "texture": "#0"},
				"west": {"uv": [8.5, 8.875, 8.625, 9.25], "texture": "#0"},
				"up": {"uv": [8.5, 8.875, 8.625, 9], "texture": "#0"},
				"down": {"uv": [8.5, 9.125, 8.625, 9.25], "texture": "#0"}
			}
		},
		{
			"name": "frostsblade_43",
			"from": [7.375, 4.875, 8],
			"to": [7.5, 5, 8.125],
			"faces": {
				"north": {"uv": [7.5, 9, 7.375, 9.125], "texture": "#0"},
				"east": {"uv": [7.375, 9, 7.5, 9.125], "texture": "#0"},
				"south": {"uv": [7.375, 9, 7.5, 9.125], "texture": "#0"},
				"west": {"uv": [7.375, 9, 7.5, 9.125], "texture": "#0"},
				"up": {"uv": [7.375, 9, 7.5, 9.125], "texture": "#0"},
				"down": {"uv": [7.375, 9, 7.5, 9.125], "texture": "#0"}
			}
		},
		{
			"name": "frostsblade_44",
			"from": [8.375, 4.875, 8],
			"to": [8.5, 5, 8.125],
			"faces": {
				"north": {"uv": [8.5, 9, 8.375, 9.125], "texture": "#0"},
				"east": {"uv": [8.375, 9, 8.5, 9.125], "texture": "#0"},
				"south": {"uv": [8.375, 9, 8.5, 9.125], "texture": "#0"},
				"west": {"uv": [8.375, 9, 8.5, 9.125], "texture": "#0"},
				"up": {"uv": [8.375, 9, 8.5, 9.125], "texture": "#0"},
				"down": {"uv": [8.375, 9, 8.5, 9.125], "texture": "#0"}
			}
		},
		{
			"name": "frostsblade_45",
			"from": [7.625, 4.75, 7.85],
			"to": [7.75, 5.125, 8.275],
			"faces": {
				"north": {"uv": [7.75, 9.125, 7.625, 9.5], "texture": "#0"},
				"east": {"uv": [7.625, 9.125, 7.75, 9.5], "texture": "#0"},
				"south": {"uv": [7.625, 9.125, 7.75, 9.5], "texture": "#0"},
				"west": {"uv": [7.625, 9.125, 7.75, 9.5], "texture": "#0"},
				"up": {"uv": [7.625, 9.125, 7.75, 9.25], "texture": "#0"},
				"down": {"uv": [7.625, 9.375, 7.75, 9.5], "texture": "#0"}
			}
		},
		{
			"name": "frostsblade_46",
			"from": [8.125, 4.75, 7.85],
			"to": [8.25, 5.125, 8.275],
			"faces": {
				"north": {"uv": [8.25, 9.125, 8.125, 9.5], "texture": "#0"},
				"east": {"uv": [8.125, 9.125, 8.25, 9.5], "texture": "#0"},
				"south": {"uv": [8.125, 9.125, 8.25, 9.5], "texture": "#0"},
				"west": {"uv": [8.125, 9.125, 8.25, 9.5], "texture": "#0"},
				"up": {"uv": [8.125, 9.125, 8.25, 9.25], "texture": "#0"},
				"down": {"uv": [8.125, 9.375, 8.25, 9.5], "texture": "#0"}
			}
		},
		{
			"name": "frostsblade_47",
			"from": [7.5, 4.25, 7.85],
			"to": [7.625, 5, 8.275],
			"faces": {
				"north": {"uv": [7.625, 9.25, 7.5, 10], "texture": "#0"},
				"east": {"uv": [7.5, 9.25, 7.625, 10], "texture": "#0"},
				"south": {"uv": [7.5, 9.25, 7.625, 10], "texture": "#0"},
				"west": {"uv": [7.5, 9.25, 7.625, 10], "texture": "#0"},
				"up": {"uv": [7.5, 9.25, 7.625, 9.375], "texture": "#0"},
				"down": {"uv": [7.5, 9.875, 7.625, 10], "texture": "#0"}
			}
		},
		{
			"name": "frostsblade_48",
			"from": [8.25, 4.25, 7.85],
			"to": [8.375, 5, 8.275],
			"faces": {
				"north": {"uv": [8.375, 9.25, 8.25, 10], "texture": "#0"},
				"east": {"uv": [8.25, 9.25, 8.375, 10], "texture": "#0"},
				"south": {"uv": [8.25, 9.25, 8.375, 10], "texture": "#0"},
				"west": {"uv": [8.25, 9.25, 8.375, 10], "texture": "#0"},
				"up": {"uv": [8.25, 9.25, 8.375, 9.375], "texture": "#0"},
				"down": {"uv": [8.25, 9.875, 8.375, 10], "texture": "#0"}
			}
		},
		{
			"name": "frostsblade_49",
			"from": [7.375, 4.375, 7.85],
			"to": [7.5, 4.875, 8.275],
			"faces": {
				"north": {"uv": [7.5, 9.375, 7.375, 9.875], "texture": "#0"},
				"east": {"uv": [7.375, 9.375, 7.5, 9.875], "texture": "#0"},
				"south": {"uv": [7.375, 9.375, 7.5, 9.875], "texture": "#0"},
				"west": {"uv": [7.375, 9.375, 7.5, 9.875], "texture": "#0"},
				"up": {"uv": [7.375, 9.375, 7.5, 9.5], "texture": "#0"},
				"down": {"uv": [7.375, 9.75, 7.5, 9.875], "texture": "#0"}
			}
		},
		{
			"name": "frostsblade_50",
			"from": [8.375, 4.375, 7.85],
			"to": [8.5, 4.875, 8.275],
			"faces": {
				"north": {"uv": [8.5, 9.375, 8.375, 9.875], "texture": "#0"},
				"east": {"uv": [8.375, 9.375, 8.5, 9.875], "texture": "#0"},
				"south": {"uv": [8.375, 9.375, 8.5, 9.875], "texture": "#0"},
				"west": {"uv": [8.375, 9.375, 8.5, 9.875], "texture": "#0"},
				"up": {"uv": [8.375, 9.375, 8.5, 9.5], "texture": "#0"},
				"down": {"uv": [8.375, 9.75, 8.5, 9.875], "texture": "#0"}
			}
		},
		{
			"name": "frostsblade_51",
			"from": [7.25, 4.5, 7.85],
			"to": [7.375, 4.75, 8.275],
			"faces": {
				"north": {"uv": [7.375, 9.5, 7.25, 9.75], "texture": "#0"},
				"east": {"uv": [7.25, 9.5, 7.375, 9.75], "texture": "#0"},
				"south": {"uv": [7.25, 9.5, 7.375, 9.75], "texture": "#0"},
				"west": {"uv": [7.25, 9.5, 7.375, 9.75], "texture": "#0"},
				"up": {"uv": [7.25, 9.5, 7.375, 9.625], "texture": "#0"},
				"down": {"uv": [7.25, 9.625, 7.375, 9.75], "texture": "#0"}
			}
		},
		{
			"name": "frostsblade_52",
			"from": [8.5, 4.5, 7.85],
			"to": [8.625, 4.75, 8.275],
			"faces": {
				"north": {"uv": [8.625, 9.5, 8.5, 9.75], "texture": "#0"},
				"east": {"uv": [8.5, 9.5, 8.625, 9.75], "texture": "#0"},
				"south": {"uv": [8.5, 9.5, 8.625, 9.75], "texture": "#0"},
				"west": {"uv": [8.5, 9.5, 8.625, 9.75], "texture": "#0"},
				"up": {"uv": [8.5, 9.5, 8.625, 9.625], "texture": "#0"},
				"down": {"uv": [8.5, 9.625, 8.625, 9.75], "texture": "#0"}
			}
		},
		{
			"name": "frostsblade_53",
			"from": [7.625, 4.125, 7.85],
			"to": [7.75, 4.625, 8.275],
			"faces": {
				"north": {"uv": [7.75, 9.625, 7.625, 10.125], "texture": "#0"},
				"east": {"uv": [7.625, 9.625, 7.75, 10.125], "texture": "#0"},
				"south": {"uv": [7.625, 9.625, 7.75, 10.125], "texture": "#0"},
				"west": {"uv": [7.625, 9.625, 7.75, 10.125], "texture": "#0"},
				"up": {"uv": [7.625, 9.625, 7.75, 9.75], "texture": "#0"},
				"down": {"uv": [7.625, 10, 7.75, 10.125], "texture": "#0"}
			}
		},
		{
			"name": "frostsblade_54",
			"from": [8.125, 4.125, 7.85],
			"to": [8.25, 4.625, 8.275],
			"faces": {
				"north": {"uv": [8.25, 9.625, 8.125, 10.125], "texture": "#0"},
				"east": {"uv": [8.125, 9.625, 8.25, 10.125], "texture": "#0"},
				"south": {"uv": [8.125, 9.625, 8.25, 10.125], "texture": "#0"},
				"west": {"uv": [8.125, 9.625, 8.25, 10.125], "texture": "#0"},
				"up": {"uv": [8.125, 9.625, 8.25, 9.75], "texture": "#0"},
				"down": {"uv": [8.125, 10, 8.25, 10.125], "texture": "#0"}
			}
		},
		{
			"name": "frostsblade_55",
			"from": [7.75, 4.125, 7.85],
			"to": [8.125, 4.5, 8.275],
			"faces": {
				"north": {"uv": [8.125, 9.75, 7.75, 10.125], "texture": "#0"},
				"east": {"uv": [8, 9.75, 8.125, 10.125], "texture": "#0"},
				"south": {"uv": [7.75, 9.75, 8.125, 10.125], "texture": "#0"},
				"west": {"uv": [7.75, 9.75, 7.875, 10.125], "texture": "#0"},
				"up": {"uv": [7.75, 9.75, 8.125, 9.875], "texture": "#0"},
				"down": {"uv": [7.75, 10, 8.125, 10.125], "texture": "#0"}
			}
		},
		{
			"name": "frostsblade_56",
			"from": [7.375, 4, 8],
			"to": [7.5, 4.375, 8.125],
			"faces": {
				"north": {"uv": [7.5, 10.125, 7.375, 10.5], "texture": "#0"},
				"east": {"uv": [7.375, 10.125, 7.5, 10.5], "texture": "#0"},
				"south": {"uv": [7.375, 10.125, 7.5, 10.5], "texture": "#0"},
				"west": {"uv": [7.375, 10.125, 7.5, 10.5], "texture": "#0"},
				"up": {"uv": [7.375, 10.125, 7.5, 10.25], "texture": "#0"},
				"down": {"uv": [7.375, 10.375, 7.5, 10.5], "texture": "#0"}
			}
		},
		{
			"name": "frostsblade_57",
			"from": [8.375, 4, 8],
			"to": [8.5, 4.375, 8.125],
			"faces": {
				"north": {"uv": [8.5, 10.125, 8.375, 10.5], "texture": "#0"},
				"east": {"uv": [8.375, 10.125, 8.5, 10.5], "texture": "#0"},
				"south": {"uv": [8.375, 10.125, 8.5, 10.5], "texture": "#0"},
				"west": {"uv": [8.375, 10.125, 8.5, 10.5], "texture": "#0"},
				"up": {"uv": [8.375, 10.125, 8.5, 10.25], "texture": "#0"},
				"down": {"uv": [8.375, 10.375, 8.5, 10.5], "texture": "#0"}
			}
		},
		{
			"name": "frostsblade_58",
			"from": [7.25, 4, 8],
			"to": [7.375, 4.25, 8.125],
			"faces": {
				"north": {"uv": [7.375, 10.25, 7.25, 10.5], "texture": "#0"},
				"east": {"uv": [7.25, 10.25, 7.375, 10.5], "texture": "#0"},
				"south": {"uv": [7.25, 10.25, 7.375, 10.5], "texture": "#0"},
				"west": {"uv": [7.25, 10.25, 7.375, 10.5], "texture": "#0"},
				"up": {"uv": [7.25, 10.25, 7.375, 10.375], "texture": "#0"},
				"down": {"uv": [7.25, 10.375, 7.375, 10.5], "texture": "#0"}
			}
		},
		{
			"name": "frostsblade_59",
			"from": [7.5, 4.125, 8],
			"to": [7.625, 4.25, 8.125],
			"faces": {
				"north": {"uv": [7.625, 10.25, 7.5, 10.375], "texture": "#0"},
				"east": {"uv": [7.5, 10.25, 7.625, 10.375], "texture": "#0"},
				"south": {"uv": [7.5, 10.25, 7.625, 10.375], "texture": "#0"},
				"west": {"uv": [7.5, 10.25, 7.625, 10.375], "texture": "#0"},
				"up": {"uv": [7.5, 10.25, 7.625, 10.375], "texture": "#0"},
				"down": {"uv": [7.5, 10.25, 7.625, 10.375], "texture": "#0"}
			}
		},
		{
			"name": "frostsblade_60",
			"from": [8.25, 4.125, 8],
			"to": [8.375, 4.25, 8.125],
			"faces": {
				"north": {"uv": [8.375, 10.25, 8.25, 10.375], "texture": "#0"},
				"east": {"uv": [8.25, 10.25, 8.375, 10.375], "texture": "#0"},
				"south": {"uv": [8.25, 10.25, 8.375, 10.375], "texture": "#0"},
				"west": {"uv": [8.25, 10.25, 8.375, 10.375], "texture": "#0"},
				"up": {"uv": [8.25, 10.25, 8.375, 10.375], "texture": "#0"},
				"down": {"uv": [8.25, 10.25, 8.375, 10.375], "texture": "#0"}
			}
		},
		{
			"name": "frostsblade_61",
			"from": [8.5, 4, 8],
			"to": [8.625, 4.25, 8.125],
			"faces": {
				"north": {"uv": [8.625, 10.25, 8.5, 10.5], "texture": "#0"},
				"east": {"uv": [8.5, 10.25, 8.625, 10.5], "texture": "#0"},
				"south": {"uv": [8.5, 10.25, 8.625, 10.5], "texture": "#0"},
				"west": {"uv": [8.5, 10.25, 8.625, 10.5], "texture": "#0"},
				"up": {"uv": [8.5, 10.25, 8.625, 10.375], "texture": "#0"},
				"down": {"uv": [8.5, 10.375, 8.625, 10.5], "texture": "#0"}
			}
		},
		{
			"name": "frostsblade_62",
			"from": [7.75, 1.875, 7.9],
			"to": [8.125, 4.125, 8.225],
			"faces": {
				"north": {"uv": [8.125, 10.375, 7.75, 12.625], "texture": "#0"},
				"east": {"uv": [8, 10.375, 8.125, 12.625], "texture": "#0"},
				"south": {"uv": [7.75, 10.375, 8.125, 12.625], "texture": "#0"},
				"west": {"uv": [7.75, 10.375, 7.875, 12.625], "texture": "#0"},
				"up": {"uv": [7.75, 10.375, 8.125, 10.5], "texture": "#0"},
				"down": {"uv": [7.75, 12.5, 8.125, 12.625], "texture": "#0"}
			}
		},
		{
			"name": "frostsblade_63",
			"from": [6.875, 4.25, 7.95],
			"to": [7, 4.875, 8.175],
			"faces": {
				"north": {"uv": [7, 10.625, 6.875, 11.25], "texture": "#0"},
				"east": {"uv": [6.875, 10.625, 7, 11.25], "texture": "#0"},
				"south": {"uv": [6.875, 10.625, 7, 11.25], "texture": "#0"},
				"west": {"uv": [6.875, 10.625, 7, 11.25], "texture": "#0"},
				"up": {"uv": [6.875, 10.625, 7, 10.75], "texture": "#0"},
				"down": {"uv": [6.875, 11.125, 7, 11.25], "texture": "#0"}
			}
		},
		{
			"name": "frostsblade_64",
			"from": [8.875, 4.25, 7.95],
			"to": [9, 4.875, 8.175],
			"faces": {
				"north": {"uv": [9, 10.625, 8.875, 11.25], "texture": "#0"},
				"east": {"uv": [8.875, 10.625, 9, 11.25], "texture": "#0"},
				"south": {"uv": [8.875, 10.625, 9, 11.25], "texture": "#0"},
				"west": {"uv": [8.875, 10.625, 9, 11.25], "texture": "#0"},
				"up": {"uv": [8.875, 10.625, 9, 10.75], "texture": "#0"},
				"down": {"uv": [8.875, 11.125, 9, 11.25], "texture": "#0"}
			}
		},
		{
			"name": "frostsblade_65",
			"from": [6.625, 4.375, 7.95],
			"to": [6.875, 4.75, 8.175],
			"faces": {
				"north": {"uv": [6.875, 10.75, 6.625, 11.125], "texture": "#0"},
				"east": {"uv": [6.75, 10.75, 6.875, 11.125], "texture": "#0"},
				"south": {"uv": [6.625, 10.75, 6.875, 11.125], "texture": "#0"},
				"west": {"uv": [6.625, 10.75, 6.75, 11.125], "texture": "#0"},
				"up": {"uv": [6.625, 10.75, 6.875, 10.875], "texture": "#0"},
				"down": {"uv": [6.625, 11, 6.875, 11.125], "texture": "#0"}
			}
		},
		{
			"name": "frostsblade_66",
			"from": [7, 4.375, 7.95],
			"to": [7.25, 4.75, 8.175],
			"faces": {
				"north": {"uv": [7.25, 10.75, 7, 11.125], "texture": "#0"},
				"east": {"uv": [7.125, 10.75, 7.25, 11.125], "texture": "#0"},
				"south": {"uv": [7, 10.75, 7.25, 11.125], "texture": "#0"},
				"west": {"uv": [7, 10.75, 7.125, 11.125], "texture": "#0"},
				"up": {"uv": [7, 10.75, 7.25, 10.875], "texture": "#0"},
				"down": {"uv": [7, 11, 7.25, 11.125], "texture": "#0"}
			}
		},
		{
			"name": "frostsblade_67",
			"from": [8.625, 4.375, 7.95],
			"to": [8.875, 4.75, 8.175],
			"faces": {
				"north": {"uv": [8.875, 10.75, 8.625, 11.125], "texture": "#0"},
				"east": {"uv": [8.75, 10.75, 8.875, 11.125], "texture": "#0"},
				"south": {"uv": [8.625, 10.75, 8.875, 11.125], "texture": "#0"},
				"west": {"uv": [8.625, 10.75, 8.75, 11.125], "texture": "#0"},
				"up": {"uv": [8.625, 10.75, 8.875, 10.875], "texture": "#0"},
				"down": {"uv": [8.625, 11, 8.875, 11.125], "texture": "#0"}
			}
		},
		{
			"name": "frostsblade_68",
			"from": [9, 4.375, 7.95],
			"to": [9.25, 4.75, 8.175],
			"faces": {
				"north": {"uv": [9.25, 10.75, 9, 11.125], "texture": "#0"},
				"east": {"uv": [9.125, 10.75, 9.25, 11.125], "texture": "#0"},
				"south": {"uv": [9, 10.75, 9.25, 11.125], "texture": "#0"},
				"west": {"uv": [9, 10.75, 9.125, 11.125], "texture": "#0"},
				"up": {"uv": [9, 10.75, 9.25, 10.875], "texture": "#0"},
				"down": {"uv": [9, 11, 9.25, 11.125], "texture": "#0"}
			}
		},
		{
			"name": "frostsblade_69",
			"from": [6.375, 4.5, 7.95],
			"to": [6.625, 4.625, 8.175],
			"faces": {
				"north": {"uv": [6.625, 10.875, 6.375, 11], "texture": "#0"},
				"east": {"uv": [6.5, 10.875, 6.625, 11], "texture": "#0"},
				"south": {"uv": [6.375, 10.875, 6.625, 11], "texture": "#0"},
				"west": {"uv": [6.375, 10.875, 6.5, 11], "texture": "#0"},
				"up": {"uv": [6.375, 10.875, 6.625, 11], "texture": "#0"},
				"down": {"uv": [6.375, 10.875, 6.625, 11], "texture": "#0"}
			}
		},
		{
			"name": "frostsblade_70",
			"from": [9.25, 4.5, 7.95],
			"to": [9.5, 4.625, 8.175],
			"faces": {
				"north": {"uv": [9.5, 10.875, 9.25, 11], "texture": "#0"},
				"east": {"uv": [9.375, 10.875, 9.5, 11], "texture": "#0"},
				"south": {"uv": [9.25, 10.875, 9.5, 11], "texture": "#0"},
				"west": {"uv": [9.25, 10.875, 9.375, 11], "texture": "#0"},
				"up": {"uv": [9.25, 10.875, 9.5, 11], "texture": "#0"},
				"down": {"uv": [9.25, 10.875, 9.5, 11], "texture": "#0"}
			}
		},
		{
			"name": "frostsblade_71",
			"from": [7.25, 4.375, 7.95],
			"to": [7.375, 4.5, 8.175],
			"faces": {
				"north": {"uv": [7.375, 11, 7.25, 11.125], "texture": "#0"},
				"east": {"uv": [7.25, 11, 7.375, 11.125], "texture": "#0"},
				"south": {"uv": [7.25, 11, 7.375, 11.125], "texture": "#0"},
				"west": {"uv": [7.25, 11, 7.375, 11.125], "texture": "#0"},
				"up": {"uv": [7.25, 11, 7.375, 11.125], "texture": "#0"},
				"down": {"uv": [7.25, 11, 7.375, 11.125], "texture": "#0"}
			}
		},
		{
			"name": "frostsblade_72",
			"from": [8.5, 4.375, 7.95],
			"to": [8.625, 4.5, 8.175],
			"faces": {
				"north": {"uv": [8.625, 11, 8.5, 11.125], "texture": "#0"},
				"east": {"uv": [8.5, 11, 8.625, 11.125], "texture": "#0"},
				"south": {"uv": [8.5, 11, 8.625, 11.125], "texture": "#0"},
				"west": {"uv": [8.5, 11, 8.625, 11.125], "texture": "#0"},
				"up": {"uv": [8.5, 11, 8.625, 11.125], "texture": "#0"},
				"down": {"uv": [8.5, 11, 8.625, 11.125], "texture": "#0"}
			}
		},
		{
			"name": "frostsblade_73",
			"from": [7.625, 1.5, 7.8],
			"to": [8.25, 1.875, 8.325],
			"faces": {
				"north": {"uv": [8.25, 12.875, 7.625, 13.25], "texture": "#0"},
				"east": {"uv": [8.125, 12.875, 8.25, 13.25], "texture": "#0"},
				"south": {"uv": [7.625, 12.875, 8.25, 13.25], "texture": "#0"},
				"west": {"uv": [7.625, 12.875, 7.75, 13.25], "texture": "#0"},
				"up": {"uv": [7.625, 12.875, 8.25, 13], "texture": "#0"},
				"down": {"uv": [7.625, 13.125, 8.25, 13.25], "texture": "#0"}
			}
		},
		{
			"name": "frostsblade_74",
			"from": [7.75, 1.375, 7.9],
			"to": [8.125, 1.5, 8.225],
			"faces": {
				"north": {"uv": [8.125, 13.25, 7.75, 13.375], "texture": "#0"},
				"east": {"uv": [8, 13.25, 8.125, 13.375], "texture": "#0"},
				"south": {"uv": [7.75, 13.25, 8.125, 13.375], "texture": "#0"},
				"west": {"uv": [7.75, 13.25, 7.875, 13.375], "texture": "#0"},
				"up": {"uv": [7.75, 13.25, 8.125, 13.375], "texture": "#0"},
				"down": {"uv": [7.75, 13.25, 8.125, 13.375], "texture": "#0"}
			}
		}
	],
	"gui_light": "front",
	"display": {
		"thirdperson_righthand": {
			"rotation": [0, -90, 0],
			"translation": [0, 12.25, 1.5],
			"scale": [3, 3, 3]
		},
		"thirdperson_lefthand": {
			"rotation": [0, -90, 0],
			"translation": [0, 12.25, 1.5],
			"scale": [3, 3, 3]
		},
		"firstperson_righthand": {
			"rotation": [0, -86, -7],
			"translation": [0.75, 9.5, 2],
			"scale": [2, 2, 1.75]
		},
		"firstperson_lefthand": {
			"rotation": [0, 85, 7],
			"translation": [1.5, 9.75, 1.25],
			"scale": [2, 2, 1.75]
		},
		"ground": {
			"translation": [0, 8.5, 0],
			"scale": [2.5, 2.5, 2.5]
		},
		"gui": {
			"rotation": [0, 0, -42],
			"translation": [3.5, 3.5, 0],
			"scale": [2.5, 2.5, 2.5]
		},
		"head": {
			"rotation": [0, 0, 134],
			"translation": [0, -10.5, 3.5],
			"scale": [4, 4, 4]
		},
		"fixed": {
			"rotation": [-180, 0, 138],
			"translation": [-5.25, 6, -0.75],
			"scale": [4, 4, 3]
		}
	},
	"groups": [
		{
			"name": "frostsblade",
			"origin": [8, 8, 8],
			"color": 0,
			"children": [
				0,
				1,
				2,
				3,
				4,
				5,
				6,
				7,
				8,
				9,
				10,
				11,
				12,
				13,
				14,
				15,
				16,
				17,
				18,
				19,
				20,
				21,
				22,
				23,
				24,
				25,
				26,
				27,
				28,
				29,
				30,
				31,
				32,
				33,
				34,
				35,
				36,
				37,
				38,
				39,
				40,
				41,
				42,
				43,
				44,
				45,
				46,
				47,
				48,
				49,
				50,
				51,
				52,
				53,
				54,
				55,
				56,
				57,
				58,
				59,
				60,
				61,
				62,
				63,
				64,
				65,
				66,
				67,
				68,
				69,
				70,
				71,
				72,
				73,
				74
			]
		}
	]
}