{
	"credit": "Made with Blockbench",
	"textures": {
		"0": "prominent:item/transmog/HeroSword",
		"1": "prominent:item/transmog/lightningtest",
		"particle": "prominent:item/transmog/HeroSword"
	},
	"elements": [
		{
			"from": [7, -0.5, 8],
			"to": [7.75, 3.75, 8.5],
			"faces": {
				"north": {"uv": [7.75, 11.625, 8.125, 13.75], "texture": "#0"},
				"east": {"uv": [8, 11.625, 8.125, 13.75], "texture": "#0"},
				"south": {"uv": [8.125, 11.625, 7.75, 13.75], "texture": "#0"},
				"west": {"uv": [8, 11.625, 8.125, 13.75], "texture": "#0"},
				"up": {"uv": [0, 0, 0.75, 0.75], "texture": "#missing"},
				"down": {"uv": [0, 0, 0.75, 0.75], "texture": "#missing"}
			}
		},
		{
			"from": [6.75, -1, 7.75],
			"to": [8, -0.5, 8.75],
			"faces": {
				"north": {"uv": [7.625, 13.75, 8.25, 14], "texture": "#0"},
				"east": {"uv": [7.625, 13.75, 8.125, 14], "texture": "#0"},
				"south": {"uv": [7.625, 13.75, 8.25, 14], "texture": "#0"},
				"west": {"uv": [7.625, 13.75, 8.125, 14], "texture": "#0"},
				"up": {"uv": [7.75, 13.75, 7.875, 13.875], "texture": "#0"},
				"down": {"uv": [8.125, 13.875, 8.25, 14], "texture": "#0"}
			}
		},
		{
			"from": [7.5, -1.5, 8.13],
			"to": [7.75, -1, 8.38],
			"faces": {
				"north": {"uv": [7.75, 14, 7.875, 14.25], "texture": "#0"},
				"east": {"uv": [7.75, 14, 7.875, 14.25], "texture": "#0"},
				"south": {"uv": [7.75, 14, 7.875, 14.25], "texture": "#0"},
				"west": {"uv": [7.75, 14, 7.875, 14.25], "texture": "#0"},
				"up": {"uv": [7.75, 13.75, 7.875, 13.875], "texture": "#0"},
				"down": {"uv": [8.125, 13.875, 8.25, 14], "texture": "#0"}
			}
		},
		{
			"from": [7, -1.5, 8.13],
			"to": [7.25, -1, 8.38],
			"faces": {
				"north": {"uv": [7.75, 14, 7.875, 14.25], "texture": "#0"},
				"east": {"uv": [7.75, 14, 7.875, 14.25], "texture": "#0"},
				"south": {"uv": [7.75, 14, 7.875, 14.25], "texture": "#0"},
				"west": {"uv": [7.75, 14, 7.875, 14.25], "texture": "#0"},
				"up": {"uv": [7.75, 13.75, 7.875, 13.875], "texture": "#0"},
				"down": {"uv": [8.125, 13.875, 8.25, 14], "texture": "#0"}
			}
		},
		{
			"from": [7.25, -1.5, 8.13],
			"to": [7.5, -1.25, 8.38],
			"faces": {
				"north": {"uv": [7.875, 14.125, 8, 14.25], "texture": "#0"},
				"east": {"uv": [7.75, 14, 7.875, 14.25], "texture": "#0"},
				"south": {"uv": [7.875, 14.125, 8, 14.25], "texture": "#0"},
				"west": {"uv": [7.75, 14, 7.875, 14.25], "texture": "#0"},
				"up": {"uv": [7.875, 14.125, 8, 14.25], "texture": "#0"},
				"down": {"uv": [7.875, 14.125, 8, 14.25], "texture": "#0"}
			}
		},
		{
			"from": [6.749, 3.75, 7.935],
			"to": [8.001, 5, 8.56],
			"faces": {
				"north": {"uv": [7.625, 11, 8.25, 11.625], "texture": "#0"},
				"east": {"uv": [7.625, 11, 7.75, 11.625], "texture": "#0"},
				"south": {"uv": [7.625, 11, 8.25, 11.625], "texture": "#0"},
				"west": {"uv": [7.625, 11, 7.75, 11.625], "texture": "#0"},
				"up": {"uv": [7.625, 11.5, 8.25, 11.625], "texture": "#0"},
				"down": {"uv": [8.25, 10.875, 8.375, 11], "texture": "#0"}
			}
		},
		{
			"from": [7, 5, 7.935],
			"to": [7.75, 6.25, 8.56],
			"faces": {
				"north": {"uv": [7.75, 10.375, 8.125, 11], "texture": "#0"},
				"east": {"uv": [7.75, 10.375, 7.875, 11], "texture": "#0"},
				"south": {"uv": [7.75, 10.375, 8.125, 11], "texture": "#0"},
				"west": {"uv": [7.75, 10.375, 7.875, 11], "texture": "#0"},
				"up": {"uv": [7.75, 10.625, 8.125, 10.75], "texture": "#0"},
				"down": {"uv": [7.125, 11.5, 7.25, 11.625], "texture": "#0"}
			}
		},
		{
			"from": [7.25, 6.25, 7.935],
			"to": [7.5, 8, 8.56],
			"faces": {
				"north": {"uv": [7.875, 9.5, 8, 10.375], "texture": "#0"},
				"east": {"uv": [7.875, 9.5, 8, 10.375], "texture": "#0"},
				"south": {"uv": [7.875, 9.5, 8, 10.375], "texture": "#0"},
				"west": {"uv": [7.875, 9.5, 8, 10.375], "texture": "#0"},
				"up": {"uv": [7.875, 10, 8, 10.125], "texture": "#0"},
				"down": {"uv": [7.125, 11.5, 7.25, 11.625], "texture": "#0"}
			}
		},
		{
			"from": [5.5, 4, 8.05],
			"to": [5.75, 4.25, 8.425],
			"faces": {
				"north": {"uv": [8.75, 11.375, 8.875, 11.5], "texture": "#0"},
				"east": {"uv": [7, 11.375, 7.125, 11.5], "texture": "#0"},
				"south": {"uv": [7, 11.375, 7.125, 11.5], "texture": "#0"},
				"west": {"uv": [7, 11.375, 7.125, 11.5], "texture": "#0"},
				"up": {"uv": [8.25, 11.375, 8.875, 11.5], "texture": "#0"},
				"down": {"uv": [7, 11.375, 7.125, 11.5], "texture": "#0"}
			}
		},
		{
			"from": [5.5, 4.75, 8.05],
			"to": [5.75, 5, 8.425],
			"faces": {
				"north": {"uv": [8.75, 11, 8.875, 11.125], "texture": "#0"},
				"east": {"uv": [7, 11, 7.125, 11.125], "texture": "#0"},
				"south": {"uv": [7, 11, 7.125, 11.125], "texture": "#0"},
				"west": {"uv": [7, 11, 7.125, 11.125], "texture": "#0"},
				"up": {"uv": [7, 11, 7.125, 11.125], "texture": "#0"},
				"down": {"uv": [7.125, 11.5, 7.25, 11.625], "texture": "#0"}
			}
		},
		{
			"from": [6, 3.75, 8.05],
			"to": [6.75, 4, 8.425],
			"faces": {
				"north": {"uv": [8.25, 11.5, 8.625, 11.625], "texture": "#0"},
				"east": {"uv": [8.625, 11, 8.75, 11.125], "texture": "#0"},
				"south": {"uv": [8.625, 11.5, 8.25, 11.625], "texture": "#0"},
				"west": {"uv": [8.5, 11.5, 8.625, 11.625], "texture": "#0"},
				"up": {"uv": [8.5, 11.5, 8.625, 11.625], "texture": "#0"},
				"down": {"uv": [8.25, 10.875, 8.375, 11], "texture": "#0"}
			}
		},
		{
			"from": [8, 3.75, 8.05],
			"to": [8.75, 4, 8.425],
			"faces": {
				"north": {"uv": [7.25, 11.5, 7.625, 11.625], "texture": "#0"},
				"east": {"uv": [7, 11, 7.125, 11.125], "texture": "#0"},
				"south": {"uv": [7.625, 11.5, 7.25, 11.625], "texture": "#0"},
				"west": {"uv": [7.125, 11.375, 7.25, 11.5], "texture": "#0"},
				"up": {"uv": [8.625, 11.125, 8.75, 11.25], "texture": "#0"},
				"down": {"uv": [8.25, 10.875, 8.375, 11], "texture": "#0"}
			}
		},
		{
			"from": [9, 4, 8.05],
			"to": [9.25, 4.25, 8.425],
			"faces": {
				"north": {"uv": [7, 11.375, 7.125, 11.5], "texture": "#0"},
				"east": {"uv": [7, 11.375, 7.125, 11.5], "texture": "#0"},
				"south": {"uv": [7, 11.375, 7.125, 11.5], "texture": "#0"},
				"west": {"uv": [7, 11.375, 7.125, 11.5], "texture": "#0"},
				"up": {"uv": [7, 11.375, 7.625, 11.5], "texture": "#0"},
				"down": {"uv": [7, 11.375, 7.125, 11.5], "texture": "#0"}
			}
		},
		{
			"from": [9, 4.75, 8.05],
			"to": [9.25, 5, 8.425],
			"faces": {
				"north": {"uv": [7, 11, 7.125, 11.125], "texture": "#0"},
				"east": {"uv": [7, 11, 7.125, 11.125], "texture": "#0"},
				"south": {"uv": [7, 11, 7.125, 11.125], "texture": "#0"},
				"west": {"uv": [7, 11, 7.125, 11.125], "texture": "#0"},
				"up": {"uv": [7, 11, 7.125, 11.125], "texture": "#0"},
				"down": {"uv": [7.125, 11.5, 7.25, 11.625], "texture": "#0"}
			}
		},
		{
			"from": [8, 4.25, 8.05],
			"to": [9.5, 4.75, 8.425],
			"faces": {
				"north": {"uv": [6.875, 11.125, 7.625, 11.375], "texture": "#0"},
				"east": {"uv": [7, 11.125, 6.875, 11.375], "texture": "#0"},
				"south": {"uv": [7.625, 11.125, 6.875, 11.375], "texture": "#0"},
				"west": {"uv": [7.375, 10.875, 7.5, 11], "texture": "#0"},
				"up": {"uv": [7.625, 11.125, 6.875, 11.25], "texture": "#0"},
				"down": {"uv": [7.625, 11.25, 6.875, 11.375], "texture": "#0"}
			}
		},
		{
			"from": [5.25, 4.25, 8.05],
			"to": [6.75, 4.75, 8.425],
			"faces": {
				"north": {"uv": [8.25, 11.125, 9, 11.375], "texture": "#0"},
				"east": {"uv": [7.375, 10.875, 7.5, 11], "texture": "#0"},
				"south": {"uv": [9, 11.125, 8.25, 11.375], "texture": "#0"},
				"west": {"uv": [8.625, 11.25, 8.5, 11.375], "texture": "#0"},
				"up": {"uv": [9, 11.125, 8.25, 11.25], "texture": "#0"},
				"down": {"uv": [9, 11.25, 8.25, 11.375], "texture": "#0"}
			}
		},
		{
			"from": [8.0001, 5, 8],
			"to": [8.2502, 5.5, 8.5],
			"faces": {
				"north": {"uv": [7.5, 10.75, 7.625, 11], "texture": "#0"},
				"east": {"uv": [7.5, 10.75, 7.625, 11], "texture": "#0"},
				"south": {"uv": [7.5, 10.75, 7.625, 11], "texture": "#0"},
				"west": {"uv": [8.25, 10.875, 8.375, 11], "texture": "#0"},
				"up": {"uv": [8.25, 10.875, 8.375, 11], "texture": "#0"},
				"down": {"uv": [7, 11.375, 7.125, 11.5], "texture": "#0"}
			}
		},
		{
			"from": [6.4999, 5, 8],
			"to": [6.75, 5.5, 8.5],
			"faces": {
				"north": {"uv": [8.25, 10.75, 8.375, 11], "texture": "#0"},
				"east": {"uv": [8.25, 10.875, 8.375, 11], "texture": "#0"},
				"south": {"uv": [8.25, 10.75, 8.375, 11], "texture": "#0"},
				"west": {"uv": [7.5, 10.75, 7.625, 11], "texture": "#0"},
				"up": {"uv": [8.25, 10.875, 8.375, 11], "texture": "#0"},
				"down": {"uv": [7, 11.375, 7.125, 11.5], "texture": "#0"}
			}
		},
		{
			"from": [7.75, 5.5, 8],
			"to": [8.0001, 5.75, 8.5],
			"faces": {
				"north": {"uv": [7.625, 10.625, 7.75, 10.75], "texture": "#0"},
				"east": {"uv": [7.625, 10.625, 7.75, 10.75], "texture": "#0"},
				"south": {"uv": [7.625, 10.625, 7.75, 10.75], "texture": "#0"},
				"west": {"uv": [8.625, 11, 8.75, 11.375], "texture": "#missing"},
				"up": {"uv": [7.625, 10.625, 7.75, 10.75], "texture": "#0"},
				"down": {"uv": [7.375, 10.875, 7.5, 11], "texture": "#0"}
			}
		},
		{
			"from": [6.7499, 5.5, 8],
			"to": [7, 5.75, 8.5],
			"faces": {
				"north": {"uv": [8.125, 10.625, 8.25, 10.75], "texture": "#0"},
				"east": {"uv": [8.625, 11, 8.75, 11.125], "texture": "#missing"},
				"south": {"uv": [7.625, 10.625, 7.75, 10.75], "texture": "#0"},
				"west": {"uv": [7.625, 10.625, 7.75, 10.75], "texture": "#0"},
				"up": {"uv": [7.625, 10.625, 7.75, 10.75], "texture": "#0"},
				"down": {"uv": [7.375, 10.875, 7.5, 11], "texture": "#0"}
			}
		},
		{
			"from": [6, 3.5, 8.05],
			"to": [6.5, 3.75, 8.425],
			"faces": {
				"north": {"uv": [8.375, 11.625, 8.625, 11.75], "texture": "#0"},
				"east": {"uv": [7, 11.375, 7.125, 11.5], "texture": "#0"},
				"south": {"uv": [8.625, 11.625, 8.375, 11.75], "texture": "#0"},
				"west": {"uv": [7, 11.375, 7.125, 11.5], "texture": "#0"},
				"up": {"uv": [6.75, 11.625, 7.5, 11.75], "texture": "#0"},
				"down": {"uv": [7, 11.375, 7.125, 11.5], "texture": "#0"}
			}
		},
		{
			"from": [8.25, 3.5, 8.05],
			"to": [8.75, 3.75, 8.425],
			"faces": {
				"north": {"uv": [7.25, 11.625, 7.5, 11.75], "texture": "#0"},
				"east": {"uv": [7, 11.375, 7.125, 11.5], "texture": "#0"},
				"south": {"uv": [7.5, 11.625, 7.25, 11.75], "texture": "#0"},
				"west": {"uv": [7, 11.375, 7.125, 11.5], "texture": "#0"},
				"up": {"uv": [8.375, 11.625, 9.125, 11.75], "texture": "#0"},
				"down": {"uv": [7, 11.375, 7.125, 11.5], "texture": "#0"}
			}
		},
		{
			"from": [8, 4, 8.05],
			"to": [8.5, 4.25, 8.425],
			"faces": {
				"north": {"uv": [7.375, 11.375, 7.625, 11.5], "texture": "#0"},
				"east": {"uv": [7, 11, 7.125, 11.125], "texture": "#0"},
				"south": {"uv": [7.625, 11.375, 7.375, 11.5], "texture": "#0"},
				"west": {"uv": [8.25, 10.875, 8.375, 11], "texture": "#0"},
				"up": {"uv": [8.375, 11.625, 9.125, 11.75], "texture": "#0"},
				"down": {"uv": [7.5, 11.625, 6.75, 11.75], "texture": "#0"}
			}
		},
		{
			"from": [6.25, 4, 8.05],
			"to": [6.75, 4.25, 8.425],
			"faces": {
				"north": {"uv": [8.25, 11.375, 8.5, 11.5], "texture": "#0"},
				"east": {"uv": [7.375, 10.875, 7.5, 11], "texture": "#0"},
				"south": {"uv": [8.5, 11.375, 8.25, 11.5], "texture": "#0"},
				"west": {"uv": [7, 11, 7.125, 11.125], "texture": "#0"},
				"up": {"uv": [8.375, 11.625, 9.125, 11.75], "texture": "#0"},
				"down": {"uv": [7.5, 11.625, 6.75, 11.75], "texture": "#0"}
			}
		},
		{
			"from": [6.75, 4.5, 8.183],
			"to": [8, 16.5, 8.308],
			"faces": {
				"north": {"uv": [7.625, 5.25, 8.25, 11.25], "texture": "#0"},
				"east": {"uv": [7.75, 5.25, 7.625, 11.25], "texture": "#0"},
				"south": {"uv": [8.25, 5.25, 7.625, 11.25], "texture": "#0"},
				"west": {"uv": [8.25, 5.25, 8.125, 11.25], "texture": "#0"},
				"up": {"uv": [8, 4.75, 7.875, 4.875], "texture": "#0"},
				"down": {"uv": [0, 0, 0.75, 0.75], "texture": "#missing"}
			}
		},
		{
			"from": [7, 16.5, 8.183],
			"to": [7.75, 17, 8.308],
			"faces": {
				"north": {"uv": [7.75, 5, 8.125, 5.25], "texture": "#0"},
				"east": {"uv": [7.875, 5, 7.75, 5.25], "texture": "#0"},
				"south": {"uv": [8.125, 5, 7.75, 5.25], "texture": "#0"},
				"west": {"uv": [8.125, 5, 8, 5.25], "texture": "#0"},
				"up": {"uv": [8, 4.75, 7.875, 4.875], "texture": "#0"},
				"down": {"uv": [0, 0, 0.75, 0.75], "texture": "#missing"}
			}
		},
		{
			"from": [7.25, 17, 8.183],
			"to": [7.5, 17.5, 8.308],
			"faces": {
				"north": {"uv": [7.875, 4.75, 8, 5], "texture": "#0"},
				"east": {"uv": [8, 4.75, 7.875, 5], "texture": "#0"},
				"south": {"uv": [8, 4.75, 7.875, 5], "texture": "#0"},
				"west": {"uv": [8, 4.75, 7.875, 5], "texture": "#0"},
				"up": {"uv": [8, 4.75, 7.875, 4.875], "texture": "#0"},
				"down": {"uv": [0, 0, 0.75, 0.75], "texture": "#missing"}
			}
		},
		{
			"from": [8, 6, 8.183],
			"to": [8.25, 6.75, 8.308],
			"faces": {
				"north": {"uv": [7.5, 10.125, 7.625, 10.5], "texture": "#0"},
				"east": {"uv": [8, 4.75, 7.875, 5], "texture": "#0"},
				"south": {"uv": [7.5, 10.125, 7.625, 10.5], "texture": "#0"},
				"west": {"uv": [8, 4.75, 7.875, 5], "texture": "#0"},
				"up": {"uv": [8, 4.75, 7.875, 4.875], "texture": "#0"},
				"down": {"uv": [8, 4.75, 7.875, 4.875], "texture": "#0"}
			}
		},
		{
			"from": [6.5, 6, 8.183],
			"to": [6.75, 6.75, 8.308],
			"faces": {
				"north": {"uv": [8.25, 10.125, 8.375, 10.5], "texture": "#0"},
				"east": {"uv": [8, 4.75, 7.875, 5], "texture": "#0"},
				"south": {"uv": [8.25, 10.125, 8.375, 10.5], "texture": "#0"},
				"west": {"uv": [8, 4.75, 7.875, 5], "texture": "#0"},
				"up": {"uv": [8, 4.75, 7.875, 4.875], "texture": "#0"},
				"down": {"uv": [8, 4.75, 7.875, 4.875], "texture": "#0"}
			}
		},
		{
			"from": [6.25, 6.25, 8.183],
			"to": [6.5, 6.5, 8.308],
			"faces": {
				"north": {"uv": [8.375, 10.25, 8.5, 10.375], "texture": "#0"},
				"east": {"uv": [8, 4.75, 7.875, 5], "texture": "#0"},
				"south": {"uv": [8.375, 10.25, 8.5, 10.375], "texture": "#0"},
				"west": {"uv": [8, 4.75, 7.875, 5], "texture": "#0"},
				"up": {"uv": [8, 4.75, 7.875, 4.875], "texture": "#0"},
				"down": {"uv": [8, 4.75, 7.875, 4.875], "texture": "#0"}
			}
		},
		{
			"from": [8.25, 6.25, 8.183],
			"to": [8.5, 6.5, 8.308],
			"faces": {
				"north": {"uv": [8.375, 10.25, 8.5, 10.375], "texture": "#0"},
				"east": {"uv": [8, 4.75, 7.875, 5], "texture": "#0"},
				"south": {"uv": [8.375, 10.25, 8.5, 10.375], "texture": "#0"},
				"west": {"uv": [8, 4.75, 7.875, 5], "texture": "#0"},
				"up": {"uv": [8, 4.75, 7.875, 4.875], "texture": "#0"},
				"down": {"uv": [8, 4.75, 7.875, 4.875], "texture": "#0"}
			}
		},
		{
			"from": [7, 5.75, 8.123],
			"to": [7.75, 16.5, 8.373],
			"faces": {
				"north": {"uv": [7.75, 5.25, 8.125, 10.625], "texture": "#0"},
				"east": {"uv": [8.125, 5.25, 8, 10.625], "texture": "#0"},
				"south": {"uv": [8.125, 5.25, 7.75, 10.625], "texture": "#0"},
				"west": {"uv": [7.875, 5.25, 7.75, 10.625], "texture": "#0"},
				"up": {"uv": [8, 6, 7.875, 6.125], "texture": "#0"},
				"down": {"uv": [0, 0, 0.75, 0.75], "texture": "#missing"}
			}
		},
		{
			"from": [7.25, 16.5, 8.123],
			"to": [7.5, 17, 8.373],
			"faces": {
				"north": {"uv": [7.875, 6, 8, 6.25], "texture": "#0"},
				"east": {"uv": [8, 6, 7.875, 6.25], "texture": "#0"},
				"south": {"uv": [8, 6, 7.875, 6.25], "texture": "#0"},
				"west": {"uv": [8, 6, 7.875, 6.25], "texture": "#0"},
				"up": {"uv": [8, 6, 7.875, 6.125], "texture": "#0"},
				"down": {"uv": [0, 0, 0.75, 0.75], "texture": "#missing"}
			}
		},
		{
			"from": [-1, 2.25, 8.3],
			"to": [7, 18.25, 8.3],
			"rotation": {"angle": 22.5, "axis": "y", "origin": [4, 4.25, 5.8]},
			"faces": {
				"north": {"uv": [8, 0, 16, 16], "texture": "#1"},
				"east": {"uv": [0, 0, 0, 16], "texture": "#missing"},
				"south": {"uv": [16, 16, 16, 16], "texture": "#0"},
				"west": {"uv": [0, 0, 0, 16], "texture": "#missing"},
				"up": {"uv": [0, 0, 16, 0], "texture": "#missing"},
				"down": {"uv": [0, 0, 16, 0], "texture": "#missing"}
			}
		},
		{
			"from": [10.64805, 2.25, 3.57164],
			"to": [18.64805, 18.25, 3.57164],
			"rotation": {"angle": -22.5, "axis": "y", "origin": [0, -1.75, -3.2]},
			"faces": {
				"north": {"uv": [0, 0, 8, 16], "texture": "#1"},
				"east": {"uv": [0, 0, 0, 16], "texture": "#missing"},
				"south": {"uv": [16, 16, 15.875, 15.875], "texture": "#0"},
				"west": {"uv": [0, 0, 0, 16], "texture": "#missing"},
				"up": {"uv": [0, 0, 16, 0], "texture": "#missing"},
				"down": {"uv": [0, 0, 16, 0], "texture": "#missing"}
			}
		},
		{
			"from": [1.9, 2, 5.65],
			"to": [9.9, 18, 5.65],
			"rotation": {"angle": -22.5, "axis": "y", "origin": [0, 0, 0]},
			"faces": {
				"north": {"uv": [0, 0, 0, 0], "texture": "#0"},
				"east": {"uv": [0, 0, 0, 16], "texture": "#missing"},
				"south": {"uv": [0, 0, 8, 16], "texture": "#1"},
				"west": {"uv": [0, 0, 0, 16], "texture": "#missing"},
				"up": {"uv": [0, 0, 8, 0], "texture": "#missing"},
				"down": {"uv": [0, 0, 8, 0], "texture": "#missing"}
			}
		},
		{
			"from": [3, 2, 11],
			"to": [11, 18, 11],
			"rotation": {"angle": 22.5, "axis": "y", "origin": [0, 0, 0]},
			"faces": {
				"north": {"uv": [0, 0, 0, 0], "texture": "#0"},
				"east": {"uv": [0, 0, 0, 16], "texture": "#missing"},
				"south": {"uv": [8, 0, 16, 16], "texture": "#1"},
				"west": {"uv": [0, 0, 0, 16], "texture": "#missing"},
				"up": {"uv": [0, 0, 8, 0], "texture": "#missing"},
				"down": {"uv": [0, 0, 8, 0], "texture": "#missing"}
			}
		}
	],
	"display": {
		"thirdperson_righthand": {
			"rotation": [0, 90, 0],
			"translation": [-0.5, 8, 0],
			"scale": [1.7, 1.7, 1.7]
		},
		"thirdperson_lefthand": {
			"rotation": [0, -90, 0],
			"translation": [0.25, 8, 0.25],
			"scale": [1.7, 1.7, 1.7]
		},
		"firstperson_righthand": {
			"rotation": [6, 95, 0],
			"translation": [0, 8, 0.5],
			"scale": [1.6, 1.6, 1.6]
		},
		"firstperson_lefthand": {
			"rotation": [6, -80, 0],
			"translation": [1.5, 7.75, 0],
			"scale": [1.6, 1.6, 1.6]
		},
		"ground": {
			"rotation": [0, 0, -45],
			"translation": [0, 3.3956, 0],
			"scale": [1.5, 1.5, 1.5]
		},
		"gui": {
			"rotation": [0, 0, -45],
			"translation": [1.75, 0.75, 0],
			"scale": [1.6, 1.6, 1.6]
		},
		"head": {
			"rotation": [-180, 1, 45],
			"translation": [2.75, -13.75, 5],
			"scale": [2.18, 2.18, 2.18]
		},
		"fixed": {
			"rotation": [0, 0, 45],
			"translation": [0.25, 3, -2],
			"scale": [2.7, 2.7, 2.7]
		}
	},
	"groups": [
		{
			"name": "hilt",
			"origin": [8, 8, 8],
			"color": 0,
			"children": [0, 1, 2, 3, 4, 5, 6, 7, 8, 9, 10, 11, 12, 13, 14, 15, 16, 17, 18, 19, 20, 21, 22, 23]
		},
		{
			"name": "blade",
			"origin": [8, 8, 8],
			"color": 0,
			"children": [24, 25, 26, 27, 28, 29, 30, 31, 32]
		},
		33,
		34,
		35,
		36
	]
}