{
	"credit": "Made with Blockbench",
	"textures": {
		"0": "prominent:item/transmog/hornets_needle",
		"particle": "prominent:item/transmog/hornets_needle"
	},
	"elements": [
		{
			"name": "hornets_needle_0",
			"from": [7.75, 13, 8.05],
			"to": [8, 15.625, 8.175],
			"faces": {
				"north": {"uv": [6.25, 0.375, 6, 3], "texture": "#0"},
				"east": {"uv": [6.125, 0.375, 6.25, 3], "texture": "#0"},
				"south": {"uv": [6, 0.375, 6.25, 3], "texture": "#0"},
				"west": {"uv": [6, 0.375, 6.125, 3], "texture": "#0"},
				"up": {"uv": [6, 0.375, 6.25, 0.5], "texture": "#0"},
				"down": {"uv": [6, 2.875, 6.25, 3], "texture": "#0"}
			}
		},
		{
			"name": "hornets_needle_1",
			"from": [7.625, 11.25, 8.05],
			"to": [7.75, 14.375, 8.175],
			"faces": {
				"north": {"uv": [6, 1.625, 5.875, 4.75], "texture": "#0"},
				"east": {"uv": [5.875, 1.625, 6, 4.75], "texture": "#0"},
				"south": {"uv": [5.875, 1.625, 6, 4.75], "texture": "#0"},
				"west": {"uv": [5.875, 1.625, 6, 4.75], "texture": "#0"},
				"up": {"uv": [5.875, 1.625, 6, 1.75], "texture": "#0"},
				"down": {"uv": [5.875, 4.625, 6, 4.75], "texture": "#0"}
			}
		},
		{
			"name": "hornets_needle_2",
			"from": [8, 11.25, 8.05],
			"to": [8.125, 14.375, 8.175],
			"faces": {
				"north": {"uv": [6.375, 1.625, 6.25, 4.75], "texture": "#0"},
				"east": {"uv": [6.25, 1.625, 6.375, 4.75], "texture": "#0"},
				"south": {"uv": [6.25, 1.625, 6.375, 4.75], "texture": "#0"},
				"west": {"uv": [6.25, 1.625, 6.375, 4.75], "texture": "#0"},
				"up": {"uv": [6.25, 1.625, 6.375, 1.75], "texture": "#0"},
				"down": {"uv": [6.25, 4.625, 6.375, 4.75], "texture": "#0"}
			}
		},
		{
			"name": "hornets_needle_3",
			"from": [7.5, 9.125, 8.05],
			"to": [7.625, 13, 8.175],
			"faces": {
				"north": {"uv": [5.875, 3, 5.75, 6.875], "texture": "#0"},
				"east": {"uv": [5.75, 3, 5.875, 6.875], "texture": "#0"},
				"south": {"uv": [5.75, 3, 5.875, 6.875], "texture": "#0"},
				"west": {"uv": [5.75, 3, 5.875, 6.875], "texture": "#0"},
				"up": {"uv": [5.75, 3, 5.875, 3.125], "texture": "#0"},
				"down": {"uv": [5.75, 6.75, 5.875, 6.875], "texture": "#0"}
			}
		},
		{
			"name": "hornets_needle_4",
			"from": [8.125, 9.125, 8.05],
			"to": [8.25, 13, 8.175],
			"faces": {
				"north": {"uv": [6.5, 3, 6.375, 6.875], "texture": "#0"},
				"east": {"uv": [6.375, 3, 6.5, 6.875], "texture": "#0"},
				"south": {"uv": [6.375, 3, 6.5, 6.875], "texture": "#0"},
				"west": {"uv": [6.375, 3, 6.5, 6.875], "texture": "#0"},
				"up": {"uv": [6.375, 3, 6.5, 3.125], "texture": "#0"},
				"down": {"uv": [6.375, 6.75, 6.5, 6.875], "texture": "#0"}
			}
		},
		{
			"name": "hornets_needle_5",
			"from": [7.75, 6.5, 7.95],
			"to": [8, 13, 8.275],
			"faces": {
				"north": {"uv": [8, 3, 7.75, 9.5], "texture": "#0"},
				"east": {"uv": [7.875, 3, 8, 9.5], "texture": "#0"},
				"south": {"uv": [7.75, 3, 8, 9.5], "texture": "#0"},
				"west": {"uv": [7.75, 3, 7.875, 9.5], "texture": "#0"},
				"up": {"uv": [7.75, 3, 8, 3.125], "texture": "#0"},
				"down": {"uv": [7.75, 9.375, 8, 9.5], "texture": "#0"}
			}
		},
		{
			"name": "hornets_needle_6",
			"from": [7.375, 8, 8.05],
			"to": [7.5, 11.25, 8.175],
			"faces": {
				"north": {"uv": [5.75, 4.75, 5.625, 8], "texture": "#0"},
				"east": {"uv": [5.625, 4.75, 5.75, 8], "texture": "#0"},
				"south": {"uv": [5.625, 4.75, 5.75, 8], "texture": "#0"},
				"west": {"uv": [5.625, 4.75, 5.75, 8], "texture": "#0"},
				"up": {"uv": [5.625, 4.75, 5.75, 4.875], "texture": "#0"},
				"down": {"uv": [5.625, 7.875, 5.75, 8], "texture": "#0"}
			}
		},
		{
			"name": "hornets_needle_7",
			"from": [8.25, 8, 8.05],
			"to": [8.375, 11.25, 8.175],
			"faces": {
				"north": {"uv": [6.625, 4.75, 6.5, 8], "texture": "#0"},
				"east": {"uv": [6.5, 4.75, 6.625, 8], "texture": "#0"},
				"south": {"uv": [6.5, 4.75, 6.625, 8], "texture": "#0"},
				"west": {"uv": [6.5, 4.75, 6.625, 8], "texture": "#0"},
				"up": {"uv": [6.5, 4.75, 6.625, 4.875], "texture": "#0"},
				"down": {"uv": [6.5, 7.875, 6.625, 8], "texture": "#0"}
			}
		},
		{
			"name": "hornets_needle_8",
			"from": [7.625, 6.5, 7.95],
			"to": [7.75, 11.25, 8.275],
			"faces": {
				"north": {"uv": [7.75, 4.75, 7.625, 9.5], "texture": "#0"},
				"east": {"uv": [7.625, 4.75, 7.75, 9.5], "texture": "#0"},
				"south": {"uv": [7.625, 4.75, 7.75, 9.5], "texture": "#0"},
				"west": {"uv": [7.625, 4.75, 7.75, 9.5], "texture": "#0"},
				"up": {"uv": [7.625, 4.75, 7.75, 4.875], "texture": "#0"},
				"down": {"uv": [7.625, 9.375, 7.75, 9.5], "texture": "#0"}
			}
		},
		{
			"name": "hornets_needle_9",
			"from": [8, 6.5, 7.95],
			"to": [8.125, 11.25, 8.275],
			"faces": {
				"north": {"uv": [8.125, 4.75, 8, 9.5], "texture": "#0"},
				"east": {"uv": [8, 4.75, 8.125, 9.5], "texture": "#0"},
				"south": {"uv": [8, 4.75, 8.125, 9.5], "texture": "#0"},
				"west": {"uv": [8, 4.75, 8.125, 9.5], "texture": "#0"},
				"up": {"uv": [8, 4.75, 8.125, 4.875], "texture": "#0"},
				"down": {"uv": [8, 9.375, 8.125, 9.5], "texture": "#0"}
			}
		},
		{
			"name": "hornets_needle_10",
			"from": [7.25, 7.625, 8.05],
			"to": [7.375, 9.125, 8.175],
			"faces": {
				"north": {"uv": [5.625, 6.875, 5.5, 8.375], "texture": "#0"},
				"east": {"uv": [5.5, 6.875, 5.625, 8.375], "texture": "#0"},
				"south": {"uv": [5.5, 6.875, 5.625, 8.375], "texture": "#0"},
				"west": {"uv": [5.5, 6.875, 5.625, 8.375], "texture": "#0"},
				"up": {"uv": [5.5, 6.875, 5.625, 7], "texture": "#0"},
				"down": {"uv": [5.5, 8.25, 5.625, 8.375], "texture": "#0"}
			}
		},
		{
			"name": "hornets_needle_11",
			"from": [8.375, 7.625, 8.05],
			"to": [8.5, 9.125, 8.175],
			"faces": {
				"north": {"uv": [6.75, 6.875, 6.625, 8.375], "texture": "#0"},
				"east": {"uv": [6.625, 6.875, 6.75, 8.375], "texture": "#0"},
				"south": {"uv": [6.625, 6.875, 6.75, 8.375], "texture": "#0"},
				"west": {"uv": [6.625, 6.875, 6.75, 8.375], "texture": "#0"},
				"up": {"uv": [6.625, 6.875, 6.75, 7], "texture": "#0"},
				"down": {"uv": [6.625, 8.25, 6.75, 8.375], "texture": "#0"}
			}
		},
		{
			"name": "hornets_needle_12",
			"from": [7.5, 7.125, 7.95],
			"to": [7.625, 9.125, 8.275],
			"faces": {
				"north": {"uv": [7.625, 6.875, 7.5, 8.875], "texture": "#0"},
				"east": {"uv": [7.5, 6.875, 7.625, 8.875], "texture": "#0"},
				"south": {"uv": [7.5, 6.875, 7.625, 8.875], "texture": "#0"},
				"west": {"uv": [7.5, 6.875, 7.625, 8.875], "texture": "#0"},
				"up": {"uv": [7.5, 6.875, 7.625, 7], "texture": "#0"},
				"down": {"uv": [7.5, 8.75, 7.625, 8.875], "texture": "#0"}
			}
		},
		{
			"name": "hornets_needle_13",
			"from": [8.125, 7.125, 7.95],
			"to": [8.25, 9.125, 8.275],
			"faces": {
				"north": {"uv": [8.25, 6.875, 8.125, 8.875], "texture": "#0"},
				"east": {"uv": [8.125, 6.875, 8.25, 8.875], "texture": "#0"},
				"south": {"uv": [8.125, 6.875, 8.25, 8.875], "texture": "#0"},
				"west": {"uv": [8.125, 6.875, 8.25, 8.875], "texture": "#0"},
				"up": {"uv": [8.125, 6.875, 8.25, 7], "texture": "#0"},
				"down": {"uv": [8.125, 8.75, 8.25, 8.875], "texture": "#0"}
			}
		},
		{
			"name": "hornets_needle_14",
			"from": [7.125, 7.375, 8.05],
			"to": [7.25, 8, 8.175],
			"faces": {
				"north": {"uv": [5.5, 8, 5.375, 8.625], "texture": "#0"},
				"east": {"uv": [5.375, 8, 5.5, 8.625], "texture": "#0"},
				"south": {"uv": [5.375, 8, 5.5, 8.625], "texture": "#0"},
				"west": {"uv": [5.375, 8, 5.5, 8.625], "texture": "#0"},
				"up": {"uv": [5.375, 8, 5.5, 8.125], "texture": "#0"},
				"down": {"uv": [5.375, 8.5, 5.5, 8.625], "texture": "#0"}
			}
		},
		{
			"name": "hornets_needle_15",
			"from": [8.5, 7.375, 8.05],
			"to": [8.625, 8, 8.175],
			"faces": {
				"north": {"uv": [6.875, 8, 6.75, 8.625], "texture": "#0"},
				"east": {"uv": [6.75, 8, 6.875, 8.625], "texture": "#0"},
				"south": {"uv": [6.75, 8, 6.875, 8.625], "texture": "#0"},
				"west": {"uv": [6.75, 8, 6.875, 8.625], "texture": "#0"},
				"up": {"uv": [6.75, 8, 6.875, 8.125], "texture": "#0"},
				"down": {"uv": [6.75, 8.5, 6.875, 8.625], "texture": "#0"}
			}
		},
		{
			"name": "hornets_needle_16",
			"from": [7.375, 7.375, 7.95],
			"to": [7.5, 8, 8.275],
			"faces": {
				"north": {"uv": [7.5, 8, 7.375, 8.625], "texture": "#0"},
				"east": {"uv": [7.375, 8, 7.5, 8.625], "texture": "#0"},
				"south": {"uv": [7.375, 8, 7.5, 8.625], "texture": "#0"},
				"west": {"uv": [7.375, 8, 7.5, 8.625], "texture": "#0"},
				"up": {"uv": [7.375, 8, 7.5, 8.125], "texture": "#0"},
				"down": {"uv": [7.375, 8.5, 7.5, 8.625], "texture": "#0"}
			}
		},
		{
			"name": "hornets_needle_17",
			"from": [8.25, 7.375, 7.95],
			"to": [8.375, 8, 8.275],
			"faces": {
				"north": {"uv": [8.375, 8, 8.25, 8.625], "texture": "#0"},
				"east": {"uv": [8.25, 8, 8.375, 8.625], "texture": "#0"},
				"south": {"uv": [8.25, 8, 8.375, 8.625], "texture": "#0"},
				"west": {"uv": [8.25, 8, 8.375, 8.625], "texture": "#0"},
				"up": {"uv": [8.25, 8, 8.375, 8.125], "texture": "#0"},
				"down": {"uv": [8.25, 8.5, 8.375, 8.625], "texture": "#0"}
			}
		},
		{
			"name": "hornets_needle_18",
			"from": [7, 7.5, 8.05],
			"to": [7.125, 7.625, 8.175],
			"faces": {
				"north": {"uv": [5.375, 8.375, 5.25, 8.5], "texture": "#0"},
				"east": {"uv": [5.25, 8.375, 5.375, 8.5], "texture": "#0"},
				"south": {"uv": [5.25, 8.375, 5.375, 8.5], "texture": "#0"},
				"west": {"uv": [5.25, 8.375, 5.375, 8.5], "texture": "#0"},
				"up": {"uv": [5.25, 8.375, 5.375, 8.5], "texture": "#0"},
				"down": {"uv": [5.25, 8.375, 5.375, 8.5], "texture": "#0"}
			}
		},
		{
			"name": "hornets_needle_19",
			"from": [8.625, 7.5, 8.05],
			"to": [8.75, 7.625, 8.175],
			"faces": {
				"north": {"uv": [7, 8.375, 6.875, 8.5], "texture": "#0"},
				"east": {"uv": [6.875, 8.375, 7, 8.5], "texture": "#0"},
				"south": {"uv": [6.875, 8.375, 7, 8.5], "texture": "#0"},
				"west": {"uv": [6.875, 8.375, 7, 8.5], "texture": "#0"},
				"up": {"uv": [6.875, 8.375, 7, 8.5], "texture": "#0"},
				"down": {"uv": [6.875, 8.375, 7, 8.5], "texture": "#0"}
			}
		},
		{
			"name": "hornets_needle_20",
			"from": [7.25, 7.5, 7.95],
			"to": [7.375, 7.625, 8.275],
			"faces": {
				"north": {"uv": [7.375, 8.375, 7.25, 8.5], "texture": "#0"},
				"east": {"uv": [7.25, 8.375, 7.375, 8.5], "texture": "#0"},
				"south": {"uv": [7.25, 8.375, 7.375, 8.5], "texture": "#0"},
				"west": {"uv": [7.25, 8.375, 7.375, 8.5], "texture": "#0"},
				"up": {"uv": [7.25, 8.375, 7.375, 8.5], "texture": "#0"},
				"down": {"uv": [7.25, 8.375, 7.375, 8.5], "texture": "#0"}
			}
		},
		{
			"name": "hornets_needle_21",
			"from": [8.375, 7.5, 7.95],
			"to": [8.5, 7.625, 8.275],
			"faces": {
				"north": {"uv": [8.5, 8.375, 8.375, 8.5], "texture": "#0"},
				"east": {"uv": [8.375, 8.375, 8.5, 8.5], "texture": "#0"},
				"south": {"uv": [8.375, 8.375, 8.5, 8.5], "texture": "#0"},
				"west": {"uv": [8.375, 8.375, 8.5, 8.5], "texture": "#0"},
				"up": {"uv": [8.375, 8.375, 8.5, 8.5], "texture": "#0"},
				"down": {"uv": [8.375, 8.375, 8.5, 8.5], "texture": "#0"}
			}
		},
		{
			"name": "hornets_needle_22",
			"from": [7.25, 7.125, 8.05],
			"to": [7.375, 7.5, 8.175],
			"faces": {
				"north": {"uv": [5.625, 8.5, 5.5, 8.875], "texture": "#0"},
				"east": {"uv": [5.5, 8.5, 5.625, 8.875], "texture": "#0"},
				"south": {"uv": [5.5, 8.5, 5.625, 8.875], "texture": "#0"},
				"west": {"uv": [5.5, 8.5, 5.625, 8.875], "texture": "#0"},
				"up": {"uv": [5.5, 8.5, 5.625, 8.625], "texture": "#0"},
				"down": {"uv": [5.5, 8.75, 5.625, 8.875], "texture": "#0"}
			}
		},
		{
			"name": "hornets_needle_23",
			"from": [8.375, 7.125, 8.05],
			"to": [8.5, 7.5, 8.175],
			"faces": {
				"north": {"uv": [6.75, 8.5, 6.625, 8.875], "texture": "#0"},
				"east": {"uv": [6.625, 8.5, 6.75, 8.875], "texture": "#0"},
				"south": {"uv": [6.625, 8.5, 6.75, 8.875], "texture": "#0"},
				"west": {"uv": [6.625, 8.5, 6.75, 8.875], "texture": "#0"},
				"up": {"uv": [6.625, 8.5, 6.75, 8.625], "texture": "#0"},
				"down": {"uv": [6.625, 8.75, 6.75, 8.875], "texture": "#0"}
			}
		},
		{
			"name": "hornets_needle_24",
			"from": [7.375, 6.875, 8.05],
			"to": [7.5, 7.375, 8.175],
			"faces": {
				"north": {"uv": [5.75, 8.625, 5.625, 9.125], "texture": "#0"},
				"east": {"uv": [5.625, 8.625, 5.75, 9.125], "texture": "#0"},
				"south": {"uv": [5.625, 8.625, 5.75, 9.125], "texture": "#0"},
				"west": {"uv": [5.625, 8.625, 5.75, 9.125], "texture": "#0"},
				"up": {"uv": [5.625, 8.625, 5.75, 8.75], "texture": "#0"},
				"down": {"uv": [5.625, 9, 5.75, 9.125], "texture": "#0"}
			}
		},
		{
			"name": "hornets_needle_25",
			"from": [8.25, 6.875, 8.05],
			"to": [8.375, 7.375, 8.175],
			"faces": {
				"north": {"uv": [6.625, 8.625, 6.5, 9.125], "texture": "#0"},
				"east": {"uv": [6.5, 8.625, 6.625, 9.125], "texture": "#0"},
				"south": {"uv": [6.5, 8.625, 6.625, 9.125], "texture": "#0"},
				"west": {"uv": [6.5, 8.625, 6.625, 9.125], "texture": "#0"},
				"up": {"uv": [6.5, 8.625, 6.625, 8.75], "texture": "#0"},
				"down": {"uv": [6.5, 9, 6.625, 9.125], "texture": "#0"}
			}
		},
		{
			"name": "hornets_needle_26",
			"from": [7.5, 6.625, 8.05],
			"to": [7.625, 7.125, 8.175],
			"faces": {
				"north": {"uv": [5.875, 8.875, 5.75, 9.375], "texture": "#0"},
				"east": {"uv": [5.75, 8.875, 5.875, 9.375], "texture": "#0"},
				"south": {"uv": [5.75, 8.875, 5.875, 9.375], "texture": "#0"},
				"west": {"uv": [5.75, 8.875, 5.875, 9.375], "texture": "#0"},
				"up": {"uv": [5.75, 8.875, 5.875, 9], "texture": "#0"},
				"down": {"uv": [5.75, 9.25, 5.875, 9.375], "texture": "#0"}
			}
		},
		{
			"name": "hornets_needle_27",
			"from": [8.125, 6.625, 8.05],
			"to": [8.25, 7.125, 8.175],
			"faces": {
				"north": {"uv": [6.5, 8.875, 6.375, 9.375], "texture": "#0"},
				"east": {"uv": [6.375, 8.875, 6.5, 9.375], "texture": "#0"},
				"south": {"uv": [6.375, 8.875, 6.5, 9.375], "texture": "#0"},
				"west": {"uv": [6.375, 8.875, 6.5, 9.375], "texture": "#0"},
				"up": {"uv": [6.375, 8.875, 6.5, 9], "texture": "#0"},
				"down": {"uv": [6.375, 9.25, 6.5, 9.375], "texture": "#0"}
			}
		},
		{
			"name": "hornets_needle_28",
			"from": [7.625, 2.25, 7.95],
			"to": [8.125, 6.5, 8.275],
			"faces": {
				"north": {"uv": [8.125, 9.75, 7.625, 14], "texture": "#0"},
				"east": {"uv": [8, 9.75, 8.125, 14], "texture": "#0"},
				"south": {"uv": [7.625, 9.75, 8.125, 14], "texture": "#0"},
				"west": {"uv": [7.625, 9.75, 7.75, 14], "texture": "#0"},
				"up": {"uv": [7.625, 9.75, 8.125, 9.875], "texture": "#0"},
				"down": {"uv": [7.625, 13.875, 8.125, 14], "texture": "#0"}
			}
		},
		{
			"name": "hornets_needle_29",
			"from": [7.625, 2, 7.9],
			"to": [8.125, 2.25, 8.325],
			"faces": {
				"north": {"uv": [8.125, 14.25, 7.625, 14.5], "texture": "#0"},
				"east": {"uv": [8, 14.25, 8.125, 14.5], "texture": "#0"},
				"south": {"uv": [7.625, 14.25, 8.125, 14.5], "texture": "#0"},
				"west": {"uv": [7.625, 14.25, 7.75, 14.5], "texture": "#0"},
				"up": {"uv": [7.625, 14.25, 8.125, 14.375], "texture": "#0"},
				"down": {"uv": [7.625, 14.375, 8.125, 14.5], "texture": "#0"}
			}
		},
		{
			"name": "hornets_needle_30",
			"from": [7.375, 1.75, 7.9],
			"to": [7.625, 2.125, 8.325],
			"faces": {
				"north": {"uv": [7.625, 14.375, 7.375, 14.75], "texture": "#0"},
				"east": {"uv": [7.5, 14.375, 7.625, 14.75], "texture": "#0"},
				"south": {"uv": [7.375, 14.375, 7.625, 14.75], "texture": "#0"},
				"west": {"uv": [7.375, 14.375, 7.5, 14.75], "texture": "#0"},
				"up": {"uv": [7.375, 14.375, 7.625, 14.5], "texture": "#0"},
				"down": {"uv": [7.375, 14.625, 7.625, 14.75], "texture": "#0"}
			}
		},
		{
			"name": "hornets_needle_31",
			"from": [8.125, 1.75, 7.9],
			"to": [8.375, 2.125, 8.325],
			"faces": {
				"north": {"uv": [8.375, 14.375, 8.125, 14.75], "texture": "#0"},
				"east": {"uv": [8.25, 14.375, 8.375, 14.75], "texture": "#0"},
				"south": {"uv": [8.125, 14.375, 8.375, 14.75], "texture": "#0"},
				"west": {"uv": [8.125, 14.375, 8.25, 14.75], "texture": "#0"},
				"up": {"uv": [8.125, 14.375, 8.375, 14.5], "texture": "#0"},
				"down": {"uv": [8.125, 14.625, 8.375, 14.75], "texture": "#0"}
			}
		},
		{
			"name": "hornets_needle_32",
			"from": [7.625, 1.875, 7.9],
			"to": [7.75, 2, 8.325],
			"faces": {
				"north": {"uv": [7.75, 14.5, 7.625, 14.625], "texture": "#0"},
				"east": {"uv": [7.625, 14.5, 7.75, 14.625], "texture": "#0"},
				"south": {"uv": [7.625, 14.5, 7.75, 14.625], "texture": "#0"},
				"west": {"uv": [7.625, 14.5, 7.75, 14.625], "texture": "#0"},
				"up": {"uv": [7.625, 14.5, 7.75, 14.625], "texture": "#0"},
				"down": {"uv": [7.625, 14.5, 7.75, 14.625], "texture": "#0"}
			}
		},
		{
			"name": "hornets_needle_33",
			"from": [8, 1.875, 7.9],
			"to": [8.125, 2, 8.325],
			"faces": {
				"north": {"uv": [8.125, 14.5, 8, 14.625], "texture": "#0"},
				"east": {"uv": [8, 14.5, 8.125, 14.625], "texture": "#0"},
				"south": {"uv": [8, 14.5, 8.125, 14.625], "texture": "#0"},
				"west": {"uv": [8, 14.5, 8.125, 14.625], "texture": "#0"},
				"up": {"uv": [8, 14.5, 8.125, 14.625], "texture": "#0"},
				"down": {"uv": [8, 14.5, 8.125, 14.625], "texture": "#0"}
			}
		},
		{
			"name": "hornets_needle_34",
			"from": [7.25, 1.375, 7.9],
			"to": [7.375, 1.875, 8.325],
			"faces": {
				"north": {"uv": [7.375, 14.625, 7.25, 15.125], "texture": "#0"},
				"east": {"uv": [7.25, 14.625, 7.375, 15.125], "texture": "#0"},
				"south": {"uv": [7.25, 14.625, 7.375, 15.125], "texture": "#0"},
				"west": {"uv": [7.25, 14.625, 7.375, 15.125], "texture": "#0"},
				"up": {"uv": [7.25, 14.625, 7.375, 14.75], "texture": "#0"},
				"down": {"uv": [7.25, 15, 7.375, 15.125], "texture": "#0"}
			}
		},
		{
			"name": "hornets_needle_35",
			"from": [8.375, 1.375, 7.9],
			"to": [8.5, 1.875, 8.325],
			"faces": {
				"north": {"uv": [8.5, 14.625, 8.375, 15.125], "texture": "#0"},
				"east": {"uv": [8.375, 14.625, 8.5, 15.125], "texture": "#0"},
				"south": {"uv": [8.375, 14.625, 8.5, 15.125], "texture": "#0"},
				"west": {"uv": [8.375, 14.625, 8.5, 15.125], "texture": "#0"},
				"up": {"uv": [8.375, 14.625, 8.5, 14.75], "texture": "#0"},
				"down": {"uv": [8.375, 15, 8.5, 15.125], "texture": "#0"}
			}
		},
		{
			"name": "hornets_needle_36",
			"from": [7.375, 1.125, 7.9],
			"to": [7.5, 1.75, 8.325],
			"faces": {
				"north": {"uv": [7.5, 14.75, 7.375, 15.375], "texture": "#0"},
				"east": {"uv": [7.375, 14.75, 7.5, 15.375], "texture": "#0"},
				"south": {"uv": [7.375, 14.75, 7.5, 15.375], "texture": "#0"},
				"west": {"uv": [7.375, 14.75, 7.5, 15.375], "texture": "#0"},
				"up": {"uv": [7.375, 14.75, 7.5, 14.875], "texture": "#0"},
				"down": {"uv": [7.375, 15.25, 7.5, 15.375], "texture": "#0"}
			}
		},
		{
			"name": "hornets_needle_37",
			"from": [8.25, 1.125, 7.9],
			"to": [8.375, 1.75, 8.325],
			"faces": {
				"north": {"uv": [8.375, 14.75, 8.25, 15.375], "texture": "#0"},
				"east": {"uv": [8.25, 14.75, 8.375, 15.375], "texture": "#0"},
				"south": {"uv": [8.25, 14.75, 8.375, 15.375], "texture": "#0"},
				"west": {"uv": [8.25, 14.75, 8.375, 15.375], "texture": "#0"},
				"up": {"uv": [8.25, 14.75, 8.375, 14.875], "texture": "#0"},
				"down": {"uv": [8.25, 15.25, 8.375, 15.375], "texture": "#0"}
			}
		},
		{
			"name": "hornets_needle_38",
			"from": [7.5, 1.125, 7.9],
			"to": [7.625, 1.5, 8.325],
			"faces": {
				"north": {"uv": [7.625, 15, 7.5, 15.375], "texture": "#0"},
				"east": {"uv": [7.5, 15, 7.625, 15.375], "texture": "#0"},
				"south": {"uv": [7.5, 15, 7.625, 15.375], "texture": "#0"},
				"west": {"uv": [7.5, 15, 7.625, 15.375], "texture": "#0"},
				"up": {"uv": [7.5, 15, 7.625, 15.125], "texture": "#0"},
				"down": {"uv": [7.5, 15.25, 7.625, 15.375], "texture": "#0"}
			}
		},
		{
			"name": "hornets_needle_39",
			"from": [8.125, 1.125, 7.9],
			"to": [8.25, 1.5, 8.325],
			"faces": {
				"north": {"uv": [8.25, 15, 8.125, 15.375], "texture": "#0"},
				"east": {"uv": [8.125, 15, 8.25, 15.375], "texture": "#0"},
				"south": {"uv": [8.125, 15, 8.25, 15.375], "texture": "#0"},
				"west": {"uv": [8.125, 15, 8.25, 15.375], "texture": "#0"},
				"up": {"uv": [8.125, 15, 8.25, 15.125], "texture": "#0"},
				"down": {"uv": [8.125, 15.25, 8.25, 15.375], "texture": "#0"}
			}
		},
		{
			"name": "hornets_needle_40",
			"from": [7.625, 1, 7.9],
			"to": [7.75, 1.375, 8.325],
			"faces": {
				"north": {"uv": [7.75, 15.125, 7.625, 15.5], "texture": "#0"},
				"east": {"uv": [7.625, 15.125, 7.75, 15.5], "texture": "#0"},
				"south": {"uv": [7.625, 15.125, 7.75, 15.5], "texture": "#0"},
				"west": {"uv": [7.625, 15.125, 7.75, 15.5], "texture": "#0"},
				"up": {"uv": [7.625, 15.125, 7.75, 15.25], "texture": "#0"},
				"down": {"uv": [7.625, 15.375, 7.75, 15.5], "texture": "#0"}
			}
		},
		{
			"name": "hornets_needle_41",
			"from": [8, 1, 7.9],
			"to": [8.125, 1.375, 8.325],
			"faces": {
				"north": {"uv": [8.125, 15.125, 8, 15.5], "texture": "#0"},
				"east": {"uv": [8, 15.125, 8.125, 15.5], "texture": "#0"},
				"south": {"uv": [8, 15.125, 8.125, 15.5], "texture": "#0"},
				"west": {"uv": [8, 15.125, 8.125, 15.5], "texture": "#0"},
				"up": {"uv": [8, 15.125, 8.125, 15.25], "texture": "#0"},
				"down": {"uv": [8, 15.375, 8.125, 15.5], "texture": "#0"}
			}
		},
		{
			"name": "hornets_needle_42",
			"from": [7.75, 1, 7.9],
			"to": [8, 1.25, 8.325],
			"faces": {
				"north": {"uv": [8, 15.25, 7.75, 15.5], "texture": "#0"},
				"east": {"uv": [7.875, 15.25, 8, 15.5], "texture": "#0"},
				"south": {"uv": [7.75, 15.25, 8, 15.5], "texture": "#0"},
				"west": {"uv": [7.75, 15.25, 7.875, 15.5], "texture": "#0"},
				"up": {"uv": [7.75, 15.25, 8, 15.375], "texture": "#0"},
				"down": {"uv": [7.75, 15.375, 8, 15.5], "texture": "#0"}
			}
		}
	],
	"gui_light": "front",
	"display": {
		"thirdperson_righthand": {
			"rotation": [0, -90, 0],
			"translation": [0, 6, 1.75],
			"scale": [3.5, 3.5, 3]
		},
		"thirdperson_lefthand": {
			"rotation": [0, -90, 0],
			"translation": [0, 6, 1.75],
			"scale": [3.5, 3.5, 3]
		},
		"firstperson_righthand": {
			"rotation": [0, -90, -4],
			"translation": [0.75, 6.25, 2],
			"scale": [2, 2, 1.75]
		},
		"firstperson_lefthand": {
			"rotation": [0, 90, 1],
			"translation": [1.5, 6.75, 1.25],
			"scale": [2, 2, 1.75]
		},
		"ground": {
			"translation": [0, 8.5, 0],
			"scale": [2.5, 2.5, 2.5]
		},
		"gui": {
			"rotation": [0, 0, -42],
			"translation": [1.5, 1.5, 0],
			"scale": [2, 2, 1]
		},
		"head": {
			"rotation": [0, 0, 134],
			"translation": [0, -10.5, 3.5],
			"scale": [4, 4, 4]
		},
		"fixed": {
			"rotation": [-180, 0, 138],
			"translation": [-1.25, 1.75, -0.75],
			"scale": [4, 4, 3]
		}
	},
	"groups": [
		{
			"name": "hornets_needle",
			"origin": [8, 8, 8],
			"color": 0,
			"children": [0, 1, 2, 3, 4, 5, 6, 7, 8, 9, 10, 11, 12, 13, 14, 15, 16, 17, 18, 19, 20, 21, 22, 23, 24, 25, 26, 27, 28, 29, 30, 31, 32, 33, 34, 35, 36, 37, 38, 39, 40, 41, 42]
		}
	]
}