{
	"credit": "Made with Blockbench",
	"textures": {
		"0": "prominent:item/transmog/jadehalberd",
		"particle": "prominent:item/transmog/jadehalberd"
	},
	"elements": [
		{
			"from": [7.75, 17.25, 8.75],
			"to": [9, 17.75, 10],
			"faces": {
				"north": {"uv": [7.625, 5.625, 8.25, 5.875], "texture": "#0"},
				"east": {"uv": [7.625, 5.625, 8.25, 5.875], "texture": "#0"},
				"south": {"uv": [7.625, 5.625, 8.25, 5.875], "texture": "#0"},
				"west": {"uv": [7.625, 5.625, 8.25, 5.875], "texture": "#0"},
				"up": {"uv": [8.125, 5.625, 8.25, 5.75], "texture": "#0"},
				"down": {"uv": [8.125, 5.75, 8.25, 5.875], "texture": "#0"}
			}
		},
		{
			"from": [7.75, -1.75, 8.75],
			"to": [9, -1, 10],
			"faces": {
				"north": {"uv": [7.625, 15, 8.25, 15.375], "texture": "#0"},
				"east": {"uv": [7.625, 15, 8.25, 15.375], "texture": "#0"},
				"south": {"uv": [7.625, 15, 8.25, 15.375], "texture": "#0"},
				"west": {"uv": [7.625, 15, 8.25, 15.375], "texture": "#0"},
				"up": {"uv": [8.125, 15, 8.25, 15.125], "texture": "#0"},
				"down": {"uv": [8.125, 15.25, 8.25, 15.375], "texture": "#0"}
			}
		},
		{
			"from": [8, -2, 9],
			"to": [8.75, -1.75, 9.75],
			"faces": {
				"north": {"uv": [7.75, 15.375, 8.125, 15.5], "texture": "#0"},
				"east": {"uv": [7.75, 15.375, 8.125, 15.5], "texture": "#0"},
				"south": {"uv": [7.75, 15.375, 8.125, 15.5], "texture": "#0"},
				"west": {"uv": [7.75, 15.375, 8.125, 15.5], "texture": "#0"},
				"up": {"uv": [8.125, 5.625, 8.25, 5.75], "texture": "#missing"},
				"down": {"uv": [8.125, 15.25, 8.25, 15.375], "texture": "#0"}
			}
		},
		{
			"from": [7.75, 18, 8.75],
			"to": [9, 18.5, 10],
			"faces": {
				"north": {"uv": [7.625, 5.625, 8.25, 5.875], "texture": "#0"},
				"east": {"uv": [7.625, 5.625, 8.25, 5.875], "texture": "#0"},
				"south": {"uv": [7.625, 5.625, 8.25, 5.875], "texture": "#0"},
				"west": {"uv": [7.625, 5.625, 8.25, 5.875], "texture": "#0"},
				"up": {"uv": [8.125, 5.625, 8.25, 5.75], "texture": "#0"},
				"down": {"uv": [8.125, 5.75, 8.25, 5.875], "texture": "#0"}
			}
		},
		{
			"from": [7.87, 18.75, 8.75],
			"to": [8.87, 19.5, 10],
			"faces": {
				"north": {"uv": [7.625, 4.75, 8.25, 5.125], "texture": "#0"},
				"east": {"uv": [7.625, 4.75, 8.25, 5.125], "texture": "#0"},
				"south": {"uv": [7.625, 4.75, 8.25, 5.125], "texture": "#0"},
				"west": {"uv": [8.25, 4.75, 7.625, 5.125], "texture": "#0"},
				"up": {"uv": [8.5, 4.5, 8.625, 4.625], "texture": "#0"},
				"down": {"uv": [8.5, 4.5, 8.625, 4.625], "texture": "#0"}
			}
		},
		{
			"from": [7.87, 19.5, 9],
			"to": [8.87, 21.25, 9.75],
			"faces": {
				"north": {"uv": [7.625, 4, 7.75, 4.125], "texture": "#0"},
				"east": {"uv": [7.75, 3.875, 8.125, 4.75], "texture": "#0"},
				"south": {"uv": [7.625, 4, 7.75, 4.125], "texture": "#0"},
				"west": {"uv": [8.125, 3.875, 7.75, 4.75], "texture": "#0"},
				"up": {"uv": [7.625, 4, 7.75, 4.125], "texture": "#0"},
				"down": {"uv": [8.125, 5.75, 8.25, 5.875], "texture": "#missing"}
			}
		},
		{
			"from": [7.87, 19.75, 9.75],
			"to": [8.87, 21, 10],
			"faces": {
				"north": {"uv": [7.625, 5.625, 8.25, 5.875], "texture": "#missing"},
				"east": {"uv": [7.625, 4, 7.75, 4.625], "texture": "#0"},
				"south": {"uv": [7.625, 4, 7.75, 4.125], "texture": "#0"},
				"west": {"uv": [7.75, 4, 7.625, 4.625], "texture": "#0"},
				"up": {"uv": [7.625, 4, 7.75, 4.125], "texture": "#0"},
				"down": {"uv": [7.625, 4, 7.75, 4.125], "texture": "#0"}
			}
		},
		{
			"from": [7.87, 19.75, 8.75],
			"to": [8.87, 21, 9],
			"faces": {
				"north": {"uv": [7.625, 4, 7.75, 4.125], "texture": "#0"},
				"east": {"uv": [8.125, 4, 8.25, 4.625], "texture": "#0"},
				"south": {"uv": [7.625, 5.625, 8.25, 5.875], "texture": "#missing"},
				"west": {"uv": [8.25, 4, 8.125, 4.625], "texture": "#0"},
				"up": {"uv": [7.625, 4, 7.75, 4.125], "texture": "#0"},
				"down": {"uv": [7.625, 4, 7.75, 4.125], "texture": "#0"}
			}
		},
		{
			"from": [8.12, 20.75, 8.4999],
			"to": [8.62, 22.75, 9.2499],
			"faces": {
				"north": {"uv": [8.375, 3.25, 8.5, 3.375], "texture": "#0"},
				"east": {"uv": [8, 3.125, 8.375, 4.125], "texture": "#0"},
				"south": {"uv": [8, 2.625, 8.125, 2.75], "texture": "#0"},
				"west": {"uv": [8.375, 3.125, 8, 4.125], "texture": "#0"},
				"up": {"uv": [8, 2.625, 8.125, 2.75], "texture": "#0"},
				"down": {"uv": [8.125, 5.75, 8.25, 5.875], "texture": "#missing"}
			}
		},
		{
			"from": [8.12, 21.75, 8.25],
			"to": [8.62, 22.75, 8.5],
			"faces": {
				"north": {"uv": [8.375, 3.25, 8.5, 3.375], "texture": "#0"},
				"east": {"uv": [8.375, 3.125, 8.5, 3.625], "texture": "#0"},
				"south": {"uv": [7.625, 5.625, 8.25, 5.875], "texture": "#missing"},
				"west": {"uv": [8.5, 3.125, 8.375, 3.625], "texture": "#0"},
				"up": {"uv": [8.125, 5.625, 8.25, 5.75], "texture": "#missing"},
				"down": {"uv": [8.375, 3.25, 8.5, 3.375], "texture": "#0"}
			}
		},
		{
			"from": [8.12, 22.75, 8],
			"to": [8.62, 23, 9],
			"faces": {
				"north": {"uv": [8.375, 3.25, 8.5, 3.375], "texture": "#0"},
				"east": {"uv": [8.125, 3, 8.625, 3.125], "texture": "#0"},
				"south": {"uv": [8, 2.625, 8.125, 2.75], "texture": "#0"},
				"west": {"uv": [8.625, 3, 8.125, 3.125], "texture": "#0"},
				"up": {"uv": [8.125, 5.625, 8.25, 5.75], "texture": "#missing"},
				"down": {"uv": [8.375, 3.25, 8.5, 3.375], "texture": "#0"}
			}
		},
		{
			"from": [8.12, 23, 7.75],
			"to": [8.62, 23.25, 9.25],
			"faces": {
				"north": {"uv": [8.375, 3.25, 8.5, 3.375], "texture": "#0"},
				"east": {"uv": [8, 2.875, 8.75, 3], "texture": "#0"},
				"south": {"uv": [8, 2.625, 8.125, 2.75], "texture": "#0"},
				"west": {"uv": [8.75, 2.875, 8, 3], "texture": "#0"},
				"up": {"uv": [8.125, 5.625, 8.25, 5.75], "texture": "#missing"},
				"down": {"uv": [8.375, 3.25, 8.5, 3.375], "texture": "#0"}
			}
		},
		{
			"from": [8.12, 23.25, 7.5],
			"to": [8.62, 23.5, 9.25],
			"faces": {
				"north": {"uv": [8.375, 3.25, 8.5, 3.375], "texture": "#0"},
				"east": {"uv": [8, 2.75, 8.875, 2.875], "texture": "#0"},
				"south": {"uv": [8, 2.625, 8.125, 2.75], "texture": "#0"},
				"west": {"uv": [8.875, 2.75, 8, 2.875], "texture": "#0"},
				"up": {"uv": [8.125, 5.625, 8.25, 5.75], "texture": "#missing"},
				"down": {"uv": [8.375, 3.25, 8.5, 3.375], "texture": "#0"}
			}
		},
		{
			"from": [8.12, 23.5, 7.25],
			"to": [8.62, 23.75, 9.25],
			"faces": {
				"north": {"uv": [8, 2.625, 8.125, 2.75], "texture": "#0"},
				"east": {"uv": [8, 2.625, 9, 2.75], "texture": "#0"},
				"south": {"uv": [8, 2.625, 8.125, 2.75], "texture": "#0"},
				"west": {"uv": [9, 2.625, 8, 2.75], "texture": "#0"},
				"up": {"uv": [8, 2.625, 8.125, 2.75], "texture": "#0"},
				"down": {"uv": [8, 2.625, 8.125, 2.75], "texture": "#0"}
			}
		},
		{
			"from": [8.12, 23.75, 8.25],
			"to": [8.62, 24, 9.25],
			"faces": {
				"north": {"uv": [8.375, 2.5, 8.5, 2.625], "texture": "#0"},
				"east": {"uv": [8, 2.625, 8.5, 2.75], "texture": "#0"},
				"south": {"uv": [8, 2.625, 8.125, 2.75], "texture": "#0"},
				"west": {"uv": [8.5, 2.625, 8, 2.75], "texture": "#0"},
				"up": {"uv": [8, 2.625, 8.125, 2.75], "texture": "#0"},
				"down": {"uv": [8.125, 5.75, 8.25, 5.875], "texture": "#missing"}
			}
		},
		{
			"from": [8.12, 24, 8.25],
			"to": [8.62, 24.5, 9],
			"faces": {
				"north": {"uv": [8.375, 2.5, 8.5, 2.625], "texture": "#0"},
				"east": {"uv": [8.125, 2.25, 8.5, 2.5], "texture": "#0"},
				"south": {"uv": [8, 2.625, 8.125, 2.75], "texture": "#0"},
				"west": {"uv": [8.5, 2.25, 8.125, 2.5], "texture": "#0"},
				"up": {"uv": [8, 2.625, 8.125, 2.75], "texture": "#0"},
				"down": {"uv": [8.125, 5.75, 8.25, 5.875], "texture": "#missing"}
			}
		},
		{
			"from": [8.12, 24.5, 8],
			"to": [8.62, 24.75, 8.5],
			"faces": {
				"north": {"uv": [8, 2.625, 8.125, 2.75], "texture": "#0"},
				"east": {"uv": [8.375, 2.125, 8.625, 2.25], "texture": "#0"},
				"south": {"uv": [8, 2.625, 8.125, 2.75], "texture": "#0"},
				"west": {"uv": [8.625, 2.125, 8.375, 2.25], "texture": "#0"},
				"up": {"uv": [8, 2.625, 8.125, 2.75], "texture": "#0"},
				"down": {"uv": [8, 2.625, 8.125, 2.75], "texture": "#0"}
			}
		},
		{
			"from": [7.87, 20, 8.5],
			"to": [8.87, 20.75, 8.75],
			"faces": {
				"north": {"uv": [7.75, 3.875, 8.125, 4.25], "texture": "#0"},
				"east": {"uv": [8.25, 4.125, 8.375, 4.5], "texture": "#0"},
				"south": {"uv": [7.625, 5.625, 8.25, 5.875], "texture": "#missing"},
				"west": {"uv": [8.375, 4.125, 8.25, 4.5], "texture": "#0"},
				"up": {"uv": [7.625, 4, 7.75, 4.125], "texture": "#0"},
				"down": {"uv": [7.625, 4, 7.75, 4.125], "texture": "#0"}
			}
		},
		{
			"from": [7.87, 20, 10],
			"to": [8.87, 20.75, 10.25],
			"faces": {
				"north": {"uv": [7.625, 5.625, 8.25, 5.875], "texture": "#missing"},
				"east": {"uv": [7.5, 4.125, 7.625, 4.5], "texture": "#0"},
				"south": {"uv": [7.75, 3.875, 8.125, 4.25], "texture": "#0"},
				"west": {"uv": [7.625, 4.125, 7.5, 4.5], "texture": "#0"},
				"up": {"uv": [7.625, 4, 7.75, 4.125], "texture": "#0"},
				"down": {"uv": [7.625, 4, 7.75, 4.125], "texture": "#0"}
			}
		},
		{
			"from": [8, 19.25, 10],
			"to": [8.75, 19.5, 10.25],
			"faces": {
				"north": {"uv": [7.625, 5.625, 8.25, 5.875], "texture": "#missing"},
				"east": {"uv": [7.5, 4.75, 7.625, 4.875], "texture": "#0"},
				"south": {"uv": [8.5, 4.5, 8.625, 4.625], "texture": "#0"},
				"west": {"uv": [7.625, 4.75, 7.5, 4.875], "texture": "#0"},
				"up": {"uv": [8.125, 5.625, 8.25, 5.75], "texture": "#missing"},
				"down": {"uv": [8.5, 4.5, 8.625, 4.625], "texture": "#0"}
			}
		},
		{
			"from": [8, 19.25, 8.5],
			"to": [8.75, 19.5, 8.75],
			"faces": {
				"north": {"uv": [8.5, 4.5, 8.625, 4.625], "texture": "#0"},
				"east": {"uv": [8.25, 4.75, 8.375, 4.875], "texture": "#0"},
				"south": {"uv": [7.625, 5.625, 8.25, 5.875], "texture": "#missing"},
				"west": {"uv": [7.625, 4.75, 7.5, 4.875], "texture": "#0"},
				"up": {"uv": [8.125, 5.625, 8.25, 5.75], "texture": "#missing"},
				"down": {"uv": [8.5, 4.5, 8.625, 4.625], "texture": "#0"}
			}
		},
		{
			"from": [8, 19.75, 11.25],
			"to": [8.75, 20, 11.5],
			"faces": {
				"north": {"uv": [8.5, 4.5, 8.625, 4.625], "texture": "#0"},
				"east": {"uv": [6.875, 4.5, 7, 4.625], "texture": "#0"},
				"south": {"uv": [8.875, 4.5, 9, 4.625], "texture": "#0"},
				"west": {"uv": [7, 4.5, 6.875, 4.625], "texture": "#0"},
				"up": {"uv": [8.125, 5.625, 8.25, 5.75], "texture": "#missing"},
				"down": {"uv": [8.5, 4.5, 8.625, 4.625], "texture": "#0"}
			}
		},
		{
			"from": [8, 19.75, 7.25],
			"to": [8.75, 20, 7.5],
			"faces": {
				"north": {"uv": [8.875, 4.5, 9, 4.625], "texture": "#0"},
				"east": {"uv": [8.875, 4.5, 9, 4.625], "texture": "#0"},
				"south": {"uv": [8.5, 4.5, 8.625, 4.625], "texture": "#0"},
				"west": {"uv": [9, 4.5, 8.875, 4.625], "texture": "#0"},
				"up": {"uv": [8.125, 5.625, 8.25, 5.75], "texture": "#missing"},
				"down": {"uv": [8.5, 4.5, 8.625, 4.625], "texture": "#0"}
			}
		},
		{
			"from": [8, 19.5, 9.75],
			"to": [8.75, 19.75, 10.5],
			"faces": {
				"north": {"uv": [7.625, 5.625, 8.25, 5.875], "texture": "#missing"},
				"east": {"uv": [7.375, 4.625, 7.75, 4.75], "texture": "#0"},
				"south": {"uv": [8.5, 4.5, 8.625, 4.625], "texture": "#0"},
				"west": {"uv": [7.75, 4.625, 7.375, 4.75], "texture": "#0"},
				"up": {"uv": [8.125, 5.625, 8.25, 5.75], "texture": "#missing"},
				"down": {"uv": [8.5, 4.5, 8.625, 4.625], "texture": "#0"}
			}
		},
		{
			"from": [8, 19.5, 8.25],
			"to": [8.75, 19.75, 9],
			"faces": {
				"north": {"uv": [8.5, 4.5, 8.625, 4.625], "texture": "#0"},
				"east": {"uv": [8.125, 4.625, 8.5, 4.75], "texture": "#0"},
				"south": {"uv": [7.625, 5.625, 8.25, 5.875], "texture": "#missing"},
				"west": {"uv": [8.5, 4.625, 8.125, 4.75], "texture": "#0"},
				"up": {"uv": [8.125, 5.625, 8.25, 5.75], "texture": "#missing"},
				"down": {"uv": [8.5, 4.5, 8.625, 4.625], "texture": "#0"}
			}
		},
		{
			"from": [8, 19.75, 10],
			"to": [8.75, 20, 10.75],
			"faces": {
				"north": {"uv": [7.625, 5.625, 8.25, 5.875], "texture": "#missing"},
				"east": {"uv": [7.25, 4.5, 7.625, 4.625], "texture": "#0"},
				"south": {"uv": [8.5, 4.5, 8.625, 4.625], "texture": "#0"},
				"west": {"uv": [7.625, 4.5, 7.25, 4.625], "texture": "#0"},
				"up": {"uv": [8.125, 5.625, 8.25, 5.75], "texture": "#missing"},
				"down": {"uv": [8.5, 4.5, 8.625, 4.625], "texture": "#0"}
			}
		},
		{
			"from": [8, 19.75, 8],
			"to": [8.75, 20, 8.75],
			"faces": {
				"north": {"uv": [8.5, 4.5, 8.625, 4.625], "texture": "#0"},
				"east": {"uv": [8.25, 4.5, 8.625, 4.625], "texture": "#0"},
				"south": {"uv": [7.625, 5.625, 8.25, 5.875], "texture": "#missing"},
				"west": {"uv": [8.625, 4.5, 8.25, 4.625], "texture": "#0"},
				"up": {"uv": [8.125, 5.625, 8.25, 5.75], "texture": "#missing"},
				"down": {"uv": [8.5, 4.5, 8.625, 4.625], "texture": "#0"}
			}
		},
		{
			"from": [8, 20.25, 10.5],
			"to": [8.75, 20.5, 11.25],
			"faces": {
				"north": {"uv": [8.625, 4.25, 8.75, 4.375], "texture": "#0"},
				"east": {"uv": [7, 4.25, 7.375, 4.375], "texture": "#0"},
				"south": {"uv": [8.625, 4.25, 8.75, 4.375], "texture": "#0"},
				"west": {"uv": [7.375, 4.25, 7, 4.375], "texture": "#0"},
				"up": {"uv": [8.625, 4.25, 8.75, 4.375], "texture": "#0"},
				"down": {"uv": [8.125, 5.75, 8.25, 5.875], "texture": "#missing"}
			}
		},
		{
			"from": [8, 20.25, 7.5],
			"to": [8.75, 20.5, 8.25],
			"faces": {
				"north": {"uv": [8.625, 4.25, 8.75, 4.375], "texture": "#0"},
				"east": {"uv": [8.5, 4.25, 8.875, 4.375], "texture": "#0"},
				"south": {"uv": [8.625, 4.25, 8.75, 4.375], "texture": "#0"},
				"west": {"uv": [8.875, 4.25, 8.5, 4.375], "texture": "#0"},
				"up": {"uv": [8.625, 4.25, 8.75, 4.375], "texture": "#0"},
				"down": {"uv": [8.125, 5.75, 8.25, 5.875], "texture": "#missing"}
			}
		},
		{
			"from": [8, 20, 10.25],
			"to": [8.75, 20.25, 11.5],
			"faces": {
				"north": {"uv": [7.625, 5.625, 8.25, 5.875], "texture": "#missing"},
				"east": {"uv": [6.875, 4.375, 7.5, 4.5], "texture": "#0"},
				"south": {"uv": [7.625, 4, 7.75, 4.125], "texture": "#0"},
				"west": {"uv": [7.5, 4.375, 6.875, 4.5], "texture": "#0"},
				"up": {"uv": [8.625, 4.25, 8.75, 4.375], "texture": "#0"},
				"down": {"uv": [8.5, 4.5, 8.625, 4.625], "texture": "#0"}
			}
		},
		{
			"from": [8, 20, 7.25],
			"to": [8.75, 20.25, 8.5],
			"faces": {
				"north": {"uv": [7.625, 4, 7.75, 4.125], "texture": "#0"},
				"east": {"uv": [8.375, 4.375, 9, 4.5], "texture": "#0"},
				"south": {"uv": [7.625, 5.625, 8.25, 5.875], "texture": "#missing"},
				"west": {"uv": [9, 4.375, 8.375, 4.5], "texture": "#0"},
				"up": {"uv": [8.625, 4.25, 8.75, 4.375], "texture": "#0"},
				"down": {"uv": [8.5, 4.5, 8.625, 4.625], "texture": "#0"}
			}
		},
		{
			"from": [8, -1, 9],
			"to": [8.75, 18.75, 9.75],
			"faces": {
				"north": {"uv": [7.75, 5.125, 8.125, 15], "texture": "#0"},
				"east": {"uv": [7.75, 5.125, 8.125, 15], "texture": "#0"},
				"south": {"uv": [7.75, 5.125, 8.125, 15], "texture": "#0"},
				"west": {"uv": [7.75, 5.125, 8.125, 15], "texture": "#0"},
				"up": {"uv": [0, 0, 0.75, 0.75], "texture": "#missing"},
				"down": {"uv": [0, 0, 0.75, 0.75], "texture": "#missing"}
			}
		},
		{
			"from": [8.31, 21, 8.5001],
			"to": [8.435, 25, 10.2501],
			"faces": {
				"north": {"uv": [7.625, 5.625, 8.25, 5.875], "texture": "#missing"},
				"east": {"uv": [7.5, 2, 8.375, 4], "texture": "#0"},
				"south": {"uv": [7.5, 2, 7.625, 4], "texture": "#0"},
				"west": {"uv": [8.375, 2, 7.5, 4], "texture": "#0"},
				"up": {"uv": [7.75, 1.125, 7.875, 1.25], "texture": "#0"},
				"down": {"uv": [8.125, 5.75, 8.25, 5.875], "texture": "#missing"}
			}
		},
		{
			"from": [8.25, 21, 8.5],
			"to": [8.5, 24.75, 9.5],
			"faces": {
				"north": {"uv": [7.625, 5.625, 8.25, 5.875], "texture": "#missing"},
				"east": {"uv": [7.875, 2.125, 8.375, 4], "texture": "#0"},
				"south": {"uv": [7.875, 2.125, 8, 2.25], "texture": "#0"},
				"west": {"uv": [8.375, 2.125, 7.875, 4], "texture": "#0"},
				"up": {"uv": [7.875, 2.125, 8, 2.25], "texture": "#0"},
				"down": {"uv": [8.125, 5.75, 8.25, 5.875], "texture": "#missing"}
			}
		},
		{
			"from": [8.25, 24.75, 8.5],
			"to": [8.5, 25, 9.25],
			"faces": {
				"north": {"uv": [8.375, 1.625, 8.5, 1.75], "texture": "#0"},
				"east": {"uv": [8, 2, 8.375, 2.125], "texture": "#0"},
				"south": {"uv": [7.875, 2.125, 8, 2.25], "texture": "#0"},
				"west": {"uv": [8.375, 2, 8, 2.125], "texture": "#0"},
				"up": {"uv": [7.875, 2.125, 8, 2.25], "texture": "#0"},
				"down": {"uv": [8.125, 5.75, 8.25, 5.875], "texture": "#missing"}
			}
		},
		{
			"from": [8.25, 25, 8.25],
			"to": [8.5, 25.75, 9.25],
			"faces": {
				"north": {"uv": [8.375, 1.625, 8.5, 2], "texture": "#0"},
				"east": {"uv": [8, 1.625, 8.5, 2], "texture": "#0"},
				"south": {"uv": [7.875, 2.125, 8, 2.25], "texture": "#0"},
				"west": {"uv": [8.5, 1.625, 8, 2], "texture": "#0"},
				"up": {"uv": [7.875, 2.125, 8, 2.25], "texture": "#0"},
				"down": {"uv": [8.375, 1.625, 8.5, 1.75], "texture": "#0"}
			}
		},
		{
			"from": [8.25, 25.75, 8.25],
			"to": [8.5, 26, 9],
			"faces": {
				"north": {"uv": [8.375, 1.625, 8.5, 1.75], "texture": "#0"},
				"east": {"uv": [8.125, 1.5, 8.5, 1.625], "texture": "#0"},
				"south": {"uv": [7.875, 2.125, 8, 2.25], "texture": "#0"},
				"west": {"uv": [8.5, 1.5, 8.125, 1.625], "texture": "#0"},
				"up": {"uv": [8.125, 5.625, 8.25, 5.75], "texture": "#missing"},
				"down": {"uv": [8.125, 5.75, 8.25, 5.875], "texture": "#missing"}
			}
		},
		{
			"from": [8.25, 26, 8],
			"to": [8.5, 26.25, 9],
			"faces": {
				"north": {"uv": [8.375, 1.625, 8.5, 1.75], "texture": "#0"},
				"east": {"uv": [8.125, 1.375, 8.625, 1.5], "texture": "#0"},
				"south": {"uv": [7.875, 2.125, 8, 2.25], "texture": "#0"},
				"west": {"uv": [8.625, 1.375, 8.125, 1.5], "texture": "#0"},
				"up": {"uv": [7.875, 2.125, 8, 2.25], "texture": "#0"},
				"down": {"uv": [8.375, 1.625, 8.5, 1.75], "texture": "#0"}
			}
		},
		{
			"from": [8.25, 26.25, 8],
			"to": [8.5, 26.5, 8.75],
			"faces": {
				"north": {"uv": [8.375, 1.625, 8.5, 1.75], "texture": "#0"},
				"east": {"uv": [8.25, 1.25, 8.625, 1.375], "texture": "#0"},
				"south": {"uv": [7.875, 2.125, 8, 2.25], "texture": "#0"},
				"west": {"uv": [8.625, 1.25, 8.25, 1.375], "texture": "#0"},
				"up": {"uv": [7.875, 2.125, 8, 2.25], "texture": "#0"},
				"down": {"uv": [8.125, 5.75, 8.25, 5.875], "texture": "#missing"}
			}
		},
		{
			"from": [8.25, 26.5, 7.75],
			"to": [8.5, 26.75, 8.5],
			"faces": {
				"north": {"uv": [8.375, 1.625, 8.5, 1.75], "texture": "#0"},
				"east": {"uv": [8.375, 1.125, 8.75, 1.25], "texture": "#0"},
				"south": {"uv": [7.875, 2.125, 8, 2.25], "texture": "#0"},
				"west": {"uv": [8.75, 1.125, 8.375, 1.25], "texture": "#0"},
				"up": {"uv": [7.875, 2.125, 8, 2.25], "texture": "#0"},
				"down": {"uv": [8.375, 1.625, 8.5, 1.75], "texture": "#0"}
			}
		},
		{
			"from": [8.25, 26.75, 7.5],
			"to": [8.5, 27, 8.25],
			"faces": {
				"north": {"uv": [8.375, 1.625, 8.5, 1.75], "texture": "#0"},
				"east": {"uv": [8.5, 1, 8.875, 1.125], "texture": "#0"},
				"south": {"uv": [7.875, 2.125, 8, 2.25], "texture": "#0"},
				"west": {"uv": [8.875, 1, 8.5, 1.125], "texture": "#0"},
				"up": {"uv": [7.875, 2.125, 8, 2.25], "texture": "#0"},
				"down": {"uv": [8.375, 1.625, 8.5, 1.75], "texture": "#0"}
			}
		},
		{
			"from": [8.31, 25, 8.2501],
			"to": [8.435, 26, 10.0001],
			"faces": {
				"north": {"uv": [8.375, 1.625, 8.5, 1.75], "texture": "#0"},
				"east": {"uv": [7.625, 1.5, 8.5, 2], "texture": "#0"},
				"south": {"uv": [7.625, 1.5, 7.75, 2], "texture": "#0"},
				"west": {"uv": [8.5, 1.5, 7.625, 2], "texture": "#0"},
				"up": {"uv": [7.75, 1.125, 7.875, 1.25], "texture": "#0"},
				"down": {"uv": [8.375, 1.625, 8.5, 1.75], "texture": "#0"}
			}
		},
		{
			"from": [8.31, 26, 8.0001],
			"to": [8.435, 26.75, 9.7501],
			"faces": {
				"north": {"uv": [8.375, 1.625, 8.5, 1.75], "texture": "#0"},
				"east": {"uv": [7.75, 1.125, 8.625, 1.5], "texture": "#0"},
				"south": {"uv": [7.75, 1.125, 7.875, 1.5], "texture": "#0"},
				"west": {"uv": [8.625, 1.125, 7.75, 1.5], "texture": "#0"},
				"up": {"uv": [7.75, 1.125, 7.875, 1.25], "texture": "#0"},
				"down": {"uv": [8.375, 1.625, 8.5, 1.75], "texture": "#0"}
			}
		},
		{
			"from": [8.31, 26.75, 7.5001],
			"to": [8.435, 27, 9.5001],
			"faces": {
				"north": {"uv": [8.375, 1.625, 8.5, 1.75], "texture": "#0"},
				"east": {"uv": [7.875, 1, 8.875, 1.125], "texture": "#0"},
				"south": {"uv": [7.75, 1.125, 7.875, 1.25], "texture": "#0"},
				"west": {"uv": [8.875, 1, 7.875, 1.125], "texture": "#0"},
				"up": {"uv": [7.75, 1.125, 7.875, 1.25], "texture": "#0"},
				"down": {"uv": [8.375, 1.625, 8.5, 1.75], "texture": "#0"}
			}
		},
		{
			"from": [8.31, 27, 7.25],
			"to": [8.435, 27.25, 9.25],
			"faces": {
				"north": {"uv": [8.375, 1.625, 8.5, 1.75], "texture": "#0"},
				"east": {"uv": [8, 0.875, 9, 1], "texture": "#0"},
				"south": {"uv": [7.75, 1.125, 7.875, 1.25], "texture": "#0"},
				"west": {"uv": [9, 0.875, 8, 1], "texture": "#0"},
				"up": {"uv": [7.75, 1.125, 7.875, 1.25], "texture": "#0"},
				"down": {"uv": [8.375, 1.625, 8.5, 1.75], "texture": "#0"}
			}
		},
		{
			"from": [8.31, 27.25, 6.75],
			"to": [8.435, 27.5, 8.75],
			"faces": {
				"north": {"uv": [7.75, 1.125, 7.875, 1.25], "texture": "#0"},
				"east": {"uv": [8.25, 0.75, 9.25, 0.875], "texture": "#0"},
				"south": {"uv": [7.75, 1.125, 7.875, 1.25], "texture": "#0"},
				"west": {"uv": [9.25, 0.75, 8.25, 0.875], "texture": "#0"},
				"up": {"uv": [7.5, 2, 7.625, 3], "texture": "#0"},
				"down": {"uv": [7.75, 1.125, 7.875, 1.25], "texture": "#0"}
			}
		},
		{
			"from": [8.31, 27.5, 7.25],
			"to": [8.435, 27.75, 8.25],
			"faces": {
				"north": {"uv": [7.75, 1.125, 7.875, 1.25], "texture": "#0"},
				"east": {"uv": [8.5, 0.625, 9, 0.75], "texture": "#0"},
				"south": {"uv": [7.75, 1.125, 7.875, 1.25], "texture": "#0"},
				"west": {"uv": [9, 0.625, 8.5, 0.75], "texture": "#0"},
				"up": {"uv": [7.625, 1.5, 7.75, 2], "texture": "#0"},
				"down": {"uv": [8.125, 5.75, 8.25, 5.875], "texture": "#missing"}
			}
		}
	],
	"display": {
		"thirdperson_righthand": {
			"rotation": [0, -180, 0],
			"translation": [0.75, -7, 4],
			"scale": [1.8, 1.8, 1.8]
		},
		"thirdperson_lefthand": {
			"rotation": [0, -180, 0],
			"translation": [-0.5, -4, 3.75],
			"scale": [1.8, 1.8, 1.8]
		},
		"firstperson_righthand": {
			"rotation": [8, -180, 0],
			"translation": [1.75, -7.25, 1],
			"scale": [1.29, 1.29, 1.29]
		},
		"firstperson_lefthand": {
			"rotation": [8, -180, 0],
			"translation": [2.75, -5, -0.5],
			"scale": [1.29, 1.29, 1.29]
		},
		"ground": {
			"rotation": [0, 0, -45],
			"translation": [0, 3.3956, 0],
			"scale": [1.5, 1.5, 1.5]
		},
		"gui": {
			"rotation": [-90, -44, -90],
			"translation": [-4, -3.75, 0],
			"scale": [-1, 1, 1]
		},
		"head": {
			"rotation": [0, 0, 45],
			"translation": [0, 19, 0],
			"scale": [2, 2, 2]
		},
		"fixed": {
			"rotation": [-0.75, 94, 0.75],
			"translation": [-3, -8, -2.25],
			"scale": [2, 2, 2]
		}
	},
	"groups": [
		{
			"name": "handle",
			"origin": [8, 8, 8],
			"children": [0, 1, 2, 3, 4, 5, 6, 7, 8, 9, 10, 11, 12, 13, 14, 15, 16, 17, 18, 19, 20, 21, 22, 23, 24, 25, 26, 27, 28, 29, 30, 31]
		},
		{
			"name": "blade",
			"origin": [8, 8, 8],
			"children": [32, 33, 34, 35, 36, 37, 38, 39, 40, 41, 42, 43, 44, 45, 46]
		}
	]
}