{
	"credit": "Made with Blockbench",
	"textures": {
		"0": "prominent:item/transmog/katana",
		"particle": "prominent:item/transmog/katana"
	},
	"elements": [
		{
			"from": [8, 3, 8],
			"to": [9, 5.75, 8.75],
			"faces": {
				"north": {"uv": [7.875, 13, 8.375, 14.375], "texture": "#0"},
				"east": {"uv": [7.875, 13, 8.375, 14.375], "texture": "#0"},
				"south": {"uv": [7.875, 13, 8.375, 14.375], "texture": "#0"},
				"west": {"uv": [7.875, 13, 8.375, 14.375], "texture": "#0"},
				"up": {"uv": [7.875, 12.75, 8.25, 13], "texture": "#0"},
				"down": {"uv": [7.875, 14, 8.375, 14.375], "texture": "#0"}
			}
		},
		{
			"from": [8.25, 5.75, 8],
			"to": [9, 6.25, 8.75],
			"faces": {
				"north": {"uv": [7.875, 12.75, 8.25, 13], "texture": "#0"},
				"east": {"uv": [7.875, 12.75, 8.25, 13], "texture": "#0"},
				"south": {"uv": [8.25, 12.75, 7.875, 13], "texture": "#0"},
				"west": {"uv": [7.875, 12.75, 8.25, 13], "texture": "#0"},
				"up": {"uv": [0, 0, 1, 1], "texture": "#missing"},
				"down": {"uv": [0, 0, 1, 1], "texture": "#missing"}
			}
		},
		{
			"from": [8.25, 6.25, 8],
			"to": [9.25, 8.75, 8.75],
			"faces": {
				"north": {"uv": [7.75, 11.5, 8.25, 12.75], "texture": "#0"},
				"east": {"uv": [7.75, 11.5, 8.25, 12.75], "texture": "#0"},
				"south": {"uv": [7.75, 11.5, 8.25, 12.75], "texture": "#0"},
				"west": {"uv": [7.75, 11.5, 8.25, 12.75], "texture": "#0"},
				"up": {"uv": [0, 0, 1, 1], "texture": "#missing"},
				"down": {"uv": [7.875, 12.75, 8.25, 13], "texture": "#0"}
			}
		},
		{
			"from": [7.75, 8.75, 7.75],
			"to": [9.75, 9.25, 9],
			"faces": {
				"north": {"uv": [7.5, 11.25, 8.5, 11.5], "texture": "#0"},
				"east": {"uv": [7.625, 11.25, 8.375, 11.5], "texture": "#0"},
				"south": {"uv": [7.5, 11.25, 8.5, 11.5], "texture": "#0"},
				"west": {"uv": [7.625, 11.25, 8.375, 11.5], "texture": "#0"},
				"up": {"uv": [7.625, 11.25, 7.75, 11.375], "texture": "#0"},
				"down": {"uv": [7.625, 11.375, 7.75, 11.5], "texture": "#0"}
			}
		},
		{
			"from": [8.25, 9.25, 8.3],
			"to": [9.25, 17.5, 8.425],
			"faces": {
				"north": {"uv": [7.75, 7.125, 8.25, 11.25], "texture": "#0"},
				"east": {"uv": [7.875, 7.125, 7.75, 11.25], "texture": "#0"},
				"south": {"uv": [8.25, 7.125, 7.75, 11.25], "texture": "#0"},
				"west": {"uv": [0, 0, 1, 2.75], "texture": "#missing"},
				"up": {"uv": [7.875, 7.125, 7.75, 7.25], "texture": "#0"},
				"down": {"uv": [0, 0, 1, 1], "texture": "#missing"}
			}
		},
		{
			"from": [8.249, 9.25, 8.17],
			"to": [8.74901, 17.5, 8.545],
			"faces": {
				"north": {"uv": [8, 7.125, 8.25, 11.25], "texture": "#0"},
				"east": {"uv": [8, 7.125, 7.875, 11.25], "texture": "#0"},
				"south": {"uv": [8.25, 7.125, 8, 11.25], "texture": "#0"},
				"west": {"uv": [8.125, 7.125, 8.25, 11.25], "texture": "#0"},
				"up": {"uv": [8, 7.125, 7.875, 7.25], "texture": "#0"},
				"down": {"uv": [0, 0, 1, 1], "texture": "#missing"}
			}
		},
		{
			"from": [8, 17.5, 8.3],
			"to": [9, 22, 8.425],
			"faces": {
				"north": {"uv": [7.875, 4.875, 8.375, 7.125], "texture": "#0"},
				"east": {"uv": [8, 4.875, 7.875, 7.125], "texture": "#0"},
				"south": {"uv": [8.375, 4.875, 7.875, 7.125], "texture": "#0"},
				"west": {"uv": [0, 0, 1, 2.75], "texture": "#missing"},
				"up": {"uv": [7.875, 7.125, 7.75, 7.25], "texture": "#0"},
				"down": {"uv": [8.125, 7.25, 8.25, 7.375], "texture": "#0"}
			}
		},
		{
			"from": [7.999, 17.5, 8.17],
			"to": [8.499, 22, 8.545],
			"faces": {
				"north": {"uv": [8.125, 4.875, 8.375, 7.125], "texture": "#0"},
				"east": {"uv": [8.125, 4.875, 8, 7.125], "texture": "#0"},
				"south": {"uv": [8.375, 4.875, 8.125, 7.125], "texture": "#0"},
				"west": {"uv": [8.25, 4.875, 8.375, 7.125], "texture": "#0"},
				"up": {"uv": [8, 7.125, 7.875, 7.25], "texture": "#0"},
				"down": {"uv": [8.125, 7.25, 8.25, 7.375], "texture": "#0"}
			}
		},
		{
			"from": [7.75, 22, 8.3],
			"to": [8.75, 22.5, 8.425],
			"faces": {
				"north": {"uv": [8, 4.625, 8.5, 4.875], "texture": "#0"},
				"east": {"uv": [7.875, 7.125, 7.75, 7.25], "texture": "#0"},
				"south": {"uv": [8.5, 4.625, 8, 4.875], "texture": "#0"},
				"west": {"uv": [0, 0, 1, 2.75], "texture": "#missing"},
				"up": {"uv": [7.875, 7.125, 7.75, 7.25], "texture": "#0"},
				"down": {"uv": [8.125, 7.25, 8.25, 7.375], "texture": "#0"}
			}
		},
		{
			"from": [7.749, 22, 8.17],
			"to": [8.249, 22.5, 8.545],
			"faces": {
				"north": {"uv": [8.25, 4.625, 8.5, 4.875], "texture": "#0"},
				"east": {"uv": [8, 7.125, 7.875, 7.25], "texture": "#0"},
				"south": {"uv": [8.5, 4.625, 8.25, 4.875], "texture": "#0"},
				"west": {"uv": [8.125, 7.25, 8.25, 7.375], "texture": "#0"},
				"up": {"uv": [8, 7.125, 7.875, 7.25], "texture": "#0"},
				"down": {"uv": [8.125, 7.25, 8.25, 7.375], "texture": "#0"}
			}
		},
		{
			"from": [7.5, 22.5, 8.3],
			"to": [8.5, 23, 8.425],
			"faces": {
				"north": {"uv": [8.125, 4.375, 8.625, 4.625], "texture": "#0"},
				"east": {"uv": [7.875, 7.125, 7.75, 7.25], "texture": "#0"},
				"south": {"uv": [8.625, 4.375, 8.125, 4.625], "texture": "#0"},
				"west": {"uv": [0, 0, 1, 2.75], "texture": "#missing"},
				"up": {"uv": [7.875, 7.125, 7.75, 7.25], "texture": "#0"},
				"down": {"uv": [8.125, 7.25, 8.25, 7.375], "texture": "#0"}
			}
		},
		{
			"from": [7.499, 22.5, 8.17],
			"to": [7.999, 23, 8.545],
			"faces": {
				"north": {"uv": [8.375, 4.375, 8.625, 4.625], "texture": "#0"},
				"east": {"uv": [8, 7.125, 7.875, 7.25], "texture": "#0"},
				"south": {"uv": [8.625, 4.375, 8.375, 4.625], "texture": "#0"},
				"west": {"uv": [8.125, 7.25, 8.25, 7.375], "texture": "#0"},
				"up": {"uv": [8, 7.125, 7.875, 7.25], "texture": "#0"},
				"down": {"uv": [8.125, 7.25, 8.25, 7.375], "texture": "#0"}
			}
		},
		{
			"from": [7.5, 23, 8.3],
			"to": [8.25, 23.25, 8.425],
			"faces": {
				"north": {"uv": [8.25, 4.25, 8.625, 4.375], "texture": "#0"},
				"east": {"uv": [7.875, 7.125, 7.75, 7.25], "texture": "#0"},
				"south": {"uv": [8.625, 4.25, 8.25, 4.375], "texture": "#0"},
				"west": {"uv": [0, 0, 1, 2.75], "texture": "#missing"},
				"up": {"uv": [7.875, 7.125, 7.75, 7.25], "texture": "#0"},
				"down": {"uv": [0, 0, 1, 1], "texture": "#missing"}
			}
		},
		{
			"from": [7.499, 23, 8.17],
			"to": [7.749, 23.25, 8.545],
			"faces": {
				"north": {"uv": [8.5, 4.25, 8.625, 4.375], "texture": "#0"},
				"east": {"uv": [8, 7.125, 7.875, 7.25], "texture": "#0"},
				"south": {"uv": [8.625, 4.25, 8.5, 4.375], "texture": "#0"},
				"west": {"uv": [8.125, 7.25, 8.25, 7.375], "texture": "#0"},
				"up": {"uv": [8, 7.125, 7.875, 7.25], "texture": "#0"},
				"down": {"uv": [0, 0, 1, 1], "texture": "#missing"}
			}
		},
		{
			"from": [7.5, 23.25, 8.3],
			"to": [8, 23.5, 8.425],
			"faces": {
				"north": {"uv": [8.375, 4.125, 8.625, 4.25], "texture": "#0"},
				"east": {"uv": [7.875, 7.125, 7.75, 7.25], "texture": "#0"},
				"south": {"uv": [8.625, 4.125, 8.375, 4.25], "texture": "#0"},
				"west": {"uv": [8.5, 4, 8.625, 4.125], "texture": "#0"},
				"up": {"uv": [7.875, 7.125, 7.75, 7.25], "texture": "#0"},
				"down": {"uv": [0, 0, 1, 1], "texture": "#missing"}
			}
		},
		{
			"from": [7.5, 23.5, 8.3],
			"to": [7.75, 23.75, 8.425],
			"faces": {
				"north": {"uv": [8.5, 4, 8.625, 4.125], "texture": "#0"},
				"east": {"uv": [8.5, 4, 8.625, 4.125], "texture": "#0"},
				"south": {"uv": [8.5, 4, 8.625, 4.125], "texture": "#0"},
				"west": {"uv": [8.5, 4, 8.625, 4.125], "texture": "#0"},
				"up": {"uv": [8.5, 4, 8.625, 4.125], "texture": "#0"},
				"down": {"uv": [0, 0, 1, 1], "texture": "#missing"}
			}
		}
	],
	"display": {
		"thirdperson_righthand": {
			"rotation": [0, 90, 0],
			"translation": [-0.5, -0.25, 3],
			"scale": [1.53, 1.53, 1.53]
		},
		"thirdperson_lefthand": {
			"rotation": [0, -90, 0],
			"translation": [0.5, -0.25, 3],
			"scale": [1.53, 1.53, 1.53]
		},
		"firstperson_righthand": {
			"rotation": [12, 95, 0],
			"translation": [0, -0.25, 0.5]
		},
		"firstperson_lefthand": {
			"rotation": [9, -80, 0],
			"translation": [2, -0.25, 1]
		},
		"ground": {
			"rotation": [0, 0, -45],
			"translation": [0, 3.3956, 0],
			"scale": [1.5, 1.5, 1.5]
		},
		"gui": {
			"rotation": [0, 0, -45],
			"translation": [-4.75, -4, 0],
			"scale": [-1.2, 1.2, 1.2]
		},
		"head": {
			"rotation": [0, 0, 45],
			"translation": [0, 19, 0],
			"scale": [2, 2, 2]
		},
		"fixed": {
			"rotation": [0, 0, 45],
			"translation": [5.75, -6.75, -2],
			"scale": [2, 2, 2.2]
		}
	},
	"groups": [
		{
			"name": "hilt",
			"origin": [8, 8, 8],
			"children": [0, 1, 2, 3]
		},
		{
			"name": "blade",
			"origin": [8, 8, 8],
			"children": [4, 5, 6, 7, 8, 9, 10, 11, 12, 13, 14, 15]
		}
	]
}