{
	"credit": "Made with Blockbench",
	"textures": {
		"0": "prominent:item/transmog/longsword",
		"particle": "prominent:item/transmog/longsword"
	},
	"elements": [
		{
			"name": "longsword_1",
			"from": [7.875, 12.875, 7.9],
			"to": [8, 13.75, 8.025],
			"faces": {
				"north": {"uv": [8, 2.25, 7.875, 3.125], "texture": "#0"},
				"east": {"uv": [7.875, 2.25, 8, 3.125], "texture": "#0"},
				"south": {"uv": [7.875, 2.25, 8, 3.125], "texture": "#0"},
				"west": {"uv": [7.875, 2.25, 8, 3.125], "texture": "#0"},
				"up": {"uv": [7.875, 2.25, 8, 2.375], "texture": "#0"},
				"down": {"uv": [7.875, 3, 8, 3.125], "texture": "#0"}
			}
		},
		{
			"name": "longsword_2",
			"from": [7.75, 12.5, 7.9],
			"to": [7.875, 13.375, 8.025],
			"faces": {
				"north": {"uv": [7.875, 2.625, 7.75, 3.5], "texture": "#0"},
				"east": {"uv": [7.75, 2.625, 7.875, 3.5], "texture": "#0"},
				"south": {"uv": [7.75, 2.625, 7.875, 3.5], "texture": "#0"},
				"west": {"uv": [7.75, 2.625, 7.875, 3.5], "texture": "#0"},
				"up": {"uv": [7.75, 2.625, 7.875, 2.75], "texture": "#0"},
				"down": {"uv": [7.75, 3.375, 7.875, 3.5], "texture": "#0"}
			}
		},
		{
			"name": "longsword_3",
			"from": [8, 12.5, 7.9],
			"to": [8.125, 13.375, 8.025],
			"faces": {
				"north": {"uv": [8.125, 2.625, 8, 3.5], "texture": "#0"},
				"east": {"uv": [8, 2.625, 8.125, 3.5], "texture": "#0"},
				"south": {"uv": [8, 2.625, 8.125, 3.5], "texture": "#0"},
				"west": {"uv": [8, 2.625, 8.125, 3.5], "texture": "#0"},
				"up": {"uv": [8, 2.625, 8.125, 2.75], "texture": "#0"},
				"down": {"uv": [8, 3.375, 8.125, 3.5], "texture": "#0"}
			}
		},
		{
			"name": "longsword_4",
			"from": [7.875, 6, 7.85],
			"to": [8, 12.875, 8.075],
			"faces": {
				"north": {"uv": [7, 3.125, 6.875, 10], "texture": "#0"},
				"east": {"uv": [6.875, 3.125, 7, 10], "texture": "#0"},
				"south": {"uv": [6.875, 3.125, 7, 10], "texture": "#0"},
				"west": {"uv": [6.875, 3.125, 7, 10], "texture": "#0"},
				"up": {"uv": [6.875, 3.125, 7, 3.25], "texture": "#0"},
				"down": {"uv": [6.875, 9.875, 7, 10], "texture": "#0"}
			}
		},
		{
			"name": "longsword_5",
			"from": [7.625, 5.625, 7.9],
			"to": [7.75, 12.625, 8.025],
			"faces": {
				"north": {"uv": [7.75, 3.375, 7.625, 10.375], "texture": "#0"},
				"east": {"uv": [7.625, 3.375, 7.75, 10.375], "texture": "#0"},
				"south": {"uv": [7.625, 3.375, 7.75, 10.375], "texture": "#0"},
				"west": {"uv": [7.625, 3.375, 7.75, 10.375], "texture": "#0"},
				"up": {"uv": [7.625, 3.375, 7.75, 3.5], "texture": "#0"},
				"down": {"uv": [7.625, 10.25, 7.75, 10.375], "texture": "#0"}
			}
		},
		{
			"name": "longsword_6",
			"from": [8.125, 5.625, 7.9],
			"to": [8.25, 12.625, 8.025],
			"faces": {
				"north": {"uv": [8.25, 3.375, 8.125, 10.375], "texture": "#0"},
				"east": {"uv": [8.125, 3.375, 8.25, 10.375], "texture": "#0"},
				"south": {"uv": [8.125, 3.375, 8.25, 10.375], "texture": "#0"},
				"west": {"uv": [8.125, 3.375, 8.25, 10.375], "texture": "#0"},
				"up": {"uv": [8.125, 3.375, 8.25, 3.5], "texture": "#0"},
				"down": {"uv": [8.125, 10.25, 8.25, 10.375], "texture": "#0"}
			}
		},
		{
			"name": "longsword_7",
			"from": [7.75, 5.875, 7.85],
			"to": [7.875, 12.5, 8.075],
			"faces": {
				"north": {"uv": [6.875, 3.5, 6.75, 10.125], "texture": "#0"},
				"east": {"uv": [6.75, 3.5, 6.875, 10.125], "texture": "#0"},
				"south": {"uv": [6.75, 3.5, 6.875, 10.125], "texture": "#0"},
				"west": {"uv": [6.75, 3.5, 6.875, 10.125], "texture": "#0"},
				"up": {"uv": [6.75, 3.5, 6.875, 3.625], "texture": "#0"},
				"down": {"uv": [6.75, 10, 6.875, 10.125], "texture": "#0"}
			}
		},
		{
			"name": "longsword_8",
			"from": [8, 5.875, 7.85],
			"to": [8.125, 12.5, 8.075],
			"faces": {
				"north": {"uv": [7.125, 3.5, 7, 10.125], "texture": "#0"},
				"east": {"uv": [7, 3.5, 7.125, 10.125], "texture": "#0"},
				"south": {"uv": [7, 3.5, 7.125, 10.125], "texture": "#0"},
				"west": {"uv": [7, 3.5, 7.125, 10.125], "texture": "#0"},
				"up": {"uv": [7, 3.5, 7.125, 3.625], "texture": "#0"},
				"down": {"uv": [7, 10, 7.125, 10.125], "texture": "#0"}
			}
		},
		{
			"name": "longsword_9",
			"from": [6.5, 5.75, 7.75],
			"to": [6.75, 6, 8.175],
			"faces": {
				"north": {"uv": [9, 10, 8.75, 10.25], "texture": "#0"},
				"east": {"uv": [8.875, 10, 9, 10.25], "texture": "#0"},
				"south": {"uv": [8.75, 10, 9, 10.25], "texture": "#0"},
				"west": {"uv": [8.75, 10, 8.875, 10.25], "texture": "#0"},
				"up": {"uv": [8.75, 10, 9, 10.125], "texture": "#0"},
				"down": {"uv": [8.75, 10.125, 9, 10.25], "texture": "#0"}
			}
		},
		{
			"name": "longsword_10",
			"from": [7.875, 5.125, 7.75],
			"to": [8, 6, 8.175],
			"faces": {
				"north": {"uv": [10.25, 10, 10.125, 10.875], "texture": "#0"},
				"east": {"uv": [10.125, 10, 10.25, 10.875], "texture": "#0"},
				"south": {"uv": [10.125, 10, 10.25, 10.875], "texture": "#0"},
				"west": {"uv": [10.125, 10, 10.25, 10.875], "texture": "#0"},
				"up": {"uv": [10.125, 10, 10.25, 10.125], "texture": "#0"},
				"down": {"uv": [10.125, 10.75, 10.25, 10.875], "texture": "#0"}
			}
		},
		{
			"name": "longsword_11",
			"from": [9.125, 5.75, 7.75],
			"to": [9.375, 6, 8.175],
			"faces": {
				"north": {"uv": [11.625, 10, 11.375, 10.25], "texture": "#0"},
				"east": {"uv": [11.5, 10, 11.625, 10.25], "texture": "#0"},
				"south": {"uv": [11.375, 10, 11.625, 10.25], "texture": "#0"},
				"west": {"uv": [11.375, 10, 11.5, 10.25], "texture": "#0"},
				"up": {"uv": [11.375, 10, 11.625, 10.125], "texture": "#0"},
				"down": {"uv": [11.375, 10.125, 11.625, 10.25], "texture": "#0"}
			}
		},
		{
			"name": "longsword_12",
			"from": [7.75, 5.125, 7.75],
			"to": [7.875, 5.875, 8.175],
			"faces": {
				"north": {"uv": [10.125, 10.125, 10, 10.875], "texture": "#0"},
				"east": {"uv": [10, 10.125, 10.125, 10.875], "texture": "#0"},
				"south": {"uv": [10, 10.125, 10.125, 10.875], "texture": "#0"},
				"west": {"uv": [10, 10.125, 10.125, 10.875], "texture": "#0"},
				"up": {"uv": [10, 10.125, 10.125, 10.25], "texture": "#0"},
				"down": {"uv": [10, 10.75, 10.125, 10.875], "texture": "#0"}
			}
		},
		{
			"name": "longsword_13",
			"from": [8, 5.125, 7.75],
			"to": [8.125, 5.875, 8.175],
			"faces": {
				"north": {"uv": [10.375, 10.125, 10.25, 10.875], "texture": "#0"},
				"east": {"uv": [10.25, 10.125, 10.375, 10.875], "texture": "#0"},
				"south": {"uv": [10.25, 10.125, 10.375, 10.875], "texture": "#0"},
				"west": {"uv": [10.25, 10.125, 10.375, 10.875], "texture": "#0"},
				"up": {"uv": [10.25, 10.125, 10.375, 10.25], "texture": "#0"},
				"down": {"uv": [10.25, 10.75, 10.375, 10.875], "texture": "#0"}
			}
		},
		{
			"name": "longsword_14",
			"from": [6.625, 5.625, 7.75],
			"to": [7, 5.75, 8.175],
			"faces": {
				"north": {"uv": [9.25, 10.25, 8.875, 10.375], "texture": "#0"},
				"east": {"uv": [9.125, 10.25, 9.25, 10.375], "texture": "#0"},
				"south": {"uv": [8.875, 10.25, 9.25, 10.375], "texture": "#0"},
				"west": {"uv": [8.875, 10.25, 9, 10.375], "texture": "#0"},
				"up": {"uv": [8.875, 10.25, 9.25, 10.375], "texture": "#0"},
				"down": {"uv": [8.875, 10.25, 9.25, 10.375], "texture": "#0"}
			}
		},
		{
			"name": "longsword_15",
			"from": [8.875, 5.5, 7.75],
			"to": [9.125, 5.75, 8.175],
			"faces": {
				"north": {"uv": [11.375, 10.25, 11.125, 10.5], "texture": "#0"},
				"east": {"uv": [11.25, 10.25, 11.375, 10.5], "texture": "#0"},
				"south": {"uv": [11.125, 10.25, 11.375, 10.5], "texture": "#0"},
				"west": {"uv": [11.125, 10.25, 11.25, 10.5], "texture": "#0"},
				"up": {"uv": [11.125, 10.25, 11.375, 10.375], "texture": "#0"},
				"down": {"uv": [11.125, 10.375, 11.375, 10.5], "texture": "#0"}
			}
		},
		{
			"name": "longsword_16",
			"from": [9.125, 5.625, 7.75],
			"to": [9.25, 5.75, 8.175],
			"faces": {
				"north": {"uv": [11.5, 10.25, 11.375, 10.375], "texture": "#0"},
				"east": {"uv": [11.375, 10.25, 11.5, 10.375], "texture": "#0"},
				"south": {"uv": [11.375, 10.25, 11.5, 10.375], "texture": "#0"},
				"west": {"uv": [11.375, 10.25, 11.5, 10.375], "texture": "#0"},
				"up": {"uv": [11.375, 10.25, 11.5, 10.375], "texture": "#0"},
				"down": {"uv": [11.375, 10.25, 11.5, 10.375], "texture": "#0"}
			}
		},
		{
			"name": "longsword_17",
			"from": [6.75, 5.5, 7.75],
			"to": [7.5, 5.625, 8.175],
			"faces": {
				"north": {"uv": [9.75, 10.375, 9, 10.5], "texture": "#0"},
				"east": {"uv": [9.625, 10.375, 9.75, 10.5], "texture": "#0"},
				"south": {"uv": [9, 10.375, 9.75, 10.5], "texture": "#0"},
				"west": {"uv": [9, 10.375, 9.125, 10.5], "texture": "#0"},
				"up": {"uv": [9, 10.375, 9.75, 10.5], "texture": "#0"},
				"down": {"uv": [9, 10.375, 9.75, 10.5], "texture": "#0"}
			}
		},
		{
			"name": "longsword_18",
			"from": [7.625, 5.125, 7.75],
			"to": [7.75, 5.625, 8.175],
			"faces": {
				"north": {"uv": [10, 10.375, 9.875, 10.875], "texture": "#0"},
				"east": {"uv": [9.875, 10.375, 10, 10.875], "texture": "#0"},
				"south": {"uv": [9.875, 10.375, 10, 10.875], "texture": "#0"},
				"west": {"uv": [9.875, 10.375, 10, 10.875], "texture": "#0"},
				"up": {"uv": [9.875, 10.375, 10, 10.5], "texture": "#0"},
				"down": {"uv": [9.875, 10.75, 10, 10.875], "texture": "#0"}
			}
		},
		{
			"name": "longsword_19",
			"from": [8.125, 5.125, 7.75],
			"to": [8.25, 5.625, 8.175],
			"faces": {
				"north": {"uv": [10.5, 10.375, 10.375, 10.875], "texture": "#0"},
				"east": {"uv": [10.375, 10.375, 10.5, 10.875], "texture": "#0"},
				"south": {"uv": [10.375, 10.375, 10.5, 10.875], "texture": "#0"},
				"west": {"uv": [10.375, 10.375, 10.5, 10.875], "texture": "#0"},
				"up": {"uv": [10.375, 10.375, 10.5, 10.5], "texture": "#0"},
				"down": {"uv": [10.375, 10.75, 10.5, 10.875], "texture": "#0"}
			}
		},
		{
			"name": "longsword_20",
			"from": [8.375, 5.25, 7.75],
			"to": [8.75, 5.625, 8.175],
			"faces": {
				"north": {"uv": [11, 10.375, 10.625, 10.75], "texture": "#0"},
				"east": {"uv": [10.875, 10.375, 11, 10.75], "texture": "#0"},
				"south": {"uv": [10.625, 10.375, 11, 10.75], "texture": "#0"},
				"west": {"uv": [10.625, 10.375, 10.75, 10.75], "texture": "#0"},
				"up": {"uv": [10.625, 10.375, 11, 10.5], "texture": "#0"},
				"down": {"uv": [10.625, 10.625, 11, 10.75], "texture": "#0"}
			}
		},
		{
			"name": "longsword_21",
			"from": [8.75, 5.375, 7.75],
			"to": [8.875, 5.625, 8.175],
			"faces": {
				"north": {"uv": [11.125, 10.375, 11, 10.625], "texture": "#0"},
				"east": {"uv": [11, 10.375, 11.125, 10.625], "texture": "#0"},
				"south": {"uv": [11, 10.375, 11.125, 10.625], "texture": "#0"},
				"west": {"uv": [11, 10.375, 11.125, 10.625], "texture": "#0"},
				"up": {"uv": [11, 10.375, 11.125, 10.5], "texture": "#0"},
				"down": {"uv": [11, 10.5, 11.125, 10.625], "texture": "#0"}
			}
		},
		{
			"name": "longsword_22",
			"from": [6.875, 5.375, 7.75],
			"to": [7.625, 5.5, 8.175],
			"faces": {
				"north": {"uv": [9.875, 10.5, 9.125, 10.625], "texture": "#0"},
				"east": {"uv": [9.75, 10.5, 9.875, 10.625], "texture": "#0"},
				"south": {"uv": [9.125, 10.5, 9.875, 10.625], "texture": "#0"},
				"west": {"uv": [9.125, 10.5, 9.25, 10.625], "texture": "#0"},
				"up": {"uv": [9.125, 10.5, 9.875, 10.625], "texture": "#0"},
				"down": {"uv": [9.125, 10.5, 9.875, 10.625], "texture": "#0"}
			}
		},
		{
			"name": "longsword_23",
			"from": [8.25, 5.125, 7.75],
			"to": [8.375, 5.5, 8.175],
			"faces": {
				"north": {"uv": [10.625, 10.5, 10.5, 10.875], "texture": "#0"},
				"east": {"uv": [10.5, 10.5, 10.625, 10.875], "texture": "#0"},
				"south": {"uv": [10.5, 10.5, 10.625, 10.875], "texture": "#0"},
				"west": {"uv": [10.5, 10.5, 10.625, 10.875], "texture": "#0"},
				"up": {"uv": [10.5, 10.5, 10.625, 10.625], "texture": "#0"},
				"down": {"uv": [10.5, 10.75, 10.625, 10.875], "texture": "#0"}
			}
		},
		{
			"name": "longsword_24",
			"from": [8.875, 5.375, 7.75],
			"to": [9, 5.5, 8.175],
			"faces": {
				"north": {"uv": [11.25, 10.5, 11.125, 10.625], "texture": "#0"},
				"east": {"uv": [11.125, 10.5, 11.25, 10.625], "texture": "#0"},
				"south": {"uv": [11.125, 10.5, 11.25, 10.625], "texture": "#0"},
				"west": {"uv": [11.125, 10.5, 11.25, 10.625], "texture": "#0"},
				"up": {"uv": [11.125, 10.5, 11.25, 10.625], "texture": "#0"},
				"down": {"uv": [11.125, 10.5, 11.25, 10.625], "texture": "#0"}
			}
		},
		{
			"name": "longsword_25",
			"from": [7.125, 5.25, 7.75],
			"to": [7.625, 5.375, 8.175],
			"faces": {
				"north": {"uv": [9.875, 10.625, 9.375, 10.75], "texture": "#0"},
				"east": {"uv": [9.75, 10.625, 9.875, 10.75], "texture": "#0"},
				"south": {"uv": [9.375, 10.625, 9.875, 10.75], "texture": "#0"},
				"west": {"uv": [9.375, 10.625, 9.5, 10.75], "texture": "#0"},
				"up": {"uv": [9.375, 10.625, 9.875, 10.75], "texture": "#0"},
				"down": {"uv": [9.375, 10.625, 9.875, 10.75], "texture": "#0"}
			}
		},
		{
			"name": "longsword_26",
			"from": [7.5, 5.125, 7.75],
			"to": [7.625, 5.25, 8.175],
			"faces": {
				"north": {"uv": [9.875, 10.75, 9.75, 10.875], "texture": "#0"},
				"east": {"uv": [9.75, 10.75, 9.875, 10.875], "texture": "#0"},
				"south": {"uv": [9.75, 10.75, 9.875, 10.875], "texture": "#0"},
				"west": {"uv": [9.75, 10.75, 9.875, 10.875], "texture": "#0"},
				"up": {"uv": [9.75, 10.75, 9.875, 10.875], "texture": "#0"},
				"down": {"uv": [9.75, 10.75, 9.875, 10.875], "texture": "#0"}
			}
		},
		{
			"name": "longsword_27",
			"from": [7.75, 3.125, 7.8],
			"to": [8.125, 5.125, 8.125],
			"faces": {
				"north": {"uv": [8.125, 10.875, 7.75, 12.875], "texture": "#0"},
				"east": {"uv": [8, 10.875, 8.125, 12.875], "texture": "#0"},
				"south": {"uv": [7.75, 10.875, 8.125, 12.875], "texture": "#0"},
				"west": {"uv": [7.75, 10.875, 7.875, 12.875], "texture": "#0"},
				"up": {"uv": [7.75, 10.875, 8.125, 11], "texture": "#0"},
				"down": {"uv": [7.75, 12.75, 8.125, 12.875], "texture": "#0"}
			}
		},
		{
			"name": "longsword_28",
			"from": [7.75, 2.875, 7.8],
			"to": [8.125, 3.125, 8.125],
			"faces": {
				"north": {"uv": [8.125, 13.125, 7.75, 13.375], "texture": "#0"},
				"east": {"uv": [8, 13.125, 8.125, 13.375], "texture": "#0"},
				"south": {"uv": [7.75, 13.125, 8.125, 13.375], "texture": "#0"},
				"west": {"uv": [7.75, 13.125, 7.875, 13.375], "texture": "#0"},
				"up": {"uv": [7.75, 13.125, 8.125, 13.25], "texture": "#0"},
				"down": {"uv": [7.75, 13.25, 8.125, 13.375], "texture": "#0"}
			}
		},
		{
			"name": "longsword_29",
			"from": [7.75, 2, 7.75],
			"to": [8.125, 2.875, 8.175],
			"faces": {
				"north": {"uv": [8.125, 13.625, 7.75, 14.5], "texture": "#0"},
				"east": {"uv": [8, 13.625, 8.125, 14.5], "texture": "#0"},
				"south": {"uv": [7.75, 13.625, 8.125, 14.5], "texture": "#0"},
				"west": {"uv": [7.75, 13.625, 7.875, 14.5], "texture": "#0"},
				"up": {"uv": [7.75, 13.625, 8.125, 13.75], "texture": "#0"},
				"down": {"uv": [7.75, 14.375, 8.125, 14.5], "texture": "#0"}
			}
		},
		{
			"name": "longsword_30",
			"from": [7.625, 2.125, 7.75],
			"to": [7.75, 2.75, 8.175],
			"faces": {
				"north": {"uv": [7.75, 13.75, 7.625, 14.375], "texture": "#0"},
				"east": {"uv": [7.625, 13.75, 7.75, 14.375], "texture": "#0"},
				"south": {"uv": [7.625, 13.75, 7.75, 14.375], "texture": "#0"},
				"west": {"uv": [7.625, 13.75, 7.75, 14.375], "texture": "#0"},
				"up": {"uv": [7.625, 13.75, 7.75, 13.875], "texture": "#0"},
				"down": {"uv": [7.625, 14.25, 7.75, 14.375], "texture": "#0"}
			}
		},
		{
			"name": "longsword_31",
			"from": [8.125, 2.125, 7.75],
			"to": [8.25, 2.75, 8.175],
			"faces": {
				"north": {"uv": [8.25, 13.75, 8.125, 14.375], "texture": "#0"},
				"east": {"uv": [8.125, 13.75, 8.25, 14.375], "texture": "#0"},
				"south": {"uv": [8.125, 13.75, 8.25, 14.375], "texture": "#0"},
				"west": {"uv": [8.125, 13.75, 8.25, 14.375], "texture": "#0"},
				"up": {"uv": [8.125, 13.75, 8.25, 13.875], "texture": "#0"},
				"down": {"uv": [8.125, 14.25, 8.25, 14.375], "texture": "#0"}
			}
		},
		{
			"name": "longsword_32",
			"from": [7.5, 2.25, 7.75],
			"to": [7.625, 2.625, 8.175],
			"faces": {
				"north": {"uv": [7.625, 13.875, 7.5, 14.25], "texture": "#0"},
				"east": {"uv": [7.5, 13.875, 7.625, 14.25], "texture": "#0"},
				"south": {"uv": [7.5, 13.875, 7.625, 14.25], "texture": "#0"},
				"west": {"uv": [7.5, 13.875, 7.625, 14.25], "texture": "#0"},
				"up": {"uv": [7.5, 13.875, 7.625, 14], "texture": "#0"},
				"down": {"uv": [7.5, 14.125, 7.625, 14.25], "texture": "#0"}
			}
		},
		{
			"name": "longsword_33",
			"from": [8.25, 2.25, 7.75],
			"to": [8.375, 2.625, 8.175],
			"faces": {
				"north": {"uv": [8.375, 13.875, 8.25, 14.25], "texture": "#0"},
				"east": {"uv": [8.25, 13.875, 8.375, 14.25], "texture": "#0"},
				"south": {"uv": [8.25, 13.875, 8.375, 14.25], "texture": "#0"},
				"west": {"uv": [8.25, 13.875, 8.375, 14.25], "texture": "#0"},
				"up": {"uv": [8.25, 13.875, 8.375, 14], "texture": "#0"},
				"down": {"uv": [8.25, 14.125, 8.375, 14.25], "texture": "#0"}
			}
		}
	],
	"gui_light": "front",
	"display": {
		"thirdperson_righthand": {
			"rotation": [0, -90, 0],
			"translation": [0, 8.75, 1.25],
			"scale": [2.8, 2.8, 2.8]
		},
		"thirdperson_lefthand": {
			"rotation": [0, 90, 0],
			"translation": [0, 8.75, 1.25],
			"scale": [2.8, 2.8, 2.8]
		},
		"firstperson_righthand": {
			"rotation": [-4, -90, -8],
			"translation": [2.5, 6.5, -0.25],
			"scale": [2, 2, 2]
		},
		"firstperson_lefthand": {
			"rotation": [9, 90, -8],
			"translation": [1.75, 6, -0.5],
			"scale": [2, 2, 2]
		},
		"ground": {
			"translation": [0, 7.75, 0],
			"scale": [2, 2, 2]
		},
		"gui": {
			"rotation": [0, 0, -46],
			"translation": [0.75, 0.25, 0],
			"scale": [2, 2, 2]
		},
		"head": {
			"rotation": [0, 0, -132],
			"translation": [-2.25, -13, 3.5],
			"scale": [3.5, 3.5, 3.5]
		},
		"fixed": {
			"rotation": [-180, 0, 138],
			"translation": [-1.25, 1.75, -0.25],
			"scale": [4, 4, 3]
		}
	},
	"groups": [
		{
			"name": "longsword",
			"origin": [8, 8, 8],
			"color": 0,
			"nbt": "{}",
			"children": [0, 1, 2, 3, 4, 5, 6, 7, 8, 9, 10, 11, 12, 13, 14, 15, 16, 17, 18, 19, 20, 21, 22, 23, 24, 25, 26, 27, 28, 29, 30, 31, 32]
		}
	]
}