{
	"credit": "Made with Blockbench",
	"textures": {
		"0": "prominent:item/transmog/masamune",
		"particle": "prominent:item/transmog/masamune"
	},
	"elements": [
		{
			"name": "masamune_0",
			"from": [8.625, 15.625, 8],
			"to": [8.75, 16, 8.125],
			"faces": {
				"north": {"uv": [5.75, 0, 5.625, 0.375], "texture": "#0"},
				"east": {"uv": [5.625, 0, 5.75, 0.375], "texture": "#0"},
				"south": {"uv": [5.625, 0, 5.75, 0.375], "texture": "#0"},
				"west": {"uv": [5.625, 0, 5.75, 0.375], "texture": "#0"},
				"up": {"uv": [5.625, 0, 5.75, 0.125], "texture": "#0"}
			}
		},
		{
			"name": "masamune_1",
			"from": [8.5, 15.5, 8],
			"to": [8.625, 15.875, 8.125],
			"faces": {
				"north": {"uv": [5.625, 0.125, 5.5, 0.5], "texture": "#0"},
				"south": {"uv": [5.5, 0.125, 5.625, 0.5], "texture": "#0"},
				"west": {"uv": [5.5, 0.125, 5.625, 0.5], "texture": "#0"},
				"up": {"uv": [5.5, 0.125, 5.625, 0.25], "texture": "#0"}
			}
		},
		{
			"name": "masamune_2",
			"from": [8.375, 15.375, 8],
			"to": [8.5, 15.75, 8.125],
			"faces": {
				"north": {"uv": [5.5, 0.25, 5.375, 0.625], "texture": "#0"},
				"south": {"uv": [5.375, 0.25, 5.5, 0.625], "texture": "#0"},
				"west": {"uv": [5.375, 0.25, 5.5, 0.625], "texture": "#0"},
				"up": {"uv": [5.375, 0.25, 5.5, 0.375], "texture": "#0"}
			}
		},
		{
			"name": "masamune_3",
			"from": [8.25, 15.125, 8],
			"to": [8.375, 15.625, 8.125],
			"faces": {
				"north": {"uv": [5.375, 0.375, 5.25, 0.875], "texture": "#0"},
				"south": {"uv": [5.25, 0.375, 5.375, 0.875], "texture": "#0"},
				"west": {"uv": [5.25, 0.375, 5.375, 0.875], "texture": "#0"},
				"up": {"uv": [5.25, 0.375, 5.375, 0.5], "texture": "#0"}
			}
		},
		{
			"name": "masamune_4",
			"from": [8.625, 15.375, 7.95],
			"to": [8.75, 15.625, 8.175],
			"faces": {
				"north": {"uv": [6, 0.375, 5.875, 0.625], "texture": "#0"},
				"east": {"uv": [5.875, 0.375, 6, 0.625], "texture": "#0"},
				"south": {"uv": [5.875, 0.375, 6, 0.625], "texture": "#0"},
				"west": {"uv": [5.875, 0.375, 6, 0.625], "texture": "#0"},
				"up": {"uv": [5.875, 0.375, 6, 0.5], "texture": "#0"},
				"down": {"uv": [5.875, 0.5, 6, 0.625], "texture": "#0"}
			}
		},
		{
			"name": "masamune_5",
			"from": [8.5, 15.125, 7.95],
			"to": [8.625, 15.5, 8.175],
			"faces": {
				"north": {"uv": [5.875, 0.5, 5.75, 0.875], "texture": "#0"},
				"east": {"uv": [5.75, 0.5, 5.875, 0.875], "texture": "#0"},
				"south": {"uv": [5.75, 0.5, 5.875, 0.875], "texture": "#0"},
				"west": {"uv": [5.75, 0.5, 5.875, 0.875], "texture": "#0"},
				"up": {"uv": [5.75, 0.5, 5.875, 0.625], "texture": "#0"},
				"down": {"uv": [5.75, 0.75, 5.875, 0.875], "texture": "#0"}
			}
		},
		{
			"name": "masamune_6",
			"from": [8.125, 14.125, 8],
			"to": [8.25, 15.375, 8.125],
			"faces": {
				"north": {"uv": [5.25, 0.625, 5.125, 1.875], "texture": "#0"},
				"south": {"uv": [5.125, 0.625, 5.25, 1.875], "texture": "#0"},
				"west": {"uv": [5.125, 0.625, 5.25, 1.875], "texture": "#0"},
				"up": {"uv": [5.125, 0.625, 5.25, 0.75], "texture": "#0"}
			}
		},
		{
			"name": "masamune_7",
			"from": [8.375, 14.125, 7.95],
			"to": [8.5, 15.375, 8.175],
			"faces": {
				"north": {"uv": [5.75, 0.625, 5.625, 1.875], "texture": "#0"},
				"east": {"uv": [5.625, 0.625, 5.75, 1.875], "texture": "#0"},
				"south": {"uv": [5.625, 0.625, 5.75, 1.875], "texture": "#0"},
				"west": {"uv": [5.625, 0.625, 5.75, 1.875], "texture": "#0"},
				"up": {"uv": [5.625, 0.625, 5.75, 0.75], "texture": "#0"},
				"down": {"uv": [5.625, 1.75, 5.75, 1.875], "texture": "#0"}
			}
		},
		{
			"name": "masamune_8",
			"from": [8, 10, 8],
			"to": [8.125, 15.125, 8.125],
			"faces": {
				"north": {"uv": [5.125, 0.875, 5, 6], "texture": "#0"},
				"south": {"uv": [5, 0.875, 5.125, 6], "texture": "#0"},
				"west": {"uv": [5, 0.875, 5.125, 6], "texture": "#0"},
				"up": {"uv": [5, 0.875, 5.125, 1], "texture": "#0"}
			}
		},
		{
			"name": "masamune_9",
			"from": [8.25, 10, 7.95],
			"to": [8.375, 15.125, 8.175],
			"faces": {
				"north": {"uv": [5.625, 0.875, 5.5, 6], "texture": "#0"},
				"east": {"uv": [5.5, 0.875, 5.625, 6], "texture": "#0"},
				"south": {"uv": [5.5, 0.875, 5.625, 6], "texture": "#0"},
				"west": {"uv": [5.5, 0.875, 5.625, 6], "texture": "#0"},
				"up": {"uv": [5.5, 0.875, 5.625, 1], "texture": "#0"},
				"down": {"uv": [5.5, 5.875, 5.625, 6], "texture": "#0"}
			}
		},
		{
			"name": "masamune_10",
			"from": [7.875, 4.375, 8],
			"to": [8, 14.125, 8.125],
			"faces": {
				"north": {"uv": [5, 1.875, 4.875, 11.625], "texture": "#0"},
				"south": {"uv": [4.875, 1.875, 5, 11.625], "texture": "#0"},
				"west": {"uv": [4.875, 1.875, 5, 11.625], "texture": "#0"},
				"up": {"uv": [4.875, 1.875, 5, 2], "texture": "#0"}
			}
		},
		{
			"name": "masamune_11",
			"from": [8.125, 4.375, 7.95],
			"to": [8.25, 14.125, 8.175],
			"faces": {
				"north": {"uv": [5.5, 1.875, 5.375, 11.625], "texture": "#0"},
				"east": {"uv": [5.375, 1.875, 5.5, 11.625], "texture": "#0"},
				"south": {"uv": [5.375, 1.875, 5.5, 11.625], "texture": "#0"},
				"west": {"uv": [5.375, 1.875, 5.5, 11.625], "texture": "#0"},
				"up": {"uv": [5.375, 1.875, 5.5, 2], "texture": "#0"}
			}
		},
		{
			"name": "masamune_12",
			"from": [7.75, 4.375, 8],
			"to": [7.875, 10, 8.125],
			"faces": {
				"north": {"uv": [4.875, 6, 4.75, 11.625], "texture": "#0"},
				"south": {"uv": [4.75, 6, 4.875, 11.625], "texture": "#0"},
				"west": {"uv": [4.75, 6, 4.875, 11.625], "texture": "#0"},
				"up": {"uv": [4.75, 6, 4.875, 6.125], "texture": "#0"}
			}
		},
		{
			"name": "masamune_13",
			"from": [8, 4.375, 7.95],
			"to": [8.125, 10, 8.175],
			"faces": {
				"north": {"uv": [5.375, 6, 5.25, 11.625], "texture": "#0"},
				"south": {"uv": [5.25, 6, 5.375, 11.625], "texture": "#0"},
				"west": {"uv": [5.25, 6, 5.375, 11.625], "texture": "#0"},
				"up": {"uv": [5.25, 6, 5.375, 6.125], "texture": "#0"}
			}
		},
		{
			"name": "masamune_14",
			"from": [7.75, 4, 7.95],
			"to": [8.25, 4.375, 8.175],
			"faces": {
				"north": {"uv": [6, 11.625, 5.5, 12], "texture": "#0"},
				"east": {"uv": [5.875, 11.625, 6, 12], "texture": "#0"},
				"south": {"uv": [5.5, 11.625, 6, 12], "texture": "#0"},
				"west": {"uv": [5.5, 11.625, 5.625, 12], "texture": "#0"},
				"up": {"uv": [5.5, 11.625, 6, 11.75], "texture": "#0"}
			}
		},
		{
			"name": "masamune_22",
			"from": [7.75, 0.025, 7.9],
			"to": [8.25, 3.775, 8.225],
			"faces": {
				"north": {"uv": [6, 12.25, 5.5, 16], "texture": "#0"},
				"east": {"uv": [5.875, 12.25, 6, 16], "texture": "#0"},
				"south": {"uv": [5.5, 12.25, 6, 16], "texture": "#0"},
				"west": {"uv": [5.5, 12.25, 5.625, 16], "texture": "#0"},
				"down": {"uv": [5.5, 15.875, 6, 16], "texture": "#0"}
			}
		},
		{
			"name": "masamune_23",
			"from": [7.35, 3.775, 7.6],
			"to": [8.6, 4, 8.475],
			"faces": {
				"north": {"uv": [9.5, 13.125, 10.75, 13.25], "rotation": 180, "texture": "#0"},
				"east": {"uv": [10.625, 12.375, 10.75, 13.25], "rotation": 270, "texture": "#0"},
				"south": {"uv": [9.5, 12.375, 10.75, 12.5], "texture": "#0"},
				"west": {"uv": [9.5, 12.375, 9.625, 13.25], "rotation": 90, "texture": "#0"},
				"up": {"uv": [10.75, 12.375, 9.5, 13.25], "rotation": 180, "texture": "#0"},
				"down": {"uv": [9.5, 12.375, 10.75, 13.25], "texture": "#0"}
			}
		},
		{
			"name": "masamune_24",
			"from": [7.1, 3.775, 8.225],
			"to": [7.35, 4, 8.35],
			"faces": {
				"north": {"uv": [9.25, 12.5, 9.5, 12.625], "rotation": 180, "texture": "#0"},
				"south": {"uv": [9.25, 12.5, 9.5, 12.625], "texture": "#0"},
				"west": {"uv": [9.25, 12.5, 9.375, 12.625], "rotation": 90, "texture": "#0"},
				"up": {"uv": [9.5, 12.5, 9.25, 12.625], "rotation": 180, "texture": "#0"},
				"down": {"uv": [9.25, 12.5, 9.5, 12.625], "texture": "#0"}
			}
		},
		{
			"name": "masamune_25",
			"from": [8.6, 3.775, 8.225],
			"to": [8.85, 4, 8.35],
			"faces": {
				"north": {"uv": [10.75, 12.5, 11, 12.625], "rotation": 180, "texture": "#0"},
				"east": {"uv": [10.875, 12.5, 11, 12.625], "rotation": 270, "texture": "#0"},
				"south": {"uv": [10.75, 12.5, 11, 12.625], "texture": "#0"},
				"up": {"uv": [11, 12.5, 10.75, 12.625], "rotation": 180, "texture": "#0"},
				"down": {"uv": [10.75, 12.5, 11, 12.625], "texture": "#0"}
			}
		},
		{
			"name": "masamune_26",
			"from": [7.1, 3.775, 7.725],
			"to": [7.225, 4, 8.225],
			"faces": {
				"north": {"uv": [9.25, 13, 9.375, 13.125], "rotation": 180, "texture": "#0"},
				"east": {"uv": [9.25, 12.625, 9.375, 13.125], "rotation": 270, "texture": "#0"},
				"west": {"uv": [9.25, 12.625, 9.375, 13.125], "rotation": 90, "texture": "#0"},
				"up": {"uv": [9.375, 12.625, 9.25, 13.125], "rotation": 180, "texture": "#0"},
				"down": {"uv": [9.25, 12.625, 9.375, 13.125], "texture": "#0"}
			}
		},
		{
			"name": "masamune_27",
			"from": [8.725, 3.775, 7.725],
			"to": [8.85, 4, 8.225],
			"faces": {
				"north": {"uv": [10.875, 13, 11, 13.125], "rotation": 180, "texture": "#0"},
				"east": {"uv": [10.875, 12.625, 11, 13.125], "rotation": 270, "texture": "#0"},
				"west": {"uv": [10.875, 12.625, 11, 13.125], "rotation": 90, "texture": "#0"},
				"up": {"uv": [11, 12.625, 10.875, 13.125], "rotation": 180, "texture": "#0"},
				"down": {"uv": [10.875, 12.625, 11, 13.125], "texture": "#0"}
			}
		},
		{
			"name": "masamune_28",
			"from": [7.225, 3.775, 7.725],
			"to": [7.35, 4, 7.85],
			"faces": {
				"north": {"uv": [9.375, 13, 9.5, 13.125], "rotation": 180, "texture": "#0"},
				"south": {"uv": [9.375, 13, 9.5, 13.125], "texture": "#0"},
				"up": {"uv": [9.5, 13, 9.375, 13.125], "rotation": 180, "texture": "#0"},
				"down": {"uv": [9.375, 13, 9.5, 13.125], "texture": "#0"}
			}
		},
		{
			"name": "masamune_29",
			"from": [8.6, 3.775, 7.725],
			"to": [8.725, 4, 7.85],
			"faces": {
				"north": {"uv": [10.75, 13, 10.875, 13.125], "rotation": 180, "texture": "#0"},
				"south": {"uv": [10.75, 13, 10.875, 13.125], "texture": "#0"},
				"up": {"uv": [10.875, 13, 10.75, 13.125], "rotation": 180, "texture": "#0"},
				"down": {"uv": [10.75, 13, 10.875, 13.125], "texture": "#0"}
			}
		}
	],
	"gui_light": "front",
	"display": {
		"thirdperson_righthand": {
			"rotation": [0, -90, 0],
			"translation": [0, 13.25, 1.25],
			"scale": [3, 3, 3]
		},
		"thirdperson_lefthand": {
			"rotation": [0, 90, 0],
			"translation": [0, 13.25, 1.25],
			"scale": [3, 3, 3]
		},
		"firstperson_righthand": {
			"rotation": [-4, -90, -8],
			"translation": [2.5, 10.25, -0.25],
			"scale": [2, 2, 2]
		},
		"firstperson_lefthand": {
			"rotation": [9, 90, -8],
			"translation": [1.75, 10, -0.5],
			"scale": [2, 2, 2]
		},
		"ground": {
			"translation": [0, 7.75, 0],
			"scale": [2, 2, 2]
		},
		"gui": {
			"rotation": [0, 0, -42],
			"translation": [0.25, 0.5, 0],
			"scale": [2, 2, 2]
		},
		"head": {
			"rotation": [0, 0, -132],
			"translation": [2.5, -15.5, 3.5],
			"scale": [3.5, 3.5, 3.5]
		},
		"fixed": {
			"rotation": [-180, 0, 138],
			"translation": [-2.25, 3.75, 0.25],
			"scale": [4, 4, 3]
		}
	},
	"groups": [
		{
			"name": "masamune",
			"origin": [8, 8, 8],
			"color": 0,
			"nbt": "{}",
			"children": [0, 1, 2, 3, 4, 5, 6, 7, 8, 9, 10, 11, 12, 13, 14, 15, 16, 17, 18, 19, 20, 21, 22]
		}
	]
}