{
	"credit": "Made with Blockbench",
	"textures": {
		"0": "prominent:item/transmog/mjolnir",
		"particle": "prominent:item/transmog/mjolnir"
	},
	"elements": [
		{
			"from": [7, -0.5, 8],
			"to": [7.75, 4.25, 8.5],
			"faces": {
				"north": {"uv": [7.75, 11.375, 8.125, 13.75], "texture": "#0"},
				"east": {"uv": [8, 11.375, 8.125, 13.75], "texture": "#0"},
				"south": {"uv": [7.75, 11.375, 8.125, 13.75], "texture": "#0"},
				"west": {"uv": [8, 11.375, 8.125, 13.75], "texture": "#0"},
				"up": {"uv": [0, 0, 0.75, 0.75], "texture": "#missing"},
				"down": {"uv": [0, 0, 0.75, 0.75], "texture": "#missing"}
			}
		},
		{
			"from": [6.75, -1, 7.75],
			"to": [8, -0.5, 8.75],
			"faces": {
				"north": {"uv": [7.625, 13.75, 8.25, 14], "texture": "#0"},
				"east": {"uv": [7.625, 13.75, 8.125, 14], "texture": "#0"},
				"south": {"uv": [7.625, 13.75, 8.25, 14], "texture": "#0"},
				"west": {"uv": [7.625, 13.75, 8.125, 14], "texture": "#0"},
				"up": {"uv": [7.75, 13.75, 7.875, 13.875], "texture": "#0"},
				"down": {"uv": [8.125, 13.875, 8.25, 14], "texture": "#0"}
			}
		},
		{
			"from": [6.75, 3.5, 7.75],
			"to": [8, 4, 8.75],
			"faces": {
				"north": {"uv": [7.625, 13.75, 8.25, 14], "texture": "#0"},
				"east": {"uv": [7.625, 13.75, 8.125, 14], "texture": "#0"},
				"south": {"uv": [7.625, 13.75, 8.25, 14], "texture": "#0"},
				"west": {"uv": [7.625, 13.75, 8.125, 14], "texture": "#0"},
				"up": {"uv": [7.75, 13.75, 7.875, 13.875], "texture": "#0"},
				"down": {"uv": [8.125, 13.875, 8.25, 14], "texture": "#0"}
			}
		},
		{
			"from": [6.75, -1.5, 7.75],
			"to": [8, -1.25, 8.75],
			"faces": {
				"north": {"uv": [7.625, 14.125, 8.25, 14.25], "texture": "#0"},
				"east": {"uv": [7.625, 14.125, 8.125, 14.25], "texture": "#0"},
				"south": {"uv": [7.625, 14.125, 8.25, 14.25], "texture": "#0"},
				"west": {"uv": [7.625, 14.125, 8.125, 14.25], "texture": "#0"},
				"up": {"uv": [8.125, 13.875, 8.25, 14], "texture": "#0"},
				"down": {"uv": [8.125, 13.875, 8.25, 14], "texture": "#0"}
			}
		},
		{
			"from": [7, -1.25, 7.75],
			"to": [7.75, -1, 8.75],
			"faces": {
				"north": {"uv": [7.75, 14, 8.125, 14.125], "texture": "#0"},
				"east": {"uv": [7.625, 14.125, 8.125, 14.25], "texture": "#0"},
				"south": {"uv": [7.75, 14, 8.125, 14.125], "texture": "#0"},
				"west": {"uv": [7.625, 14.125, 8.125, 14.25], "texture": "#0"},
				"up": {"uv": [7.75, 13.75, 7.875, 13.875], "texture": "#0"},
				"down": {"uv": [8.125, 13.875, 8.25, 14], "texture": "#0"}
			}
		},
		{
			"from": [7.25, -1.75, 7.75],
			"to": [7.5, -1.5, 8.75],
			"faces": {
				"north": {"uv": [7.875, 14.25, 8, 14.375], "texture": "#0"},
				"east": {"uv": [7.625, 14.125, 8.125, 14.25], "texture": "#0"},
				"south": {"uv": [8.125, 13.875, 8.25, 14], "texture": "#0"},
				"west": {"uv": [7.625, 14.125, 8.125, 14.25], "texture": "#0"},
				"up": {"uv": [7.75, 13.75, 7.875, 13.875], "texture": "#0"},
				"down": {"uv": [8.125, 13.875, 8.25, 14], "texture": "#0"}
			}
		},
		{
			"from": [6.5, 4.25, 7.558],
			"to": [8.25, 6.5, 8.933],
			"faces": {
				"north": {"uv": [7.5, 10.25, 8.375, 11.375], "texture": "#0"},
				"east": {"uv": [7.5, 10.25, 7.625, 11.375], "texture": "#0"},
				"south": {"uv": [8.375, 10.25, 7.5, 11.375], "texture": "#0"},
				"west": {"uv": [8.25, 10.25, 8.375, 11.375], "texture": "#0"},
				"up": {"uv": [10.625, 10.5, 11.5, 11.125], "texture": "#0"},
				"down": {"uv": [10.625, 10.5, 11.5, 11.125], "texture": "#0"}
			}
		},
		{
			"from": [8.25, 4.5, 7.808],
			"to": [9.25, 6.25, 8.683],
			"faces": {
				"north": {"uv": [7, 10.375, 7.5, 11.25], "texture": "#0"},
				"east": {"uv": [7.5, 10.25, 7.625, 11.375], "texture": "#0"},
				"south": {"uv": [7.5, 10.375, 7, 11.25], "texture": "#0"},
				"west": {"uv": [7.5, 10.25, 7.625, 11.375], "texture": "#0"},
				"up": {"uv": [10.125, 10.625, 10.625, 11], "texture": "#0"},
				"down": {"uv": [10.125, 10.625, 10.625, 11], "texture": "#0"}
			}
		},
		{
			"from": [5.5, 4.5, 7.808],
			"to": [6.5, 6.25, 8.683],
			"faces": {
				"north": {"uv": [8.375, 10.375, 8.875, 11.25], "texture": "#0"},
				"east": {"uv": [7.5, 10.25, 7.625, 11.375], "texture": "#0"},
				"south": {"uv": [8.875, 10.375, 8.375, 11.25], "texture": "#0"},
				"west": {"uv": [7.5, 10.25, 7.625, 11.375], "texture": "#0"},
				"up": {"uv": [10.625, 10.625, 10.125, 11], "texture": "#0"},
				"down": {"uv": [10.625, 10.625, 10.125, 11], "texture": "#0"}
			}
		},
		{
			"from": [9.25, 4.25, 7.558],
			"to": [9.5, 6.5, 8.933],
			"faces": {
				"north": {"uv": [6.875, 10.25, 7, 11.375], "texture": "#0"},
				"east": {"uv": [7.5, 10.25, 7.625, 11.375], "texture": "#0"},
				"south": {"uv": [7, 10.25, 6.875, 11.375], "texture": "#0"},
				"west": {"uv": [6.875, 10.25, 7, 11.375], "texture": "#0"},
				"up": {"uv": [8.875, 10.25, 9, 10.375], "texture": "#0"},
				"down": {"uv": [8.875, 10.25, 9, 10.375], "texture": "#0"}
			}
		},
		{
			"from": [5.25, 4.25, 7.558],
			"to": [5.5, 6.5, 8.933],
			"faces": {
				"north": {"uv": [8.875, 10.25, 9, 11.375], "texture": "#0"},
				"east": {"uv": [8.875, 10.25, 9, 11.375], "texture": "#0"},
				"south": {"uv": [9, 10.25, 8.875, 11.375], "texture": "#0"},
				"west": {"uv": [6.875, 10.25, 7, 11.375], "texture": "#0"},
				"up": {"uv": [8.875, 10.25, 9, 10.375], "texture": "#0"},
				"down": {"uv": [8.875, 10.25, 9, 10.375], "texture": "#0"}
			}
		},
		{
			"from": [9.5, 4, 7.308],
			"to": [10.25, 6.75, 9.183],
			"faces": {
				"north": {"uv": [6.5, 10.125, 6.875, 11.5], "texture": "#0"},
				"east": {"uv": [6.375, 10.125, 5.5, 11.5], "texture": "#0"},
				"south": {"uv": [6.875, 10.125, 6.5, 11.5], "texture": "#0"},
				"west": {"uv": [12.875, 11.5, 12.75, 10.125], "texture": "#0"},
				"up": {"uv": [10, 11.25, 9.625, 10.375], "texture": "#0"},
				"down": {"uv": [10, 11.25, 9.625, 10.375], "texture": "#0"}
			}
		},
		{
			"from": [4.5, 4, 7.308],
			"to": [5.25, 6.75, 9.183],
			"faces": {
				"north": {"uv": [9, 10.125, 9.375, 11.5], "texture": "#0"},
				"east": {"uv": [12.875, 10.125, 12.75, 11.5], "texture": "#0"},
				"south": {"uv": [9.375, 10.125, 9, 11.5], "texture": "#0"},
				"west": {"uv": [5.5, 10.125, 6.375, 11.5], "texture": "#0"},
				"up": {"uv": [12.5, 11.25, 12.125, 10.375], "texture": "#0"},
				"down": {"uv": [12.5, 11.25, 12.125, 10.375], "texture": "#0"}
			}
		}
	],
	"display": {
		"thirdperson_righthand": {
			"rotation": [0, 90, 0],
			"translation": [-0.5, 8.75, 0],
			"scale": [1.7, 1.7, 1.7]
		},
		"thirdperson_lefthand": {
			"rotation": [0, -90, 0],
			"translation": [0.25, 8.75, 0.25],
			"scale": [1.7, 1.7, 1.7]
		},
		"firstperson_righthand": {
			"rotation": [6, 95, 0],
			"translation": [0, 11.75, 0.5],
			"scale": [2.09, 2.09, 2.09]
		},
		"firstperson_lefthand": {
			"rotation": [6, -80, 0],
			"translation": [1.5, 10.5, 0],
			"scale": [1.91, 1.91, 1.91]
		},
		"ground": {
			"rotation": [0, 0, -45],
			"translation": [0, 3.3956, 0],
			"scale": [1.5, 1.5, 1.5]
		},
		"gui": {
			"rotation": [0, 0, -45],
			"translation": [7.75, 5.5, 0],
			"scale": [1.97, 1.97, 1.97]
		},
		"head": {
			"rotation": [-180, 1, 45],
			"translation": [2.75, -13.75, 5],
			"scale": [2.18, 2.18, 2.18]
		},
		"fixed": {
			"rotation": [0, 0, 45],
			"translation": [-8, 10.5, -3.25],
			"scale": [2.7, 2.7, 2.7]
		}
	},
	"groups": [
		{
			"name": "hilt",
			"origin": [8, 8, 8],
			"color": 0,
			"children": [0, 1, 2, 3, 4, 5, 6, 7, 8, 9, 10, 11, 12]
		}
	]
}