{
	"credit": "Made with Blockbench",
	"textures": {
		"0": "prominent:item/transmog/partisan",
		"particle": "prominent:item/transmog/partisan"
	},
	"elements": [
		{
			"name": "partisan_0",
			"from": [8, 14.375, 8],
			"to": [8.125, 15.5, 8.125],
			"faces": {
				"north": {"uv": [6.625, 0.5, 6.5, 1.625], "texture": "#0"},
				"east": {"uv": [6.5, 0.5, 6.625, 1.625], "texture": "#0"},
				"south": {"uv": [6.5, 0.5, 6.625, 1.625], "texture": "#0"},
				"west": {"uv": [6.5, 0.5, 6.625, 1.625], "texture": "#0"},
				"up": {"uv": [6.5, 0.5, 6.625, 0.625], "texture": "#0"},
				"down": {"uv": [6.5, 1.5, 6.625, 1.625], "texture": "#0"}
			}
		},
		{
			"name": "partisan_1",
			"from": [7.875, 13.375, 8],
			"to": [8, 15, 8.125],
			"faces": {
				"north": {"uv": [6.5, 1, 6.375, 2.625], "texture": "#0"},
				"east": {"uv": [6.375, 1, 6.5, 2.625], "texture": "#0"},
				"south": {"uv": [6.375, 1, 6.5, 2.625], "texture": "#0"},
				"west": {"uv": [6.375, 1, 6.5, 2.625], "texture": "#0"},
				"up": {"uv": [6.375, 1, 6.5, 1.125], "texture": "#0"},
				"down": {"uv": [6.375, 2.5, 6.5, 2.625], "texture": "#0"}
			}
		},
		{
			"name": "partisan_2",
			"from": [8.125, 13.375, 8],
			"to": [8.25, 15, 8.125],
			"faces": {
				"north": {"uv": [6.75, 1, 6.625, 2.625], "texture": "#0"},
				"east": {"uv": [6.625, 1, 6.75, 2.625], "texture": "#0"},
				"south": {"uv": [6.625, 1, 6.75, 2.625], "texture": "#0"},
				"west": {"uv": [6.625, 1, 6.75, 2.625], "texture": "#0"},
				"up": {"uv": [6.625, 1, 6.75, 1.125], "texture": "#0"},
				"down": {"uv": [6.625, 2.5, 6.75, 2.625], "texture": "#0"}
			}
		},
		{
			"name": "partisan_3",
			"from": [8, 11.75, 7.95],
			"to": [8.125, 14.375, 8.175],
			"faces": {
				"north": {"uv": [4.875, 1.625, 4.75, 4.25], "texture": "#0"},
				"east": {"uv": [4.75, 1.625, 4.875, 4.25], "texture": "#0"},
				"south": {"uv": [4.75, 1.625, 4.875, 4.25], "texture": "#0"},
				"west": {"uv": [4.75, 1.625, 4.875, 4.25], "texture": "#0"},
				"up": {"uv": [4.75, 1.625, 4.875, 1.75], "texture": "#0"},
				"down": {"uv": [4.75, 4.125, 4.875, 4.25], "texture": "#0"}
			}
		},
		{
			"name": "partisan_4",
			"from": [7.75, 12.125, 8],
			"to": [7.875, 14.125, 8.125],
			"faces": {
				"north": {"uv": [6.375, 1.875, 6.25, 3.875], "texture": "#0"},
				"east": {"uv": [6.25, 1.875, 6.375, 3.875], "texture": "#0"},
				"south": {"uv": [6.25, 1.875, 6.375, 3.875], "texture": "#0"},
				"west": {"uv": [6.25, 1.875, 6.375, 3.875], "texture": "#0"},
				"up": {"uv": [6.25, 1.875, 6.375, 2], "texture": "#0"},
				"down": {"uv": [6.25, 3.75, 6.375, 3.875], "texture": "#0"}
			}
		},
		{
			"name": "partisan_5",
			"from": [8.25, 12.125, 8],
			"to": [8.375, 14.125, 8.125],
			"faces": {
				"north": {"uv": [6.875, 1.875, 6.75, 3.875], "texture": "#0"},
				"east": {"uv": [6.75, 1.875, 6.875, 3.875], "texture": "#0"},
				"south": {"uv": [6.75, 1.875, 6.875, 3.875], "texture": "#0"},
				"west": {"uv": [6.75, 1.875, 6.875, 3.875], "texture": "#0"},
				"up": {"uv": [6.75, 1.875, 6.875, 2], "texture": "#0"},
				"down": {"uv": [6.75, 3.75, 6.875, 3.875], "texture": "#0"}
			}
		},
		{
			"name": "partisan_7",
			"from": [7.875, 11.75, 7.95],
			"to": [8, 13.375, 8.175],
			"faces": {
				"north": {"uv": [4.75, 2.625, 4.625, 4.25], "texture": "#0"},
				"east": {"uv": [4.625, 2.625, 4.75, 4.25], "texture": "#0"},
				"south": {"uv": [4.625, 2.625, 4.75, 4.25], "texture": "#0"},
				"west": {"uv": [4.625, 2.625, 4.75, 4.25], "texture": "#0"},
				"up": {"uv": [4.625, 2.625, 4.75, 2.75], "texture": "#0"},
				"down": {"uv": [4.625, 4.125, 4.75, 4.25], "texture": "#0"}
			}
		},
		{
			"name": "partisan_8",
			"from": [8.125, 11.75, 7.95],
			"to": [8.25, 13.375, 8.175],
			"faces": {
				"north": {"uv": [5, 2.625, 4.875, 4.25], "texture": "#0"},
				"east": {"uv": [4.875, 2.625, 5, 4.25], "texture": "#0"},
				"south": {"uv": [4.875, 2.625, 5, 4.25], "texture": "#0"},
				"west": {"uv": [4.875, 2.625, 5, 4.25], "texture": "#0"},
				"up": {"uv": [4.875, 2.625, 5, 2.75], "texture": "#0"},
				"down": {"uv": [4.875, 4.125, 5, 4.25], "texture": "#0"}
			}
		},
		{
			"name": "partisan_9",
			"from": [7.25, 12.125, 8],
			"to": [7.375, 12.625, 8.125],
			"faces": {
				"north": {"uv": [5.875, 3.375, 5.75, 3.875], "texture": "#0"},
				"east": {"uv": [5.75, 3.375, 5.875, 3.875], "texture": "#0"},
				"south": {"uv": [5.75, 3.375, 5.875, 3.875], "texture": "#0"},
				"west": {"uv": [5.75, 3.375, 5.875, 3.875], "texture": "#0"},
				"up": {"uv": [5.75, 3.375, 5.875, 3.5], "texture": "#0"},
				"down": {"uv": [5.75, 3.75, 5.875, 3.875], "texture": "#0"}
			}
		},
		{
			"name": "partisan_10",
			"from": [8.75, 12.125, 8],
			"to": [8.875, 12.625, 8.125],
			"faces": {
				"north": {"uv": [7.375, 3.375, 7.25, 3.875], "texture": "#0"},
				"east": {"uv": [7.25, 3.375, 7.375, 3.875], "texture": "#0"},
				"south": {"uv": [7.25, 3.375, 7.375, 3.875], "texture": "#0"},
				"west": {"uv": [7.25, 3.375, 7.375, 3.875], "texture": "#0"},
				"up": {"uv": [7.25, 3.375, 7.375, 3.5], "texture": "#0"},
				"down": {"uv": [7.25, 3.75, 7.375, 3.875], "texture": "#0"}
			}
		},
		{
			"name": "partisan_11",
			"from": [7.375, 12.25, 8],
			"to": [7.5, 12.5, 8.125],
			"faces": {
				"north": {"uv": [6, 3.5, 5.875, 3.75], "texture": "#0"},
				"east": {"uv": [5.875, 3.5, 6, 3.75], "texture": "#0"},
				"south": {"uv": [5.875, 3.5, 6, 3.75], "texture": "#0"},
				"west": {"uv": [5.875, 3.5, 6, 3.75], "texture": "#0"},
				"up": {"uv": [5.875, 3.5, 6, 3.625], "texture": "#0"},
				"down": {"uv": [5.875, 3.625, 6, 3.75], "texture": "#0"}
			}
		},
		{
			"name": "partisan_12",
			"from": [8.625, 12.25, 8],
			"to": [8.75, 12.5, 8.125],
			"faces": {
				"north": {"uv": [7.25, 3.5, 7.125, 3.75], "texture": "#0"},
				"east": {"uv": [7.125, 3.5, 7.25, 3.75], "texture": "#0"},
				"south": {"uv": [7.125, 3.5, 7.25, 3.75], "texture": "#0"},
				"west": {"uv": [7.125, 3.5, 7.25, 3.75], "texture": "#0"},
				"up": {"uv": [7.125, 3.5, 7.25, 3.625], "texture": "#0"},
				"down": {"uv": [7.125, 3.625, 7.25, 3.75], "texture": "#0"}
			}
		},
		{
			"name": "partisan_13",
			"from": [7.5, 12.25, 8],
			"to": [7.75, 12.375, 8.125],
			"faces": {
				"north": {"uv": [6.25, 3.625, 6, 3.75], "texture": "#0"},
				"east": {"uv": [6.125, 3.625, 6.25, 3.75], "texture": "#0"},
				"south": {"uv": [6, 3.625, 6.25, 3.75], "texture": "#0"},
				"west": {"uv": [6, 3.625, 6.125, 3.75], "texture": "#0"},
				"up": {"uv": [6, 3.625, 6.25, 3.75], "texture": "#0"},
				"down": {"uv": [6, 3.625, 6.25, 3.75], "texture": "#0"}
			}
		},
		{
			"name": "partisan_14",
			"from": [8.375, 12.25, 8],
			"to": [8.625, 12.375, 8.125],
			"faces": {
				"north": {"uv": [7.125, 3.625, 6.875, 3.75], "texture": "#0"},
				"east": {"uv": [7, 3.625, 7.125, 3.75], "texture": "#0"},
				"south": {"uv": [6.875, 3.625, 7.125, 3.75], "texture": "#0"},
				"west": {"uv": [6.875, 3.625, 7, 3.75], "texture": "#0"},
				"up": {"uv": [6.875, 3.625, 7.125, 3.75], "texture": "#0"},
				"down": {"uv": [6.875, 3.625, 7.125, 3.75], "texture": "#0"}
			}
		},
		{
			"name": "partisan_15",
			"from": [7.375, 12.125, 7.95],
			"to": [7.625, 12.25, 8.175],
			"faces": {
				"north": {"uv": [4.375, 3.75, 4.125, 3.875], "texture": "#0"},
				"east": {"uv": [4.25, 3.75, 4.375, 3.875], "texture": "#0"},
				"south": {"uv": [4.125, 3.75, 4.375, 3.875], "texture": "#0"},
				"west": {"uv": [4.125, 3.75, 4.25, 3.875], "texture": "#0"},
				"up": {"uv": [4.125, 3.75, 4.375, 3.875], "texture": "#0"},
				"down": {"uv": [4.125, 3.75, 4.375, 3.875], "texture": "#0"}
			}
		},
		{
			"name": "partisan_16",
			"from": [8.5, 12.125, 7.95],
			"to": [8.75, 12.25, 8.175],
			"faces": {
				"north": {"uv": [5.5, 3.75, 5.25, 3.875], "texture": "#0"},
				"east": {"uv": [5.375, 3.75, 5.5, 3.875], "texture": "#0"},
				"south": {"uv": [5.25, 3.75, 5.5, 3.875], "texture": "#0"},
				"west": {"uv": [5.25, 3.75, 5.375, 3.875], "texture": "#0"},
				"up": {"uv": [5.25, 3.75, 5.5, 3.875], "texture": "#0"},
				"down": {"uv": [5.25, 3.75, 5.5, 3.875], "texture": "#0"}
			}
		},
		{
			"name": "partisan_17",
			"from": [7.625, 12.125, 8],
			"to": [7.75, 12.25, 8.125],
			"faces": {
				"north": {"uv": [6.25, 3.75, 6.125, 3.875], "texture": "#0"},
				"east": {"uv": [6.125, 3.75, 6.25, 3.875], "texture": "#0"},
				"south": {"uv": [6.125, 3.75, 6.25, 3.875], "texture": "#0"},
				"west": {"uv": [6.125, 3.75, 6.25, 3.875], "texture": "#0"},
				"up": {"uv": [6.125, 3.75, 6.25, 3.875], "texture": "#0"},
				"down": {"uv": [6.125, 3.75, 6.25, 3.875], "texture": "#0"}
			}
		},
		{
			"name": "partisan_18",
			"from": [8.375, 12.125, 8],
			"to": [8.5, 12.25, 8.125],
			"faces": {
				"north": {"uv": [7, 3.75, 6.875, 3.875], "texture": "#0"},
				"east": {"uv": [6.875, 3.75, 7, 3.875], "texture": "#0"},
				"south": {"uv": [6.875, 3.75, 7, 3.875], "texture": "#0"},
				"west": {"uv": [6.875, 3.75, 7, 3.875], "texture": "#0"},
				"up": {"uv": [6.875, 3.75, 7, 3.875], "texture": "#0"},
				"down": {"uv": [6.875, 3.75, 7, 3.875], "texture": "#0"}
			}
		},
		{
			"name": "partisan_19",
			"from": [7.5, 12, 7.95],
			"to": [7.875, 12.125, 8.175],
			"faces": {
				"north": {"uv": [4.625, 3.875, 4.25, 4], "texture": "#0"},
				"east": {"uv": [4.5, 3.875, 4.625, 4], "texture": "#0"},
				"south": {"uv": [4.25, 3.875, 4.625, 4], "texture": "#0"},
				"west": {"uv": [4.25, 3.875, 4.375, 4], "texture": "#0"},
				"up": {"uv": [4.25, 3.875, 4.625, 4], "texture": "#0"},
				"down": {"uv": [4.25, 3.875, 4.625, 4], "texture": "#0"}
			}
		},
		{
			"name": "partisan_20",
			"from": [8.25, 11.875, 7.95],
			"to": [8.5, 12.125, 8.175],
			"faces": {
				"north": {"uv": [5.25, 3.875, 5, 4.125], "texture": "#0"},
				"east": {"uv": [5.125, 3.875, 5.25, 4.125], "texture": "#0"},
				"south": {"uv": [5, 3.875, 5.25, 4.125], "texture": "#0"},
				"west": {"uv": [5, 3.875, 5.125, 4.125], "texture": "#0"},
				"up": {"uv": [5, 3.875, 5.25, 4], "texture": "#0"},
				"down": {"uv": [5, 4, 5.25, 4.125], "texture": "#0"}
			}
		},
		{
			"name": "partisan_21",
			"from": [8.5, 12, 7.95],
			"to": [8.625, 12.125, 8.175],
			"faces": {
				"north": {"uv": [5.375, 3.875, 5.25, 4], "texture": "#0"},
				"east": {"uv": [5.25, 3.875, 5.375, 4], "texture": "#0"},
				"south": {"uv": [5.25, 3.875, 5.375, 4], "texture": "#0"},
				"west": {"uv": [5.25, 3.875, 5.375, 4], "texture": "#0"},
				"up": {"uv": [5.25, 3.875, 5.375, 4], "texture": "#0"},
				"down": {"uv": [5.25, 3.875, 5.375, 4], "texture": "#0"}
			}
		},
		{
			"name": "partisan_22",
			"from": [7.375, 12, 8],
			"to": [7.5, 12.125, 8.125],
			"faces": {
				"north": {"uv": [6, 3.875, 5.875, 4], "texture": "#0"},
				"east": {"uv": [5.875, 3.875, 6, 4], "texture": "#0"},
				"south": {"uv": [5.875, 3.875, 6, 4], "texture": "#0"},
				"west": {"uv": [5.875, 3.875, 6, 4], "texture": "#0"},
				"up": {"uv": [5.875, 3.875, 6, 4], "texture": "#0"},
				"down": {"uv": [5.875, 3.875, 6, 4], "texture": "#0"}
			}
		},
		{
			"name": "partisan_23",
			"from": [8.625, 12, 8],
			"to": [8.75, 12.125, 8.125],
			"faces": {
				"north": {"uv": [7.25, 3.875, 7.125, 4], "texture": "#0"},
				"east": {"uv": [7.125, 3.875, 7.25, 4], "texture": "#0"},
				"south": {"uv": [7.125, 3.875, 7.25, 4], "texture": "#0"},
				"west": {"uv": [7.125, 3.875, 7.25, 4], "texture": "#0"},
				"up": {"uv": [7.125, 3.875, 7.25, 4], "texture": "#0"},
				"down": {"uv": [7.125, 3.875, 7.25, 4], "texture": "#0"}
			}
		},
		{
			"name": "partisan_24",
			"from": [7.625, 11.875, 7.95],
			"to": [7.875, 12, 8.175],
			"faces": {
				"north": {"uv": [4.625, 4, 4.375, 4.125], "texture": "#0"},
				"east": {"uv": [4.5, 4, 4.625, 4.125], "texture": "#0"},
				"south": {"uv": [4.375, 4, 4.625, 4.125], "texture": "#0"},
				"west": {"uv": [4.375, 4, 4.5, 4.125], "texture": "#0"},
				"up": {"uv": [4.375, 4, 4.625, 4.125], "texture": "#0"},
				"down": {"uv": [4.375, 4, 4.625, 4.125], "texture": "#0"}
			}
		},
		{
			"name": "partisan_25",
			"from": [7.5, 11.875, 8],
			"to": [7.625, 12, 8.125],
			"faces": {
				"north": {"uv": [6.125, 4, 6, 4.125], "texture": "#0"},
				"east": {"uv": [6, 4, 6.125, 4.125], "texture": "#0"},
				"south": {"uv": [6, 4, 6.125, 4.125], "texture": "#0"},
				"west": {"uv": [6, 4, 6.125, 4.125], "texture": "#0"},
				"up": {"uv": [6, 4, 6.125, 4.125], "texture": "#0"},
				"down": {"uv": [6, 4, 6.125, 4.125], "texture": "#0"}
			}
		},
		{
			"name": "partisan_26",
			"from": [8.5, 11.875, 8],
			"to": [8.625, 12, 8.125],
			"faces": {
				"north": {"uv": [7.125, 4, 7, 4.125], "texture": "#0"},
				"east": {"uv": [7, 4, 7.125, 4.125], "texture": "#0"},
				"south": {"uv": [7, 4, 7.125, 4.125], "texture": "#0"},
				"west": {"uv": [7, 4, 7.125, 4.125], "texture": "#0"},
				"up": {"uv": [7, 4, 7.125, 4.125], "texture": "#0"},
				"down": {"uv": [7, 4, 7.125, 4.125], "texture": "#0"}
			}
		},
		{
			"name": "partisan_27",
			"from": [7.75, 11.75, 7.95],
			"to": [7.875, 11.875, 8.175],
			"faces": {
				"north": {"uv": [4.625, 4.125, 4.5, 4.25], "texture": "#0"},
				"east": {"uv": [4.5, 4.125, 4.625, 4.25], "texture": "#0"},
				"south": {"uv": [4.5, 4.125, 4.625, 4.25], "texture": "#0"},
				"west": {"uv": [4.5, 4.125, 4.625, 4.25], "texture": "#0"},
				"up": {"uv": [4.5, 4.125, 4.625, 4.25], "texture": "#0"},
				"down": {"uv": [4.5, 4.125, 4.625, 4.25], "texture": "#0"}
			}
		},
		{
			"name": "partisan_28",
			"from": [8.25, 11.75, 7.95],
			"to": [8.375, 11.875, 8.175],
			"faces": {
				"north": {"uv": [5.125, 4.125, 5, 4.25], "texture": "#0"},
				"east": {"uv": [5, 4.125, 5.125, 4.25], "texture": "#0"},
				"south": {"uv": [5, 4.125, 5.125, 4.25], "texture": "#0"},
				"west": {"uv": [5, 4.125, 5.125, 4.25], "texture": "#0"},
				"up": {"uv": [5, 4.125, 5.125, 4.25], "texture": "#0"},
				"down": {"uv": [5, 4.125, 5.125, 4.25], "texture": "#0"}
			}
		},
		{
			"name": "partisan_29",
			"from": [7.875, 11.25, 7.9],
			"to": [8.25, 11.75, 8.225],
			"faces": {
				"north": {"uv": [8.25, 4.25, 7.875, 4.75], "texture": "#0"},
				"east": {"uv": [8.125, 4.25, 8.25, 4.75], "texture": "#0"},
				"south": {"uv": [7.875, 4.25, 8.25, 4.75], "texture": "#0"},
				"west": {"uv": [7.875, 4.25, 8, 4.75], "texture": "#0"},
				"up": {"uv": [7.875, 4.25, 8.25, 4.375], "texture": "#0"},
				"down": {"uv": [7.875, 4.625, 8.25, 4.75], "texture": "#0"}
			}
		},
		{
			"name": "partisan_30",
			"from": [7.75, 10.875, 7.85],
			"to": [8.375, 11.25, 8.275],
			"faces": {
				"north": {"uv": [9.25, 4.75, 8.625, 5.125], "texture": "#0"},
				"east": {"uv": [9.125, 4.75, 9.25, 5.125], "texture": "#0"},
				"south": {"uv": [8.625, 4.75, 9.25, 5.125], "texture": "#0"},
				"west": {"uv": [8.625, 4.75, 8.75, 5.125], "texture": "#0"},
				"up": {"uv": [8.625, 4.75, 9.25, 4.875], "texture": "#0"},
				"down": {"uv": [8.625, 5, 9.25, 5.125], "texture": "#0"}
			}
		},
		{
			"name": "partisan_31",
			"from": [7.875, 2.5, 7.9],
			"to": [8.25, 10.875, 8.225],
			"faces": {
				"north": {"uv": [8.25, 5.125, 7.875, 13.5], "texture": "#0"},
				"east": {"uv": [8.125, 5.125, 8.25, 13.5], "texture": "#0"},
				"south": {"uv": [7.875, 5.125, 8.25, 13.5], "texture": "#0"},
				"west": {"uv": [7.875, 5.125, 8, 13.5], "texture": "#0"},
				"up": {"uv": [7.875, 5.125, 8.25, 5.25], "texture": "#0"},
				"down": {"uv": [7.875, 13.375, 8.25, 13.5], "texture": "#0"}
			}
		}
	],
	"gui_light": "front",
	"display": {
		"thirdperson_righthand": {
			"rotation": [0, -90, 0],
			"translation": [0, -2.5, 1.25],
			"scale": [3, 3, 3]
		},
		"thirdperson_lefthand": {
			"rotation": [0, 90, 0],
			"translation": [0, -2.5, 1.25],
			"scale": [3, 3, 3]
		},
		"firstperson_righthand": {
			"rotation": [-4, -90, -8],
			"translation": [2.5, 3.25, -0.25],
			"scale": [2, 2, 2]
		},
		"firstperson_lefthand": {
			"rotation": [9, 90, -8],
			"translation": [1.75, 2.25, -0.5],
			"scale": [2, 2, 2]
		},
		"ground": {
			"translation": [0, 7.75, 0],
			"scale": [2, 2, 2]
		},
		"gui": {
			"rotation": [0, 0, -46],
			"translation": [-1.25, -1, 0],
			"scale": [2, 2, 2]
		},
		"head": {
			"rotation": [0, 0, -132],
			"translation": [-2.25, -13, 3.5],
			"scale": [3.5, 3.5, 3.5]
		},
		"fixed": {
			"rotation": [-180, 0, 138],
			"translation": [-1.25, 1.75, -0.25],
			"scale": [4, 4, 3]
		}
	},
	"groups": [
		{
			"name": "partisan",
			"origin": [8, 8, 8],
			"color": 0,
			"nbt": "{}",
			"children": [0, 1, 2, 3, 4, 5, 6, 7, 8, 9, 10, 11, 12, 13, 14, 15, 16, 17, 18, 19, 20, 21, 22, 23, 24, 25, 26, 27, 28, 29, 30]
		}
	]
}