{
	"credit": "Made with Blockbench",
	"textures": {
		"0": "prominent:item/transmog/pheonix_grace",
		"particle": "prominent:item/transmog/pheonix_grace"
	},
	"elements": [
		{
			"name": "pheonix_grace_0",
			"from": [8.875, 14.125, 8],
			"to": [9, 14.75, 8.125],
			"faces": {
				"north": {"uv": [6.5, 1.25, 6.375, 1.875], "texture": "#0"},
				"east": {"uv": [6.375, 1.25, 6.5, 1.875], "texture": "#0"},
				"south": {"uv": [6.375, 1.25, 6.5, 1.875], "texture": "#0"},
				"west": {"uv": [6.375, 1.25, 6.5, 1.875], "texture": "#0"},
				"up": {"uv": [6.375, 1.25, 6.5, 1.375], "texture": "#0"},
				"down": {"uv": [6.375, 1.75, 6.5, 1.875], "texture": "#0"}
			}
		},
		{
			"name": "pheonix_grace_1",
			"from": [8.75, 14, 8],
			"to": [8.875, 14.625, 8.125],
			"faces": {
				"north": {"uv": [6.375, 1.375, 6.25, 2], "texture": "#0"},
				"east": {"uv": [6.25, 1.375, 6.375, 2], "texture": "#0"},
				"south": {"uv": [6.25, 1.375, 6.375, 2], "texture": "#0"},
				"west": {"uv": [6.25, 1.375, 6.375, 2], "texture": "#0"},
				"up": {"uv": [6.25, 1.375, 6.375, 1.5], "texture": "#0"},
				"down": {"uv": [6.25, 1.875, 6.375, 2], "texture": "#0"}
			}
		},
		{
			"name": "pheonix_grace_2",
			"from": [8.625, 13.875, 8],
			"to": [8.75, 14.5, 8.125],
			"faces": {
				"north": {"uv": [6.25, 1.5, 6.125, 2.125], "texture": "#0"},
				"east": {"uv": [6.125, 1.5, 6.25, 2.125], "texture": "#0"},
				"south": {"uv": [6.125, 1.5, 6.25, 2.125], "texture": "#0"},
				"west": {"uv": [6.125, 1.5, 6.25, 2.125], "texture": "#0"},
				"up": {"uv": [6.125, 1.5, 6.25, 1.625], "texture": "#0"},
				"down": {"uv": [6.125, 2, 6.25, 2.125], "texture": "#0"}
			}
		},
		{
			"name": "pheonix_grace_3",
			"from": [8.5, 13.75, 8],
			"to": [8.625, 14.375, 8.125],
			"faces": {
				"north": {"uv": [6.125, 1.625, 6, 2.25], "texture": "#0"},
				"east": {"uv": [6, 1.625, 6.125, 2.25], "texture": "#0"},
				"south": {"uv": [6, 1.625, 6.125, 2.25], "texture": "#0"},
				"west": {"uv": [6, 1.625, 6.125, 2.25], "texture": "#0"},
				"up": {"uv": [6, 1.625, 6.125, 1.75], "texture": "#0"},
				"down": {"uv": [6, 2.125, 6.125, 2.25], "texture": "#0"}
			}
		},
		{
			"name": "pheonix_grace_4",
			"from": [8.375, 7.75, 8],
			"to": [8.5, 14.25, 8.125],
			"faces": {
				"north": {"uv": [6, 1.75, 5.875, 8.25], "texture": "#0"},
				"east": {"uv": [5.875, 1.75, 6, 8.25], "texture": "#0"},
				"south": {"uv": [5.875, 1.75, 6, 8.25], "texture": "#0"},
				"west": {"uv": [5.875, 1.75, 6, 8.25], "texture": "#0"},
				"up": {"uv": [5.875, 1.75, 6, 1.875], "texture": "#0"},
				"down": {"uv": [5.875, 8.125, 6, 8.25], "texture": "#0"}
			}
		},
		{
			"name": "pheonix_grace_5",
			"from": [8.25, 9, 8],
			"to": [8.375, 14.125, 8.125],
			"faces": {
				"north": {"uv": [5.875, 1.875, 5.75, 7], "texture": "#0"},
				"east": {"uv": [5.75, 1.875, 5.875, 7], "texture": "#0"},
				"south": {"uv": [5.75, 1.875, 5.875, 7], "texture": "#0"},
				"west": {"uv": [5.75, 1.875, 5.875, 7], "texture": "#0"},
				"up": {"uv": [5.75, 1.875, 5.875, 2], "texture": "#0"},
				"down": {"uv": [5.75, 6.875, 5.875, 7], "texture": "#0"}
			}
		},
		{
			"name": "pheonix_grace_6",
			"from": [8.875, 12.875, 7.95],
			"to": [9, 14.125, 8.175],
			"faces": {
				"north": {"uv": [8.25, 1.875, 8.125, 3.125], "texture": "#0"},
				"east": {"uv": [8.125, 1.875, 8.25, 3.125], "texture": "#0"},
				"south": {"uv": [8.125, 1.875, 8.25, 3.125], "texture": "#0"},
				"west": {"uv": [8.125, 1.875, 8.25, 3.125], "texture": "#0"},
				"up": {"uv": [8.125, 1.875, 8.25, 2], "texture": "#0"},
				"down": {"uv": [8.125, 3, 8.25, 3.125], "texture": "#0"}
			}
		},
		{
			"name": "pheonix_grace_7",
			"from": [8.125, 9.25, 8],
			"to": [8.25, 14, 8.125],
			"faces": {
				"north": {"uv": [5.75, 2, 5.625, 6.75], "texture": "#0"},
				"east": {"uv": [5.625, 2, 5.75, 6.75], "texture": "#0"},
				"south": {"uv": [5.625, 2, 5.75, 6.75], "texture": "#0"},
				"west": {"uv": [5.625, 2, 5.75, 6.75], "texture": "#0"},
				"up": {"uv": [5.625, 2, 5.75, 2.125], "texture": "#0"},
				"down": {"uv": [5.625, 6.625, 5.75, 6.75], "texture": "#0"}
			}
		},
		{
			"name": "pheonix_grace_8",
			"from": [8.75, 7.25, 7.95],
			"to": [8.875, 14, 8.175],
			"faces": {
				"north": {"uv": [8.125, 2, 8, 8.75], "texture": "#0"},
				"east": {"uv": [8, 2, 8.125, 8.75], "texture": "#0"},
				"south": {"uv": [8, 2, 8.125, 8.75], "texture": "#0"},
				"west": {"uv": [8, 2, 8.125, 8.75], "texture": "#0"},
				"up": {"uv": [8, 2, 8.125, 2.125], "texture": "#0"},
				"down": {"uv": [8, 8.625, 8.125, 8.75], "texture": "#0"}
			}
		},
		{
			"name": "pheonix_grace_9",
			"from": [8.625, 7.25, 7.95],
			"to": [8.75, 13.875, 8.175],
			"faces": {
				"north": {"uv": [8, 2.125, 7.875, 8.75], "texture": "#0"},
				"east": {"uv": [7.875, 2.125, 8, 8.75], "texture": "#0"},
				"south": {"uv": [7.875, 2.125, 8, 8.75], "texture": "#0"},
				"west": {"uv": [7.875, 2.125, 8, 8.75], "texture": "#0"},
				"up": {"uv": [7.875, 2.125, 8, 2.25], "texture": "#0"},
				"down": {"uv": [7.875, 8.625, 8, 8.75], "texture": "#0"}
			}
		},
		{
			"name": "pheonix_grace_10",
			"from": [8.5, 9.625, 7.95],
			"to": [8.625, 13.75, 8.175],
			"faces": {
				"north": {"uv": [7.875, 2.25, 7.75, 6.375], "texture": "#0"},
				"east": {"uv": [7.75, 2.25, 7.875, 6.375], "texture": "#0"},
				"south": {"uv": [7.75, 2.25, 7.875, 6.375], "texture": "#0"},
				"west": {"uv": [7.75, 2.25, 7.875, 6.375], "texture": "#0"},
				"up": {"uv": [7.75, 2.25, 7.875, 2.375], "texture": "#0"},
				"down": {"uv": [7.75, 6.25, 7.875, 6.375], "texture": "#0"}
			}
		},
		{
			"name": "pheonix_grace_11",
			"from": [8.875, 11.875, 8],
			"to": [9, 12.875, 8.125],
			"faces": {
				"north": {"uv": [8.75, 3.125, 8.625, 4.125], "texture": "#0"},
				"east": {"uv": [8.625, 3.125, 8.75, 4.125], "texture": "#0"},
				"south": {"uv": [8.625, 3.125, 8.75, 4.125], "texture": "#0"},
				"west": {"uv": [8.625, 3.125, 8.75, 4.125], "texture": "#0"},
				"up": {"uv": [8.625, 3.125, 8.75, 3.25], "texture": "#0"},
				"down": {"uv": [8.625, 4, 8.75, 4.125], "texture": "#0"}
			}
		},
		{
			"name": "pheonix_grace_12",
			"from": [9, 11.375, 8],
			"to": [9.125, 12.375, 8.125],
			"faces": {
				"north": {"uv": [8.875, 3.625, 8.75, 4.625], "texture": "#0"},
				"east": {"uv": [8.75, 3.625, 8.875, 4.625], "texture": "#0"},
				"south": {"uv": [8.75, 3.625, 8.875, 4.625], "texture": "#0"},
				"west": {"uv": [8.75, 3.625, 8.875, 4.625], "texture": "#0"},
				"up": {"uv": [8.75, 3.625, 8.875, 3.75], "texture": "#0"},
				"down": {"uv": [8.75, 4.5, 8.875, 4.625], "texture": "#0"}
			}
		},
		{
			"name": "pheonix_grace_13",
			"from": [8.875, 11, 7.95],
			"to": [9, 11.875, 8.175],
			"faces": {
				"north": {"uv": [8.25, 4.125, 8.125, 5], "texture": "#0"},
				"east": {"uv": [8.125, 4.125, 8.25, 5], "texture": "#0"},
				"south": {"uv": [8.125, 4.125, 8.25, 5], "texture": "#0"},
				"west": {"uv": [8.125, 4.125, 8.25, 5], "texture": "#0"},
				"up": {"uv": [8.125, 4.125, 8.25, 4.25], "texture": "#0"},
				"down": {"uv": [8.125, 4.875, 8.25, 5], "texture": "#0"}
			}
		},
		{
			"name": "pheonix_grace_14",
			"from": [9.125, 11.125, 8],
			"to": [9.25, 11.75, 8.125],
			"faces": {
				"north": {"uv": [9, 4.25, 8.875, 4.875], "texture": "#0"},
				"east": {"uv": [8.875, 4.25, 9, 4.875], "texture": "#0"},
				"south": {"uv": [8.875, 4.25, 9, 4.875], "texture": "#0"},
				"west": {"uv": [8.875, 4.25, 9, 4.875], "texture": "#0"},
				"up": {"uv": [8.875, 4.25, 9, 4.375], "texture": "#0"},
				"down": {"uv": [8.875, 4.75, 9, 4.875], "texture": "#0"}
			}
		},
		{
			"name": "pheonix_grace_15",
			"from": [9, 11.125, 7.95],
			"to": [9.125, 11.375, 8.175],
			"faces": {
				"north": {"uv": [8.375, 4.625, 8.25, 4.875], "texture": "#0"},
				"east": {"uv": [8.25, 4.625, 8.375, 4.875], "texture": "#0"},
				"south": {"uv": [8.25, 4.625, 8.375, 4.875], "texture": "#0"},
				"west": {"uv": [8.25, 4.625, 8.375, 4.875], "texture": "#0"},
				"up": {"uv": [8.25, 4.625, 8.375, 4.75], "texture": "#0"},
				"down": {"uv": [8.25, 4.75, 8.375, 4.875], "texture": "#0"}
			}
		},
		{
			"name": "pheonix_grace_16",
			"from": [9.25, 11, 8],
			"to": [9.375, 11.25, 8.125],
			"faces": {
				"north": {"uv": [9.125, 4.75, 9, 5], "texture": "#0"},
				"east": {"uv": [9, 4.75, 9.125, 5], "texture": "#0"},
				"south": {"uv": [9, 4.75, 9.125, 5], "texture": "#0"},
				"west": {"uv": [9, 4.75, 9.125, 5], "texture": "#0"},
				"up": {"uv": [9, 4.75, 9.125, 4.875], "texture": "#0"},
				"down": {"uv": [9, 4.875, 9.125, 5], "texture": "#0"}
			}
		},
		{
			"name": "pheonix_grace_17",
			"from": [9.125, 11, 7.95],
			"to": [9.25, 11.125, 8.175],
			"faces": {
				"north": {"uv": [8.5, 4.875, 8.375, 5], "texture": "#0"},
				"east": {"uv": [8.375, 4.875, 8.5, 5], "texture": "#0"},
				"south": {"uv": [8.375, 4.875, 8.5, 5], "texture": "#0"},
				"west": {"uv": [8.375, 4.875, 8.5, 5], "texture": "#0"},
				"up": {"uv": [8.375, 4.875, 8.5, 5], "texture": "#0"},
				"down": {"uv": [8.375, 4.875, 8.5, 5], "texture": "#0"}
			}
		},
		{
			"name": "pheonix_grace_18",
			"from": [9.375, 11, 8],
			"to": [9.5, 11.125, 8.125],
			"faces": {
				"north": {"uv": [9.25, 4.875, 9.125, 5], "texture": "#0"},
				"east": {"uv": [9.125, 4.875, 9.25, 5], "texture": "#0"},
				"south": {"uv": [9.125, 4.875, 9.25, 5], "texture": "#0"},
				"west": {"uv": [9.125, 4.875, 9.25, 5], "texture": "#0"},
				"up": {"uv": [9.125, 4.875, 9.25, 5], "texture": "#0"},
				"down": {"uv": [9.125, 4.875, 9.25, 5], "texture": "#0"}
			}
		},
		{
			"name": "pheonix_grace_19",
			"from": [8.875, 10.375, 8],
			"to": [9, 11, 8.125],
			"faces": {
				"north": {"uv": [8.75, 5, 8.625, 5.625], "texture": "#0"},
				"east": {"uv": [8.625, 5, 8.75, 5.625], "texture": "#0"},
				"south": {"uv": [8.625, 5, 8.75, 5.625], "texture": "#0"},
				"west": {"uv": [8.625, 5, 8.75, 5.625], "texture": "#0"},
				"up": {"uv": [8.625, 5, 8.75, 5.125], "texture": "#0"},
				"down": {"uv": [8.625, 5.5, 8.75, 5.625], "texture": "#0"}
			}
		},
		{
			"name": "pheonix_grace_20",
			"from": [9, 10, 8],
			"to": [9.125, 10.625, 8.125],
			"faces": {
				"north": {"uv": [8.875, 5.375, 8.75, 6], "texture": "#0"},
				"east": {"uv": [8.75, 5.375, 8.875, 6], "texture": "#0"},
				"south": {"uv": [8.75, 5.375, 8.875, 6], "texture": "#0"},
				"west": {"uv": [8.75, 5.375, 8.875, 6], "texture": "#0"},
				"up": {"uv": [8.75, 5.375, 8.875, 5.5], "texture": "#0"},
				"down": {"uv": [8.75, 5.875, 8.875, 6], "texture": "#0"}
			}
		},
		{
			"name": "pheonix_grace_21",
			"from": [8.875, 7.25, 7.95],
			"to": [9, 10.375, 8.175],
			"faces": {
				"north": {"uv": [8.25, 5.625, 8.125, 8.75], "texture": "#0"},
				"east": {"uv": [8.125, 5.625, 8.25, 8.75], "texture": "#0"},
				"south": {"uv": [8.125, 5.625, 8.25, 8.75], "texture": "#0"},
				"west": {"uv": [8.125, 5.625, 8.25, 8.75], "texture": "#0"},
				"up": {"uv": [8.125, 5.625, 8.25, 5.75], "texture": "#0"},
				"down": {"uv": [8.125, 8.625, 8.25, 8.75], "texture": "#0"}
			}
		},
		{
			"name": "pheonix_grace_22",
			"from": [8, 9.5, 8],
			"to": [8.125, 10.125, 8.125],
			"faces": {
				"north": {"uv": [5.625, 5.875, 5.5, 6.5], "texture": "#0"},
				"east": {"uv": [5.5, 5.875, 5.625, 6.5], "texture": "#0"},
				"south": {"uv": [5.5, 5.875, 5.625, 6.5], "texture": "#0"},
				"west": {"uv": [5.5, 5.875, 5.625, 6.5], "texture": "#0"},
				"up": {"uv": [5.5, 5.875, 5.625, 6], "texture": "#0"},
				"down": {"uv": [5.5, 6.375, 5.625, 6.5], "texture": "#0"}
			}
		},
		{
			"name": "pheonix_grace_23",
			"from": [9.125, 9.75, 8],
			"to": [9.25, 10.125, 8.125],
			"faces": {
				"north": {"uv": [9, 5.875, 8.875, 6.25], "texture": "#0"},
				"east": {"uv": [8.875, 5.875, 9, 6.25], "texture": "#0"},
				"south": {"uv": [8.875, 5.875, 9, 6.25], "texture": "#0"},
				"west": {"uv": [8.875, 5.875, 9, 6.25], "texture": "#0"},
				"up": {"uv": [8.875, 5.875, 9, 6], "texture": "#0"},
				"down": {"uv": [8.875, 6.125, 9, 6.25], "texture": "#0"}
			}
		},
		{
			"name": "pheonix_grace_24",
			"from": [9, 9.875, 7.95],
			"to": [9.125, 10, 8.175],
			"faces": {
				"north": {"uv": [8.375, 6, 8.25, 6.125], "texture": "#0"},
				"east": {"uv": [8.25, 6, 8.375, 6.125], "texture": "#0"},
				"south": {"uv": [8.25, 6, 8.375, 6.125], "texture": "#0"},
				"west": {"uv": [8.25, 6, 8.375, 6.125], "texture": "#0"},
				"up": {"uv": [8.25, 6, 8.375, 6.125], "texture": "#0"},
				"down": {"uv": [8.25, 6, 8.375, 6.125], "texture": "#0"}
			}
		},
		{
			"name": "pheonix_grace_25",
			"from": [9.25, 9.625, 8],
			"to": [9.375, 9.875, 8.125],
			"faces": {
				"north": {"uv": [9.125, 6.125, 9, 6.375], "texture": "#0"},
				"east": {"uv": [9, 6.125, 9.125, 6.375], "texture": "#0"},
				"south": {"uv": [9, 6.125, 9.125, 6.375], "texture": "#0"},
				"west": {"uv": [9, 6.125, 9.125, 6.375], "texture": "#0"},
				"up": {"uv": [9, 6.125, 9.125, 6.25], "texture": "#0"},
				"down": {"uv": [9, 6.25, 9.125, 6.375], "texture": "#0"}
			}
		},
		{
			"name": "pheonix_grace_26",
			"from": [9.375, 9.625, 8],
			"to": [9.5, 9.75, 8.125],
			"faces": {
				"north": {"uv": [9.25, 6.25, 9.125, 6.375], "texture": "#0"},
				"east": {"uv": [9.125, 6.25, 9.25, 6.375], "texture": "#0"},
				"south": {"uv": [9.125, 6.25, 9.25, 6.375], "texture": "#0"},
				"west": {"uv": [9.125, 6.25, 9.25, 6.375], "texture": "#0"},
				"up": {"uv": [9.125, 6.25, 9.25, 6.375], "texture": "#0"},
				"down": {"uv": [9.125, 6.25, 9.25, 6.375], "texture": "#0"}
			}
		},
		{
			"name": "pheonix_grace_27",
			"from": [7.875, 9.5, 8],
			"to": [8, 9.625, 8.125],
			"faces": {
				"north": {"uv": [5.5, 6.375, 5.375, 6.5], "texture": "#0"},
				"east": {"uv": [5.375, 6.375, 5.5, 6.5], "texture": "#0"},
				"south": {"uv": [5.375, 6.375, 5.5, 6.5], "texture": "#0"},
				"west": {"uv": [5.375, 6.375, 5.5, 6.5], "texture": "#0"},
				"up": {"uv": [5.375, 6.375, 5.5, 6.5], "texture": "#0"},
				"down": {"uv": [5.375, 6.375, 5.5, 6.5], "texture": "#0"}
			}
		},
		{
			"name": "pheonix_grace_28",
			"from": [8.5, 8, 8],
			"to": [8.625, 9.625, 8.125],
			"faces": {
				"north": {"uv": [6.125, 6.375, 6, 8], "texture": "#0"},
				"east": {"uv": [6, 6.375, 6.125, 8], "texture": "#0"},
				"south": {"uv": [6, 6.375, 6.125, 8], "texture": "#0"},
				"west": {"uv": [6, 6.375, 6.125, 8], "texture": "#0"},
				"up": {"uv": [6, 6.375, 6.125, 6.5], "texture": "#0"},
				"down": {"uv": [6, 7.875, 6.125, 8], "texture": "#0"}
			}
		},
		{
			"name": "pheonix_grace_29",
			"from": [9, 9, 8],
			"to": [9.125, 9.375, 8.125],
			"faces": {
				"north": {"uv": [8.625, 6.625, 8.5, 7], "texture": "#0"},
				"east": {"uv": [8.5, 6.625, 8.625, 7], "texture": "#0"},
				"south": {"uv": [8.5, 6.625, 8.625, 7], "texture": "#0"},
				"west": {"uv": [8.5, 6.625, 8.625, 7], "texture": "#0"},
				"up": {"uv": [8.5, 6.625, 8.625, 6.75], "texture": "#0"},
				"down": {"uv": [8.5, 6.875, 8.625, 7], "texture": "#0"}
			}
		},
		{
			"name": "pheonix_grace_30",
			"from": [9.125, 8.75, 8],
			"to": [9.25, 9.125, 8.125],
			"faces": {
				"north": {"uv": [8.75, 6.875, 8.625, 7.25], "texture": "#0"},
				"east": {"uv": [8.625, 6.875, 8.75, 7.25], "texture": "#0"},
				"south": {"uv": [8.625, 6.875, 8.75, 7.25], "texture": "#0"},
				"west": {"uv": [8.625, 6.875, 8.75, 7.25], "texture": "#0"},
				"up": {"uv": [8.625, 6.875, 8.75, 7], "texture": "#0"},
				"down": {"uv": [8.625, 7.125, 8.75, 7.25], "texture": "#0"}
			}
		},
		{
			"name": "pheonix_grace_31",
			"from": [9, 7.75, 7.95],
			"to": [9.125, 9, 8.175],
			"faces": {
				"north": {"uv": [8.375, 7, 8.25, 8.25], "texture": "#0"},
				"east": {"uv": [8.25, 7, 8.375, 8.25], "texture": "#0"},
				"south": {"uv": [8.25, 7, 8.375, 8.25], "texture": "#0"},
				"west": {"uv": [8.25, 7, 8.375, 8.25], "texture": "#0"},
				"up": {"uv": [8.25, 7, 8.375, 7.125], "texture": "#0"},
				"down": {"uv": [8.25, 8.125, 8.375, 8.25], "texture": "#0"}
			}
		},
		{
			"name": "pheonix_grace_32",
			"from": [9.25, 8.375, 8],
			"to": [9.375, 9, 8.125],
			"faces": {
				"north": {"uv": [8.875, 7, 8.75, 7.625], "texture": "#0"},
				"east": {"uv": [8.75, 7, 8.875, 7.625], "texture": "#0"},
				"south": {"uv": [8.75, 7, 8.875, 7.625], "texture": "#0"},
				"west": {"uv": [8.75, 7, 8.875, 7.625], "texture": "#0"},
				"up": {"uv": [8.75, 7, 8.875, 7.125], "texture": "#0"},
				"down": {"uv": [8.75, 7.5, 8.875, 7.625], "texture": "#0"}
			}
		},
		{
			"name": "pheonix_grace_33",
			"from": [9.125, 8.5, 7.95],
			"to": [9.25, 8.75, 8.175],
			"faces": {
				"north": {"uv": [8.5, 7.25, 8.375, 7.5], "texture": "#0"},
				"east": {"uv": [8.375, 7.25, 8.5, 7.5], "texture": "#0"},
				"south": {"uv": [8.375, 7.25, 8.5, 7.5], "texture": "#0"},
				"west": {"uv": [8.375, 7.25, 8.5, 7.5], "texture": "#0"},
				"up": {"uv": [8.375, 7.25, 8.5, 7.375], "texture": "#0"},
				"down": {"uv": [8.375, 7.375, 8.5, 7.5], "texture": "#0"}
			}
		},
		{
			"name": "pheonix_grace_34",
			"from": [9.625, 8.5, 8],
			"to": [9.75, 8.75, 8.125],
			"faces": {
				"north": {"uv": [9.25, 7.25, 9.125, 7.5], "texture": "#0"},
				"east": {"uv": [9.125, 7.25, 9.25, 7.5], "texture": "#0"},
				"south": {"uv": [9.125, 7.25, 9.25, 7.5], "texture": "#0"},
				"west": {"uv": [9.125, 7.25, 9.25, 7.5], "texture": "#0"},
				"up": {"uv": [9.125, 7.25, 9.25, 7.375], "texture": "#0"},
				"down": {"uv": [9.125, 7.375, 9.25, 7.5], "texture": "#0"}
			}
		},
		{
			"name": "pheonix_grace_35",
			"from": [9.375, 8.375, 8],
			"to": [9.625, 8.625, 8.125],
			"faces": {
				"north": {"uv": [9.125, 7.375, 8.875, 7.625], "texture": "#0"},
				"east": {"uv": [9, 7.375, 9.125, 7.625], "texture": "#0"},
				"south": {"uv": [8.875, 7.375, 9.125, 7.625], "texture": "#0"},
				"west": {"uv": [8.875, 7.375, 9, 7.625], "texture": "#0"},
				"up": {"uv": [8.875, 7.375, 9.125, 7.5], "texture": "#0"},
				"down": {"uv": [8.875, 7.5, 9.125, 7.625], "texture": "#0"}
			}
		},
		{
			"name": "pheonix_grace_36",
			"from": [8.25, 8, 8],
			"to": [8.375, 8.375, 8.125],
			"faces": {
				"north": {"uv": [5.875, 7.625, 5.75, 8], "texture": "#0"},
				"east": {"uv": [5.75, 7.625, 5.875, 8], "texture": "#0"},
				"south": {"uv": [5.75, 7.625, 5.875, 8], "texture": "#0"},
				"west": {"uv": [5.75, 7.625, 5.875, 8], "texture": "#0"},
				"up": {"uv": [5.75, 7.625, 5.875, 7.75], "texture": "#0"},
				"down": {"uv": [5.75, 7.875, 5.875, 8], "texture": "#0"}
			}
		},
		{
			"name": "pheonix_grace_37",
			"from": [9.125, 8.125, 8],
			"to": [9.25, 8.25, 8.125],
			"faces": {
				"north": {"uv": [8.75, 7.75, 8.625, 7.875], "texture": "#0"},
				"east": {"uv": [8.625, 7.75, 8.75, 7.875], "texture": "#0"},
				"south": {"uv": [8.625, 7.75, 8.75, 7.875], "texture": "#0"},
				"west": {"uv": [8.625, 7.75, 8.75, 7.875], "texture": "#0"},
				"up": {"uv": [8.625, 7.75, 8.75, 7.875], "texture": "#0"},
				"down": {"uv": [8.625, 7.75, 8.75, 7.875], "texture": "#0"}
			}
		},
		{
			"name": "pheonix_grace_38",
			"from": [8.125, 7.875, 8],
			"to": [8.25, 8.125, 8.125],
			"faces": {
				"north": {"uv": [5.75, 7.875, 5.625, 8.125], "texture": "#0"},
				"east": {"uv": [5.625, 7.875, 5.75, 8.125], "texture": "#0"},
				"south": {"uv": [5.625, 7.875, 5.75, 8.125], "texture": "#0"},
				"west": {"uv": [5.625, 7.875, 5.75, 8.125], "texture": "#0"},
				"up": {"uv": [5.625, 7.875, 5.75, 8], "texture": "#0"},
				"down": {"uv": [5.625, 8, 5.75, 8.125], "texture": "#0"}
			}
		},
		{
			"name": "pheonix_grace_39",
			"from": [9.125, 8, 7.95],
			"to": [9.25, 8.125, 8.175],
			"faces": {
				"north": {"uv": [8.5, 7.875, 8.375, 8], "texture": "#0"},
				"east": {"uv": [8.375, 7.875, 8.5, 8], "texture": "#0"},
				"south": {"uv": [8.375, 7.875, 8.5, 8], "texture": "#0"},
				"west": {"uv": [8.375, 7.875, 8.5, 8], "texture": "#0"},
				"up": {"uv": [8.375, 7.875, 8.5, 8], "texture": "#0"},
				"down": {"uv": [8.375, 7.875, 8.5, 8], "texture": "#0"}
			}
		},
		{
			"name": "pheonix_grace_40",
			"from": [8, 7.875, 8],
			"to": [8.125, 8, 8.125],
			"faces": {
				"north": {"uv": [5.625, 8, 5.5, 8.125], "texture": "#0"},
				"east": {"uv": [5.5, 8, 5.625, 8.125], "texture": "#0"},
				"south": {"uv": [5.5, 8, 5.625, 8.125], "texture": "#0"},
				"west": {"uv": [5.5, 8, 5.625, 8.125], "texture": "#0"},
				"up": {"uv": [5.5, 8, 5.625, 8.125], "texture": "#0"},
				"down": {"uv": [5.5, 8, 5.625, 8.125], "texture": "#0"}
			}
		},
		{
			"name": "pheonix_grace_41",
			"from": [8.25, 6.75, 7.9],
			"to": [8.375, 8, 8.225],
			"faces": {
				"north": {"uv": [7.375, 8, 7.25, 9.25], "texture": "#0"},
				"east": {"uv": [7.25, 8, 7.375, 9.25], "texture": "#0"},
				"south": {"uv": [7.25, 8, 7.375, 9.25], "texture": "#0"},
				"west": {"uv": [7.25, 8, 7.375, 9.25], "texture": "#0"},
				"up": {"uv": [7.25, 8, 7.375, 8.125], "texture": "#0"},
				"down": {"uv": [7.25, 9.125, 7.375, 9.25], "texture": "#0"}
			}
		},
		{
			"name": "pheonix_grace_42",
			"from": [8.5, 7.25, 7.95],
			"to": [8.625, 8, 8.175],
			"faces": {
				"north": {"uv": [7.875, 8, 7.75, 8.75], "texture": "#0"},
				"east": {"uv": [7.75, 8, 7.875, 8.75], "texture": "#0"},
				"south": {"uv": [7.75, 8, 7.875, 8.75], "texture": "#0"},
				"west": {"uv": [7.75, 8, 7.875, 8.75], "texture": "#0"},
				"up": {"uv": [7.75, 8, 7.875, 8.125], "texture": "#0"},
				"down": {"uv": [7.75, 8.625, 7.875, 8.75], "texture": "#0"}
			}
		},
		{
			"name": "pheonix_grace_43",
			"from": [9.125, 7.75, 8],
			"to": [9.25, 8, 8.125],
			"faces": {
				"north": {"uv": [8.75, 8, 8.625, 8.25], "texture": "#0"},
				"east": {"uv": [8.625, 8, 8.75, 8.25], "texture": "#0"},
				"south": {"uv": [8.625, 8, 8.75, 8.25], "texture": "#0"},
				"west": {"uv": [8.625, 8, 8.75, 8.25], "texture": "#0"},
				"up": {"uv": [8.625, 8, 8.75, 8.125], "texture": "#0"},
				"down": {"uv": [8.625, 8.125, 8.75, 8.25], "texture": "#0"}
			}
		},
		{
			"name": "pheonix_grace_44",
			"from": [7.875, 7.375, 7.95],
			"to": [8.25, 7.875, 8.175],
			"faces": {
				"north": {"uv": [7.25, 8.125, 6.875, 8.625], "texture": "#0"},
				"east": {"uv": [7.125, 8.125, 7.25, 8.625], "texture": "#0"},
				"south": {"uv": [6.875, 8.125, 7.25, 8.625], "texture": "#0"},
				"west": {"uv": [6.875, 8.125, 7, 8.625], "texture": "#0"},
				"up": {"uv": [6.875, 8.125, 7.25, 8.25], "texture": "#0"},
				"down": {"uv": [6.875, 8.5, 7.25, 8.625], "texture": "#0"}
			}
		},
		{
			"name": "pheonix_grace_45",
			"from": [8.375, 7.25, 7.9],
			"to": [8.5, 7.75, 8.225],
			"faces": {
				"north": {"uv": [7.5, 8.25, 7.375, 8.75], "texture": "#0"},
				"east": {"uv": [7.375, 8.25, 7.5, 8.75], "texture": "#0"},
				"south": {"uv": [7.375, 8.25, 7.5, 8.75], "texture": "#0"},
				"west": {"uv": [7.375, 8.25, 7.5, 8.75], "texture": "#0"},
				"up": {"uv": [7.375, 8.25, 7.5, 8.375], "texture": "#0"},
				"down": {"uv": [7.375, 8.625, 7.5, 8.75], "texture": "#0"}
			}
		},
		{
			"name": "pheonix_grace_46",
			"from": [9, 7.5, 8],
			"to": [9.125, 7.75, 8.125],
			"faces": {
				"north": {"uv": [8.625, 8.25, 8.5, 8.5], "texture": "#0"},
				"east": {"uv": [8.5, 8.25, 8.625, 8.5], "texture": "#0"},
				"south": {"uv": [8.5, 8.25, 8.625, 8.5], "texture": "#0"},
				"west": {"uv": [8.5, 8.25, 8.625, 8.5], "texture": "#0"},
				"up": {"uv": [8.5, 8.25, 8.625, 8.375], "texture": "#0"},
				"down": {"uv": [8.5, 8.375, 8.625, 8.5], "texture": "#0"}
			}
		},
		{
			"name": "pheonix_grace_47",
			"from": [9.375, 7.625, 8],
			"to": [9.5, 7.75, 8.125],
			"faces": {
				"north": {"uv": [9, 8.25, 8.875, 8.375], "texture": "#0"},
				"east": {"uv": [8.875, 8.25, 9, 8.375], "texture": "#0"},
				"south": {"uv": [8.875, 8.25, 9, 8.375], "texture": "#0"},
				"west": {"uv": [8.875, 8.25, 9, 8.375], "texture": "#0"},
				"up": {"uv": [8.875, 8.25, 9, 8.375], "texture": "#0"},
				"down": {"uv": [8.875, 8.25, 9, 8.375], "texture": "#0"}
			}
		},
		{
			"name": "pheonix_grace_48",
			"from": [9.5, 7.25, 8],
			"to": [9.625, 7.625, 8.125],
			"faces": {
				"north": {"uv": [9.125, 8.375, 9, 8.75], "texture": "#0"},
				"east": {"uv": [9, 8.375, 9.125, 8.75], "texture": "#0"},
				"south": {"uv": [9, 8.375, 9.125, 8.75], "texture": "#0"},
				"west": {"uv": [9, 8.375, 9.125, 8.75], "texture": "#0"},
				"up": {"uv": [9, 8.375, 9.125, 8.5], "texture": "#0"},
				"down": {"uv": [9, 8.625, 9.125, 8.75], "texture": "#0"}
			}
		},
		{
			"name": "pheonix_grace_49",
			"from": [7.375, 7.25, 8],
			"to": [7.5, 7.5, 8.125],
			"faces": {
				"north": {"uv": [6.5, 8.5, 6.375, 8.75], "texture": "#0"},
				"east": {"uv": [6.375, 8.5, 6.5, 8.75], "texture": "#0"},
				"south": {"uv": [6.375, 8.5, 6.5, 8.75], "texture": "#0"},
				"west": {"uv": [6.375, 8.5, 6.5, 8.75], "texture": "#0"},
				"up": {"uv": [6.375, 8.5, 6.5, 8.625], "texture": "#0"},
				"down": {"uv": [6.375, 8.625, 6.5, 8.75], "texture": "#0"}
			}
		},
		{
			"name": "pheonix_grace_50",
			"from": [7.75, 7.125, 8],
			"to": [7.875, 7.5, 8.125],
			"faces": {
				"north": {"uv": [6.875, 8.5, 6.75, 8.875], "texture": "#0"},
				"east": {"uv": [6.75, 8.5, 6.875, 8.875], "texture": "#0"},
				"south": {"uv": [6.75, 8.5, 6.875, 8.875], "texture": "#0"},
				"west": {"uv": [6.75, 8.5, 6.875, 8.875], "texture": "#0"},
				"up": {"uv": [6.75, 8.5, 6.875, 8.625], "texture": "#0"},
				"down": {"uv": [6.75, 8.75, 6.875, 8.875], "texture": "#0"}
			}
		},
		{
			"name": "pheonix_grace_51",
			"from": [9, 7.125, 7.95],
			"to": [9.125, 7.5, 8.175],
			"faces": {
				"north": {"uv": [8.375, 8.5, 8.25, 8.875], "texture": "#0"},
				"east": {"uv": [8.25, 8.5, 8.375, 8.875], "texture": "#0"},
				"south": {"uv": [8.25, 8.5, 8.375, 8.875], "texture": "#0"},
				"west": {"uv": [8.25, 8.5, 8.375, 8.875], "texture": "#0"},
				"up": {"uv": [8.25, 8.5, 8.375, 8.625], "texture": "#0"},
				"down": {"uv": [8.25, 8.75, 8.375, 8.875], "texture": "#0"}
			}
		},
		{
			"name": "pheonix_grace_52",
			"from": [9.125, 7.375, 8],
			"to": [9.25, 7.5, 8.125],
			"faces": {
				"north": {"uv": [8.75, 8.5, 8.625, 8.625], "texture": "#0"},
				"east": {"uv": [8.625, 8.5, 8.75, 8.625], "texture": "#0"},
				"south": {"uv": [8.625, 8.5, 8.75, 8.625], "texture": "#0"},
				"west": {"uv": [8.625, 8.5, 8.75, 8.625], "texture": "#0"},
				"up": {"uv": [8.625, 8.5, 8.75, 8.625], "texture": "#0"},
				"down": {"uv": [8.625, 8.5, 8.75, 8.625], "texture": "#0"}
			}
		},
		{
			"name": "pheonix_grace_53",
			"from": [8.375, 6.125, 7.85],
			"to": [8.875, 7.25, 8.275],
			"faces": {
				"north": {"uv": [10.625, 8.5, 10.125, 9.625], "texture": "#0"},
				"east": {"uv": [10.5, 8.5, 10.625, 9.625], "texture": "#0"},
				"south": {"uv": [10.125, 8.5, 10.625, 9.625], "texture": "#0"},
				"west": {"uv": [10.125, 8.5, 10.25, 9.625], "texture": "#0"},
				"up": {"uv": [10.125, 8.5, 10.625, 8.625], "texture": "#0"},
				"down": {"uv": [10.125, 9.5, 10.625, 9.625], "texture": "#0"}
			}
		},
		{
			"name": "pheonix_grace_54",
			"from": [7.5, 7.125, 8],
			"to": [7.75, 7.375, 8.125],
			"faces": {
				"north": {"uv": [6.75, 8.625, 6.5, 8.875], "texture": "#0"},
				"east": {"uv": [6.625, 8.625, 6.75, 8.875], "texture": "#0"},
				"south": {"uv": [6.5, 8.625, 6.75, 8.875], "texture": "#0"},
				"west": {"uv": [6.5, 8.625, 6.625, 8.875], "texture": "#0"},
				"up": {"uv": [6.5, 8.625, 6.75, 8.75], "texture": "#0"},
				"down": {"uv": [6.5, 8.75, 6.75, 8.875], "texture": "#0"}
			}
		},
		{
			"name": "pheonix_grace_55",
			"from": [7.875, 7.25, 8],
			"to": [8, 7.375, 8.125],
			"faces": {
				"north": {"uv": [7, 8.625, 6.875, 8.75], "texture": "#0"},
				"east": {"uv": [6.875, 8.625, 7, 8.75], "texture": "#0"},
				"south": {"uv": [6.875, 8.625, 7, 8.75], "texture": "#0"},
				"west": {"uv": [6.875, 8.625, 7, 8.75], "texture": "#0"},
				"up": {"uv": [6.875, 8.625, 7, 8.75], "texture": "#0"},
				"down": {"uv": [6.875, 8.625, 7, 8.75], "texture": "#0"}
			}
		},
		{
			"name": "pheonix_grace_56",
			"from": [8.125, 6.625, 7.95],
			"to": [8.25, 7.375, 8.175],
			"faces": {
				"north": {"uv": [7.25, 8.625, 7.125, 9.375], "texture": "#0"},
				"east": {"uv": [7.125, 8.625, 7.25, 9.375], "texture": "#0"},
				"south": {"uv": [7.125, 8.625, 7.25, 9.375], "texture": "#0"},
				"west": {"uv": [7.125, 8.625, 7.25, 9.375], "texture": "#0"},
				"up": {"uv": [7.125, 8.625, 7.25, 8.75], "texture": "#0"},
				"down": {"uv": [7.125, 9.25, 7.25, 9.375], "texture": "#0"}
			}
		},
		{
			"name": "pheonix_grace_57",
			"from": [9.125, 7.125, 7.95],
			"to": [9.25, 7.375, 8.175],
			"faces": {
				"north": {"uv": [8.5, 8.625, 8.375, 8.875], "texture": "#0"},
				"east": {"uv": [8.375, 8.625, 8.5, 8.875], "texture": "#0"},
				"south": {"uv": [8.375, 8.625, 8.5, 8.875], "texture": "#0"},
				"west": {"uv": [8.375, 8.625, 8.5, 8.875], "texture": "#0"},
				"up": {"uv": [8.375, 8.625, 8.5, 8.75], "texture": "#0"},
				"down": {"uv": [8.375, 8.75, 8.5, 8.875], "texture": "#0"}
			}
		},
		{
			"name": "pheonix_grace_58",
			"from": [9.25, 7.125, 8],
			"to": [9.5, 7.375, 8.125],
			"faces": {
				"north": {"uv": [9, 8.625, 8.75, 8.875], "texture": "#0"},
				"east": {"uv": [8.875, 8.625, 9, 8.875], "texture": "#0"},
				"south": {"uv": [8.75, 8.625, 9, 8.875], "texture": "#0"},
				"west": {"uv": [8.75, 8.625, 8.875, 8.875], "texture": "#0"},
				"up": {"uv": [8.75, 8.625, 9, 8.75], "texture": "#0"},
				"down": {"uv": [8.75, 8.75, 9, 8.875], "texture": "#0"}
			}
		},
		{
			"name": "pheonix_grace_59",
			"from": [8, 6.625, 7.95],
			"to": [8.125, 7.125, 8.175],
			"faces": {
				"north": {"uv": [7.125, 8.875, 7, 9.375], "texture": "#0"},
				"east": {"uv": [7, 8.875, 7.125, 9.375], "texture": "#0"},
				"south": {"uv": [7, 8.875, 7.125, 9.375], "texture": "#0"},
				"west": {"uv": [7, 8.875, 7.125, 9.375], "texture": "#0"},
				"up": {"uv": [7, 8.875, 7.125, 9], "texture": "#0"},
				"down": {"uv": [7, 9.25, 7.125, 9.375], "texture": "#0"}
			}
		},
		{
			"name": "pheonix_grace_60",
			"from": [8.875, 6.25, 7.85],
			"to": [9, 6.875, 8.275],
			"faces": {
				"north": {"uv": [10.75, 8.875, 10.625, 9.5], "texture": "#0"},
				"east": {"uv": [10.625, 8.875, 10.75, 9.5], "texture": "#0"},
				"south": {"uv": [10.625, 8.875, 10.75, 9.5], "texture": "#0"},
				"west": {"uv": [10.625, 8.875, 10.75, 9.5], "texture": "#0"},
				"up": {"uv": [10.625, 8.875, 10.75, 9], "texture": "#0"},
				"down": {"uv": [10.625, 9.375, 10.75, 9.5], "texture": "#0"}
			}
		},
		{
			"name": "pheonix_grace_61",
			"from": [7.75, 6.5, 7.95],
			"to": [8, 7, 8.175],
			"faces": {
				"north": {"uv": [7, 9, 6.75, 9.5], "texture": "#0"},
				"east": {"uv": [6.875, 9, 7, 9.5], "texture": "#0"},
				"south": {"uv": [6.75, 9, 7, 9.5], "texture": "#0"},
				"west": {"uv": [6.75, 9, 6.875, 9.5], "texture": "#0"},
				"up": {"uv": [6.75, 9, 7, 9.125], "texture": "#0"},
				"down": {"uv": [6.75, 9.375, 7, 9.5], "texture": "#0"}
			}
		},
		{
			"name": "pheonix_grace_62",
			"from": [8.25, 6.125, 7.85],
			"to": [8.375, 6.75, 8.275],
			"faces": {
				"north": {"uv": [10.125, 9, 10, 9.625], "texture": "#0"},
				"east": {"uv": [10, 9, 10.125, 9.625], "texture": "#0"},
				"south": {"uv": [10, 9, 10.125, 9.625], "texture": "#0"},
				"west": {"uv": [10, 9, 10.125, 9.625], "texture": "#0"},
				"up": {"uv": [10, 9, 10.125, 9.125], "texture": "#0"},
				"down": {"uv": [10, 9.5, 10.125, 9.625], "texture": "#0"}
			}
		},
		{
			"name": "pheonix_grace_63",
			"from": [7.625, 5.875, 8],
			"to": [7.75, 6.875, 8.125],
			"faces": {
				"north": {"uv": [6.75, 9.125, 6.625, 10.125], "texture": "#0"},
				"east": {"uv": [6.625, 9.125, 6.75, 10.125], "texture": "#0"},
				"south": {"uv": [6.625, 9.125, 6.75, 10.125], "texture": "#0"},
				"west": {"uv": [6.625, 9.125, 6.75, 10.125], "texture": "#0"},
				"up": {"uv": [6.625, 9.125, 6.75, 9.25], "texture": "#0"},
				"down": {"uv": [6.625, 10, 6.75, 10.125], "texture": "#0"}
			}
		},
		{
			"name": "pheonix_grace_64",
			"from": [8, 6.375, 7.85],
			"to": [8.25, 6.625, 8.275],
			"faces": {
				"north": {"uv": [10, 9.125, 9.75, 9.375], "texture": "#0"},
				"east": {"uv": [9.875, 9.125, 10, 9.375], "texture": "#0"},
				"south": {"uv": [9.75, 9.125, 10, 9.375], "texture": "#0"},
				"west": {"uv": [9.75, 9.125, 9.875, 9.375], "texture": "#0"},
				"up": {"uv": [9.75, 9.125, 10, 9.25], "texture": "#0"},
				"down": {"uv": [9.75, 9.25, 10, 9.375], "texture": "#0"}
			}
		},
		{
			"name": "pheonix_grace_65",
			"from": [9, 6.375, 7.85],
			"to": [9.125, 6.625, 8.275],
			"faces": {
				"north": {"uv": [10.875, 9.125, 10.75, 9.375], "texture": "#0"},
				"east": {"uv": [10.75, 9.125, 10.875, 9.375], "texture": "#0"},
				"south": {"uv": [10.75, 9.125, 10.875, 9.375], "texture": "#0"},
				"west": {"uv": [10.75, 9.125, 10.875, 9.375], "texture": "#0"},
				"up": {"uv": [10.75, 9.125, 10.875, 9.25], "texture": "#0"},
				"down": {"uv": [10.75, 9.25, 10.875, 9.375], "texture": "#0"}
			}
		},
		{
			"name": "pheonix_grace_66",
			"from": [8.875, 6.875, 7.9],
			"to": [9, 7.25, 8.225],
			"faces": {
				"north": {"uv": [8.25, 9.25, 8.125, 9.625], "texture": "#0"},
				"east": {"uv": [8.125, 9.25, 8.25, 9.625], "texture": "#0"},
				"south": {"uv": [8.125, 9.25, 8.25, 9.625], "texture": "#0"},
				"west": {"uv": [8.125, 9.25, 8.25, 9.625], "texture": "#0"},
				"up": {"uv": [8.125, 9.25, 8.25, 9.375], "texture": "#0"},
				"down": {"uv": [8.125, 9.5, 8.25, 9.625], "texture": "#0"}
			}
		},
		{
			"name": "pheonix_grace_67",
			"from": [9, 6.625, 7.9],
			"to": [9.25, 7.125, 8.225],
			"faces": {
				"north": {"uv": [8.5, 9.375, 8.25, 9.875], "texture": "#0"},
				"east": {"uv": [8.375, 9.375, 8.5, 9.875], "texture": "#0"},
				"south": {"uv": [8.25, 9.375, 8.5, 9.875], "texture": "#0"},
				"west": {"uv": [8.25, 9.375, 8.375, 9.875], "texture": "#0"},
				"up": {"uv": [8.25, 9.375, 8.5, 9.5], "texture": "#0"},
				"down": {"uv": [8.25, 9.75, 8.5, 9.875], "texture": "#0"}
			}
		},
		{
			"name": "pheonix_grace_68",
			"from": [8.125, 6.25, 7.85],
			"to": [8.25, 6.375, 8.275],
			"faces": {
				"north": {"uv": [10, 9.375, 9.875, 9.5], "texture": "#0"},
				"east": {"uv": [9.875, 9.375, 10, 9.5], "texture": "#0"},
				"south": {"uv": [9.875, 9.375, 10, 9.5], "texture": "#0"},
				"west": {"uv": [9.875, 9.375, 10, 9.5], "texture": "#0"},
				"up": {"uv": [9.875, 9.375, 10, 9.5], "texture": "#0"},
				"down": {"uv": [9.875, 9.375, 10, 9.5], "texture": "#0"}
			}
		},
		{
			"name": "pheonix_grace_69",
			"from": [7.5, 6.25, 8],
			"to": [7.625, 6.5, 8.125],
			"faces": {
				"north": {"uv": [6.625, 9.5, 6.5, 9.75], "texture": "#0"},
				"east": {"uv": [6.5, 9.5, 6.625, 9.75], "texture": "#0"},
				"south": {"uv": [6.5, 9.5, 6.625, 9.75], "texture": "#0"},
				"west": {"uv": [6.5, 9.5, 6.625, 9.75], "texture": "#0"},
				"up": {"uv": [6.5, 9.5, 6.625, 9.625], "texture": "#0"},
				"down": {"uv": [6.5, 9.625, 6.625, 9.75], "texture": "#0"}
			}
		},
		{
			"name": "pheonix_grace_70",
			"from": [7.75, 5.625, 8],
			"to": [7.875, 6.5, 8.125],
			"faces": {
				"north": {"uv": [6.875, 9.5, 6.75, 10.375], "texture": "#0"},
				"east": {"uv": [6.75, 9.5, 6.875, 10.375], "texture": "#0"},
				"south": {"uv": [6.75, 9.5, 6.875, 10.375], "texture": "#0"},
				"west": {"uv": [6.75, 9.5, 6.875, 10.375], "texture": "#0"},
				"up": {"uv": [6.75, 9.5, 6.875, 9.625], "texture": "#0"},
				"down": {"uv": [6.75, 10.25, 6.875, 10.375], "texture": "#0"}
			}
		},
		{
			"name": "pheonix_grace_71",
			"from": [9.25, 6.5, 7.95],
			"to": [9.375, 6.875, 8.175],
			"faces": {
				"north": {"uv": [8.625, 9.625, 8.5, 10], "texture": "#0"},
				"east": {"uv": [8.5, 9.625, 8.625, 10], "texture": "#0"},
				"south": {"uv": [8.5, 9.625, 8.625, 10], "texture": "#0"},
				"west": {"uv": [8.5, 9.625, 8.625, 10], "texture": "#0"},
				"up": {"uv": [8.5, 9.625, 8.625, 9.75], "texture": "#0"},
				"down": {"uv": [8.5, 9.875, 8.625, 10], "texture": "#0"}
			}
		},
		{
			"name": "pheonix_grace_72",
			"from": [9.375, 6.5, 8],
			"to": [9.5, 6.75, 8.125],
			"faces": {
				"north": {"uv": [8.75, 9.75, 8.625, 10], "texture": "#0"},
				"east": {"uv": [8.625, 9.75, 8.75, 10], "texture": "#0"},
				"south": {"uv": [8.625, 9.75, 8.75, 10], "texture": "#0"},
				"west": {"uv": [8.625, 9.75, 8.75, 10], "texture": "#0"},
				"up": {"uv": [8.625, 9.75, 8.75, 9.875], "texture": "#0"},
				"down": {"uv": [8.625, 9.875, 8.75, 10], "texture": "#0"}
			}
		},
		{
			"name": "pheonix_grace_73",
			"from": [9.625, 6.625, 8],
			"to": [9.75, 6.75, 8.125],
			"faces": {
				"north": {"uv": [9, 9.75, 8.875, 9.875], "texture": "#0"},
				"east": {"uv": [8.875, 9.75, 9, 9.875], "texture": "#0"},
				"south": {"uv": [8.875, 9.75, 9, 9.875], "texture": "#0"},
				"west": {"uv": [8.875, 9.75, 9, 9.875], "texture": "#0"},
				"up": {"uv": [8.875, 9.75, 9, 9.875], "texture": "#0"},
				"down": {"uv": [8.875, 9.75, 9, 9.875], "texture": "#0"}
			}
		},
		{
			"name": "pheonix_grace_74",
			"from": [9.125, 6.5, 7.95],
			"to": [9.25, 6.625, 8.175],
			"faces": {
				"north": {"uv": [8.5, 9.875, 8.375, 10], "texture": "#0"},
				"east": {"uv": [8.375, 9.875, 8.5, 10], "texture": "#0"},
				"south": {"uv": [8.375, 9.875, 8.5, 10], "texture": "#0"},
				"west": {"uv": [8.375, 9.875, 8.5, 10], "texture": "#0"},
				"up": {"uv": [8.375, 9.875, 8.5, 10], "texture": "#0"},
				"down": {"uv": [8.375, 9.875, 8.5, 10], "texture": "#0"}
			}
		},
		{
			"name": "pheonix_grace_75",
			"from": [9.5, 6.5, 8],
			"to": [9.625, 6.625, 8.125],
			"faces": {
				"north": {"uv": [8.875, 9.875, 8.75, 10], "texture": "#0"},
				"east": {"uv": [8.75, 9.875, 8.875, 10], "texture": "#0"},
				"south": {"uv": [8.75, 9.875, 8.875, 10], "texture": "#0"},
				"west": {"uv": [8.75, 9.875, 8.875, 10], "texture": "#0"},
				"up": {"uv": [8.75, 9.875, 8.875, 10], "texture": "#0"},
				"down": {"uv": [8.75, 9.875, 8.875, 10], "texture": "#0"}
			}
		},
		{
			"name": "pheonix_grace_76",
			"from": [8.375, 5.625, 7.9],
			"to": [8.75, 6.125, 8.225],
			"faces": {
				"north": {"uv": [10.5, 9.875, 10.125, 10.375], "texture": "#0"},
				"east": {"uv": [10.375, 9.875, 10.5, 10.375], "texture": "#0"},
				"south": {"uv": [10.125, 9.875, 10.5, 10.375], "texture": "#0"},
				"west": {"uv": [10.125, 9.875, 10.25, 10.375], "texture": "#0"},
				"up": {"uv": [10.125, 9.875, 10.5, 10], "texture": "#0"},
				"down": {"uv": [10.125, 10.25, 10.5, 10.375], "texture": "#0"}
			}
		},
		{
			"name": "pheonix_grace_77",
			"from": [7.875, 5.625, 8],
			"to": [8.125, 5.75, 8.125],
			"faces": {
				"north": {"uv": [7.125, 10.25, 6.875, 10.375], "texture": "#0"},
				"east": {"uv": [7, 10.25, 7.125, 10.375], "texture": "#0"},
				"south": {"uv": [6.875, 10.25, 7.125, 10.375], "texture": "#0"},
				"west": {"uv": [6.875, 10.25, 7, 10.375], "texture": "#0"},
				"up": {"uv": [6.875, 10.25, 7.125, 10.375], "texture": "#0"},
				"down": {"uv": [6.875, 10.25, 7.125, 10.375], "texture": "#0"}
			}
		},
		{
			"name": "pheonix_grace_78",
			"from": [9.125, 6, 7.95],
			"to": [9.375, 6.5, 8.175],
			"faces": {
				"north": {"uv": [8.625, 10.25, 8.375, 10.75], "texture": "#0"},
				"east": {"uv": [8.5, 10.25, 8.625, 10.75], "texture": "#0"},
				"south": {"uv": [8.375, 10.25, 8.625, 10.75], "texture": "#0"},
				"west": {"uv": [8.375, 10.25, 8.5, 10.75], "texture": "#0"},
				"up": {"uv": [8.375, 10.25, 8.625, 10.375], "texture": "#0"},
				"down": {"uv": [8.375, 10.625, 8.625, 10.75], "texture": "#0"}
			}
		},
		{
			"name": "pheonix_grace_79",
			"from": [9, 5.5, 7.95],
			"to": [9.125, 6.375, 8.175],
			"faces": {
				"north": {"uv": [8.375, 10.375, 8.25, 11.25], "texture": "#0"},
				"east": {"uv": [8.25, 10.375, 8.375, 11.25], "texture": "#0"},
				"south": {"uv": [8.25, 10.375, 8.375, 11.25], "texture": "#0"},
				"west": {"uv": [8.25, 10.375, 8.375, 11.25], "texture": "#0"},
				"up": {"uv": [8.25, 10.375, 8.375, 10.5], "texture": "#0"},
				"down": {"uv": [8.25, 11.125, 8.375, 11.25], "texture": "#0"}
			}
		},
		{
			"name": "pheonix_grace_80",
			"from": [8.25, 5.5, 7.8],
			"to": [8.875, 5.625, 8.325],
			"faces": {
				"north": {"uv": [11.375, 10.375, 10.75, 10.5], "texture": "#0"},
				"east": {"uv": [11.25, 10.375, 11.375, 10.5], "texture": "#0"},
				"south": {"uv": [10.75, 10.375, 11.375, 10.5], "texture": "#0"},
				"west": {"uv": [10.75, 10.375, 10.875, 10.5], "texture": "#0"},
				"up": {"uv": [10.75, 10.375, 11.375, 10.5], "texture": "#0"},
				"down": {"uv": [10.75, 10.375, 11.375, 10.5], "texture": "#0"}
			}
		},
		{
			"name": "pheonix_grace_81",
			"from": [8.375, 3, 7.9],
			"to": [8.75, 5.5, 8.225],
			"faces": {
				"north": {"uv": [10.5, 10.5, 10.125, 13], "texture": "#0"},
				"east": {"uv": [10.375, 10.5, 10.5, 13], "texture": "#0"},
				"south": {"uv": [10.125, 10.5, 10.5, 13], "texture": "#0"},
				"west": {"uv": [10.125, 10.5, 10.25, 13], "texture": "#0"},
				"up": {"uv": [10.125, 10.5, 10.5, 10.625], "texture": "#0"},
				"down": {"uv": [10.125, 12.875, 10.5, 13], "texture": "#0"}
			}
		},
		{
			"name": "pheonix_grace_82",
			"from": [8.875, 5.625, 7.95],
			"to": [9, 6.125, 8.175],
			"faces": {
				"north": {"uv": [8.25, 10.625, 8.125, 11.125], "texture": "#0"},
				"east": {"uv": [8.125, 10.625, 8.25, 11.125], "texture": "#0"},
				"south": {"uv": [8.125, 10.625, 8.25, 11.125], "texture": "#0"},
				"west": {"uv": [8.125, 10.625, 8.25, 11.125], "texture": "#0"},
				"up": {"uv": [8.125, 10.625, 8.25, 10.75], "texture": "#0"},
				"down": {"uv": [8.125, 11, 8.25, 11.125], "texture": "#0"}
			}
		},
		{
			"name": "pheonix_grace_83",
			"from": [9.125, 5.875, 8],
			"to": [9.25, 6, 8.125],
			"faces": {
				"north": {"uv": [8.5, 10.75, 8.375, 10.875], "texture": "#0"},
				"east": {"uv": [8.375, 10.75, 8.5, 10.875], "texture": "#0"},
				"south": {"uv": [8.375, 10.75, 8.5, 10.875], "texture": "#0"},
				"west": {"uv": [8.375, 10.75, 8.5, 10.875], "texture": "#0"},
				"up": {"uv": [8.375, 10.75, 8.5, 10.875], "texture": "#0"},
				"down": {"uv": [8.375, 10.75, 8.5, 10.875], "texture": "#0"}
			}
		},
		{
			"name": "pheonix_grace_84",
			"from": [9.125, 5.5, 8],
			"to": [9.25, 5.75, 8.125],
			"faces": {
				"north": {"uv": [8.5, 11, 8.375, 11.25], "texture": "#0"},
				"east": {"uv": [8.375, 11, 8.5, 11.25], "texture": "#0"},
				"south": {"uv": [8.375, 11, 8.5, 11.25], "texture": "#0"},
				"west": {"uv": [8.375, 11, 8.5, 11.25], "texture": "#0"},
				"up": {"uv": [8.375, 11, 8.5, 11.125], "texture": "#0"},
				"down": {"uv": [8.375, 11.125, 8.5, 11.25], "texture": "#0"}
			}
		},
		{
			"name": "pheonix_grace_85",
			"from": [9.5, 5.625, 8],
			"to": [9.625, 5.75, 8.125],
			"faces": {
				"north": {"uv": [8.875, 11, 8.75, 11.125], "texture": "#0"},
				"east": {"uv": [8.75, 11, 8.875, 11.125], "texture": "#0"},
				"south": {"uv": [8.75, 11, 8.875, 11.125], "texture": "#0"},
				"west": {"uv": [8.75, 11, 8.875, 11.125], "texture": "#0"},
				"up": {"uv": [8.75, 11, 8.875, 11.125], "texture": "#0"},
				"down": {"uv": [8.75, 11, 8.875, 11.125], "texture": "#0"}
			}
		},
		{
			"name": "pheonix_grace_86",
			"from": [9.25, 5.5, 8],
			"to": [9.5, 5.625, 8.125],
			"faces": {
				"north": {"uv": [8.75, 11.125, 8.5, 11.25], "texture": "#0"},
				"east": {"uv": [8.625, 11.125, 8.75, 11.25], "texture": "#0"},
				"south": {"uv": [8.5, 11.125, 8.75, 11.25], "texture": "#0"},
				"west": {"uv": [8.5, 11.125, 8.625, 11.25], "texture": "#0"},
				"up": {"uv": [8.5, 11.125, 8.75, 11.25], "texture": "#0"},
				"down": {"uv": [8.5, 11.125, 8.75, 11.25], "texture": "#0"}
			}
		},
		{
			"name": "pheonix_grace_87",
			"from": [9.25, 5.375, 8],
			"to": [9.375, 5.5, 8.125],
			"faces": {
				"north": {"uv": [8.625, 11.25, 8.5, 11.375], "texture": "#0"},
				"east": {"uv": [8.5, 11.25, 8.625, 11.375], "texture": "#0"},
				"south": {"uv": [8.5, 11.25, 8.625, 11.375], "texture": "#0"},
				"west": {"uv": [8.5, 11.25, 8.625, 11.375], "texture": "#0"},
				"up": {"uv": [8.5, 11.25, 8.625, 11.375], "texture": "#0"},
				"down": {"uv": [8.5, 11.25, 8.625, 11.375], "texture": "#0"}
			}
		},
		{
			"name": "pheonix_grace_88",
			"from": [8.25, 2.875, 7.8],
			"to": [8.875, 3, 8.325],
			"faces": {
				"north": {"uv": [11.375, 13, 10.75, 13.125], "texture": "#0"},
				"east": {"uv": [11.25, 13, 11.375, 13.125], "texture": "#0"},
				"south": {"uv": [10.75, 13, 11.375, 13.125], "texture": "#0"},
				"west": {"uv": [10.75, 13, 10.875, 13.125], "texture": "#0"},
				"up": {"uv": [10.75, 13, 11.375, 13.125], "texture": "#0"},
				"down": {"uv": [10.75, 13, 11.375, 13.125], "texture": "#0"}
			}
		},
		{
			"name": "pheonix_grace_89",
			"from": [8.375, 2.375, 7.9],
			"to": [8.75, 2.875, 8.225],
			"faces": {
				"north": {"uv": [10.5, 13.125, 10.125, 13.625], "texture": "#0"},
				"east": {"uv": [10.375, 13.125, 10.5, 13.625], "texture": "#0"},
				"south": {"uv": [10.125, 13.125, 10.5, 13.625], "texture": "#0"},
				"west": {"uv": [10.125, 13.125, 10.25, 13.625], "texture": "#0"},
				"up": {"uv": [10.125, 13.125, 10.5, 13.25], "texture": "#0"},
				"down": {"uv": [10.125, 13.5, 10.5, 13.625], "texture": "#0"}
			}
		},
		{
			"name": "pheonix_grace_90",
			"from": [8.375, 1.75, 7.95],
			"to": [8.75, 2.375, 8.175],
			"faces": {
				"north": {"uv": [8, 13.625, 7.625, 14.25], "texture": "#0"},
				"east": {"uv": [7.875, 13.625, 8, 14.25], "texture": "#0"},
				"south": {"uv": [7.625, 13.625, 8, 14.25], "texture": "#0"},
				"west": {"uv": [7.625, 13.625, 7.75, 14.25], "texture": "#0"},
				"up": {"uv": [7.625, 13.625, 8, 13.75], "texture": "#0"},
				"down": {"uv": [7.625, 14.125, 8, 14.25], "texture": "#0"}
			}
		},
		{
			"name": "pheonix_grace_91",
			"from": [8.25, 1.25, 7.95],
			"to": [8.375, 2.25, 8.175],
			"faces": {
				"north": {"uv": [7.625, 13.75, 7.5, 14.75], "texture": "#0"},
				"east": {"uv": [7.5, 13.75, 7.625, 14.75], "texture": "#0"},
				"south": {"uv": [7.5, 13.75, 7.625, 14.75], "texture": "#0"},
				"west": {"uv": [7.5, 13.75, 7.625, 14.75], "texture": "#0"},
				"up": {"uv": [7.5, 13.75, 7.625, 13.875], "texture": "#0"},
				"down": {"uv": [7.5, 14.625, 7.625, 14.75], "texture": "#0"}
			}
		},
		{
			"name": "pheonix_grace_92",
			"from": [8.75, 1.875, 7.95],
			"to": [8.875, 2.25, 8.175],
			"faces": {
				"north": {"uv": [8.125, 13.75, 8, 14.125], "texture": "#0"},
				"east": {"uv": [8, 13.75, 8.125, 14.125], "texture": "#0"},
				"south": {"uv": [8, 13.75, 8.125, 14.125], "texture": "#0"},
				"west": {"uv": [8, 13.75, 8.125, 14.125], "texture": "#0"},
				"up": {"uv": [8, 13.75, 8.125, 13.875], "texture": "#0"},
				"down": {"uv": [8, 14, 8.125, 14.125], "texture": "#0"}
			}
		},
		{
			"name": "pheonix_grace_93",
			"from": [8.125, 1.375, 7.95],
			"to": [8.25, 2.125, 8.175],
			"faces": {
				"north": {"uv": [7.5, 13.875, 7.375, 14.625], "texture": "#0"},
				"east": {"uv": [7.375, 13.875, 7.5, 14.625], "texture": "#0"},
				"south": {"uv": [7.375, 13.875, 7.5, 14.625], "texture": "#0"},
				"west": {"uv": [7.375, 13.875, 7.5, 14.625], "texture": "#0"},
				"up": {"uv": [7.375, 13.875, 7.5, 14], "texture": "#0"},
				"down": {"uv": [7.375, 14.5, 7.5, 14.625], "texture": "#0"}
			}
		},
		{
			"name": "pheonix_grace_94",
			"from": [8.375, 1.5, 7.95],
			"to": [8.5, 1.75, 8.175],
			"faces": {
				"north": {"uv": [7.75, 14.25, 7.625, 14.5], "texture": "#0"},
				"east": {"uv": [7.625, 14.25, 7.75, 14.5], "texture": "#0"},
				"south": {"uv": [7.625, 14.25, 7.75, 14.5], "texture": "#0"},
				"west": {"uv": [7.625, 14.25, 7.75, 14.5], "texture": "#0"},
				"up": {"uv": [7.625, 14.25, 7.75, 14.375], "texture": "#0"},
				"down": {"uv": [7.625, 14.375, 7.75, 14.5], "texture": "#0"}
			}
		},
		{
			"name": "pheonix_grace_95",
			"from": [8.5, 1.625, 8],
			"to": [8.625, 1.75, 8.125],
			"faces": {
				"north": {"uv": [8.375, 14.25, 8.25, 14.375], "texture": "#0"},
				"east": {"uv": [8.25, 14.25, 8.375, 14.375], "texture": "#0"},
				"south": {"uv": [8.25, 14.25, 8.375, 14.375], "texture": "#0"},
				"west": {"uv": [8.25, 14.25, 8.375, 14.375], "texture": "#0"},
				"up": {"uv": [8.25, 14.25, 8.375, 14.375], "texture": "#0"},
				"down": {"uv": [8.25, 14.25, 8.375, 14.375], "texture": "#0"}
			}
		},
		{
			"name": "pheonix_grace_96",
			"from": [8.5, 1.5, 7.95],
			"to": [8.625, 1.625, 8.175],
			"faces": {
				"north": {"uv": [7.875, 14.375, 7.75, 14.5], "texture": "#0"},
				"east": {"uv": [7.75, 14.375, 7.875, 14.5], "texture": "#0"},
				"south": {"uv": [7.75, 14.375, 7.875, 14.5], "texture": "#0"},
				"west": {"uv": [7.75, 14.375, 7.875, 14.5], "texture": "#0"},
				"up": {"uv": [7.75, 14.375, 7.875, 14.5], "texture": "#0"},
				"down": {"uv": [7.75, 14.375, 7.875, 14.5], "texture": "#0"}
			}
		},
		{
			"name": "pheonix_grace_97",
			"from": [8.625, 1.25, 8],
			"to": [8.875, 1.625, 8.125],
			"faces": {
				"north": {"uv": [8.625, 14.375, 8.375, 14.75], "texture": "#0"},
				"east": {"uv": [8.5, 14.375, 8.625, 14.75], "texture": "#0"},
				"south": {"uv": [8.375, 14.375, 8.625, 14.75], "texture": "#0"},
				"west": {"uv": [8.375, 14.375, 8.5, 14.75], "texture": "#0"},
				"up": {"uv": [8.375, 14.375, 8.625, 14.5], "texture": "#0"},
				"down": {"uv": [8.375, 14.625, 8.625, 14.75], "texture": "#0"}
			}
		},
		{
			"name": "pheonix_grace_98",
			"from": [8.375, 1.375, 8],
			"to": [8.625, 1.5, 8.125],
			"faces": {
				"north": {"uv": [8.375, 14.5, 8.125, 14.625], "texture": "#0"},
				"east": {"uv": [8.25, 14.5, 8.375, 14.625], "texture": "#0"},
				"south": {"uv": [8.125, 14.5, 8.375, 14.625], "texture": "#0"},
				"west": {"uv": [8.125, 14.5, 8.25, 14.625], "texture": "#0"},
				"up": {"uv": [8.125, 14.5, 8.375, 14.625], "texture": "#0"},
				"down": {"uv": [8.125, 14.5, 8.375, 14.625], "texture": "#0"}
			}
		},
		{
			"name": "pheonix_grace_99",
			"from": [8.875, 0.875, 8],
			"to": [9, 1.5, 8.125],
			"faces": {
				"north": {"uv": [8.75, 14.5, 8.625, 15.125], "texture": "#0"},
				"east": {"uv": [8.625, 14.5, 8.75, 15.125], "texture": "#0"},
				"south": {"uv": [8.625, 14.5, 8.75, 15.125], "texture": "#0"},
				"west": {"uv": [8.625, 14.5, 8.75, 15.125], "texture": "#0"},
				"up": {"uv": [8.625, 14.5, 8.75, 14.625], "texture": "#0"},
				"down": {"uv": [8.625, 15, 8.75, 15.125], "texture": "#0"}
			}
		},
		{
			"name": "pheonix_grace_100",
			"from": [8.375, 1.25, 7.95],
			"to": [8.625, 1.375, 8.175],
			"faces": {
				"north": {"uv": [7.875, 14.625, 7.625, 14.75], "texture": "#0"},
				"east": {"uv": [7.75, 14.625, 7.875, 14.75], "texture": "#0"},
				"south": {"uv": [7.625, 14.625, 7.875, 14.75], "texture": "#0"},
				"west": {"uv": [7.625, 14.625, 7.75, 14.75], "texture": "#0"},
				"up": {"uv": [7.625, 14.625, 7.875, 14.75], "texture": "#0"},
				"down": {"uv": [7.625, 14.625, 7.875, 14.75], "texture": "#0"}
			}
		},
		{
			"name": "pheonix_grace_101",
			"from": [8.75, 1.125, 8],
			"to": [8.875, 1.25, 8.125],
			"faces": {
				"north": {"uv": [8.625, 14.75, 8.5, 14.875], "texture": "#0"},
				"east": {"uv": [8.5, 14.75, 8.625, 14.875], "texture": "#0"},
				"south": {"uv": [8.5, 14.75, 8.625, 14.875], "texture": "#0"},
				"west": {"uv": [8.5, 14.75, 8.625, 14.875], "texture": "#0"},
				"up": {"uv": [8.5, 14.75, 8.625, 14.875], "texture": "#0"},
				"down": {"uv": [8.5, 14.75, 8.625, 14.875], "texture": "#0"}
			}
		},
		{
			"name": "pheonix_grace_102",
			"from": [8.75, 0.75, 8],
			"to": [8.875, 1, 8.125],
			"faces": {
				"north": {"uv": [8.625, 15, 8.5, 15.25], "texture": "#0"},
				"east": {"uv": [8.5, 15, 8.625, 15.25], "texture": "#0"},
				"south": {"uv": [8.5, 15, 8.625, 15.25], "texture": "#0"},
				"west": {"uv": [8.5, 15, 8.625, 15.25], "texture": "#0"},
				"up": {"uv": [8.5, 15, 8.625, 15.125], "texture": "#0"},
				"down": {"uv": [8.5, 15.125, 8.625, 15.25], "texture": "#0"}
			}
		},
		{
			"name": "pheonix_grace_103",
			"from": [8.625, 0.75, 8],
			"to": [8.75, 0.875, 8.125],
			"faces": {
				"north": {"uv": [8.5, 15.125, 8.375, 15.25], "texture": "#0"},
				"east": {"uv": [8.375, 15.125, 8.5, 15.25], "texture": "#0"},
				"south": {"uv": [8.375, 15.125, 8.5, 15.25], "texture": "#0"},
				"west": {"uv": [8.375, 15.125, 8.5, 15.25], "texture": "#0"},
				"up": {"uv": [8.375, 15.125, 8.5, 15.25], "texture": "#0"},
				"down": {"uv": [8.375, 15.125, 8.5, 15.25], "texture": "#0"}
			}
		}
	],
	"gui_light": "front",
	"display": {
		"thirdperson_righthand": {
			"rotation": [0, -90, 0],
			"translation": [0, 7.5, 0],
			"scale": [2.8, 2.8, 2.8]
		},
		"thirdperson_lefthand": {
			"rotation": [0, 90, 0],
			"translation": [0, 7.5, -0.25],
			"scale": [2.8, 2.8, 2.8]
		},
		"firstperson_righthand": {
			"rotation": [-4, -90, -8],
			"translation": [2.25, 7, -0.25],
			"scale": [2, 2, 2]
		},
		"firstperson_lefthand": {
			"rotation": [9, 90, -8],
			"translation": [1.75, 6.75, -0.5],
			"scale": [2, 2, 2]
		},
		"ground": {
			"translation": [0, 7.75, 0],
			"scale": [2, 2, 2]
		},
		"gui": {
			"rotation": [0, 0, -42],
			"translation": [-0.25, 0.75, 0],
			"scale": [1.75, 1.75, 1.75]
		},
		"head": {
			"rotation": [0, 0, -132],
			"translation": [-2.25, -10.25, 3.5],
			"scale": [3.5, 3.5, 3.5]
		},
		"fixed": {
			"rotation": [-180, 0, 138],
			"translation": [-1.25, 1.75, 0.25],
			"scale": [4, 4, 3]
		}
	},
	"groups": [
		{
			"name": "pheonix_grace",
			"origin": [8, 8, 8],
			"color": 0,
			"nbt": "{}",
			"children": [
				0,
				1,
				2,
				3,
				4,
				5,
				6,
				7,
				8,
				9,
				10,
				11,
				12,
				13,
				14,
				15,
				16,
				17,
				18,
				19,
				20,
				21,
				22,
				23,
				24,
				25,
				26,
				27,
				28,
				29,
				30,
				31,
				32,
				33,
				34,
				35,
				36,
				37,
				38,
				39,
				40,
				41,
				42,
				43,
				44,
				45,
				46,
				47,
				48,
				49,
				50,
				51,
				52,
				53,
				54,
				55,
				56,
				57,
				58,
				59,
				60,
				61,
				62,
				63,
				64,
				65,
				66,
				67,
				68,
				69,
				70,
				71,
				72,
				73,
				74,
				75,
				76,
				77,
				78,
				79,
				80,
				81,
				82,
				83,
				84,
				85,
				86,
				87,
				88,
				89,
				90,
				91,
				92,
				93,
				94,
				95,
				96,
				97,
				98,
				99,
				100,
				101,
				102,
				103
			]
		}
	]
}