{
	"credit": "Made with Blockbench",
	"textures": {
		"0": "prominent:item/transmog/powerfusehammer",
		"particle": "prominent:item/transmog/powerfusehammer"
	},
	"elements": [
		{
			"name": "powerfusehammer_0",
			"from": [8.25, 10.375, 7.75],
			"to": [8.875, 10.625, 8.275],
			"rotation": {"angle": 0, "axis": "y", "origin": [0, 0, 8.3]},
			"faces": {
				"north": {"uv": [8.875, 4.875, 8.25, 5.125], "texture": "#0"},
				"east": {"uv": [8.75, 4.875, 8.875, 5.125], "texture": "#0"},
				"south": {"uv": [8.25, 4.875, 8.875, 5.125], "texture": "#0"},
				"west": {"uv": [8.25, 4.875, 8.375, 5.125], "texture": "#0"},
				"up": {"uv": [8.25, 4.875, 8.875, 5], "texture": "#0"},
				"down": {"uv": [8.25, 5, 8.875, 5.125], "texture": "#0"}
			}
		},
		{
			"name": "powerfusehammer_1",
			"from": [8.375, 10.25, 7.85],
			"to": [8.75, 10.375, 8.175],
			"rotation": {"angle": 0, "axis": "y", "origin": [0, 0, 8.3]},
			"faces": {
				"north": {"uv": [8.75, 5.375, 8.375, 5.5], "texture": "#0"},
				"east": {"uv": [8.625, 5.375, 8.75, 5.5], "texture": "#0"},
				"south": {"uv": [8.375, 5.375, 8.75, 5.5], "texture": "#0"},
				"west": {"uv": [8.375, 5.375, 8.5, 5.5], "texture": "#0"},
				"up": {"uv": [8.375, 5.375, 8.75, 5.5], "texture": "#0"},
				"down": {"uv": [8.375, 5.375, 8.75, 5.5], "texture": "#0"}
			}
		},
		{
			"name": "powerfusehammer_3",
			"from": [6.75, 9, 7.6],
			"to": [7.25, 10.5, 8.425],
			"rotation": {"angle": 0, "axis": "y", "origin": [0, 0, 8.3]},
			"faces": {
				"north": {"uv": [6.25, 5.5, 5.75, 7], "texture": "#0"},
				"east": {"uv": [6.125, 5.5, 6.25, 7], "texture": "#0"},
				"south": {"uv": [5.75, 5.5, 6.25, 7], "texture": "#0"},
				"west": {"uv": [4.5, 5.5, 3.625, 7], "texture": "#0"},
				"up": {"uv": [5.75, 5.5, 6.25, 5.625], "texture": "#0"},
				"down": {"uv": [5.75, 6.875, 6.25, 7], "texture": "#0"}
			}
		},
		{
			"name": "powerfusehammer_4",
			"from": [9.875, 9, 7.55],
			"to": [10.375, 10.5, 8.425],
			"rotation": {"angle": 0, "axis": "y", "origin": [0, 0, 8.3]},
			"faces": {
				"north": {"uv": [11.375, 5.5, 10.875, 7], "texture": "#0"},
				"east": {"uv": [4.5, 5.5, 3.625, 7], "texture": "#0"},
				"south": {"uv": [10.875, 5.5, 11.375, 7], "texture": "#0"},
				"west": {"uv": [10.875, 5.5, 11, 7], "texture": "#0"},
				"up": {"uv": [10.875, 5.5, 11.375, 5.625], "texture": "#0"},
				"down": {"uv": [10.875, 6.875, 11.375, 7], "texture": "#0"}
			}
		},
		{
			"name": "powerfusehammer_5",
			"from": [7.375, 9.125, 7.6],
			"to": [7.5, 10.25, 8.425],
			"rotation": {"angle": 0, "axis": "y", "origin": [0, 0, 8.3]},
			"faces": {
				"north": {"uv": [7, 5.75, 6.875, 6.875], "texture": "#0"},
				"east": {"uv": [6.875, 5.75, 7, 6.875], "texture": "#0"},
				"south": {"uv": [6.875, 5.75, 7, 6.875], "texture": "#0"},
				"west": {"uv": [6.875, 5.75, 7, 6.875], "texture": "#0"},
				"up": {"uv": [6.875, 5.75, 7, 5.875], "texture": "#0"},
				"down": {"uv": [6.875, 6.75, 7, 6.875], "texture": "#0"}
			}
		},
		{
			"name": "powerfusehammer_6",
			"from": [7.625, 9.125, 7.6],
			"to": [9.5, 10.25, 8.425],
			"rotation": {"angle": 0, "axis": "y", "origin": [0, 0, 8.3]},
			"faces": {
				"north": {"uv": [9.5, 5.75, 7.625, 6.875], "texture": "#0"},
				"east": {"uv": [9.375, 5.75, 9.5, 6.875], "texture": "#0"},
				"south": {"uv": [7.625, 5.75, 9.5, 6.875], "texture": "#0"},
				"west": {"uv": [7.625, 5.75, 7.75, 6.875], "texture": "#0"},
				"up": {"uv": [9.5, 5.875, 7.625, 6.75], "texture": "#0"},
				"down": {"uv": [9.5, 5.875, 7.625, 6.75], "texture": "#0"}
			}
		},
		{
			"name": "powerfusehammer_7",
			"from": [9.625, 9.125, 7.6],
			"to": [9.75, 10.25, 8.425],
			"rotation": {"angle": 0, "axis": "y", "origin": [0, 0, 8.3]},
			"faces": {
				"north": {"uv": [10.25, 5.75, 10.125, 6.875], "texture": "#0"},
				"east": {"uv": [10.125, 5.75, 10.25, 6.875], "texture": "#0"},
				"south": {"uv": [10.125, 5.75, 10.25, 6.875], "texture": "#0"},
				"west": {"uv": [10.125, 5.75, 10.25, 6.875], "texture": "#0"},
				"up": {"uv": [10.125, 5.75, 10.25, 5.875], "texture": "#0"},
				"down": {"uv": [10.125, 6.75, 10.25, 6.875], "texture": "#0"}
			}
		},
		{
			"name": "powerfusehammer_8",
			"from": [7.25, 9.25, 7.7],
			"to": [7.375, 10.125, 8.325],
			"rotation": {"angle": 0, "axis": "y", "origin": [0, 0, 8.3]},
			"faces": {
				"north": {"uv": [6.625, 5.875, 6.5, 6.75], "texture": "#0"},
				"east": {"uv": [6.5, 5.875, 6.625, 6.75], "texture": "#0"},
				"south": {"uv": [6.5, 5.875, 6.625, 6.75], "texture": "#0"},
				"west": {"uv": [6.5, 5.875, 6.625, 6.75], "texture": "#0"},
				"up": {"uv": [6.5, 5.875, 6.625, 6], "texture": "#0"},
				"down": {"uv": [6.5, 6.625, 6.625, 6.75], "texture": "#0"}
			}
		},
		{
			"name": "powerfusehammer_9",
			"from": [7.5, 9.25, 7.7],
			"to": [7.625, 10.125, 8.325],
			"rotation": {"angle": 0, "axis": "y", "origin": [0, 0, 8.3]},
			"faces": {
				"north": {"uv": [7.375, 5.875, 7.25, 6.75], "texture": "#0"},
				"east": {"uv": [7.25, 5.875, 7.375, 6.75], "texture": "#0"},
				"south": {"uv": [7.25, 5.875, 7.375, 6.75], "texture": "#0"},
				"west": {"uv": [7.25, 5.875, 7.375, 6.75], "texture": "#0"},
				"up": {"uv": [7.25, 5.875, 7.375, 6], "texture": "#0"},
				"down": {"uv": [7.25, 6.625, 7.375, 6.75], "texture": "#0"}
			}
		},
		{
			"name": "powerfusehammer_10",
			"from": [9.5, 9.25, 7.7],
			"to": [9.625, 10.125, 8.325],
			"rotation": {"angle": 0, "axis": "y", "origin": [0, 0, 8.3]},
			"faces": {
				"north": {"uv": [9.875, 5.875, 9.75, 6.75], "texture": "#0"},
				"east": {"uv": [9.75, 5.875, 9.875, 6.75], "texture": "#0"},
				"south": {"uv": [9.75, 5.875, 9.875, 6.75], "texture": "#0"},
				"west": {"uv": [9.75, 5.875, 9.875, 6.75], "texture": "#0"},
				"up": {"uv": [9.75, 5.875, 9.875, 6], "texture": "#0"},
				"down": {"uv": [9.75, 6.625, 9.875, 6.75], "texture": "#0"}
			}
		},
		{
			"name": "powerfusehammer_11",
			"from": [9.75, 9.25, 7.7],
			"to": [9.875, 10.125, 8.325],
			"rotation": {"angle": 0, "axis": "y", "origin": [0, 0, 8.3]},
			"faces": {
				"north": {"uv": [10.625, 5.875, 10.5, 6.75], "texture": "#0"},
				"east": {"uv": [10.5, 5.875, 10.625, 6.75], "texture": "#0"},
				"south": {"uv": [10.5, 5.875, 10.625, 6.75], "texture": "#0"},
				"west": {"uv": [10.5, 5.875, 10.625, 6.75], "texture": "#0"},
				"up": {"uv": [10.5, 5.875, 10.625, 6], "texture": "#0"},
				"down": {"uv": [10.5, 6.625, 10.625, 6.75], "texture": "#0"}
			}
		},
		{
			"name": "powerfusehammer_12",
			"from": [8.25, 7.5, 7.75],
			"to": [8.875, 9.125, 8.275],
			"rotation": {"angle": 0, "axis": "y", "origin": [0, 0, 8.3]},
			"faces": {
				"north": {"uv": [8.875, 7.125, 8.25, 8.75], "texture": "#0"},
				"east": {"uv": [8.875, 7.125, 8.25, 8.75], "texture": "#0"},
				"south": {"uv": [8.25, 7.125, 8.875, 8.75], "texture": "#0"},
				"west": {"uv": [8.25, 7.125, 8.375, 8.75], "texture": "#0"},
				"up": {"uv": [8.25, 7.125, 8.875, 7.25], "texture": "#0"},
				"down": {"uv": [8.25, 8.625, 8.875, 8.75], "texture": "#0"}
			}
		},
		{
			"name": "powerfusehammer_13",
			"from": [8, 7.225, 7.85],
			"to": [8.375, 8.1, 8.175],
			"rotation": {"angle": -45, "axis": "z", "origin": [9.5, 8.5, 8.05]},
			"faces": {
				"north": {"uv": [9.625, 7.5, 9.25, 8.375], "texture": "#0"},
				"east": {"uv": [9.625, 7.5, 9.25, 8.375], "texture": "#0"},
				"south": {"uv": [9.25, 7.5, 9.625, 8.375], "texture": "#0"},
				"west": {"uv": [9.625, 7.5, 9.25, 8.375], "texture": "#0"},
				"up": {"uv": [9.25, 7.5, 9.625, 7.625], "texture": "#0"},
				"down": {"uv": [9.25, 8.25, 9.625, 8.375], "texture": "#0"}
			}
		},
		{
			"name": "powerfusehammer_13",
			"from": [9.15, 8.2, 7.85],
			"to": [9.525, 9.075, 8.175],
			"rotation": {"angle": 45, "axis": "z", "origin": [9, 8.5, 8.05]},
			"faces": {
				"north": {"uv": [9.625, 7.5, 9.25, 8.375], "texture": "#0"},
				"east": {"uv": [9.625, 7.5, 9.25, 8.375], "texture": "#0"},
				"south": {"uv": [9.25, 7.5, 9.625, 8.375], "texture": "#0"},
				"west": {"uv": [9.625, 7.5, 9.25, 8.375], "texture": "#0"},
				"up": {"uv": [9.25, 7.5, 9.625, 7.625], "texture": "#0"},
				"down": {"uv": [9.25, 8.25, 9.625, 8.375], "texture": "#0"}
			}
		},
		{
			"name": "powerfusehammer_14",
			"from": [8.375, 2.75, 7.85],
			"to": [8.75, 7.5, 8.175],
			"rotation": {"angle": 0, "axis": "y", "origin": [0, 0, 8.3]},
			"faces": {
				"north": {"uv": [8.75, 9, 8.375, 13.75], "texture": "#0"},
				"east": {"uv": [8.625, 9, 8.75, 13.75], "texture": "#0"},
				"south": {"uv": [8.375, 9, 8.75, 13.75], "texture": "#0"},
				"west": {"uv": [8.375, 9, 8.5, 13.75], "texture": "#0"},
				"up": {"uv": [8.375, 9, 8.75, 9.125], "texture": "#0"},
				"down": {"uv": [8.375, 13.625, 8.75, 13.75], "texture": "#0"}
			}
		},
		{
			"name": "powerfusehammer_15",
			"from": [8.125, 2.25, 7.75],
			"to": [9, 2.75, 8.275],
			"rotation": {"angle": 0, "axis": "y", "origin": [0, 0, 8.3]},
			"faces": {
				"north": {"uv": [9, 14, 8.125, 14.5], "texture": "#0"},
				"east": {"uv": [8.875, 14, 9, 14.5], "texture": "#0"},
				"south": {"uv": [8.125, 14, 9, 14.5], "texture": "#0"},
				"west": {"uv": [8.125, 14, 8.25, 14.5], "texture": "#0"},
				"up": {"uv": [8.125, 14, 9, 14.125], "texture": "#0"},
				"down": {"uv": [8.125, 14.375, 9, 14.5], "texture": "#0"}
			}
		},
		{
			"name": "powerfusehammer_16",
			"from": [8.25, 2.125, 7.9],
			"to": [8.5, 2.25, 8.125],
			"rotation": {"angle": 0, "axis": "y", "origin": [0, 0, 8.3]},
			"faces": {
				"north": {"uv": [8.5, 14.75, 8.25, 14.875], "texture": "#0"},
				"east": {"uv": [8.375, 14.75, 8.5, 14.875], "texture": "#0"},
				"south": {"uv": [8.25, 14.75, 8.5, 14.875], "texture": "#0"},
				"west": {"uv": [8.25, 14.75, 8.375, 14.875], "texture": "#0"},
				"up": {"uv": [8.25, 14.75, 8.5, 14.875], "texture": "#0"},
				"down": {"uv": [8.25, 14.75, 8.5, 14.875], "texture": "#0"}
			}
		},
		{
			"name": "powerfusehammer_17",
			"from": [8.625, 2.125, 7.9],
			"to": [8.875, 2.25, 8.125],
			"rotation": {"angle": 0, "axis": "y", "origin": [0, 0, 8.3]},
			"faces": {
				"north": {"uv": [8.875, 14.75, 8.625, 14.875], "texture": "#0"},
				"east": {"uv": [8.75, 14.75, 8.875, 14.875], "texture": "#0"},
				"south": {"uv": [8.625, 14.75, 8.875, 14.875], "texture": "#0"},
				"west": {"uv": [8.625, 14.75, 8.75, 14.875], "texture": "#0"},
				"up": {"uv": [8.625, 14.75, 8.875, 14.875], "texture": "#0"},
				"down": {"uv": [8.625, 14.75, 8.875, 14.875], "texture": "#0"}
			}
		},
		{
			"name": "powerfusehammer_18",
			"from": [8.375, 2, 7.9],
			"to": [8.75, 2.125, 8.125],
			"rotation": {"angle": 0, "axis": "y", "origin": [0, 0, 8.3]},
			"faces": {
				"north": {"uv": [8.75, 14.875, 8.375, 15], "texture": "#0"},
				"east": {"uv": [8.625, 14.875, 8.75, 15], "texture": "#0"},
				"south": {"uv": [8.375, 14.875, 8.75, 15], "texture": "#0"},
				"west": {"uv": [8.375, 14.875, 8.5, 15], "texture": "#0"},
				"up": {"uv": [8.375, 14.875, 8.75, 15], "texture": "#0"},
				"down": {"uv": [8.375, 14.875, 8.75, 15], "texture": "#0"}
			}
		}
	],
	"gui_light": "front",
	"display": {
		"thirdperson_righthand": {
			"rotation": [0, -90, 0],
			"translation": [0, 4.25, -0.5],
			"scale": [3.5, 3.5, 3.5]
		},
		"thirdperson_lefthand": {
			"rotation": [0, 90, 0],
			"translation": [0, 4.25, -0.5],
			"scale": [3.5, 3.5, 3.5]
		},
		"firstperson_righthand": {
			"rotation": [0, -90, -4],
			"translation": [0.75, 6.25, 2],
			"scale": [2, 2, 1.75]
		},
		"firstperson_lefthand": {
			"rotation": [0, 90, 1],
			"translation": [1.5, 6.75, 1.25],
			"scale": [2, 2, 1.75]
		},
		"ground": {
			"translation": [0, 8.5, 0],
			"scale": [2.5, 2.5, 2.5]
		},
		"gui": {
			"rotation": [0, 0, -42],
			"translation": [1.5, 3.75, 0],
			"scale": [2.5, 2.5, 2]
		},
		"head": {
			"rotation": [0, 0, 134],
			"translation": [-2.25, -19.25, 3.5],
			"scale": [4, 4, 4]
		},
		"fixed": {
			"rotation": [-180, 0, 138],
			"translation": [-2, -0.5, -0.75],
			"scale": [4, 4, 3]
		}
	},
	"groups": [
		{
			"name": "powerfusehammer",
			"origin": [8, 8, 8],
			"color": 0,
			"children": [0, 1, 2, 3, 4, 5, 6, 7, 8, 9, 10, 11, 12, 13, 14, 15, 16, 17, 18]
		}
	]
}