{
	"credit": "Made with Blockbench",
	"textures": {
		"0": "prominent:item/transmog/powerfusesword",
		"particle": "prominent:item/transmog/powerfusesword"
	},
	"elements": [
		{
			"name": "powerfusesword_0",
			"from": [7.25, 12.625, 8],
			"to": [7.375, 13.5, 8.125],
			"rotation": {"angle": 0, "axis": "y", "origin": [0, 0, 8]},
			"faces": {
				"north": {"uv": [7.375, 2.5, 7.25, 3.375], "texture": "#0"},
				"east": {"uv": [7.25, 2.5, 7.375, 3.375], "texture": "#0"},
				"south": {"uv": [7.25, 2.5, 7.375, 3.375], "texture": "#0"},
				"west": {"uv": [7.25, 2.5, 7.375, 3.375], "texture": "#0"},
				"up": {"uv": [7.25, 2.5, 7.375, 2.625], "texture": "#0"},
				"down": {"uv": [7.25, 3.25, 7.375, 3.375], "texture": "#0"}
			}
		},
		{
			"name": "powerfusesword_1",
			"from": [7.125, 12.25, 8],
			"to": [7.25, 13.125, 8.125],
			"rotation": {"angle": 0, "axis": "y", "origin": [0, 0, 8]},
			"faces": {
				"north": {"uv": [7.25, 2.875, 7.125, 3.75], "texture": "#0"},
				"east": {"uv": [7.125, 2.875, 7.25, 3.75], "texture": "#0"},
				"south": {"uv": [7.125, 2.875, 7.25, 3.75], "texture": "#0"},
				"west": {"uv": [7.125, 2.875, 7.25, 3.75], "texture": "#0"},
				"up": {"uv": [7.125, 2.875, 7.25, 3], "texture": "#0"},
				"down": {"uv": [7.125, 3.625, 7.25, 3.75], "texture": "#0"}
			}
		},
		{
			"name": "powerfusesword_2",
			"from": [7.375, 12.25, 8],
			"to": [7.5, 13.125, 8.125],
			"rotation": {"angle": 0, "axis": "y", "origin": [0, 0, 8]},
			"faces": {
				"north": {"uv": [7.5, 2.875, 7.375, 3.75], "texture": "#0"},
				"east": {"uv": [7.375, 2.875, 7.5, 3.75], "texture": "#0"},
				"south": {"uv": [7.375, 2.875, 7.5, 3.75], "texture": "#0"},
				"west": {"uv": [7.375, 2.875, 7.5, 3.75], "texture": "#0"},
				"up": {"uv": [7.375, 2.875, 7.5, 3], "texture": "#0"},
				"down": {"uv": [7.375, 3.625, 7.5, 3.75], "texture": "#0"}
			}
		},
		{
			"name": "powerfusesword_3",
			"from": [7, 11.875, 8],
			"to": [7.125, 12.75, 8.125],
			"rotation": {"angle": 0, "axis": "y", "origin": [0, 0, 8]},
			"faces": {
				"north": {"uv": [7.125, 3.25, 7, 4.125], "texture": "#0"},
				"east": {"uv": [7, 3.25, 7.125, 4.125], "texture": "#0"},
				"south": {"uv": [7, 3.25, 7.125, 4.125], "texture": "#0"},
				"west": {"uv": [7, 3.25, 7.125, 4.125], "texture": "#0"},
				"up": {"uv": [7, 3.25, 7.125, 3.375], "texture": "#0"},
				"down": {"uv": [7, 4, 7.125, 4.125], "texture": "#0"}
			}
		},
		{
			"name": "powerfusesword_4",
			"from": [7.5, 11.875, 8],
			"to": [7.625, 12.75, 8.125],
			"rotation": {"angle": 0, "axis": "y", "origin": [0, 0, 8]},
			"faces": {
				"north": {"uv": [7.625, 3.25, 7.5, 4.125], "texture": "#0"},
				"east": {"uv": [7.5, 3.25, 7.625, 4.125], "texture": "#0"},
				"south": {"uv": [7.5, 3.25, 7.625, 4.125], "texture": "#0"},
				"west": {"uv": [7.5, 3.25, 7.625, 4.125], "texture": "#0"},
				"up": {"uv": [7.5, 3.25, 7.625, 3.375], "texture": "#0"},
				"down": {"uv": [7.5, 4, 7.625, 4.125], "texture": "#0"}
			}
		},
		{
			"name": "powerfusesword_5",
			"from": [7.25, 9.125, 7.95],
			"to": [7.375, 12.625, 8.175],
			"rotation": {"angle": 0, "axis": "y", "origin": [0, 0, 8]},
			"faces": {
				"north": {"uv": [8.375, 3.375, 8.25, 6.875], "texture": "#0"},
				"east": {"uv": [8.25, 3.375, 8.375, 6.875], "texture": "#0"},
				"south": {"uv": [8.25, 3.375, 8.375, 6.875], "texture": "#0"},
				"west": {"uv": [8.25, 3.375, 8.375, 6.875], "texture": "#0"},
				"up": {"uv": [8.25, 3.375, 8.375, 3.5], "texture": "#0"},
				"down": {"uv": [8.25, 6.75, 8.375, 6.875], "texture": "#0"}
			}
		},
		{
			"name": "powerfusesword_6",
			"from": [6.875, 11, 8],
			"to": [7, 12.25, 8.125],
			"rotation": {"angle": 0, "axis": "y", "origin": [0, 0, 8]},
			"faces": {
				"north": {"uv": [7, 3.75, 6.875, 5], "texture": "#0"},
				"east": {"uv": [6.875, 3.75, 7, 5], "texture": "#0"},
				"south": {"uv": [6.875, 3.75, 7, 5], "texture": "#0"},
				"west": {"uv": [6.875, 3.75, 7, 5], "texture": "#0"},
				"up": {"uv": [6.875, 3.75, 7, 3.875], "texture": "#0"},
				"down": {"uv": [6.875, 4.875, 7, 5], "texture": "#0"}
			}
		},
		{
			"name": "powerfusesword_7",
			"from": [7.625, 11, 8],
			"to": [7.75, 12.25, 8.125],
			"rotation": {"angle": 0, "axis": "y", "origin": [0, 0, 8]},
			"faces": {
				"north": {"uv": [7.75, 3.75, 7.625, 5], "texture": "#0"},
				"east": {"uv": [7.625, 3.75, 7.75, 5], "texture": "#0"},
				"south": {"uv": [7.625, 3.75, 7.75, 5], "texture": "#0"},
				"west": {"uv": [7.625, 3.75, 7.75, 5], "texture": "#0"},
				"up": {"uv": [7.625, 3.75, 7.75, 3.875], "texture": "#0"},
				"down": {"uv": [7.625, 4.875, 7.75, 5], "texture": "#0"}
			}
		},
		{
			"name": "powerfusesword_8",
			"from": [7.125, 8.875, 7.95],
			"to": [7.25, 12.25, 8.175],
			"rotation": {"angle": 0, "axis": "y", "origin": [0, 0, 8]},
			"faces": {
				"north": {"uv": [8.25, 3.75, 8.125, 7.125], "texture": "#0"},
				"east": {"uv": [8.125, 3.75, 8.25, 7.125], "texture": "#0"},
				"south": {"uv": [8.125, 3.75, 8.25, 7.125], "texture": "#0"},
				"west": {"uv": [8.125, 3.75, 8.25, 7.125], "texture": "#0"},
				"up": {"uv": [8.125, 3.75, 8.25, 3.875], "texture": "#0"},
				"down": {"uv": [8.125, 7, 8.25, 7.125], "texture": "#0"}
			}
		},
		{
			"name": "powerfusesword_9",
			"from": [7.375, 8.875, 7.95],
			"to": [7.5, 12.25, 8.175],
			"rotation": {"angle": 0, "axis": "y", "origin": [0, 0, 8]},
			"faces": {
				"north": {"uv": [8.5, 3.75, 8.375, 7.125], "texture": "#0"},
				"east": {"uv": [8.375, 3.75, 8.5, 7.125], "texture": "#0"},
				"south": {"uv": [8.375, 3.75, 8.5, 7.125], "texture": "#0"},
				"west": {"uv": [8.375, 3.75, 8.5, 7.125], "texture": "#0"},
				"up": {"uv": [8.375, 3.75, 8.5, 3.875], "texture": "#0"},
				"down": {"uv": [8.375, 7, 8.5, 7.125], "texture": "#0"}
			}
		},
		{
			"name": "powerfusesword_10",
			"from": [7, 11.375, 7.95],
			"to": [7.125, 11.875, 8.175],
			"rotation": {"angle": 0, "axis": "y", "origin": [0, 0, 8]},
			"faces": {
				"north": {"uv": [8.125, 4.125, 8, 4.625], "texture": "#0"},
				"east": {"uv": [8, 4.125, 8.125, 4.625], "texture": "#0"},
				"south": {"uv": [8, 4.125, 8.125, 4.625], "texture": "#0"},
				"west": {"uv": [8, 4.125, 8.125, 4.625], "texture": "#0"},
				"up": {"uv": [8, 4.125, 8.125, 4.25], "texture": "#0"},
				"down": {"uv": [8, 4.5, 8.125, 4.625], "texture": "#0"}
			}
		},
		{
			"name": "powerfusesword_11",
			"from": [7.5, 11.375, 7.95],
			"to": [7.625, 11.875, 8.175],
			"rotation": {"angle": 0, "axis": "y", "origin": [0, 0, 8]},
			"faces": {
				"north": {"uv": [8.625, 4.125, 8.5, 4.625], "texture": "#0"},
				"east": {"uv": [8.5, 4.125, 8.625, 4.625], "texture": "#0"},
				"south": {"uv": [8.5, 4.125, 8.625, 4.625], "texture": "#0"},
				"west": {"uv": [8.5, 4.125, 8.625, 4.625], "texture": "#0"},
				"up": {"uv": [8.5, 4.125, 8.625, 4.25], "texture": "#0"},
				"down": {"uv": [8.5, 4.5, 8.625, 4.625], "texture": "#0"}
			}
		},
		{
			"name": "powerfusesword_12",
			"from": [7, 8.375, 8],
			"to": [7.125, 11.375, 8.125],
			"rotation": {"angle": 0, "axis": "y", "origin": [0, 0, 8]},
			"faces": {
				"north": {"uv": [7.125, 4.625, 7, 7.625], "texture": "#0"},
				"east": {"uv": [7, 4.625, 7.125, 7.625], "texture": "#0"},
				"south": {"uv": [7, 4.625, 7.125, 7.625], "texture": "#0"},
				"west": {"uv": [7, 4.625, 7.125, 7.625], "texture": "#0"},
				"up": {"uv": [7, 4.625, 7.125, 4.75], "texture": "#0"},
				"down": {"uv": [7, 7.5, 7.125, 7.625], "texture": "#0"}
			}
		},
		{
			"name": "powerfusesword_13",
			"from": [7.5, 8.375, 8],
			"to": [7.625, 11.375, 8.125],
			"rotation": {"angle": 0, "axis": "y", "origin": [0, 0, 8]},
			"faces": {
				"north": {"uv": [7.625, 4.625, 7.5, 7.625], "texture": "#0"},
				"east": {"uv": [7.5, 4.625, 7.625, 7.625], "texture": "#0"},
				"south": {"uv": [7.5, 4.625, 7.625, 7.625], "texture": "#0"},
				"west": {"uv": [7.5, 4.625, 7.625, 7.625], "texture": "#0"},
				"up": {"uv": [7.5, 4.625, 7.625, 4.75], "texture": "#0"},
				"down": {"uv": [7.5, 7.5, 7.625, 7.625], "texture": "#0"}
			}
		},
		{
			"name": "powerfusesword_14",
			"from": [7.25, 6.125, 7.9],
			"to": [7.375, 9.125, 8.225],
			"rotation": {"angle": 0, "axis": "y", "origin": [0, 0, 8]},
			"faces": {
				"north": {"uv": [6.125, 7, 6, 10], "texture": "#0"},
				"east": {"uv": [6, 7, 6.125, 10], "texture": "#0"},
				"south": {"uv": [6, 7, 6.125, 10], "texture": "#0"},
				"west": {"uv": [6, 7, 6.125, 10], "texture": "#0"},
				"up": {"uv": [6, 7, 6.125, 7.125], "texture": "#0"},
				"down": {"uv": [6, 9.875, 6.125, 10], "texture": "#0"}
			}
		},
		{
			"name": "powerfusesword_15",
			"from": [7.125, 6.125, 7.9],
			"to": [7.25, 8.875, 8.225],
			"rotation": {"angle": 0, "axis": "y", "origin": [0, 0, 8]},
			"faces": {
				"north": {"uv": [6, 7.25, 5.875, 10], "texture": "#0"},
				"east": {"uv": [5.875, 7.25, 6, 10], "texture": "#0"},
				"south": {"uv": [5.875, 7.25, 6, 10], "texture": "#0"},
				"west": {"uv": [5.875, 7.25, 6, 10], "texture": "#0"},
				"up": {"uv": [5.875, 7.25, 6, 7.375], "texture": "#0"},
				"down": {"uv": [5.875, 9.875, 6, 10], "texture": "#0"}
			}
		},
		{
			"name": "powerfusesword_16",
			"from": [7.375, 6.125, 7.9],
			"to": [7.5, 8.875, 8.225],
			"rotation": {"angle": 0, "axis": "y", "origin": [0, 0, 8]},
			"faces": {
				"north": {"uv": [6.25, 7.25, 6.125, 10], "texture": "#0"},
				"east": {"uv": [6.125, 7.25, 6.25, 10], "texture": "#0"},
				"south": {"uv": [6.125, 7.25, 6.25, 10], "texture": "#0"},
				"west": {"uv": [6.125, 7.25, 6.25, 10], "texture": "#0"},
				"up": {"uv": [6.125, 7.25, 6.25, 7.375], "texture": "#0"},
				"down": {"uv": [6.125, 9.875, 6.25, 10], "texture": "#0"}
			}
		},
		{
			"name": "powerfusesword_17",
			"from": [6.875, 7.25, 8],
			"to": [7, 8.625, 8.125],
			"rotation": {"angle": 0, "axis": "y", "origin": [0, 0, 8]},
			"faces": {
				"north": {"uv": [7, 7.375, 6.875, 8.75], "texture": "#0"},
				"east": {"uv": [6.875, 7.375, 7, 8.75], "texture": "#0"},
				"south": {"uv": [6.875, 7.375, 7, 8.75], "texture": "#0"},
				"west": {"uv": [6.875, 7.375, 7, 8.75], "texture": "#0"},
				"up": {"uv": [6.875, 7.375, 7, 7.5], "texture": "#0"},
				"down": {"uv": [6.875, 8.625, 7, 8.75], "texture": "#0"}
			}
		},
		{
			"name": "powerfusesword_18",
			"from": [7.625, 7.25, 8],
			"to": [7.75, 8.625, 8.125],
			"rotation": {"angle": 0, "axis": "y", "origin": [0, 0, 8]},
			"faces": {
				"north": {"uv": [7.75, 7.375, 7.625, 8.75], "texture": "#0"},
				"east": {"uv": [7.625, 7.375, 7.75, 8.75], "texture": "#0"},
				"south": {"uv": [7.625, 7.375, 7.75, 8.75], "texture": "#0"},
				"west": {"uv": [7.625, 7.375, 7.75, 8.75], "texture": "#0"},
				"up": {"uv": [7.625, 7.375, 7.75, 7.5], "texture": "#0"},
				"down": {"uv": [7.625, 8.625, 7.75, 8.75], "texture": "#0"}
			}
		},
		{
			"name": "powerfusesword_19",
			"from": [7, 6.125, 7.9],
			"to": [7.125, 8.375, 8.225],
			"rotation": {"angle": 0, "axis": "y", "origin": [0, 0, 8]},
			"faces": {
				"north": {"uv": [5.875, 7.75, 5.75, 10], "texture": "#0"},
				"east": {"uv": [5.75, 7.75, 5.875, 10], "texture": "#0"},
				"south": {"uv": [5.75, 7.75, 5.875, 10], "texture": "#0"},
				"west": {"uv": [5.75, 7.75, 5.875, 10], "texture": "#0"},
				"up": {"uv": [5.75, 7.75, 5.875, 7.875], "texture": "#0"},
				"down": {"uv": [5.75, 9.875, 5.875, 10], "texture": "#0"}
			}
		},
		{
			"name": "powerfusesword_20",
			"from": [7.5, 6.125, 7.9],
			"to": [7.625, 8.375, 8.225],
			"rotation": {"angle": 0, "axis": "y", "origin": [0, 0, 8]},
			"faces": {
				"north": {"uv": [6.375, 7.75, 6.25, 10], "texture": "#0"},
				"east": {"uv": [6.25, 7.75, 6.375, 10], "texture": "#0"},
				"south": {"uv": [6.25, 7.75, 6.375, 10], "texture": "#0"},
				"west": {"uv": [6.25, 7.75, 6.375, 10], "texture": "#0"},
				"up": {"uv": [6.25, 7.75, 6.375, 7.875], "texture": "#0"},
				"down": {"uv": [6.25, 9.875, 6.375, 10], "texture": "#0"}
			}
		},
		{
			"name": "powerfusesword_21",
			"from": [6.75, 6.125, 8],
			"to": [6.875, 7.25, 8.125],
			"rotation": {"angle": 0, "axis": "y", "origin": [0, 0, 8]},
			"faces": {
				"north": {"uv": [6.875, 8.75, 6.75, 9.875], "texture": "#0"},
				"east": {"uv": [6.75, 8.75, 6.875, 9.875], "texture": "#0"},
				"south": {"uv": [6.75, 8.75, 6.875, 9.875], "texture": "#0"},
				"west": {"uv": [6.75, 8.75, 6.875, 9.875], "texture": "#0"},
				"up": {"uv": [6.75, 8.75, 6.875, 8.875], "texture": "#0"},
				"down": {"uv": [6.75, 9.75, 6.875, 9.875], "texture": "#0"}
			}
		},
		{
			"name": "powerfusesword_22",
			"from": [7.75, 6.125, 8],
			"to": [7.875, 7.25, 8.125],
			"rotation": {"angle": 0, "axis": "y", "origin": [0, 0, 8]},
			"faces": {
				"north": {"uv": [7.875, 8.75, 7.75, 9.875], "texture": "#0"},
				"east": {"uv": [7.75, 8.75, 7.875, 9.875], "texture": "#0"},
				"south": {"uv": [7.75, 8.75, 7.875, 9.875], "texture": "#0"},
				"west": {"uv": [7.75, 8.75, 7.875, 9.875], "texture": "#0"},
				"up": {"uv": [7.75, 8.75, 7.875, 8.875], "texture": "#0"},
				"down": {"uv": [7.75, 9.75, 7.875, 9.875], "texture": "#0"}
			}
		},
		{
			"name": "powerfusesword_23",
			"from": [6.875, 6.5, 7.9],
			"to": [7, 7.25, 8.225],
			"rotation": {"angle": 0, "axis": "y", "origin": [0, 0, 8]},
			"faces": {
				"north": {"uv": [5.75, 8.875, 5.625, 9.625], "texture": "#0"},
				"east": {"uv": [5.625, 8.875, 5.75, 9.625], "texture": "#0"},
				"south": {"uv": [5.625, 8.875, 5.75, 9.625], "texture": "#0"},
				"west": {"uv": [5.625, 8.875, 5.75, 9.625], "texture": "#0"},
				"up": {"uv": [5.625, 8.875, 5.75, 9], "texture": "#0"},
				"down": {"uv": [5.625, 9.5, 5.75, 9.625], "texture": "#0"}
			}
		},
		{
			"name": "powerfusesword_24",
			"from": [7.625, 6.5, 7.9],
			"to": [7.75, 7.25, 8.225],
			"rotation": {"angle": 0, "axis": "y", "origin": [0, 0, 8]},
			"faces": {
				"north": {"uv": [6.5, 8.875, 6.375, 9.625], "texture": "#0"},
				"east": {"uv": [6.375, 8.875, 6.5, 9.625], "texture": "#0"},
				"south": {"uv": [6.375, 8.875, 6.5, 9.625], "texture": "#0"},
				"west": {"uv": [6.375, 8.875, 6.5, 9.625], "texture": "#0"},
				"up": {"uv": [6.375, 8.875, 6.5, 9], "texture": "#0"},
				"down": {"uv": [6.375, 9.5, 6.5, 9.625], "texture": "#0"}
			}
		},
		{
			"name": "powerfusesword_25",
			"from": [6.65, 4.325, 7.899],
			"to": [7.025, 5.2, 8.226],
			"rotation": {"angle": -45, "axis": "z", "origin": [9.6, 6.1, 8.1]},
			"faces": {
				"north": {"uv": [9.625, 9, 9.25, 9.875], "texture": "#0"},
				"east": {"uv": [9.625, 9, 9.25, 9.875], "texture": "#0"},
				"south": {"uv": [9.25, 9, 9.625, 9.875], "texture": "#0"},
				"west": {"uv": [9.625, 9, 9.25, 9.875], "texture": "#0"},
				"up": {"uv": [9.25, 9, 9.625, 9.125], "texture": "#0"},
				"down": {"uv": [9.25, 9.75, 9.625, 9.875], "texture": "#0"}
			}
		},
		{
			"name": "powerfusesword_25",
			"from": [8.95, 8.4, 7.899],
			"to": [9.325, 9.275, 8.226],
			"rotation": {"angle": 45, "axis": "z", "origin": [9.6, 6.85, 8.1]},
			"faces": {
				"north": {"uv": [9.625, 9, 9.25, 9.875], "texture": "#0"},
				"east": {"uv": [9.625, 9, 9.25, 9.875], "texture": "#0"},
				"south": {"uv": [9.25, 9, 9.625, 9.875], "texture": "#0"},
				"west": {"uv": [9.625, 9, 9.25, 9.875], "texture": "#0"},
				"up": {"uv": [9.25, 9, 9.625, 9.125], "texture": "#0"},
				"down": {"uv": [9.25, 9.75, 9.625, 9.875], "texture": "#0"}
			}
		},
		{
			"name": "powerfusesword_25",
			"from": [6.65, 5.175, 7.899],
			"to": [7.025, 6.05, 8.226],
			"rotation": {"angle": -45, "axis": "z", "origin": [9.6, 6.85, 8.1]},
			"faces": {
				"north": {"uv": [9.625, 9, 9.25, 9.875], "texture": "#0"},
				"east": {"uv": [9.625, 9, 9.25, 9.875], "texture": "#0"},
				"south": {"uv": [9.25, 9, 9.625, 9.875], "texture": "#0"},
				"west": {"uv": [9.625, 9, 9.25, 9.875], "texture": "#0"},
				"up": {"uv": [9.25, 9, 9.625, 9.125], "texture": "#0"},
				"down": {"uv": [9.25, 9.75, 9.625, 9.875], "texture": "#0"}
			}
		},
		{
			"name": "powerfusesword_25",
			"from": [8.95, 7.58, 7.899],
			"to": [9.325, 8.455, 8.226],
			"rotation": {"angle": 45, "axis": "z", "origin": [9.6, 6.1, 8.1]},
			"faces": {
				"north": {"uv": [9.625, 9, 9.25, 9.875], "texture": "#0"},
				"east": {"uv": [9.625, 9, 9.25, 9.875], "texture": "#0"},
				"south": {"uv": [9.25, 9, 9.625, 9.875], "texture": "#0"},
				"west": {"uv": [9.625, 9, 9.25, 9.875], "texture": "#0"},
				"up": {"uv": [9.25, 9, 9.625, 9.125], "texture": "#0"},
				"down": {"uv": [9.25, 9.75, 9.625, 9.875], "texture": "#0"}
			}
		},
		{
			"name": "powerfusesword_26",
			"from": [6.625, 6.25, 8],
			"to": [6.75, 6.5, 8.125],
			"rotation": {"angle": 0, "axis": "y", "origin": [0, 0, 8]},
			"faces": {
				"north": {"uv": [6.75, 9.5, 6.625, 9.75], "texture": "#0"},
				"east": {"uv": [6.625, 9.5, 6.75, 9.75], "texture": "#0"},
				"south": {"uv": [6.625, 9.5, 6.75, 9.75], "texture": "#0"},
				"west": {"uv": [6.625, 9.5, 6.75, 9.75], "texture": "#0"},
				"up": {"uv": [6.625, 9.5, 6.75, 9.625], "texture": "#0"},
				"down": {"uv": [6.625, 9.625, 6.75, 9.75], "texture": "#0"}
			}
		},
		{
			"name": "powerfusesword_27",
			"from": [6.875, 6.125, 8],
			"to": [7, 6.5, 8.125],
			"rotation": {"angle": 0, "axis": "y", "origin": [0, 0, 8]},
			"faces": {
				"north": {"uv": [7, 9.5, 6.875, 9.875], "texture": "#0"},
				"east": {"uv": [6.875, 9.5, 7, 9.875], "texture": "#0"},
				"south": {"uv": [6.875, 9.5, 7, 9.875], "texture": "#0"},
				"west": {"uv": [6.875, 9.5, 7, 9.875], "texture": "#0"},
				"up": {"uv": [6.875, 9.5, 7, 9.625], "texture": "#0"},
				"down": {"uv": [6.875, 9.75, 7, 9.875], "texture": "#0"}
			}
		},
		{
			"name": "powerfusesword_28",
			"from": [7.625, 6.125, 8],
			"to": [7.75, 6.5, 8.125],
			"rotation": {"angle": 0, "axis": "y", "origin": [0, 0, 8]},
			"faces": {
				"north": {"uv": [7.75, 9.5, 7.625, 9.875], "texture": "#0"},
				"east": {"uv": [7.625, 9.5, 7.75, 9.875], "texture": "#0"},
				"south": {"uv": [7.625, 9.5, 7.75, 9.875], "texture": "#0"},
				"west": {"uv": [7.625, 9.5, 7.75, 9.875], "texture": "#0"},
				"up": {"uv": [7.625, 9.5, 7.75, 9.625], "texture": "#0"},
				"down": {"uv": [7.625, 9.75, 7.75, 9.875], "texture": "#0"}
			}
		},
		{
			"name": "powerfusesword_29",
			"from": [7.875, 6.25, 8],
			"to": [8, 6.5, 8.125],
			"rotation": {"angle": 0, "axis": "y", "origin": [0, 0, 8]},
			"faces": {
				"north": {"uv": [8, 9.5, 7.875, 9.75], "texture": "#0"},
				"east": {"uv": [7.875, 9.5, 8, 9.75], "texture": "#0"},
				"south": {"uv": [7.875, 9.5, 8, 9.75], "texture": "#0"},
				"west": {"uv": [7.875, 9.5, 8, 9.75], "texture": "#0"},
				"up": {"uv": [7.875, 9.5, 8, 9.625], "texture": "#0"},
				"down": {"uv": [7.875, 9.625, 8, 9.75], "texture": "#0"}
			}
		},
		{
			"name": "powerfusesword_30",
			"from": [6.375, 5.875, 7.85],
			"to": [6.75, 6.25, 8.275],
			"rotation": {"angle": 0, "axis": "y", "origin": [0, 0, 8]},
			"faces": {
				"north": {"uv": [6.75, 10.25, 6.375, 10.625], "texture": "#0"},
				"east": {"uv": [6.625, 10.25, 6.75, 10.625], "texture": "#0"},
				"south": {"uv": [6.375, 10.25, 6.75, 10.625], "texture": "#0"},
				"west": {"uv": [6.375, 10.25, 6.5, 10.625], "texture": "#0"},
				"up": {"uv": [6.375, 10.25, 6.75, 10.375], "texture": "#0"},
				"down": {"uv": [6.375, 10.5, 6.75, 10.625], "texture": "#0"}
			}
		},
		{
			"name": "powerfusesword_31",
			"from": [7.875, 5.875, 7.85],
			"to": [8.25, 6.25, 8.275],
			"rotation": {"angle": 0, "axis": "y", "origin": [0, 0, 8]},
			"faces": {
				"north": {"uv": [8.25, 10.25, 7.875, 10.625], "texture": "#0"},
				"east": {"uv": [8.125, 10.25, 8.25, 10.625], "texture": "#0"},
				"south": {"uv": [7.875, 10.25, 8.25, 10.625], "texture": "#0"},
				"west": {"uv": [7.875, 10.25, 8, 10.625], "texture": "#0"},
				"up": {"uv": [7.875, 10.25, 8.25, 10.375], "texture": "#0"},
				"down": {"uv": [7.875, 10.5, 8.25, 10.625], "texture": "#0"}
			}
		},
		{
			"name": "powerfusesword_32",
			"from": [6.25, 5.875, 7.85],
			"to": [6.375, 6.125, 8.275],
			"rotation": {"angle": 0, "axis": "y", "origin": [0, 0, 8]},
			"faces": {
				"north": {"uv": [6.375, 10.375, 6.25, 10.625], "texture": "#0"},
				"east": {"uv": [6.25, 10.375, 6.375, 10.625], "texture": "#0"},
				"south": {"uv": [6.25, 10.375, 6.375, 10.625], "texture": "#0"},
				"west": {"uv": [6.25, 10.375, 6.375, 10.625], "texture": "#0"},
				"up": {"uv": [6.25, 10.375, 6.375, 10.5], "texture": "#0"},
				"down": {"uv": [6.25, 10.5, 6.375, 10.625], "texture": "#0"}
			}
		},
		{
			"name": "powerfusesword_33",
			"from": [6.75, 5.875, 7.85],
			"to": [7.875, 6.125, 8.275],
			"rotation": {"angle": 0, "axis": "y", "origin": [0, 0, 8]},
			"faces": {
				"north": {"uv": [7.875, 10.375, 6.75, 10.625], "texture": "#0"},
				"east": {"uv": [7.75, 10.375, 7.875, 10.625], "texture": "#0"},
				"south": {"uv": [6.75, 10.375, 7.875, 10.625], "texture": "#0"},
				"west": {"uv": [6.75, 10.375, 6.875, 10.625], "texture": "#0"},
				"up": {"uv": [6.75, 10.375, 7.875, 10.5], "texture": "#0"},
				"down": {"uv": [6.75, 10.5, 7.875, 10.625], "texture": "#0"}
			}
		},
		{
			"name": "powerfusesword_34",
			"from": [8.25, 5.875, 7.85],
			"to": [8.375, 6.125, 8.275],
			"rotation": {"angle": 0, "axis": "y", "origin": [0, 0, 8]},
			"faces": {
				"north": {"uv": [8.375, 10.375, 8.25, 10.625], "texture": "#0"},
				"east": {"uv": [8.25, 10.375, 8.375, 10.625], "texture": "#0"},
				"south": {"uv": [8.25, 10.375, 8.375, 10.625], "texture": "#0"},
				"west": {"uv": [8.25, 10.375, 8.375, 10.625], "texture": "#0"},
				"up": {"uv": [8.25, 10.375, 8.375, 10.5], "texture": "#0"},
				"down": {"uv": [8.25, 10.5, 8.375, 10.625], "texture": "#0"}
			}
		},
		{
			"name": "powerfusesword_35",
			"from": [7, 5.75, 7.85],
			"to": [7.625, 5.875, 8.275],
			"rotation": {"angle": 0, "axis": "y", "origin": [0, 0, 8]},
			"faces": {
				"north": {"uv": [7.625, 10.625, 7, 10.75], "texture": "#0"},
				"east": {"uv": [7.5, 10.625, 7.625, 10.75], "texture": "#0"},
				"south": {"uv": [7, 10.625, 7.625, 10.75], "texture": "#0"},
				"west": {"uv": [7, 10.625, 7.125, 10.75], "texture": "#0"},
				"up": {"uv": [7, 10.625, 7.625, 10.75], "texture": "#0"},
				"down": {"uv": [7, 10.625, 7.625, 10.75], "texture": "#0"}
			}
		},
		{
			"name": "powerfusesword_36",
			"from": [7.125, 5.625, 7.85],
			"to": [7.5, 5.75, 8.275],
			"rotation": {"angle": 0, "axis": "y", "origin": [0, 0, 8]},
			"faces": {
				"north": {"uv": [7.5, 10.75, 7.125, 10.875], "texture": "#0"},
				"east": {"uv": [7.375, 10.75, 7.5, 10.875], "texture": "#0"},
				"south": {"uv": [7.125, 10.75, 7.5, 10.875], "texture": "#0"},
				"west": {"uv": [7.125, 10.75, 7.25, 10.875], "texture": "#0"},
				"up": {"uv": [7.125, 10.75, 7.5, 10.875], "texture": "#0"},
				"down": {"uv": [7.125, 10.75, 7.5, 10.875], "texture": "#0"}
			}
		},
		{
			"name": "powerfusesword_37",
			"from": [6.5, 5.375, 7.9],
			"to": [6.75, 5.875, 8.225],
			"rotation": {"angle": 0, "axis": "y", "origin": [0, 0, 8]},
			"faces": {
				"north": {"uv": [6.75, 10.875, 6.5, 11.375], "texture": "#0"},
				"east": {"uv": [6.625, 10.875, 6.75, 11.375], "texture": "#0"},
				"south": {"uv": [6.5, 10.875, 6.75, 11.375], "texture": "#0"},
				"west": {"uv": [6.5, 10.875, 6.625, 11.375], "texture": "#0"},
				"up": {"uv": [6.5, 10.875, 6.75, 11], "texture": "#0"},
				"down": {"uv": [6.5, 11.25, 6.75, 11.375], "texture": "#0"}
			}
		},
		{
			"name": "powerfusesword_38",
			"from": [6.875, 5.625, 7.9],
			"to": [7, 5.875, 8.225],
			"rotation": {"angle": 0, "axis": "y", "origin": [0, 0, 8]},
			"faces": {
				"north": {"uv": [7, 10.875, 6.875, 11.125], "texture": "#0"},
				"east": {"uv": [6.875, 10.875, 7, 11.125], "texture": "#0"},
				"south": {"uv": [6.875, 10.875, 7, 11.125], "texture": "#0"},
				"west": {"uv": [6.875, 10.875, 7, 11.125], "texture": "#0"},
				"up": {"uv": [6.875, 10.875, 7, 11], "texture": "#0"},
				"down": {"uv": [6.875, 11, 7, 11.125], "texture": "#0"}
			}
		},
		{
			"name": "powerfusesword_39",
			"from": [7.625, 5.625, 7.9],
			"to": [7.75, 5.875, 8.225],
			"rotation": {"angle": 0, "axis": "y", "origin": [0, 0, 8]},
			"faces": {
				"north": {"uv": [7.75, 10.875, 7.625, 11.125], "texture": "#0"},
				"east": {"uv": [7.625, 10.875, 7.75, 11.125], "texture": "#0"},
				"south": {"uv": [7.625, 10.875, 7.75, 11.125], "texture": "#0"},
				"west": {"uv": [7.625, 10.875, 7.75, 11.125], "texture": "#0"},
				"up": {"uv": [7.625, 10.875, 7.75, 11], "texture": "#0"},
				"down": {"uv": [7.625, 11, 7.75, 11.125], "texture": "#0"}
			}
		},
		{
			"name": "powerfusesword_40",
			"from": [7.875, 5.375, 7.9],
			"to": [8.125, 5.875, 8.225],
			"rotation": {"angle": 0, "axis": "y", "origin": [0, 0, 8]},
			"faces": {
				"north": {"uv": [8.125, 10.875, 7.875, 11.375], "texture": "#0"},
				"east": {"uv": [8, 10.875, 8.125, 11.375], "texture": "#0"},
				"south": {"uv": [7.875, 10.875, 8.125, 11.375], "texture": "#0"},
				"west": {"uv": [7.875, 10.875, 8, 11.375], "texture": "#0"},
				"up": {"uv": [7.875, 10.875, 8.125, 11], "texture": "#0"},
				"down": {"uv": [7.875, 11.25, 8.125, 11.375], "texture": "#0"}
			}
		},
		{
			"name": "powerfusesword_41",
			"from": [7, 5.5, 7.9],
			"to": [7.125, 5.75, 8.225],
			"rotation": {"angle": 0, "axis": "y", "origin": [0, 0, 8]},
			"faces": {
				"north": {"uv": [7.125, 11, 7, 11.25], "texture": "#0"},
				"east": {"uv": [7, 11, 7.125, 11.25], "texture": "#0"},
				"south": {"uv": [7, 11, 7.125, 11.25], "texture": "#0"},
				"west": {"uv": [7, 11, 7.125, 11.25], "texture": "#0"},
				"up": {"uv": [7, 11, 7.125, 11.125], "texture": "#0"},
				"down": {"uv": [7, 11.125, 7.125, 11.25], "texture": "#0"}
			}
		},
		{
			"name": "powerfusesword_42",
			"from": [7.5, 5.5, 7.9],
			"to": [7.625, 5.75, 8.225],
			"rotation": {"angle": 0, "axis": "y", "origin": [0, 0, 8]},
			"faces": {
				"north": {"uv": [7.625, 11, 7.5, 11.25], "texture": "#0"},
				"east": {"uv": [7.5, 11, 7.625, 11.25], "texture": "#0"},
				"south": {"uv": [7.5, 11, 7.625, 11.25], "texture": "#0"},
				"west": {"uv": [7.5, 11, 7.625, 11.25], "texture": "#0"},
				"up": {"uv": [7.5, 11, 7.625, 11.125], "texture": "#0"},
				"down": {"uv": [7.5, 11.125, 7.625, 11.25], "texture": "#0"}
			}
		},
		{
			"name": "powerfusesword_43",
			"from": [7.125, 3.25, 7.9],
			"to": [7.5, 5.625, 8.225],
			"rotation": {"angle": 0, "axis": "y", "origin": [0, 0, 8]},
			"faces": {
				"north": {"uv": [7.5, 11.125, 7.125, 13.5], "texture": "#0"},
				"east": {"uv": [7.375, 11.125, 7.5, 13.5], "texture": "#0"},
				"south": {"uv": [7.125, 11.125, 7.5, 13.5], "texture": "#0"},
				"west": {"uv": [7.125, 11.125, 7.25, 13.5], "texture": "#0"},
				"up": {"uv": [7.125, 11.125, 7.5, 11.25], "texture": "#0"},
				"down": {"uv": [7.125, 13.375, 7.5, 13.5], "texture": "#0"}
			}
		},
		{
			"name": "powerfusesword_44",
			"from": [6.75, 5.125, 7.9],
			"to": [6.875, 5.5, 8.225],
			"rotation": {"angle": 0, "axis": "y", "origin": [0, 0, 8]},
			"faces": {
				"north": {"uv": [6.875, 11.25, 6.75, 11.625], "texture": "#0"},
				"east": {"uv": [6.75, 11.25, 6.875, 11.625], "texture": "#0"},
				"south": {"uv": [6.75, 11.25, 6.875, 11.625], "texture": "#0"},
				"west": {"uv": [6.75, 11.25, 6.875, 11.625], "texture": "#0"},
				"up": {"uv": [6.75, 11.25, 6.875, 11.375], "texture": "#0"},
				"down": {"uv": [6.75, 11.5, 6.875, 11.625], "texture": "#0"}
			}
		},
		{
			"name": "powerfusesword_45",
			"from": [7.75, 5.125, 7.9],
			"to": [7.875, 5.5, 8.225],
			"rotation": {"angle": 0, "axis": "y", "origin": [0, 0, 8]},
			"faces": {
				"north": {"uv": [7.875, 11.25, 7.75, 11.625], "texture": "#0"},
				"east": {"uv": [7.75, 11.25, 7.875, 11.625], "texture": "#0"},
				"south": {"uv": [7.75, 11.25, 7.875, 11.625], "texture": "#0"},
				"west": {"uv": [7.75, 11.25, 7.875, 11.625], "texture": "#0"},
				"up": {"uv": [7.75, 11.25, 7.875, 11.375], "texture": "#0"},
				"down": {"uv": [7.75, 11.5, 7.875, 11.625], "texture": "#0"}
			}
		},
		{
			"name": "powerfusesword_46",
			"from": [6.625, 5.25, 7.9],
			"to": [6.75, 5.375, 8.225],
			"rotation": {"angle": 0, "axis": "y", "origin": [0, 0, 8]},
			"faces": {
				"north": {"uv": [6.75, 11.375, 6.625, 11.5], "texture": "#0"},
				"east": {"uv": [6.625, 11.375, 6.75, 11.5], "texture": "#0"},
				"south": {"uv": [6.625, 11.375, 6.75, 11.5], "texture": "#0"},
				"west": {"uv": [6.625, 11.375, 6.75, 11.5], "texture": "#0"},
				"up": {"uv": [6.625, 11.375, 6.75, 11.5], "texture": "#0"},
				"down": {"uv": [6.625, 11.375, 6.75, 11.5], "texture": "#0"}
			}
		},
		{
			"name": "powerfusesword_47",
			"from": [6.875, 5, 7.9],
			"to": [7, 5.375, 8.225],
			"rotation": {"angle": 0, "axis": "y", "origin": [0, 0, 8]},
			"faces": {
				"north": {"uv": [7, 11.375, 6.875, 11.75], "texture": "#0"},
				"east": {"uv": [6.875, 11.375, 7, 11.75], "texture": "#0"},
				"south": {"uv": [6.875, 11.375, 7, 11.75], "texture": "#0"},
				"west": {"uv": [6.875, 11.375, 7, 11.75], "texture": "#0"},
				"up": {"uv": [6.875, 11.375, 7, 11.5], "texture": "#0"},
				"down": {"uv": [6.875, 11.625, 7, 11.75], "texture": "#0"}
			}
		},
		{
			"name": "powerfusesword_48",
			"from": [7.625, 5, 7.9],
			"to": [7.75, 5.375, 8.225],
			"rotation": {"angle": 0, "axis": "y", "origin": [0, 0, 8]},
			"faces": {
				"north": {"uv": [7.75, 11.375, 7.625, 11.75], "texture": "#0"},
				"east": {"uv": [7.625, 11.375, 7.75, 11.75], "texture": "#0"},
				"south": {"uv": [7.625, 11.375, 7.75, 11.75], "texture": "#0"},
				"west": {"uv": [7.625, 11.375, 7.75, 11.75], "texture": "#0"},
				"up": {"uv": [7.625, 11.375, 7.75, 11.5], "texture": "#0"},
				"down": {"uv": [7.625, 11.625, 7.75, 11.75], "texture": "#0"}
			}
		},
		{
			"name": "powerfusesword_49",
			"from": [7.875, 5.25, 7.9],
			"to": [8, 5.375, 8.225],
			"rotation": {"angle": 0, "axis": "y", "origin": [0, 0, 8]},
			"faces": {
				"north": {"uv": [8, 11.375, 7.875, 11.5], "texture": "#0"},
				"east": {"uv": [7.875, 11.375, 8, 11.5], "texture": "#0"},
				"south": {"uv": [7.875, 11.375, 8, 11.5], "texture": "#0"},
				"west": {"uv": [7.875, 11.375, 8, 11.5], "texture": "#0"},
				"up": {"uv": [7.875, 11.375, 8, 11.5], "texture": "#0"},
				"down": {"uv": [7.875, 11.375, 8, 11.5], "texture": "#0"}
			}
		},
		{
			"name": "powerfusesword_50",
			"from": [7, 5, 7.9],
			"to": [7.125, 5.25, 8.225],
			"rotation": {"angle": 0, "axis": "y", "origin": [0, 0, 8]},
			"faces": {
				"north": {"uv": [7.125, 11.5, 7, 11.75], "texture": "#0"},
				"east": {"uv": [7, 11.5, 7.125, 11.75], "texture": "#0"},
				"south": {"uv": [7, 11.5, 7.125, 11.75], "texture": "#0"},
				"west": {"uv": [7, 11.5, 7.125, 11.75], "texture": "#0"},
				"up": {"uv": [7, 11.5, 7.125, 11.625], "texture": "#0"},
				"down": {"uv": [7, 11.625, 7.125, 11.75], "texture": "#0"}
			}
		},
		{
			"name": "powerfusesword_51",
			"from": [7.5, 5, 7.9],
			"to": [7.625, 5.25, 8.225],
			"rotation": {"angle": 0, "axis": "y", "origin": [0, 0, 8]},
			"faces": {
				"north": {"uv": [7.625, 11.5, 7.5, 11.75], "texture": "#0"},
				"east": {"uv": [7.5, 11.5, 7.625, 11.75], "texture": "#0"},
				"south": {"uv": [7.5, 11.5, 7.625, 11.75], "texture": "#0"},
				"west": {"uv": [7.5, 11.5, 7.625, 11.75], "texture": "#0"},
				"up": {"uv": [7.5, 11.5, 7.625, 11.625], "texture": "#0"},
				"down": {"uv": [7.5, 11.625, 7.625, 11.75], "texture": "#0"}
			}
		},
		{
			"name": "powerfusesword_52",
			"from": [6.875, 2.75, 7.8],
			"to": [7.75, 3.25, 8.325],
			"rotation": {"angle": 0, "axis": "y", "origin": [0, 0, 8]},
			"faces": {
				"north": {"uv": [7.75, 13.75, 6.875, 14.25], "texture": "#0"},
				"east": {"uv": [7.625, 13.75, 7.75, 14.25], "texture": "#0"},
				"south": {"uv": [6.875, 13.75, 7.75, 14.25], "texture": "#0"},
				"west": {"uv": [6.875, 13.75, 7, 14.25], "texture": "#0"},
				"up": {"uv": [6.875, 13.75, 7.75, 13.875], "texture": "#0"},
				"down": {"uv": [6.875, 14.125, 7.75, 14.25], "texture": "#0"}
			}
		},
		{
			"name": "powerfusesword_53",
			"from": [7, 2.625, 7.95],
			"to": [7.25, 2.75, 8.175],
			"rotation": {"angle": 0, "axis": "y", "origin": [0, 0, 8]},
			"faces": {
				"north": {"uv": [7.25, 14.5, 7, 14.625], "texture": "#0"},
				"east": {"uv": [7.125, 14.5, 7.25, 14.625], "texture": "#0"},
				"south": {"uv": [7, 14.5, 7.25, 14.625], "texture": "#0"},
				"west": {"uv": [7, 14.5, 7.125, 14.625], "texture": "#0"},
				"up": {"uv": [7, 14.5, 7.25, 14.625], "texture": "#0"},
				"down": {"uv": [7, 14.5, 7.25, 14.625], "texture": "#0"}
			}
		},
		{
			"name": "powerfusesword_54",
			"from": [7.375, 2.625, 7.95],
			"to": [7.625, 2.75, 8.175],
			"rotation": {"angle": 0, "axis": "y", "origin": [0, 0, 8]},
			"faces": {
				"north": {"uv": [7.625, 14.5, 7.375, 14.625], "texture": "#0"},
				"east": {"uv": [7.5, 14.5, 7.625, 14.625], "texture": "#0"},
				"south": {"uv": [7.375, 14.5, 7.625, 14.625], "texture": "#0"},
				"west": {"uv": [7.375, 14.5, 7.5, 14.625], "texture": "#0"},
				"up": {"uv": [7.375, 14.5, 7.625, 14.625], "texture": "#0"},
				"down": {"uv": [7.375, 14.5, 7.625, 14.625], "texture": "#0"}
			}
		},
		{
			"name": "powerfusesword_55",
			"from": [7.125, 2.5, 7.95],
			"to": [7.5, 2.625, 8.175],
			"rotation": {"angle": 0, "axis": "y", "origin": [0, 0, 8]},
			"faces": {
				"north": {"uv": [7.5, 14.625, 7.125, 14.75], "texture": "#0"},
				"east": {"uv": [7.375, 14.625, 7.5, 14.75], "texture": "#0"},
				"south": {"uv": [7.125, 14.625, 7.5, 14.75], "texture": "#0"},
				"west": {"uv": [7.125, 14.625, 7.25, 14.75], "texture": "#0"},
				"up": {"uv": [7.125, 14.625, 7.5, 14.75], "texture": "#0"},
				"down": {"uv": [7.125, 14.625, 7.5, 14.75], "texture": "#0"}
			}
		}
	],
	"gui_light": "front",
	"display": {
		"thirdperson_righthand": {
			"rotation": [0, -90, 0],
			"translation": [0, 10.75, 4],
			"scale": [3.5, 3.5, 3]
		},
		"thirdperson_lefthand": {
			"rotation": [0, -90, 0],
			"translation": [0, 10.75, -1],
			"scale": [3.5, 3.5, 3]
		},
		"firstperson_righthand": {
			"rotation": [0, -90, -4],
			"translation": [0.75, 6.25, 2],
			"scale": [2, 2, 1.75]
		},
		"firstperson_lefthand": {
			"rotation": [0, 90, 1],
			"translation": [1.5, 6.75, 1.25],
			"scale": [2, 2, 1.75]
		},
		"ground": {
			"translation": [0, 8.5, 0],
			"scale": [2.5, 2.5, 2.5]
		},
		"gui": {
			"rotation": [0, 0, -42],
			"translation": [1.5, -0.25, 0],
			"scale": [2.5, 2.5, 2]
		},
		"head": {
			"rotation": [0, 0, 134],
			"translation": [0, -10.5, 3.5],
			"scale": [4, 4, 4]
		},
		"fixed": {
			"rotation": [-180, 0, 138],
			"translation": [-2, -0.5, -0.75],
			"scale": [4, 4, 3]
		}
	},
	"groups": [
		{
			"name": "powerfusesword",
			"origin": [8, 8, 8],
			"color": 0,
			"children": [
				0,
				1,
				2,
				3,
				4,
				5,
				6,
				7,
				8,
				9,
				10,
				11,
				12,
				13,
				14,
				15,
				16,
				17,
				18,
				19,
				20,
				21,
				22,
				23,
				24,
				25,
				26,
				27,
				28,
				29,
				30,
				31,
				32,
				33,
				34,
				35,
				36,
				37,
				38,
				39,
				40,
				41,
				42,
				43,
				44,
				45,
				46,
				47,
				48,
				49,
				50,
				51,
				52,
				53,
				54,
				55,
				56,
				57,
				58
			]
		}
	]
}