{
	"credit": "Made with Blockbench",
	"textures": {
		"0": "prominent:item/transmog/royal_chakram",
		"particle": "prominent:item/transmog/royal_chakram"
	},
	"elements": [
		{
			"name": "royal_chakram_0",
			"from": [8, 8.5, 8.1],
			"to": [8.125, 9.125, 8.225],
			"faces": {
				"north": {"uv": [11.625, 1.875, 11.5, 2.5], "texture": "#0"},
				"east": {"uv": [11.5, 1.875, 11.625, 2.5], "texture": "#0"},
				"south": {"uv": [11.5, 1.875, 11.625, 2.5], "texture": "#0"},
				"west": {"uv": [11.5, 1.875, 11.625, 2.5], "texture": "#0"},
				"up": {"uv": [11.5, 1.875, 11.625, 2], "texture": "#0"},
				"down": {"uv": [11.5, 2.375, 11.625, 2.5], "texture": "#0"}
			}
		},
		{
			"name": "royal_chakram_1",
			"from": [7.875, 8.25, 8.1],
			"to": [8, 8.875, 8.225],
			"faces": {
				"north": {"uv": [11.5, 2.125, 11.375, 2.75], "texture": "#0"},
				"east": {"uv": [11.375, 2.125, 11.5, 2.75], "texture": "#0"},
				"south": {"uv": [11.375, 2.125, 11.5, 2.75], "texture": "#0"},
				"west": {"uv": [11.375, 2.125, 11.5, 2.75], "texture": "#0"},
				"up": {"uv": [11.375, 2.125, 11.5, 2.25], "texture": "#0"},
				"down": {"uv": [11.375, 2.625, 11.5, 2.75], "texture": "#0"}
			}
		},
		{
			"name": "royal_chakram_2",
			"from": [8.125, 8.25, 8.1],
			"to": [8.25, 8.875, 8.225],
			"faces": {
				"north": {"uv": [11.75, 2.125, 11.625, 2.75], "texture": "#0"},
				"east": {"uv": [11.625, 2.125, 11.75, 2.75], "texture": "#0"},
				"south": {"uv": [11.625, 2.125, 11.75, 2.75], "texture": "#0"},
				"west": {"uv": [11.625, 2.125, 11.75, 2.75], "texture": "#0"},
				"up": {"uv": [11.625, 2.125, 11.75, 2.25], "texture": "#0"},
				"down": {"uv": [11.625, 2.625, 11.75, 2.75], "texture": "#0"}
			}
		},
		{
			"name": "royal_chakram_3",
			"from": [7.75, 8, 8.1],
			"to": [7.875, 8.5, 8.225],
			"faces": {
				"north": {"uv": [11.375, 2.5, 11.25, 3], "texture": "#0"},
				"east": {"uv": [11.25, 2.5, 11.375, 3], "texture": "#0"},
				"south": {"uv": [11.25, 2.5, 11.375, 3], "texture": "#0"},
				"west": {"uv": [11.25, 2.5, 11.375, 3], "texture": "#0"},
				"up": {"uv": [11.25, 2.5, 11.375, 2.625], "texture": "#0"},
				"down": {"uv": [11.25, 2.875, 11.375, 3], "texture": "#0"}
			}
		},
		{
			"name": "royal_chakram_4",
			"from": [8.25, 8, 8.1],
			"to": [8.375, 8.5, 8.225],
			"faces": {
				"north": {"uv": [11.875, 2.5, 11.75, 3], "texture": "#0"},
				"east": {"uv": [11.75, 2.5, 11.875, 3], "texture": "#0"},
				"south": {"uv": [11.75, 2.5, 11.875, 3], "texture": "#0"},
				"west": {"uv": [11.75, 2.5, 11.875, 3], "texture": "#0"},
				"up": {"uv": [11.75, 2.5, 11.875, 2.625], "texture": "#0"},
				"down": {"uv": [11.75, 2.875, 11.875, 3], "texture": "#0"}
			}
		},
		{
			"name": "royal_chakram_5",
			"from": [7.625, 8.125, 8.1],
			"to": [7.75, 8.25, 8.225],
			"faces": {
				"north": {"uv": [11.25, 2.75, 11.125, 2.875], "texture": "#0"},
				"east": {"uv": [11.125, 2.75, 11.25, 2.875], "texture": "#0"},
				"south": {"uv": [11.125, 2.75, 11.25, 2.875], "texture": "#0"},
				"west": {"uv": [11.125, 2.75, 11.25, 2.875], "texture": "#0"},
				"up": {"uv": [11.125, 2.75, 11.25, 2.875], "texture": "#0"},
				"down": {"uv": [11.125, 2.75, 11.25, 2.875], "texture": "#0"}
			}
		},
		{
			"name": "royal_chakram_6",
			"from": [8.375, 8.125, 8.1],
			"to": [8.5, 8.25, 8.225],
			"faces": {
				"north": {"uv": [12, 2.75, 11.875, 2.875], "texture": "#0"},
				"east": {"uv": [11.875, 2.75, 12, 2.875], "texture": "#0"},
				"south": {"uv": [11.875, 2.75, 12, 2.875], "texture": "#0"},
				"west": {"uv": [11.875, 2.75, 12, 2.875], "texture": "#0"},
				"up": {"uv": [11.875, 2.75, 12, 2.875], "texture": "#0"},
				"down": {"uv": [11.875, 2.75, 12, 2.875], "texture": "#0"}
			}
		},
		{
			"name": "royal_chakram_7",
			"from": [7.875, 7.875, 8.1],
			"to": [8, 8.125, 8.225],
			"faces": {
				"north": {"uv": [11.5, 2.875, 11.375, 3.125], "texture": "#0"},
				"east": {"uv": [11.375, 2.875, 11.5, 3.125], "texture": "#0"},
				"south": {"uv": [11.375, 2.875, 11.5, 3.125], "texture": "#0"},
				"west": {"uv": [11.375, 2.875, 11.5, 3.125], "texture": "#0"},
				"up": {"uv": [11.375, 2.875, 11.5, 3], "texture": "#0"},
				"down": {"uv": [11.375, 3, 11.5, 3.125], "texture": "#0"}
			}
		},
		{
			"name": "royal_chakram_8",
			"from": [8.125, 7.875, 8.1],
			"to": [8.25, 8.125, 8.225],
			"faces": {
				"north": {"uv": [11.75, 2.875, 11.625, 3.125], "texture": "#0"},
				"east": {"uv": [11.625, 2.875, 11.75, 3.125], "texture": "#0"},
				"south": {"uv": [11.625, 2.875, 11.75, 3.125], "texture": "#0"},
				"west": {"uv": [11.625, 2.875, 11.75, 3.125], "texture": "#0"},
				"up": {"uv": [11.625, 2.875, 11.75, 3], "texture": "#0"},
				"down": {"uv": [11.625, 3, 11.75, 3.125], "texture": "#0"}
			}
		},
		{
			"name": "royal_chakram_9",
			"from": [7.625, 7.625, 8.1],
			"to": [7.875, 7.875, 8.225],
			"faces": {
				"north": {"uv": [11.375, 3.125, 11.125, 3.375], "texture": "#0"},
				"east": {"uv": [11.25, 3.125, 11.375, 3.375], "texture": "#0"},
				"south": {"uv": [11.125, 3.125, 11.375, 3.375], "texture": "#0"},
				"west": {"uv": [11.125, 3.125, 11.25, 3.375], "texture": "#0"},
				"up": {"uv": [11.125, 3.125, 11.375, 3.25], "texture": "#0"},
				"down": {"uv": [11.125, 3.25, 11.375, 3.375], "texture": "#0"}
			}
		},
		{
			"name": "royal_chakram_10",
			"from": [8.25, 7.625, 8.1],
			"to": [8.5, 7.875, 8.225],
			"faces": {
				"north": {"uv": [12, 3.125, 11.75, 3.375], "texture": "#0"},
				"east": {"uv": [11.875, 3.125, 12, 3.375], "texture": "#0"},
				"south": {"uv": [11.75, 3.125, 12, 3.375], "texture": "#0"},
				"west": {"uv": [11.75, 3.125, 11.875, 3.375], "texture": "#0"},
				"up": {"uv": [11.75, 3.125, 12, 3.25], "texture": "#0"},
				"down": {"uv": [11.75, 3.25, 12, 3.375], "texture": "#0"}
			}
		},
		{
			"name": "royal_chakram_11",
			"from": [6.25, 7.625, 8.1],
			"to": [6.375, 7.75, 8.225],
			"faces": {
				"north": {"uv": [9.875, 3.25, 9.75, 3.375], "texture": "#0"},
				"east": {"uv": [9.75, 3.25, 9.875, 3.375], "texture": "#0"},
				"south": {"uv": [9.75, 3.25, 9.875, 3.375], "texture": "#0"},
				"west": {"uv": [9.75, 3.25, 9.875, 3.375], "texture": "#0"},
				"up": {"uv": [9.75, 3.25, 9.875, 3.375], "texture": "#0"},
				"down": {"uv": [9.75, 3.25, 9.875, 3.375], "texture": "#0"}
			}
		},
		{
			"name": "royal_chakram_12",
			"from": [7.25, 7.5, 8.1],
			"to": [7.625, 7.75, 8.225],
			"faces": {
				"north": {"uv": [11.125, 3.25, 10.75, 3.5], "texture": "#0"},
				"east": {"uv": [11, 3.25, 11.125, 3.5], "texture": "#0"},
				"south": {"uv": [10.75, 3.25, 11.125, 3.5], "texture": "#0"},
				"west": {"uv": [10.75, 3.25, 10.875, 3.5], "texture": "#0"},
				"up": {"uv": [10.75, 3.25, 11.125, 3.375], "texture": "#0"},
				"down": {"uv": [10.75, 3.375, 11.125, 3.5], "texture": "#0"}
			}
		},
		{
			"name": "royal_chakram_13",
			"from": [8.5, 7.5, 8.1],
			"to": [8.875, 7.75, 8.225],
			"faces": {
				"north": {"uv": [12.375, 3.25, 12, 3.5], "texture": "#0"},
				"east": {"uv": [12.25, 3.25, 12.375, 3.5], "texture": "#0"},
				"south": {"uv": [12, 3.25, 12.375, 3.5], "texture": "#0"},
				"west": {"uv": [12, 3.25, 12.125, 3.5], "texture": "#0"},
				"up": {"uv": [12, 3.25, 12.375, 3.375], "texture": "#0"},
				"down": {"uv": [12, 3.375, 12.375, 3.5], "texture": "#0"}
			}
		},
		{
			"name": "royal_chakram_14",
			"from": [9.75, 7.625, 8.1],
			"to": [9.875, 7.75, 8.225],
			"faces": {
				"north": {"uv": [13.375, 3.25, 13.25, 3.375], "texture": "#0"},
				"east": {"uv": [13.25, 3.25, 13.375, 3.375], "texture": "#0"},
				"south": {"uv": [13.25, 3.25, 13.375, 3.375], "texture": "#0"},
				"west": {"uv": [13.25, 3.25, 13.375, 3.375], "texture": "#0"},
				"up": {"uv": [13.25, 3.25, 13.375, 3.375], "texture": "#0"},
				"down": {"uv": [13.25, 3.25, 13.375, 3.375], "texture": "#0"}
			}
		},
		{
			"name": "royal_chakram_15",
			"from": [6.375, 7.375, 8.1],
			"to": [6.625, 7.625, 8.225],
			"faces": {
				"north": {"uv": [10.125, 3.375, 9.875, 3.625], "texture": "#0"},
				"east": {"uv": [10, 3.375, 10.125, 3.625], "texture": "#0"},
				"south": {"uv": [9.875, 3.375, 10.125, 3.625], "texture": "#0"},
				"west": {"uv": [9.875, 3.375, 10, 3.625], "texture": "#0"},
				"up": {"uv": [9.875, 3.375, 10.125, 3.5], "texture": "#0"},
				"down": {"uv": [9.875, 3.5, 10.125, 3.625], "texture": "#0"}
			}
		},
		{
			"name": "royal_chakram_16",
			"from": [7, 7.25, 8.1],
			"to": [7.25, 7.625, 8.225],
			"faces": {
				"north": {"uv": [10.75, 3.375, 10.5, 3.75], "texture": "#0"},
				"east": {"uv": [10.625, 3.375, 10.75, 3.75], "texture": "#0"},
				"south": {"uv": [10.5, 3.375, 10.75, 3.75], "texture": "#0"},
				"west": {"uv": [10.5, 3.375, 10.625, 3.75], "texture": "#0"},
				"up": {"uv": [10.5, 3.375, 10.75, 3.5], "texture": "#0"},
				"down": {"uv": [10.5, 3.625, 10.75, 3.75], "texture": "#0"}
			}
		},
		{
			"name": "royal_chakram_17",
			"from": [7.625, 7.5, 8.1],
			"to": [7.75, 7.625, 8.225],
			"faces": {
				"north": {"uv": [11.25, 3.375, 11.125, 3.5], "texture": "#0"},
				"east": {"uv": [11.125, 3.375, 11.25, 3.5], "texture": "#0"},
				"south": {"uv": [11.125, 3.375, 11.25, 3.5], "texture": "#0"},
				"west": {"uv": [11.125, 3.375, 11.25, 3.5], "texture": "#0"},
				"up": {"uv": [11.125, 3.375, 11.25, 3.5], "texture": "#0"},
				"down": {"uv": [11.125, 3.375, 11.25, 3.5], "texture": "#0"}
			}
		},
		{
			"name": "royal_chakram_18",
			"from": [8.375, 7.5, 8.1],
			"to": [8.5, 7.625, 8.225],
			"faces": {
				"north": {"uv": [12, 3.375, 11.875, 3.5], "texture": "#0"},
				"east": {"uv": [11.875, 3.375, 12, 3.5], "texture": "#0"},
				"south": {"uv": [11.875, 3.375, 12, 3.5], "texture": "#0"},
				"west": {"uv": [11.875, 3.375, 12, 3.5], "texture": "#0"},
				"up": {"uv": [11.875, 3.375, 12, 3.5], "texture": "#0"},
				"down": {"uv": [11.875, 3.375, 12, 3.5], "texture": "#0"}
			}
		},
		{
			"name": "royal_chakram_19",
			"from": [8.875, 7.25, 8.1],
			"to": [9.125, 7.625, 8.225],
			"faces": {
				"north": {"uv": [12.625, 3.375, 12.375, 3.75], "texture": "#0"},
				"east": {"uv": [12.5, 3.375, 12.625, 3.75], "texture": "#0"},
				"south": {"uv": [12.375, 3.375, 12.625, 3.75], "texture": "#0"},
				"west": {"uv": [12.375, 3.375, 12.5, 3.75], "texture": "#0"},
				"up": {"uv": [12.375, 3.375, 12.625, 3.5], "texture": "#0"},
				"down": {"uv": [12.375, 3.625, 12.625, 3.75], "texture": "#0"}
			}
		},
		{
			"name": "royal_chakram_20",
			"from": [9.5, 7.375, 8.1],
			"to": [9.75, 7.625, 8.225],
			"faces": {
				"north": {"uv": [13.25, 3.375, 13, 3.625], "texture": "#0"},
				"east": {"uv": [13.125, 3.375, 13.25, 3.625], "texture": "#0"},
				"south": {"uv": [13, 3.375, 13.25, 3.625], "texture": "#0"},
				"west": {"uv": [13, 3.375, 13.125, 3.625], "texture": "#0"},
				"up": {"uv": [13, 3.375, 13.25, 3.5], "texture": "#0"},
				"down": {"uv": [13, 3.5, 13.25, 3.625], "texture": "#0"}
			}
		},
		{
			"name": "royal_chakram_21",
			"from": [6.625, 7.125, 8.1],
			"to": [7, 7.5, 8.225],
			"faces": {
				"north": {"uv": [10.5, 3.5, 10.125, 3.875], "texture": "#0"},
				"east": {"uv": [10.375, 3.5, 10.5, 3.875], "texture": "#0"},
				"south": {"uv": [10.125, 3.5, 10.5, 3.875], "texture": "#0"},
				"west": {"uv": [10.125, 3.5, 10.25, 3.875], "texture": "#0"},
				"up": {"uv": [10.125, 3.5, 10.5, 3.625], "texture": "#0"},
				"down": {"uv": [10.125, 3.75, 10.5, 3.875], "texture": "#0"}
			}
		},
		{
			"name": "royal_chakram_22",
			"from": [7.25, 7.375, 8.1],
			"to": [7.5, 7.5, 8.225],
			"faces": {
				"north": {"uv": [11, 3.5, 10.75, 3.625], "texture": "#0"},
				"east": {"uv": [10.875, 3.5, 11, 3.625], "texture": "#0"},
				"south": {"uv": [10.75, 3.5, 11, 3.625], "texture": "#0"},
				"west": {"uv": [10.75, 3.5, 10.875, 3.625], "texture": "#0"},
				"up": {"uv": [10.75, 3.5, 11, 3.625], "texture": "#0"},
				"down": {"uv": [10.75, 3.5, 11, 3.625], "texture": "#0"}
			}
		},
		{
			"name": "royal_chakram_23",
			"from": [8.625, 7.375, 8.1],
			"to": [8.875, 7.5, 8.225],
			"faces": {
				"north": {"uv": [12.375, 3.5, 12.125, 3.625], "texture": "#0"},
				"east": {"uv": [12.25, 3.5, 12.375, 3.625], "texture": "#0"},
				"south": {"uv": [12.125, 3.5, 12.375, 3.625], "texture": "#0"},
				"west": {"uv": [12.125, 3.5, 12.25, 3.625], "texture": "#0"},
				"up": {"uv": [12.125, 3.5, 12.375, 3.625], "texture": "#0"},
				"down": {"uv": [12.125, 3.5, 12.375, 3.625], "texture": "#0"}
			}
		},
		{
			"name": "royal_chakram_24",
			"from": [9.125, 7.125, 8.1],
			"to": [9.5, 7.5, 8.225],
			"faces": {
				"north": {"uv": [13, 3.5, 12.625, 3.875], "texture": "#0"},
				"east": {"uv": [12.875, 3.5, 13, 3.875], "texture": "#0"},
				"south": {"uv": [12.625, 3.5, 13, 3.875], "texture": "#0"},
				"west": {"uv": [12.625, 3.5, 12.75, 3.875], "texture": "#0"},
				"up": {"uv": [12.625, 3.5, 13, 3.625], "texture": "#0"},
				"down": {"uv": [12.625, 3.75, 13, 3.875], "texture": "#0"}
			}
		},
		{
			"name": "royal_chakram_25",
			"from": [6.5, 6.5, 8.1],
			"to": [6.625, 7.375, 8.225],
			"faces": {
				"north": {"uv": [10.125, 3.625, 10, 4.5], "texture": "#0"},
				"east": {"uv": [10, 3.625, 10.125, 4.5], "texture": "#0"},
				"south": {"uv": [10, 3.625, 10.125, 4.5], "texture": "#0"},
				"west": {"uv": [10, 3.625, 10.125, 4.5], "texture": "#0"},
				"up": {"uv": [10, 3.625, 10.125, 3.75], "texture": "#0"},
				"down": {"uv": [10, 4.375, 10.125, 4.5], "texture": "#0"}
			}
		},
		{
			"name": "royal_chakram_26",
			"from": [9.5, 6.5, 8.1],
			"to": [9.625, 7.375, 8.225],
			"faces": {
				"north": {"uv": [13.125, 3.625, 13, 4.5], "texture": "#0"},
				"east": {"uv": [13, 3.625, 13.125, 4.5], "texture": "#0"},
				"south": {"uv": [13, 3.625, 13.125, 4.5], "texture": "#0"},
				"west": {"uv": [13, 3.625, 13.125, 4.5], "texture": "#0"},
				"up": {"uv": [13, 3.625, 13.125, 3.75], "texture": "#0"},
				"down": {"uv": [13, 4.375, 13.125, 4.5], "texture": "#0"}
			}
		},
		{
			"name": "royal_chakram_27",
			"from": [6.625, 7, 8.1],
			"to": [6.875, 7.125, 8.225],
			"faces": {
				"north": {"uv": [10.375, 3.875, 10.125, 4], "texture": "#0"},
				"east": {"uv": [10.25, 3.875, 10.375, 4], "texture": "#0"},
				"south": {"uv": [10.125, 3.875, 10.375, 4], "texture": "#0"},
				"west": {"uv": [10.125, 3.875, 10.25, 4], "texture": "#0"},
				"up": {"uv": [10.125, 3.875, 10.375, 4], "texture": "#0"},
				"down": {"uv": [10.125, 3.875, 10.375, 4], "texture": "#0"}
			}
		},
		{
			"name": "royal_chakram_28",
			"from": [9.25, 7, 8.1],
			"to": [9.5, 7.125, 8.225],
			"faces": {
				"north": {"uv": [13, 3.875, 12.75, 4], "texture": "#0"},
				"east": {"uv": [12.875, 3.875, 13, 4], "texture": "#0"},
				"south": {"uv": [12.75, 3.875, 13, 4], "texture": "#0"},
				"west": {"uv": [12.75, 3.875, 12.875, 4], "texture": "#0"},
				"up": {"uv": [12.75, 3.875, 13, 4], "texture": "#0"},
				"down": {"uv": [12.75, 3.875, 13, 4], "texture": "#0"}
			}
		},
		{
			"name": "royal_chakram_29",
			"from": [6.375, 6.25, 8.1],
			"to": [6.5, 7, 8.225],
			"faces": {
				"north": {"uv": [10, 4, 9.875, 4.75], "texture": "#0"},
				"east": {"uv": [9.875, 4, 10, 4.75], "texture": "#0"},
				"south": {"uv": [9.875, 4, 10, 4.75], "texture": "#0"},
				"west": {"uv": [9.875, 4, 10, 4.75], "texture": "#0"},
				"up": {"uv": [9.875, 4, 10, 4.125], "texture": "#0"},
				"down": {"uv": [9.875, 4.625, 10, 4.75], "texture": "#0"}
			}
		},
		{
			"name": "royal_chakram_30",
			"from": [6.625, 6.75, 8.1],
			"to": [6.75, 7, 8.225],
			"faces": {
				"north": {"uv": [10.25, 4, 10.125, 4.25], "texture": "#0"},
				"east": {"uv": [10.125, 4, 10.25, 4.25], "texture": "#0"},
				"south": {"uv": [10.125, 4, 10.25, 4.25], "texture": "#0"},
				"west": {"uv": [10.125, 4, 10.25, 4.25], "texture": "#0"},
				"up": {"uv": [10.125, 4, 10.25, 4.125], "texture": "#0"},
				"down": {"uv": [10.125, 4.125, 10.25, 4.25], "texture": "#0"}
			}
		},
		{
			"name": "royal_chakram_31",
			"from": [9.375, 6.75, 8.1],
			"to": [9.5, 7, 8.225],
			"faces": {
				"north": {"uv": [13, 4, 12.875, 4.25], "texture": "#0"},
				"east": {"uv": [12.875, 4, 13, 4.25], "texture": "#0"},
				"south": {"uv": [12.875, 4, 13, 4.25], "texture": "#0"},
				"west": {"uv": [12.875, 4, 13, 4.25], "texture": "#0"},
				"up": {"uv": [12.875, 4, 13, 4.125], "texture": "#0"},
				"down": {"uv": [12.875, 4.125, 13, 4.25], "texture": "#0"}
			}
		},
		{
			"name": "royal_chakram_32",
			"from": [9.625, 6.25, 8.1],
			"to": [9.75, 7, 8.225],
			"faces": {
				"north": {"uv": [13.25, 4, 13.125, 4.75], "texture": "#0"},
				"east": {"uv": [13.125, 4, 13.25, 4.75], "texture": "#0"},
				"south": {"uv": [13.125, 4, 13.25, 4.75], "texture": "#0"},
				"west": {"uv": [13.125, 4, 13.25, 4.75], "texture": "#0"},
				"up": {"uv": [13.125, 4, 13.25, 4.125], "texture": "#0"},
				"down": {"uv": [13.125, 4.625, 13.25, 4.75], "texture": "#0"}
			}
		},
		{
			"name": "royal_chakram_33",
			"from": [6.25, 6.125, 8.1],
			"to": [6.375, 6.75, 8.225],
			"faces": {
				"north": {"uv": [9.875, 4.25, 9.75, 4.875], "texture": "#0"},
				"east": {"uv": [9.75, 4.25, 9.875, 4.875], "texture": "#0"},
				"south": {"uv": [9.75, 4.25, 9.875, 4.875], "texture": "#0"},
				"west": {"uv": [9.75, 4.25, 9.875, 4.875], "texture": "#0"},
				"up": {"uv": [9.75, 4.25, 9.875, 4.375], "texture": "#0"},
				"down": {"uv": [9.75, 4.75, 9.875, 4.875], "texture": "#0"}
			}
		},
		{
			"name": "royal_chakram_34",
			"from": [9.75, 6.125, 8.1],
			"to": [9.875, 6.75, 8.225],
			"faces": {
				"north": {"uv": [13.375, 4.25, 13.25, 4.875], "texture": "#0"},
				"east": {"uv": [13.25, 4.25, 13.375, 4.875], "texture": "#0"},
				"south": {"uv": [13.25, 4.25, 13.375, 4.875], "texture": "#0"},
				"west": {"uv": [13.25, 4.25, 13.375, 4.875], "texture": "#0"},
				"up": {"uv": [13.25, 4.25, 13.375, 4.375], "texture": "#0"},
				"down": {"uv": [13.25, 4.75, 13.375, 4.875], "texture": "#0"}
			}
		},
		{
			"name": "royal_chakram_35",
			"from": [5.75, 6.125, 8.1],
			"to": [5.875, 6.375, 8.225],
			"faces": {
				"north": {"uv": [9.375, 4.625, 9.25, 4.875], "texture": "#0"},
				"east": {"uv": [9.25, 4.625, 9.375, 4.875], "texture": "#0"},
				"south": {"uv": [9.25, 4.625, 9.375, 4.875], "texture": "#0"},
				"west": {"uv": [9.25, 4.625, 9.375, 4.875], "texture": "#0"},
				"up": {"uv": [9.25, 4.625, 9.375, 4.75], "texture": "#0"},
				"down": {"uv": [9.25, 4.75, 9.375, 4.875], "texture": "#0"}
			}
		},
		{
			"name": "royal_chakram_36",
			"from": [6.125, 6.125, 8.1],
			"to": [6.25, 6.375, 8.225],
			"faces": {
				"north": {"uv": [9.75, 4.625, 9.625, 4.875], "texture": "#0"},
				"east": {"uv": [9.625, 4.625, 9.75, 4.875], "texture": "#0"},
				"south": {"uv": [9.625, 4.625, 9.75, 4.875], "texture": "#0"},
				"west": {"uv": [9.625, 4.625, 9.75, 4.875], "texture": "#0"},
				"up": {"uv": [9.625, 4.625, 9.75, 4.75], "texture": "#0"},
				"down": {"uv": [9.625, 4.75, 9.75, 4.875], "texture": "#0"}
			}
		},
		{
			"name": "royal_chakram_37",
			"from": [9.875, 6.125, 8.1],
			"to": [10, 6.375, 8.225],
			"faces": {
				"north": {"uv": [13.5, 4.625, 13.375, 4.875], "texture": "#0"},
				"east": {"uv": [13.375, 4.625, 13.5, 4.875], "texture": "#0"},
				"south": {"uv": [13.375, 4.625, 13.5, 4.875], "texture": "#0"},
				"west": {"uv": [13.375, 4.625, 13.5, 4.875], "texture": "#0"},
				"up": {"uv": [13.375, 4.625, 13.5, 4.75], "texture": "#0"},
				"down": {"uv": [13.375, 4.75, 13.5, 4.875], "texture": "#0"}
			}
		},
		{
			"name": "royal_chakram_38",
			"from": [10.25, 6.125, 8.1],
			"to": [10.375, 6.375, 8.225],
			"faces": {
				"north": {"uv": [13.875, 4.625, 13.75, 4.875], "texture": "#0"},
				"east": {"uv": [13.75, 4.625, 13.875, 4.875], "texture": "#0"},
				"south": {"uv": [13.75, 4.625, 13.875, 4.875], "texture": "#0"},
				"west": {"uv": [13.75, 4.625, 13.875, 4.875], "texture": "#0"},
				"up": {"uv": [13.75, 4.625, 13.875, 4.75], "texture": "#0"},
				"down": {"uv": [13.75, 4.75, 13.875, 4.875], "texture": "#0"}
			}
		},
		{
			"name": "royal_chakram_39",
			"from": [5.5, 6, 8.1],
			"to": [5.75, 6.25, 8.225],
			"faces": {
				"north": {"uv": [9.25, 4.75, 9, 5], "texture": "#0"},
				"east": {"uv": [9.125, 4.75, 9.25, 5], "texture": "#0"},
				"south": {"uv": [9, 4.75, 9.25, 5], "texture": "#0"},
				"west": {"uv": [9, 4.75, 9.125, 5], "texture": "#0"},
				"up": {"uv": [9, 4.75, 9.25, 4.875], "texture": "#0"},
				"down": {"uv": [9, 4.875, 9.25, 5], "texture": "#0"}
			}
		},
		{
			"name": "royal_chakram_40",
			"from": [5.875, 6, 8.1],
			"to": [6, 6.25, 8.225],
			"faces": {
				"north": {"uv": [9.5, 4.75, 9.375, 5], "texture": "#0"},
				"east": {"uv": [9.375, 4.75, 9.5, 5], "texture": "#0"},
				"south": {"uv": [9.375, 4.75, 9.5, 5], "texture": "#0"},
				"west": {"uv": [9.375, 4.75, 9.5, 5], "texture": "#0"},
				"up": {"uv": [9.375, 4.75, 9.5, 4.875], "texture": "#0"},
				"down": {"uv": [9.375, 4.875, 9.5, 5], "texture": "#0"}
			}
		},
		{
			"name": "royal_chakram_41",
			"from": [10.125, 6, 8.1],
			"to": [10.25, 6.25, 8.225],
			"faces": {
				"north": {"uv": [13.75, 4.75, 13.625, 5], "texture": "#0"},
				"east": {"uv": [13.625, 4.75, 13.75, 5], "texture": "#0"},
				"south": {"uv": [13.625, 4.75, 13.75, 5], "texture": "#0"},
				"west": {"uv": [13.625, 4.75, 13.75, 5], "texture": "#0"},
				"up": {"uv": [13.625, 4.75, 13.75, 4.875], "texture": "#0"},
				"down": {"uv": [13.625, 4.875, 13.75, 5], "texture": "#0"}
			}
		},
		{
			"name": "royal_chakram_42",
			"from": [10.375, 6, 8.1],
			"to": [10.625, 6.25, 8.225],
			"faces": {
				"north": {"uv": [14.125, 4.75, 13.875, 5], "texture": "#0"},
				"east": {"uv": [14, 4.75, 14.125, 5], "texture": "#0"},
				"south": {"uv": [13.875, 4.75, 14.125, 5], "texture": "#0"},
				"west": {"uv": [13.875, 4.75, 14, 5], "texture": "#0"},
				"up": {"uv": [13.875, 4.75, 14.125, 4.875], "texture": "#0"},
				"down": {"uv": [13.875, 4.875, 14.125, 5], "texture": "#0"}
			}
		},
		{
			"name": "royal_chakram_43",
			"from": [5.125, 5.75, 8.1],
			"to": [5.5, 6.125, 8.225],
			"faces": {
				"north": {"uv": [9, 4.875, 8.625, 5.25], "texture": "#0"},
				"east": {"uv": [8.875, 4.875, 9, 5.25], "texture": "#0"},
				"south": {"uv": [8.625, 4.875, 9, 5.25], "texture": "#0"},
				"west": {"uv": [8.625, 4.875, 8.75, 5.25], "texture": "#0"},
				"up": {"uv": [8.625, 4.875, 9, 5], "texture": "#0"},
				"down": {"uv": [8.625, 5.125, 9, 5.25], "texture": "#0"}
			}
		},
		{
			"name": "royal_chakram_44",
			"from": [6, 6, 8.1],
			"to": [6.125, 6.125, 8.225],
			"faces": {
				"north": {"uv": [9.625, 4.875, 9.5, 5], "texture": "#0"},
				"east": {"uv": [9.5, 4.875, 9.625, 5], "texture": "#0"},
				"south": {"uv": [9.5, 4.875, 9.625, 5], "texture": "#0"},
				"west": {"uv": [9.5, 4.875, 9.625, 5], "texture": "#0"},
				"up": {"uv": [9.5, 4.875, 9.625, 5], "texture": "#0"},
				"down": {"uv": [9.5, 4.875, 9.625, 5], "texture": "#0"}
			}
		},
		{
			"name": "royal_chakram_45",
			"from": [10, 6, 8.1],
			"to": [10.125, 6.125, 8.225],
			"faces": {
				"north": {"uv": [13.625, 4.875, 13.5, 5], "texture": "#0"},
				"east": {"uv": [13.5, 4.875, 13.625, 5], "texture": "#0"},
				"south": {"uv": [13.5, 4.875, 13.625, 5], "texture": "#0"},
				"west": {"uv": [13.5, 4.875, 13.625, 5], "texture": "#0"},
				"up": {"uv": [13.5, 4.875, 13.625, 5], "texture": "#0"},
				"down": {"uv": [13.5, 4.875, 13.625, 5], "texture": "#0"}
			}
		},
		{
			"name": "royal_chakram_46",
			"from": [10.625, 5.75, 8.1],
			"to": [11, 6.125, 8.225],
			"faces": {
				"north": {"uv": [14.5, 4.875, 14.125, 5.25], "texture": "#0"},
				"east": {"uv": [14.375, 4.875, 14.5, 5.25], "texture": "#0"},
				"south": {"uv": [14.125, 4.875, 14.5, 5.25], "texture": "#0"},
				"west": {"uv": [14.125, 4.875, 14.25, 5.25], "texture": "#0"},
				"up": {"uv": [14.125, 4.875, 14.5, 5], "texture": "#0"},
				"down": {"uv": [14.125, 5.125, 14.5, 5.25], "texture": "#0"}
			}
		},
		{
			"name": "royal_chakram_47",
			"from": [4.875, 5.875, 8.1],
			"to": [5.125, 6, 8.225],
			"faces": {
				"north": {"uv": [8.625, 5, 8.375, 5.125], "texture": "#0"},
				"east": {"uv": [8.5, 5, 8.625, 5.125], "texture": "#0"},
				"south": {"uv": [8.375, 5, 8.625, 5.125], "texture": "#0"},
				"west": {"uv": [8.375, 5, 8.5, 5.125], "texture": "#0"},
				"up": {"uv": [8.375, 5, 8.625, 5.125], "texture": "#0"},
				"down": {"uv": [8.375, 5, 8.625, 5.125], "texture": "#0"}
			}
		},
		{
			"name": "royal_chakram_48",
			"from": [11, 5.875, 8.1],
			"to": [11.25, 6, 8.225],
			"faces": {
				"north": {"uv": [14.75, 5, 14.5, 5.125], "texture": "#0"},
				"east": {"uv": [14.625, 5, 14.75, 5.125], "texture": "#0"},
				"south": {"uv": [14.5, 5, 14.75, 5.125], "texture": "#0"},
				"west": {"uv": [14.5, 5, 14.625, 5.125], "texture": "#0"},
				"up": {"uv": [14.5, 5, 14.75, 5.125], "texture": "#0"},
				"down": {"uv": [14.5, 5, 14.75, 5.125], "texture": "#0"}
			}
		},
		{
			"name": "royal_chakram_49",
			"from": [5.5, 5.625, 8.1],
			"to": [5.75, 5.875, 8.225],
			"faces": {
				"north": {"uv": [9.25, 5.125, 9, 5.375], "texture": "#0"},
				"east": {"uv": [9.125, 5.125, 9.25, 5.375], "texture": "#0"},
				"south": {"uv": [9, 5.125, 9.25, 5.375], "texture": "#0"},
				"west": {"uv": [9, 5.125, 9.125, 5.375], "texture": "#0"},
				"up": {"uv": [9, 5.125, 9.25, 5.25], "texture": "#0"},
				"down": {"uv": [9, 5.25, 9.25, 5.375], "texture": "#0"}
			}
		},
		{
			"name": "royal_chakram_50",
			"from": [5.875, 5.75, 8.1],
			"to": [6.125, 5.875, 8.225],
			"faces": {
				"north": {"uv": [9.625, 5.125, 9.375, 5.25], "texture": "#0"},
				"east": {"uv": [9.5, 5.125, 9.625, 5.25], "texture": "#0"},
				"south": {"uv": [9.375, 5.125, 9.625, 5.25], "texture": "#0"},
				"west": {"uv": [9.375, 5.125, 9.5, 5.25], "texture": "#0"},
				"up": {"uv": [9.375, 5.125, 9.625, 5.25], "texture": "#0"},
				"down": {"uv": [9.375, 5.125, 9.625, 5.25], "texture": "#0"}
			}
		},
		{
			"name": "royal_chakram_51",
			"from": [10, 5.75, 8.1],
			"to": [10.25, 5.875, 8.225],
			"faces": {
				"north": {"uv": [13.75, 5.125, 13.5, 5.25], "texture": "#0"},
				"east": {"uv": [13.625, 5.125, 13.75, 5.25], "texture": "#0"},
				"south": {"uv": [13.5, 5.125, 13.75, 5.25], "texture": "#0"},
				"west": {"uv": [13.5, 5.125, 13.625, 5.25], "texture": "#0"},
				"up": {"uv": [13.5, 5.125, 13.75, 5.25], "texture": "#0"},
				"down": {"uv": [13.5, 5.125, 13.75, 5.25], "texture": "#0"}
			}
		},
		{
			"name": "royal_chakram_52",
			"from": [10.375, 5.625, 8.1],
			"to": [10.625, 5.875, 8.225],
			"faces": {
				"north": {"uv": [14.125, 5.125, 13.875, 5.375], "texture": "#0"},
				"east": {"uv": [14, 5.125, 14.125, 5.375], "texture": "#0"},
				"south": {"uv": [13.875, 5.125, 14.125, 5.375], "texture": "#0"},
				"west": {"uv": [13.875, 5.125, 14, 5.375], "texture": "#0"},
				"up": {"uv": [13.875, 5.125, 14.125, 5.25], "texture": "#0"},
				"down": {"uv": [13.875, 5.25, 14.125, 5.375], "texture": "#0"}
			}
		},
		{
			"name": "royal_chakram_53",
			"from": [5.75, 5.625, 8.1],
			"to": [6, 5.75, 8.225],
			"faces": {
				"north": {"uv": [9.5, 5.25, 9.25, 5.375], "texture": "#0"},
				"east": {"uv": [9.375, 5.25, 9.5, 5.375], "texture": "#0"},
				"south": {"uv": [9.25, 5.25, 9.5, 5.375], "texture": "#0"},
				"west": {"uv": [9.25, 5.25, 9.375, 5.375], "texture": "#0"},
				"up": {"uv": [9.25, 5.25, 9.5, 5.375], "texture": "#0"},
				"down": {"uv": [9.25, 5.25, 9.5, 5.375], "texture": "#0"}
			}
		},
		{
			"name": "royal_chakram_54",
			"from": [6.125, 5.5, 8.1],
			"to": [6.375, 5.75, 8.225],
			"faces": {
				"north": {"uv": [9.875, 5.25, 9.625, 5.5], "texture": "#0"},
				"east": {"uv": [9.75, 5.25, 9.875, 5.5], "texture": "#0"},
				"south": {"uv": [9.625, 5.25, 9.875, 5.5], "texture": "#0"},
				"west": {"uv": [9.625, 5.25, 9.75, 5.5], "texture": "#0"},
				"up": {"uv": [9.625, 5.25, 9.875, 5.375], "texture": "#0"},
				"down": {"uv": [9.625, 5.375, 9.875, 5.5], "texture": "#0"}
			}
		},
		{
			"name": "royal_chakram_55",
			"from": [9.75, 5.5, 8.1],
			"to": [10, 5.75, 8.225],
			"faces": {
				"north": {"uv": [13.5, 5.25, 13.25, 5.5], "texture": "#0"},
				"east": {"uv": [13.375, 5.25, 13.5, 5.5], "texture": "#0"},
				"south": {"uv": [13.25, 5.25, 13.5, 5.5], "texture": "#0"},
				"west": {"uv": [13.25, 5.25, 13.375, 5.5], "texture": "#0"},
				"up": {"uv": [13.25, 5.25, 13.5, 5.375], "texture": "#0"},
				"down": {"uv": [13.25, 5.375, 13.5, 5.5], "texture": "#0"}
			}
		},
		{
			"name": "royal_chakram_56",
			"from": [10.125, 5.625, 8.1],
			"to": [10.375, 5.75, 8.225],
			"faces": {
				"north": {"uv": [13.875, 5.25, 13.625, 5.375], "texture": "#0"},
				"east": {"uv": [13.75, 5.25, 13.875, 5.375], "texture": "#0"},
				"south": {"uv": [13.625, 5.25, 13.875, 5.375], "texture": "#0"},
				"west": {"uv": [13.625, 5.25, 13.75, 5.375], "texture": "#0"},
				"up": {"uv": [13.625, 5.25, 13.875, 5.375], "texture": "#0"},
				"down": {"uv": [13.625, 5.25, 13.875, 5.375], "texture": "#0"}
			}
		},
		{
			"name": "royal_chakram_57",
			"from": [5.75, 5.5, 8.1],
			"to": [5.875, 5.625, 8.225],
			"faces": {
				"north": {"uv": [9.375, 5.375, 9.25, 5.5], "texture": "#0"},
				"east": {"uv": [9.25, 5.375, 9.375, 5.5], "texture": "#0"},
				"south": {"uv": [9.25, 5.375, 9.375, 5.5], "texture": "#0"},
				"west": {"uv": [9.25, 5.375, 9.375, 5.5], "texture": "#0"},
				"up": {"uv": [9.25, 5.375, 9.375, 5.5], "texture": "#0"},
				"down": {"uv": [9.25, 5.375, 9.375, 5.5], "texture": "#0"}
			}
		},
		{
			"name": "royal_chakram_58",
			"from": [6.375, 4.875, 8.1],
			"to": [6.5, 5.625, 8.225],
			"faces": {
				"north": {"uv": [10, 5.375, 9.875, 6.125], "texture": "#0"},
				"east": {"uv": [9.875, 5.375, 10, 6.125], "texture": "#0"},
				"south": {"uv": [9.875, 5.375, 10, 6.125], "texture": "#0"},
				"west": {"uv": [9.875, 5.375, 10, 6.125], "texture": "#0"},
				"up": {"uv": [9.875, 5.375, 10, 5.5], "texture": "#0"},
				"down": {"uv": [9.875, 6, 10, 6.125], "texture": "#0"}
			}
		},
		{
			"name": "royal_chakram_59",
			"from": [9.625, 4.875, 8.1],
			"to": [9.75, 5.625, 8.225],
			"faces": {
				"north": {"uv": [13.25, 5.375, 13.125, 6.125], "texture": "#0"},
				"east": {"uv": [13.125, 5.375, 13.25, 6.125], "texture": "#0"},
				"south": {"uv": [13.125, 5.375, 13.25, 6.125], "texture": "#0"},
				"west": {"uv": [13.125, 5.375, 13.25, 6.125], "texture": "#0"},
				"up": {"uv": [13.125, 5.375, 13.25, 5.5], "texture": "#0"},
				"down": {"uv": [13.125, 6, 13.25, 6.125], "texture": "#0"}
			}
		},
		{
			"name": "royal_chakram_60",
			"from": [10.25, 5.5, 8.1],
			"to": [10.375, 5.625, 8.225],
			"faces": {
				"north": {"uv": [13.875, 5.375, 13.75, 5.5], "texture": "#0"},
				"east": {"uv": [13.75, 5.375, 13.875, 5.5], "texture": "#0"},
				"south": {"uv": [13.75, 5.375, 13.875, 5.5], "texture": "#0"},
				"west": {"uv": [13.75, 5.375, 13.875, 5.5], "texture": "#0"},
				"up": {"uv": [13.75, 5.375, 13.875, 5.5], "texture": "#0"},
				"down": {"uv": [13.75, 5.375, 13.875, 5.5], "texture": "#0"}
			}
		},
		{
			"name": "royal_chakram_61",
			"from": [6.25, 5.125, 8.1],
			"to": [6.375, 5.5, 8.225],
			"faces": {
				"north": {"uv": [9.875, 5.5, 9.75, 5.875], "texture": "#0"},
				"east": {"uv": [9.75, 5.5, 9.875, 5.875], "texture": "#0"},
				"south": {"uv": [9.75, 5.5, 9.875, 5.875], "texture": "#0"},
				"west": {"uv": [9.75, 5.5, 9.875, 5.875], "texture": "#0"},
				"up": {"uv": [9.75, 5.5, 9.875, 5.625], "texture": "#0"},
				"down": {"uv": [9.75, 5.75, 9.875, 5.875], "texture": "#0"}
			}
		},
		{
			"name": "royal_chakram_62",
			"from": [9.75, 5.125, 8.1],
			"to": [9.875, 5.5, 8.225],
			"faces": {
				"north": {"uv": [13.375, 5.5, 13.25, 5.875], "texture": "#0"},
				"east": {"uv": [13.25, 5.5, 13.375, 5.875], "texture": "#0"},
				"south": {"uv": [13.25, 5.5, 13.375, 5.875], "texture": "#0"},
				"west": {"uv": [13.25, 5.5, 13.375, 5.875], "texture": "#0"},
				"up": {"uv": [13.25, 5.5, 13.375, 5.625], "texture": "#0"},
				"down": {"uv": [13.25, 5.75, 13.375, 5.875], "texture": "#0"}
			}
		},
		{
			"name": "royal_chakram_63",
			"from": [6.5, 4.25, 8.1],
			"to": [6.625, 5.375, 8.225],
			"faces": {
				"north": {"uv": [10.125, 5.625, 10, 6.75], "texture": "#0"},
				"east": {"uv": [10, 5.625, 10.125, 6.75], "texture": "#0"},
				"south": {"uv": [10, 5.625, 10.125, 6.75], "texture": "#0"},
				"west": {"uv": [10, 5.625, 10.125, 6.75], "texture": "#0"},
				"up": {"uv": [10, 5.625, 10.125, 5.75], "texture": "#0"},
				"down": {"uv": [10, 6.625, 10.125, 6.75], "texture": "#0"}
			}
		},
		{
			"name": "royal_chakram_64",
			"from": [9.5, 4.25, 8.1],
			"to": [9.625, 5.375, 8.225],
			"faces": {
				"north": {"uv": [13.125, 5.625, 13, 6.75], "texture": "#0"},
				"east": {"uv": [13, 5.625, 13.125, 6.75], "texture": "#0"},
				"south": {"uv": [13, 5.625, 13.125, 6.75], "texture": "#0"},
				"west": {"uv": [13, 5.625, 13.125, 6.75], "texture": "#0"},
				"up": {"uv": [13, 5.625, 13.125, 5.75], "texture": "#0"},
				"down": {"uv": [13, 6.625, 13.125, 6.75], "texture": "#0"}
			}
		},
		{
			"name": "royal_chakram_65",
			"from": [6.625, 4.375, 8.1],
			"to": [6.75, 5.125, 8.225],
			"faces": {
				"north": {"uv": [10.25, 5.875, 10.125, 6.625], "texture": "#0"},
				"east": {"uv": [10.125, 5.875, 10.25, 6.625], "texture": "#0"},
				"south": {"uv": [10.125, 5.875, 10.25, 6.625], "texture": "#0"},
				"west": {"uv": [10.125, 5.875, 10.25, 6.625], "texture": "#0"},
				"up": {"uv": [10.125, 5.875, 10.25, 6], "texture": "#0"},
				"down": {"uv": [10.125, 6.5, 10.25, 6.625], "texture": "#0"}
			}
		},
		{
			"name": "royal_chakram_66",
			"from": [9.375, 4.375, 8.1],
			"to": [9.5, 5.125, 8.225],
			"faces": {
				"north": {"uv": [13, 5.875, 12.875, 6.625], "texture": "#0"},
				"east": {"uv": [12.875, 5.875, 13, 6.625], "texture": "#0"},
				"south": {"uv": [12.875, 5.875, 13, 6.625], "texture": "#0"},
				"west": {"uv": [12.875, 5.875, 13, 6.625], "texture": "#0"},
				"up": {"uv": [12.875, 5.875, 13, 6], "texture": "#0"},
				"down": {"uv": [12.875, 6.5, 13, 6.625], "texture": "#0"}
			}
		},
		{
			"name": "royal_chakram_67",
			"from": [6.75, 4.375, 8.1],
			"to": [6.875, 4.875, 8.225],
			"faces": {
				"north": {"uv": [10.375, 6.125, 10.25, 6.625], "texture": "#0"},
				"east": {"uv": [10.25, 6.125, 10.375, 6.625], "texture": "#0"},
				"south": {"uv": [10.25, 6.125, 10.375, 6.625], "texture": "#0"},
				"west": {"uv": [10.25, 6.125, 10.375, 6.625], "texture": "#0"},
				"up": {"uv": [10.25, 6.125, 10.375, 6.25], "texture": "#0"},
				"down": {"uv": [10.25, 6.5, 10.375, 6.625], "texture": "#0"}
			}
		},
		{
			"name": "royal_chakram_68",
			"from": [9.25, 4.375, 8.1],
			"to": [9.375, 4.875, 8.225],
			"faces": {
				"north": {"uv": [12.875, 6.125, 12.75, 6.625], "texture": "#0"},
				"east": {"uv": [12.75, 6.125, 12.875, 6.625], "texture": "#0"},
				"south": {"uv": [12.75, 6.125, 12.875, 6.625], "texture": "#0"},
				"west": {"uv": [12.75, 6.125, 12.875, 6.625], "texture": "#0"},
				"up": {"uv": [12.75, 6.125, 12.875, 6.25], "texture": "#0"},
				"down": {"uv": [12.75, 6.5, 12.875, 6.625], "texture": "#0"}
			}
		},
		{
			"name": "royal_chakram_69",
			"from": [6.875, 4.375, 8.1],
			"to": [7, 4.75, 8.225],
			"faces": {
				"north": {"uv": [10.5, 6.25, 10.375, 6.625], "texture": "#0"},
				"east": {"uv": [10.375, 6.25, 10.5, 6.625], "texture": "#0"},
				"south": {"uv": [10.375, 6.25, 10.5, 6.625], "texture": "#0"},
				"west": {"uv": [10.375, 6.25, 10.5, 6.625], "texture": "#0"},
				"up": {"uv": [10.375, 6.25, 10.5, 6.375], "texture": "#0"},
				"down": {"uv": [10.375, 6.5, 10.5, 6.625], "texture": "#0"}
			}
		},
		{
			"name": "royal_chakram_70",
			"from": [9.125, 4.375, 8.1],
			"to": [9.25, 4.75, 8.225],
			"faces": {
				"north": {"uv": [12.75, 6.25, 12.625, 6.625], "texture": "#0"},
				"east": {"uv": [12.625, 6.25, 12.75, 6.625], "texture": "#0"},
				"south": {"uv": [12.625, 6.25, 12.75, 6.625], "texture": "#0"},
				"west": {"uv": [12.625, 6.25, 12.75, 6.625], "texture": "#0"},
				"up": {"uv": [12.625, 6.25, 12.75, 6.375], "texture": "#0"},
				"down": {"uv": [12.625, 6.5, 12.75, 6.625], "texture": "#0"}
			}
		},
		{
			"name": "royal_chakram_71",
			"from": [7, 4.25, 8.1],
			"to": [7.25, 4.625, 8.225],
			"faces": {
				"north": {"uv": [10.75, 6.375, 10.5, 6.75], "texture": "#0"},
				"east": {"uv": [10.625, 6.375, 10.75, 6.75], "texture": "#0"},
				"south": {"uv": [10.5, 6.375, 10.75, 6.75], "texture": "#0"},
				"west": {"uv": [10.5, 6.375, 10.625, 6.75], "texture": "#0"},
				"up": {"uv": [10.5, 6.375, 10.75, 6.5], "texture": "#0"},
				"down": {"uv": [10.5, 6.625, 10.75, 6.75], "texture": "#0"}
			}
		},
		{
			"name": "royal_chakram_72",
			"from": [8.875, 4.25, 8.1],
			"to": [9.125, 4.625, 8.225],
			"faces": {
				"north": {"uv": [12.625, 6.375, 12.375, 6.75], "texture": "#0"},
				"east": {"uv": [12.5, 6.375, 12.625, 6.75], "texture": "#0"},
				"south": {"uv": [12.375, 6.375, 12.625, 6.75], "texture": "#0"},
				"west": {"uv": [12.375, 6.375, 12.5, 6.75], "texture": "#0"},
				"up": {"uv": [12.375, 6.375, 12.625, 6.5], "texture": "#0"},
				"down": {"uv": [12.375, 6.625, 12.625, 6.75], "texture": "#0"}
			}
		},
		{
			"name": "royal_chakram_73",
			"from": [6.375, 4.25, 8.1],
			"to": [6.5, 4.5, 8.225],
			"faces": {
				"north": {"uv": [10, 6.5, 9.875, 6.75], "texture": "#0"},
				"east": {"uv": [9.875, 6.5, 10, 6.75], "texture": "#0"},
				"south": {"uv": [9.875, 6.5, 10, 6.75], "texture": "#0"},
				"west": {"uv": [9.875, 6.5, 10, 6.75], "texture": "#0"},
				"up": {"uv": [9.875, 6.5, 10, 6.625], "texture": "#0"},
				"down": {"uv": [9.875, 6.625, 10, 6.75], "texture": "#0"}
			}
		},
		{
			"name": "royal_chakram_74",
			"from": [7.25, 4.125, 8.1],
			"to": [7.5, 4.5, 8.225],
			"faces": {
				"north": {"uv": [11, 6.5, 10.75, 6.875], "texture": "#0"},
				"east": {"uv": [10.875, 6.5, 11, 6.875], "texture": "#0"},
				"south": {"uv": [10.75, 6.5, 11, 6.875], "texture": "#0"},
				"west": {"uv": [10.75, 6.5, 10.875, 6.875], "texture": "#0"},
				"up": {"uv": [10.75, 6.5, 11, 6.625], "texture": "#0"},
				"down": {"uv": [10.75, 6.75, 11, 6.875], "texture": "#0"}
			}
		},
		{
			"name": "royal_chakram_75",
			"from": [8.625, 4.125, 8.1],
			"to": [8.875, 4.5, 8.225],
			"faces": {
				"north": {"uv": [12.375, 6.5, 12.125, 6.875], "texture": "#0"},
				"east": {"uv": [12.25, 6.5, 12.375, 6.875], "texture": "#0"},
				"south": {"uv": [12.125, 6.5, 12.375, 6.875], "texture": "#0"},
				"west": {"uv": [12.125, 6.5, 12.25, 6.875], "texture": "#0"},
				"up": {"uv": [12.125, 6.5, 12.375, 6.625], "texture": "#0"},
				"down": {"uv": [12.125, 6.75, 12.375, 6.875], "texture": "#0"}
			}
		},
		{
			"name": "royal_chakram_76",
			"from": [9.625, 4.25, 8.1],
			"to": [9.75, 4.5, 8.225],
			"faces": {
				"north": {"uv": [13.25, 6.5, 13.125, 6.75], "texture": "#0"},
				"east": {"uv": [13.125, 6.5, 13.25, 6.75], "texture": "#0"},
				"south": {"uv": [13.125, 6.5, 13.25, 6.75], "texture": "#0"},
				"west": {"uv": [13.125, 6.5, 13.25, 6.75], "texture": "#0"},
				"up": {"uv": [13.125, 6.5, 13.25, 6.625], "texture": "#0"},
				"down": {"uv": [13.125, 6.625, 13.25, 6.75], "texture": "#0"}
			}
		},
		{
			"name": "royal_chakram_77",
			"from": [7.5, 4.125, 8.1],
			"to": [7.75, 4.375, 8.225],
			"faces": {
				"north": {"uv": [11.25, 6.625, 11, 6.875], "texture": "#0"},
				"east": {"uv": [11.125, 6.625, 11.25, 6.875], "texture": "#0"},
				"south": {"uv": [11, 6.625, 11.25, 6.875], "texture": "#0"},
				"west": {"uv": [11, 6.625, 11.125, 6.875], "texture": "#0"},
				"up": {"uv": [11, 6.625, 11.25, 6.75], "texture": "#0"},
				"down": {"uv": [11, 6.75, 11.25, 6.875], "texture": "#0"}
			}
		},
		{
			"name": "royal_chakram_78",
			"from": [8.375, 4.125, 8.1],
			"to": [8.625, 4.375, 8.225],
			"faces": {
				"north": {"uv": [12.125, 6.625, 11.875, 6.875], "texture": "#0"},
				"east": {"uv": [12, 6.625, 12.125, 6.875], "texture": "#0"},
				"south": {"uv": [11.875, 6.625, 12.125, 6.875], "texture": "#0"},
				"west": {"uv": [11.875, 6.625, 12, 6.875], "texture": "#0"},
				"up": {"uv": [11.875, 6.625, 12.125, 6.75], "texture": "#0"},
				"down": {"uv": [11.875, 6.75, 12.125, 6.875], "texture": "#0"}
			}
		},
		{
			"name": "royal_chakram_79",
			"from": [6.25, 4.125, 8.1],
			"to": [6.375, 4.25, 8.225],
			"faces": {
				"north": {"uv": [9.875, 6.75, 9.75, 6.875], "texture": "#0"},
				"east": {"uv": [9.75, 6.75, 9.875, 6.875], "texture": "#0"},
				"south": {"uv": [9.75, 6.75, 9.875, 6.875], "texture": "#0"},
				"west": {"uv": [9.75, 6.75, 9.875, 6.875], "texture": "#0"},
				"up": {"uv": [9.75, 6.75, 9.875, 6.875], "texture": "#0"},
				"down": {"uv": [9.75, 6.75, 9.875, 6.875], "texture": "#0"}
			}
		},
		{
			"name": "royal_chakram_80",
			"from": [7.75, 4, 8.1],
			"to": [7.875, 4.25, 8.225],
			"faces": {
				"north": {"uv": [11.375, 6.75, 11.25, 7], "texture": "#0"},
				"east": {"uv": [11.25, 6.75, 11.375, 7], "texture": "#0"},
				"south": {"uv": [11.25, 6.75, 11.375, 7], "texture": "#0"},
				"west": {"uv": [11.25, 6.75, 11.375, 7], "texture": "#0"},
				"up": {"uv": [11.25, 6.75, 11.375, 6.875], "texture": "#0"},
				"down": {"uv": [11.25, 6.875, 11.375, 7], "texture": "#0"}
			}
		},
		{
			"name": "royal_chakram_81",
			"from": [8.25, 4, 8.1],
			"to": [8.375, 4.25, 8.225],
			"faces": {
				"north": {"uv": [11.875, 6.75, 11.75, 7], "texture": "#0"},
				"east": {"uv": [11.75, 6.75, 11.875, 7], "texture": "#0"},
				"south": {"uv": [11.75, 6.75, 11.875, 7], "texture": "#0"},
				"west": {"uv": [11.75, 6.75, 11.875, 7], "texture": "#0"},
				"up": {"uv": [11.75, 6.75, 11.875, 6.875], "texture": "#0"},
				"down": {"uv": [11.75, 6.875, 11.875, 7], "texture": "#0"}
			}
		},
		{
			"name": "royal_chakram_82",
			"from": [9.75, 4.125, 8.1],
			"to": [9.875, 4.25, 8.225],
			"faces": {
				"north": {"uv": [13.375, 6.75, 13.25, 6.875], "texture": "#0"},
				"east": {"uv": [13.25, 6.75, 13.375, 6.875], "texture": "#0"},
				"south": {"uv": [13.25, 6.75, 13.375, 6.875], "texture": "#0"},
				"west": {"uv": [13.25, 6.75, 13.375, 6.875], "texture": "#0"},
				"up": {"uv": [13.25, 6.75, 13.375, 6.875], "texture": "#0"},
				"down": {"uv": [13.25, 6.75, 13.375, 6.875], "texture": "#0"}
			}
		},
		{
			"name": "royal_chakram_83",
			"from": [7.625, 4, 8.1],
			"to": [7.75, 4.125, 8.225],
			"faces": {
				"north": {"uv": [11.25, 6.875, 11.125, 7], "texture": "#0"},
				"east": {"uv": [11.125, 6.875, 11.25, 7], "texture": "#0"},
				"south": {"uv": [11.125, 6.875, 11.25, 7], "texture": "#0"},
				"west": {"uv": [11.125, 6.875, 11.25, 7], "texture": "#0"},
				"up": {"uv": [11.125, 6.875, 11.25, 7], "texture": "#0"},
				"down": {"uv": [11.125, 6.875, 11.25, 7], "texture": "#0"}
			}
		},
		{
			"name": "royal_chakram_84",
			"from": [8.375, 4, 8.1],
			"to": [8.5, 4.125, 8.225],
			"faces": {
				"north": {"uv": [12, 6.875, 11.875, 7], "texture": "#0"},
				"east": {"uv": [11.875, 6.875, 12, 7], "texture": "#0"},
				"south": {"uv": [11.875, 6.875, 12, 7], "texture": "#0"},
				"west": {"uv": [11.875, 6.875, 12, 7], "texture": "#0"},
				"up": {"uv": [11.875, 6.875, 12, 7], "texture": "#0"},
				"down": {"uv": [11.875, 6.875, 12, 7], "texture": "#0"}
			}
		},
		{
			"name": "royal_chakram_85",
			"from": [7.875, 3.75, 8.1],
			"to": [8, 4, 8.225],
			"faces": {
				"north": {"uv": [11.5, 7, 11.375, 7.25], "texture": "#0"},
				"east": {"uv": [11.375, 7, 11.5, 7.25], "texture": "#0"},
				"south": {"uv": [11.375, 7, 11.5, 7.25], "texture": "#0"},
				"west": {"uv": [11.375, 7, 11.5, 7.25], "texture": "#0"},
				"up": {"uv": [11.375, 7, 11.5, 7.125], "texture": "#0"},
				"down": {"uv": [11.375, 7.125, 11.5, 7.25], "texture": "#0"}
			}
		},
		{
			"name": "royal_chakram_86",
			"from": [8.125, 3.75, 8.1],
			"to": [8.25, 4, 8.225],
			"faces": {
				"north": {"uv": [11.75, 7, 11.625, 7.25], "texture": "#0"},
				"east": {"uv": [11.625, 7, 11.75, 7.25], "texture": "#0"},
				"south": {"uv": [11.625, 7, 11.75, 7.25], "texture": "#0"},
				"west": {"uv": [11.625, 7, 11.75, 7.25], "texture": "#0"},
				"up": {"uv": [11.625, 7, 11.75, 7.125], "texture": "#0"},
				"down": {"uv": [11.625, 7.125, 11.75, 7.25], "texture": "#0"}
			}
		},
		{
			"name": "royal_chakram_87",
			"from": [7.75, 3.375, 8.1],
			"to": [7.875, 3.875, 8.225],
			"faces": {
				"north": {"uv": [11.375, 7.125, 11.25, 7.625], "texture": "#0"},
				"east": {"uv": [11.25, 7.125, 11.375, 7.625], "texture": "#0"},
				"south": {"uv": [11.25, 7.125, 11.375, 7.625], "texture": "#0"},
				"west": {"uv": [11.25, 7.125, 11.375, 7.625], "texture": "#0"},
				"up": {"uv": [11.25, 7.125, 11.375, 7.25], "texture": "#0"},
				"down": {"uv": [11.25, 7.5, 11.375, 7.625], "texture": "#0"}
			}
		},
		{
			"name": "royal_chakram_88",
			"from": [8.25, 3.375, 8.1],
			"to": [8.375, 3.875, 8.225],
			"faces": {
				"north": {"uv": [11.875, 7.125, 11.75, 7.625], "texture": "#0"},
				"east": {"uv": [11.75, 7.125, 11.875, 7.625], "texture": "#0"},
				"south": {"uv": [11.75, 7.125, 11.875, 7.625], "texture": "#0"},
				"west": {"uv": [11.75, 7.125, 11.875, 7.625], "texture": "#0"},
				"up": {"uv": [11.75, 7.125, 11.875, 7.25], "texture": "#0"},
				"down": {"uv": [11.75, 7.5, 11.875, 7.625], "texture": "#0"}
			}
		},
		{
			"name": "royal_chakram_89",
			"from": [7.625, 3.625, 8.1],
			"to": [7.75, 3.75, 8.225],
			"faces": {
				"north": {"uv": [11.25, 7.25, 11.125, 7.375], "texture": "#0"},
				"east": {"uv": [11.125, 7.25, 11.25, 7.375], "texture": "#0"},
				"south": {"uv": [11.125, 7.25, 11.25, 7.375], "texture": "#0"},
				"west": {"uv": [11.125, 7.25, 11.25, 7.375], "texture": "#0"},
				"up": {"uv": [11.125, 7.25, 11.25, 7.375], "texture": "#0"},
				"down": {"uv": [11.125, 7.25, 11.25, 7.375], "texture": "#0"}
			}
		},
		{
			"name": "royal_chakram_90",
			"from": [8.375, 3.625, 8.1],
			"to": [8.5, 3.75, 8.225],
			"faces": {
				"north": {"uv": [12, 7.25, 11.875, 7.375], "texture": "#0"},
				"east": {"uv": [11.875, 7.25, 12, 7.375], "texture": "#0"},
				"south": {"uv": [11.875, 7.25, 12, 7.375], "texture": "#0"},
				"west": {"uv": [11.875, 7.25, 12, 7.375], "texture": "#0"},
				"up": {"uv": [11.875, 7.25, 12, 7.375], "texture": "#0"},
				"down": {"uv": [11.875, 7.25, 12, 7.375], "texture": "#0"}
			}
		},
		{
			"name": "royal_chakram_91",
			"from": [7.875, 3, 8.1],
			"to": [8, 3.625, 8.225],
			"faces": {
				"north": {"uv": [11.5, 7.375, 11.375, 8], "texture": "#0"},
				"east": {"uv": [11.375, 7.375, 11.5, 8], "texture": "#0"},
				"south": {"uv": [11.375, 7.375, 11.5, 8], "texture": "#0"},
				"west": {"uv": [11.375, 7.375, 11.5, 8], "texture": "#0"},
				"up": {"uv": [11.375, 7.375, 11.5, 7.5], "texture": "#0"},
				"down": {"uv": [11.375, 7.875, 11.5, 8], "texture": "#0"}
			}
		},
		{
			"name": "royal_chakram_92",
			"from": [8.125, 3, 8.1],
			"to": [8.25, 3.625, 8.225],
			"faces": {
				"north": {"uv": [11.75, 7.375, 11.625, 8], "texture": "#0"},
				"east": {"uv": [11.625, 7.375, 11.75, 8], "texture": "#0"},
				"south": {"uv": [11.625, 7.375, 11.75, 8], "texture": "#0"},
				"west": {"uv": [11.625, 7.375, 11.75, 8], "texture": "#0"},
				"up": {"uv": [11.625, 7.375, 11.75, 7.5], "texture": "#0"},
				"down": {"uv": [11.625, 7.875, 11.75, 8], "texture": "#0"}
			}
		},
		{
			"name": "royal_chakram_93",
			"from": [8, 2.75, 8.1],
			"to": [8.125, 3.375, 8.225],
			"faces": {
				"north": {"uv": [11.625, 7.625, 11.5, 8.25], "texture": "#0"},
				"east": {"uv": [11.5, 7.625, 11.625, 8.25], "texture": "#0"},
				"south": {"uv": [11.5, 7.625, 11.625, 8.25], "texture": "#0"},
				"west": {"uv": [11.5, 7.625, 11.625, 8.25], "texture": "#0"},
				"up": {"uv": [11.5, 7.625, 11.625, 7.75], "texture": "#0"},
				"down": {"uv": [11.5, 8.125, 11.625, 8.25], "texture": "#0"}
			}
		},
		{
			"name": "royal_chakram_94",
			"from": [8, 8.25, 8.05],
			"to": [8.125, 8.5, 8.275],
			"faces": {
				"north": {"uv": [11.625, 8.5, 11.5, 8.75], "texture": "#0"},
				"east": {"uv": [11.5, 8.5, 11.625, 8.75], "texture": "#0"},
				"south": {"uv": [11.5, 8.5, 11.625, 8.75], "texture": "#0"},
				"west": {"uv": [11.5, 8.5, 11.625, 8.75], "texture": "#0"},
				"up": {"uv": [11.5, 8.5, 11.625, 8.625], "texture": "#0"},
				"down": {"uv": [11.5, 8.625, 11.625, 8.75], "texture": "#0"}
			}
		},
		{
			"name": "royal_chakram_95",
			"from": [7.875, 8.125, 8.05],
			"to": [8, 8.25, 8.275],
			"faces": {
				"north": {"uv": [11.5, 8.75, 11.375, 8.875], "texture": "#0"},
				"east": {"uv": [11.375, 8.75, 11.5, 8.875], "texture": "#0"},
				"south": {"uv": [11.375, 8.75, 11.5, 8.875], "texture": "#0"},
				"west": {"uv": [11.375, 8.75, 11.5, 8.875], "texture": "#0"},
				"up": {"uv": [11.375, 8.75, 11.5, 8.875], "texture": "#0"},
				"down": {"uv": [11.375, 8.75, 11.5, 8.875], "texture": "#0"}
			}
		},
		{
			"name": "royal_chakram_96",
			"from": [8.125, 8.125, 8.05],
			"to": [8.25, 8.25, 8.275],
			"faces": {
				"north": {"uv": [11.75, 8.75, 11.625, 8.875], "texture": "#0"},
				"east": {"uv": [11.625, 8.75, 11.75, 8.875], "texture": "#0"},
				"south": {"uv": [11.625, 8.75, 11.75, 8.875], "texture": "#0"},
				"west": {"uv": [11.625, 8.75, 11.75, 8.875], "texture": "#0"},
				"up": {"uv": [11.625, 8.75, 11.75, 8.875], "texture": "#0"},
				"down": {"uv": [11.625, 8.75, 11.75, 8.875], "texture": "#0"}
			}
		},
		{
			"name": "royal_chakram_97",
			"from": [8, 7.25, 8.05],
			"to": [8.125, 8.125, 8.275],
			"faces": {
				"north": {"uv": [11.625, 8.875, 11.5, 9.75], "texture": "#0"},
				"east": {"uv": [11.5, 8.875, 11.625, 9.75], "texture": "#0"},
				"south": {"uv": [11.5, 8.875, 11.625, 9.75], "texture": "#0"},
				"west": {"uv": [11.5, 8.875, 11.625, 9.75], "texture": "#0"},
				"up": {"uv": [11.5, 8.875, 11.625, 9], "texture": "#0"},
				"down": {"uv": [11.5, 9.625, 11.625, 9.75], "texture": "#0"}
			}
		},
		{
			"name": "royal_chakram_98",
			"from": [7.875, 7.25, 8.05],
			"to": [8, 7.875, 8.275],
			"faces": {
				"north": {"uv": [11.5, 9.125, 11.375, 9.75], "texture": "#0"},
				"east": {"uv": [11.375, 9.125, 11.5, 9.75], "texture": "#0"},
				"south": {"uv": [11.375, 9.125, 11.5, 9.75], "texture": "#0"},
				"west": {"uv": [11.375, 9.125, 11.5, 9.75], "texture": "#0"},
				"up": {"uv": [11.375, 9.125, 11.5, 9.25], "texture": "#0"},
				"down": {"uv": [11.375, 9.625, 11.5, 9.75], "texture": "#0"}
			}
		},
		{
			"name": "royal_chakram_99",
			"from": [8.125, 7.25, 8.05],
			"to": [8.25, 7.875, 8.275],
			"faces": {
				"north": {"uv": [11.75, 9.125, 11.625, 9.75], "texture": "#0"},
				"east": {"uv": [11.625, 9.125, 11.75, 9.75], "texture": "#0"},
				"south": {"uv": [11.625, 9.125, 11.75, 9.75], "texture": "#0"},
				"west": {"uv": [11.625, 9.125, 11.75, 9.75], "texture": "#0"},
				"up": {"uv": [11.625, 9.125, 11.75, 9.25], "texture": "#0"},
				"down": {"uv": [11.625, 9.625, 11.75, 9.75], "texture": "#0"}
			}
		},
		{
			"name": "royal_chakram_100",
			"from": [7.75, 7.25, 8.05],
			"to": [7.875, 7.625, 8.275],
			"faces": {
				"north": {"uv": [11.375, 9.375, 11.25, 9.75], "texture": "#0"},
				"east": {"uv": [11.25, 9.375, 11.375, 9.75], "texture": "#0"},
				"south": {"uv": [11.25, 9.375, 11.375, 9.75], "texture": "#0"},
				"west": {"uv": [11.25, 9.375, 11.375, 9.75], "texture": "#0"},
				"up": {"uv": [11.25, 9.375, 11.375, 9.5], "texture": "#0"},
				"down": {"uv": [11.25, 9.625, 11.375, 9.75], "texture": "#0"}
			}
		},
		{
			"name": "royal_chakram_101",
			"from": [8.25, 7.25, 8.05],
			"to": [8.375, 7.625, 8.275],
			"faces": {
				"north": {"uv": [11.875, 9.375, 11.75, 9.75], "texture": "#0"},
				"east": {"uv": [11.75, 9.375, 11.875, 9.75], "texture": "#0"},
				"south": {"uv": [11.75, 9.375, 11.875, 9.75], "texture": "#0"},
				"west": {"uv": [11.75, 9.375, 11.875, 9.75], "texture": "#0"},
				"up": {"uv": [11.75, 9.375, 11.875, 9.5], "texture": "#0"},
				"down": {"uv": [11.75, 9.625, 11.875, 9.75], "texture": "#0"}
			}
		},
		{
			"name": "royal_chakram_102",
			"from": [7.5, 7.125, 8.05],
			"to": [7.75, 7.5, 8.275],
			"faces": {
				"north": {"uv": [11.25, 9.5, 11, 9.875], "texture": "#0"},
				"east": {"uv": [11.125, 9.5, 11.25, 9.875], "texture": "#0"},
				"south": {"uv": [11, 9.5, 11.25, 9.875], "texture": "#0"},
				"west": {"uv": [11, 9.5, 11.125, 9.875], "texture": "#0"},
				"up": {"uv": [11, 9.5, 11.25, 9.625], "texture": "#0"},
				"down": {"uv": [11, 9.75, 11.25, 9.875], "texture": "#0"}
			}
		},
		{
			"name": "royal_chakram_103",
			"from": [8.375, 7.125, 8.05],
			"to": [8.625, 7.5, 8.275],
			"faces": {
				"north": {"uv": [12.125, 9.5, 11.875, 9.875], "texture": "#0"},
				"east": {"uv": [12, 9.5, 12.125, 9.875], "texture": "#0"},
				"south": {"uv": [11.875, 9.5, 12.125, 9.875], "texture": "#0"},
				"west": {"uv": [11.875, 9.5, 12, 9.875], "texture": "#0"},
				"up": {"uv": [11.875, 9.5, 12.125, 9.625], "texture": "#0"},
				"down": {"uv": [11.875, 9.75, 12.125, 9.875], "texture": "#0"}
			}
		},
		{
			"name": "royal_chakram_104",
			"from": [7.25, 7.125, 8.05],
			"to": [7.5, 7.375, 8.275],
			"faces": {
				"north": {"uv": [11, 9.625, 10.75, 9.875], "texture": "#0"},
				"east": {"uv": [10.875, 9.625, 11, 9.875], "texture": "#0"},
				"south": {"uv": [10.75, 9.625, 11, 9.875], "texture": "#0"},
				"west": {"uv": [10.75, 9.625, 10.875, 9.875], "texture": "#0"},
				"up": {"uv": [10.75, 9.625, 11, 9.75], "texture": "#0"},
				"down": {"uv": [10.75, 9.75, 11, 9.875], "texture": "#0"}
			}
		},
		{
			"name": "royal_chakram_105",
			"from": [8.625, 7.125, 8.05],
			"to": [8.875, 7.375, 8.275],
			"faces": {
				"north": {"uv": [12.375, 9.625, 12.125, 9.875], "texture": "#0"},
				"east": {"uv": [12.25, 9.625, 12.375, 9.875], "texture": "#0"},
				"south": {"uv": [12.125, 9.625, 12.375, 9.875], "texture": "#0"},
				"west": {"uv": [12.125, 9.625, 12.25, 9.875], "texture": "#0"},
				"up": {"uv": [12.125, 9.625, 12.375, 9.75], "texture": "#0"},
				"down": {"uv": [12.125, 9.75, 12.375, 9.875], "texture": "#0"}
			}
		},
		{
			"name": "royal_chakram_106",
			"from": [7, 7, 8.05],
			"to": [7.25, 7.25, 8.275],
			"faces": {
				"north": {"uv": [10.75, 9.75, 10.5, 10], "texture": "#0"},
				"east": {"uv": [10.625, 9.75, 10.75, 10], "texture": "#0"},
				"south": {"uv": [10.5, 9.75, 10.75, 10], "texture": "#0"},
				"west": {"uv": [10.5, 9.75, 10.625, 10], "texture": "#0"},
				"up": {"uv": [10.5, 9.75, 10.75, 9.875], "texture": "#0"},
				"down": {"uv": [10.5, 9.875, 10.75, 10], "texture": "#0"}
			}
		},
		{
			"name": "royal_chakram_107",
			"from": [8.875, 7, 8.05],
			"to": [9.125, 7.25, 8.275],
			"faces": {
				"north": {"uv": [12.625, 9.75, 12.375, 10], "texture": "#0"},
				"east": {"uv": [12.5, 9.75, 12.625, 10], "texture": "#0"},
				"south": {"uv": [12.375, 9.75, 12.625, 10], "texture": "#0"},
				"west": {"uv": [12.375, 9.75, 12.5, 10], "texture": "#0"},
				"up": {"uv": [12.375, 9.75, 12.625, 9.875], "texture": "#0"},
				"down": {"uv": [12.375, 9.875, 12.625, 10], "texture": "#0"}
			}
		},
		{
			"name": "royal_chakram_108",
			"from": [7.75, 6.875, 8],
			"to": [7.875, 7.25, 8.325],
			"faces": {
				"north": {"uv": [15.375, 9.75, 15.25, 10.125], "texture": "#0"},
				"east": {"uv": [15.25, 9.75, 15.375, 10.125], "texture": "#0"},
				"south": {"uv": [15.25, 9.75, 15.375, 10.125], "texture": "#0"},
				"west": {"uv": [15.25, 9.75, 15.375, 10.125], "texture": "#0"},
				"up": {"uv": [15.25, 9.75, 15.375, 9.875], "texture": "#0"},
				"down": {"uv": [15.25, 10, 15.375, 10.125], "texture": "#0"}
			}
		},
		{
			"name": "royal_chakram_109",
			"from": [8.25, 6.875, 8],
			"to": [8.375, 7.25, 8.325],
			"faces": {
				"north": {"uv": [15.875, 9.75, 15.75, 10.125], "texture": "#0"},
				"east": {"uv": [15.75, 9.75, 15.875, 10.125], "texture": "#0"},
				"south": {"uv": [15.75, 9.75, 15.875, 10.125], "texture": "#0"},
				"west": {"uv": [15.75, 9.75, 15.875, 10.125], "texture": "#0"},
				"up": {"uv": [15.75, 9.75, 15.875, 9.875], "texture": "#0"},
				"down": {"uv": [15.75, 10, 15.875, 10.125], "texture": "#0"}
			}
		},
		{
			"name": "royal_chakram_110",
			"from": [6.875, 6.625, 8.05],
			"to": [7, 7.125, 8.275],
			"faces": {
				"north": {"uv": [10.5, 9.875, 10.375, 10.375], "texture": "#0"},
				"east": {"uv": [10.375, 9.875, 10.5, 10.375], "texture": "#0"},
				"south": {"uv": [10.375, 9.875, 10.5, 10.375], "texture": "#0"},
				"west": {"uv": [10.375, 9.875, 10.5, 10.375], "texture": "#0"},
				"up": {"uv": [10.375, 9.875, 10.5, 10], "texture": "#0"},
				"down": {"uv": [10.375, 10.25, 10.5, 10.375], "texture": "#0"}
			}
		},
		{
			"name": "royal_chakram_111",
			"from": [7.25, 7, 8.05],
			"to": [7.375, 7.125, 8.275],
			"faces": {
				"north": {"uv": [10.875, 9.875, 10.75, 10], "texture": "#0"},
				"east": {"uv": [10.75, 9.875, 10.875, 10], "texture": "#0"},
				"south": {"uv": [10.75, 9.875, 10.875, 10], "texture": "#0"},
				"west": {"uv": [10.75, 9.875, 10.875, 10], "texture": "#0"},
				"up": {"uv": [10.75, 9.875, 10.875, 10], "texture": "#0"},
				"down": {"uv": [10.75, 9.875, 10.875, 10], "texture": "#0"}
			}
		},
		{
			"name": "royal_chakram_112",
			"from": [8.75, 7, 8.05],
			"to": [8.875, 7.125, 8.275],
			"faces": {
				"north": {"uv": [12.375, 9.875, 12.25, 10], "texture": "#0"},
				"east": {"uv": [12.25, 9.875, 12.375, 10], "texture": "#0"},
				"south": {"uv": [12.25, 9.875, 12.375, 10], "texture": "#0"},
				"west": {"uv": [12.25, 9.875, 12.375, 10], "texture": "#0"},
				"up": {"uv": [12.25, 9.875, 12.375, 10], "texture": "#0"},
				"down": {"uv": [12.25, 9.875, 12.375, 10], "texture": "#0"}
			}
		},
		{
			"name": "royal_chakram_113",
			"from": [9.125, 6.625, 8.05],
			"to": [9.25, 7.125, 8.275],
			"faces": {
				"north": {"uv": [12.75, 9.875, 12.625, 10.375], "texture": "#0"},
				"east": {"uv": [12.625, 9.875, 12.75, 10.375], "texture": "#0"},
				"south": {"uv": [12.625, 9.875, 12.75, 10.375], "texture": "#0"},
				"west": {"uv": [12.625, 9.875, 12.75, 10.375], "texture": "#0"},
				"up": {"uv": [12.625, 9.875, 12.75, 10], "texture": "#0"},
				"down": {"uv": [12.625, 10.25, 12.75, 10.375], "texture": "#0"}
			}
		},
		{
			"name": "royal_chakram_114",
			"from": [6.75, 6.375, 8.05],
			"to": [6.875, 7, 8.275],
			"faces": {
				"north": {"uv": [10.375, 10, 10.25, 10.625], "texture": "#0"},
				"east": {"uv": [10.25, 10, 10.375, 10.625], "texture": "#0"},
				"south": {"uv": [10.25, 10, 10.375, 10.625], "texture": "#0"},
				"west": {"uv": [10.25, 10, 10.375, 10.625], "texture": "#0"},
				"up": {"uv": [10.25, 10, 10.375, 10.125], "texture": "#0"},
				"down": {"uv": [10.25, 10.5, 10.375, 10.625], "texture": "#0"}
			}
		},
		{
			"name": "royal_chakram_115",
			"from": [7, 6.875, 8.05],
			"to": [7.125, 7, 8.275],
			"faces": {
				"north": {"uv": [10.625, 10, 10.5, 10.125], "texture": "#0"},
				"east": {"uv": [10.5, 10, 10.625, 10.125], "texture": "#0"},
				"south": {"uv": [10.5, 10, 10.625, 10.125], "texture": "#0"},
				"west": {"uv": [10.5, 10, 10.625, 10.125], "texture": "#0"},
				"up": {"uv": [10.5, 10, 10.625, 10.125], "texture": "#0"},
				"down": {"uv": [10.5, 10, 10.625, 10.125], "texture": "#0"}
			}
		},
		{
			"name": "royal_chakram_116",
			"from": [9, 6.875, 8.05],
			"to": [9.125, 7, 8.275],
			"faces": {
				"north": {"uv": [12.625, 10, 12.5, 10.125], "texture": "#0"},
				"east": {"uv": [12.5, 10, 12.625, 10.125], "texture": "#0"},
				"south": {"uv": [12.5, 10, 12.625, 10.125], "texture": "#0"},
				"west": {"uv": [12.5, 10, 12.625, 10.125], "texture": "#0"},
				"up": {"uv": [12.5, 10, 12.625, 10.125], "texture": "#0"},
				"down": {"uv": [12.5, 10, 12.625, 10.125], "texture": "#0"}
			}
		},
		{
			"name": "royal_chakram_117",
			"from": [9.25, 6.375, 8.05],
			"to": [9.375, 7, 8.275],
			"faces": {
				"north": {"uv": [12.875, 10, 12.75, 10.625], "texture": "#0"},
				"east": {"uv": [12.75, 10, 12.875, 10.625], "texture": "#0"},
				"south": {"uv": [12.75, 10, 12.875, 10.625], "texture": "#0"},
				"west": {"uv": [12.75, 10, 12.875, 10.625], "texture": "#0"},
				"up": {"uv": [12.75, 10, 12.875, 10.125], "texture": "#0"},
				"down": {"uv": [12.75, 10.5, 12.875, 10.625], "texture": "#0"}
			}
		},
		{
			"name": "royal_chakram_118",
			"from": [7.875, 4.875, 8],
			"to": [8, 7, 8.325],
			"faces": {
				"north": {"uv": [15.5, 10, 15.375, 12.125], "texture": "#0"},
				"east": {"uv": [15.375, 10, 15.5, 12.125], "texture": "#0"},
				"south": {"uv": [15.375, 10, 15.5, 12.125], "texture": "#0"},
				"west": {"uv": [15.375, 10, 15.5, 12.125], "texture": "#0"},
				"up": {"uv": [15.375, 10, 15.5, 10.125], "texture": "#0"},
				"down": {"uv": [15.375, 12, 15.5, 12.125], "texture": "#0"}
			}
		},
		{
			"name": "royal_chakram_119",
			"from": [8.125, 4.875, 8],
			"to": [8.25, 7, 8.325],
			"faces": {
				"north": {"uv": [15.75, 10, 15.625, 12.125], "texture": "#0"},
				"east": {"uv": [15.625, 10, 15.75, 12.125], "texture": "#0"},
				"south": {"uv": [15.625, 10, 15.75, 12.125], "texture": "#0"},
				"west": {"uv": [15.625, 10, 15.75, 12.125], "texture": "#0"},
				"up": {"uv": [15.625, 10, 15.75, 10.125], "texture": "#0"},
				"down": {"uv": [15.625, 12, 15.75, 12.125], "texture": "#0"}
			}
		},
		{
			"name": "royal_chakram_120",
			"from": [6.625, 6.125, 8.05],
			"to": [6.75, 6.75, 8.275],
			"faces": {
				"north": {"uv": [10.25, 10.25, 10.125, 10.875], "texture": "#0"},
				"east": {"uv": [10.125, 10.25, 10.25, 10.875], "texture": "#0"},
				"south": {"uv": [10.125, 10.25, 10.25, 10.875], "texture": "#0"},
				"west": {"uv": [10.125, 10.25, 10.25, 10.875], "texture": "#0"},
				"up": {"uv": [10.125, 10.25, 10.25, 10.375], "texture": "#0"},
				"down": {"uv": [10.125, 10.75, 10.25, 10.875], "texture": "#0"}
			}
		},
		{
			"name": "royal_chakram_121",
			"from": [9.375, 6.125, 8.05],
			"to": [9.5, 6.75, 8.275],
			"faces": {
				"north": {"uv": [13, 10.25, 12.875, 10.875], "texture": "#0"},
				"east": {"uv": [12.875, 10.25, 13, 10.875], "texture": "#0"},
				"south": {"uv": [12.875, 10.25, 13, 10.875], "texture": "#0"},
				"west": {"uv": [12.875, 10.25, 13, 10.875], "texture": "#0"},
				"up": {"uv": [12.875, 10.25, 13, 10.375], "texture": "#0"},
				"down": {"uv": [12.875, 10.75, 13, 10.875], "texture": "#0"}
			}
		},
		{
			"name": "royal_chakram_122",
			"from": [8, 5.25, 8],
			"to": [8.125, 6.625, 8.325],
			"faces": {
				"north": {"uv": [15.625, 10.375, 15.5, 11.75], "texture": "#0"},
				"east": {"uv": [15.5, 10.375, 15.625, 11.75], "texture": "#0"},
				"south": {"uv": [15.5, 10.375, 15.625, 11.75], "texture": "#0"},
				"west": {"uv": [15.5, 10.375, 15.625, 11.75], "texture": "#0"},
				"up": {"uv": [15.5, 10.375, 15.625, 10.5], "texture": "#0"},
				"down": {"uv": [15.5, 11.625, 15.625, 11.75], "texture": "#0"}
			}
		},
		{
			"name": "royal_chakram_123",
			"from": [6.5, 5.375, 8.05],
			"to": [6.625, 6.5, 8.275],
			"faces": {
				"north": {"uv": [10.125, 10.5, 10, 11.625], "texture": "#0"},
				"east": {"uv": [10, 10.5, 10.125, 11.625], "texture": "#0"},
				"south": {"uv": [10, 10.5, 10.125, 11.625], "texture": "#0"},
				"west": {"uv": [10, 10.5, 10.125, 11.625], "texture": "#0"},
				"up": {"uv": [10, 10.5, 10.125, 10.625], "texture": "#0"},
				"down": {"uv": [10, 11.5, 10.125, 11.625], "texture": "#0"}
			}
		},
		{
			"name": "royal_chakram_124",
			"from": [9.5, 5.375, 8.05],
			"to": [9.625, 6.5, 8.275],
			"faces": {
				"north": {"uv": [13.125, 10.5, 13, 11.625], "texture": "#0"},
				"east": {"uv": [13, 10.5, 13.125, 11.625], "texture": "#0"},
				"south": {"uv": [13, 10.5, 13.125, 11.625], "texture": "#0"},
				"west": {"uv": [13, 10.5, 13.125, 11.625], "texture": "#0"},
				"up": {"uv": [13, 10.5, 13.125, 10.625], "texture": "#0"},
				"down": {"uv": [13, 11.5, 13.125, 11.625], "texture": "#0"}
			}
		},
		{
			"name": "royal_chakram_125",
			"from": [6.375, 5.625, 8.05],
			"to": [6.5, 6.25, 8.275],
			"faces": {
				"north": {"uv": [10, 10.75, 9.875, 11.375], "texture": "#0"},
				"east": {"uv": [9.875, 10.75, 10, 11.375], "texture": "#0"},
				"south": {"uv": [9.875, 10.75, 10, 11.375], "texture": "#0"},
				"west": {"uv": [9.875, 10.75, 10, 11.375], "texture": "#0"},
				"up": {"uv": [9.875, 10.75, 10, 10.875], "texture": "#0"},
				"down": {"uv": [9.875, 11.25, 10, 11.375], "texture": "#0"}
			}
		},
		{
			"name": "royal_chakram_126",
			"from": [9.625, 5.625, 8.05],
			"to": [9.75, 6.25, 8.275],
			"faces": {
				"north": {"uv": [13.25, 10.75, 13.125, 11.375], "texture": "#0"},
				"east": {"uv": [13.125, 10.75, 13.25, 11.375], "texture": "#0"},
				"south": {"uv": [13.125, 10.75, 13.25, 11.375], "texture": "#0"},
				"west": {"uv": [13.125, 10.75, 13.25, 11.375], "texture": "#0"},
				"up": {"uv": [13.125, 10.75, 13.25, 10.875], "texture": "#0"},
				"down": {"uv": [13.125, 11.25, 13.25, 11.375], "texture": "#0"}
			}
		},
		{
			"name": "royal_chakram_127",
			"from": [5.75, 6, 8.05],
			"to": [5.875, 6.125, 8.275],
			"faces": {
				"north": {"uv": [9.375, 10.875, 9.25, 11], "texture": "#0"},
				"east": {"uv": [9.25, 10.875, 9.375, 11], "texture": "#0"},
				"south": {"uv": [9.25, 10.875, 9.375, 11], "texture": "#0"},
				"west": {"uv": [9.25, 10.875, 9.375, 11], "texture": "#0"},
				"up": {"uv": [9.25, 10.875, 9.375, 11], "texture": "#0"},
				"down": {"uv": [9.25, 10.875, 9.375, 11], "texture": "#0"}
			}
		},
		{
			"name": "royal_chakram_128",
			"from": [6.125, 5.75, 8.05],
			"to": [6.375, 6.125, 8.275],
			"faces": {
				"north": {"uv": [9.875, 10.875, 9.625, 11.25], "texture": "#0"},
				"east": {"uv": [9.75, 10.875, 9.875, 11.25], "texture": "#0"},
				"south": {"uv": [9.625, 10.875, 9.875, 11.25], "texture": "#0"},
				"west": {"uv": [9.625, 10.875, 9.75, 11.25], "texture": "#0"},
				"up": {"uv": [9.625, 10.875, 9.875, 11], "texture": "#0"},
				"down": {"uv": [9.625, 11.125, 9.875, 11.25], "texture": "#0"}
			}
		},
		{
			"name": "royal_chakram_129",
			"from": [9.75, 5.75, 8.05],
			"to": [10, 6.125, 8.275],
			"faces": {
				"north": {"uv": [13.5, 10.875, 13.25, 11.25], "texture": "#0"},
				"east": {"uv": [13.375, 10.875, 13.5, 11.25], "texture": "#0"},
				"south": {"uv": [13.25, 10.875, 13.5, 11.25], "texture": "#0"},
				"west": {"uv": [13.25, 10.875, 13.375, 11.25], "texture": "#0"},
				"up": {"uv": [13.25, 10.875, 13.5, 11], "texture": "#0"},
				"down": {"uv": [13.25, 11.125, 13.5, 11.25], "texture": "#0"}
			}
		},
		{
			"name": "royal_chakram_130",
			"from": [10.25, 6, 8.05],
			"to": [10.375, 6.125, 8.275],
			"faces": {
				"north": {"uv": [13.875, 10.875, 13.75, 11], "texture": "#0"},
				"east": {"uv": [13.75, 10.875, 13.875, 11], "texture": "#0"},
				"south": {"uv": [13.75, 10.875, 13.875, 11], "texture": "#0"},
				"west": {"uv": [13.75, 10.875, 13.875, 11], "texture": "#0"},
				"up": {"uv": [13.75, 10.875, 13.875, 11], "texture": "#0"},
				"down": {"uv": [13.75, 10.875, 13.875, 11], "texture": "#0"}
			}
		},
		{
			"name": "royal_chakram_131",
			"from": [5.5, 5.875, 8.05],
			"to": [5.75, 6, 8.275],
			"faces": {
				"north": {"uv": [9.25, 11, 9, 11.125], "texture": "#0"},
				"east": {"uv": [9.125, 11, 9.25, 11.125], "texture": "#0"},
				"south": {"uv": [9, 11, 9.25, 11.125], "texture": "#0"},
				"west": {"uv": [9, 11, 9.125, 11.125], "texture": "#0"},
				"up": {"uv": [9, 11, 9.25, 11.125], "texture": "#0"},
				"down": {"uv": [9, 11, 9.25, 11.125], "texture": "#0"}
			}
		},
		{
			"name": "royal_chakram_132",
			"from": [5.875, 5.875, 8.05],
			"to": [6.125, 6, 8.275],
			"faces": {
				"north": {"uv": [9.625, 11, 9.375, 11.125], "texture": "#0"},
				"east": {"uv": [9.5, 11, 9.625, 11.125], "texture": "#0"},
				"south": {"uv": [9.375, 11, 9.625, 11.125], "texture": "#0"},
				"west": {"uv": [9.375, 11, 9.5, 11.125], "texture": "#0"},
				"up": {"uv": [9.375, 11, 9.625, 11.125], "texture": "#0"},
				"down": {"uv": [9.375, 11, 9.625, 11.125], "texture": "#0"}
			}
		},
		{
			"name": "royal_chakram_133",
			"from": [10, 5.875, 8.05],
			"to": [10.25, 6, 8.275],
			"faces": {
				"north": {"uv": [13.75, 11, 13.5, 11.125], "texture": "#0"},
				"east": {"uv": [13.625, 11, 13.75, 11.125], "texture": "#0"},
				"south": {"uv": [13.5, 11, 13.75, 11.125], "texture": "#0"},
				"west": {"uv": [13.5, 11, 13.625, 11.125], "texture": "#0"},
				"up": {"uv": [13.5, 11, 13.75, 11.125], "texture": "#0"},
				"down": {"uv": [13.5, 11, 13.75, 11.125], "texture": "#0"}
			}
		},
		{
			"name": "royal_chakram_134",
			"from": [10.375, 5.875, 8.05],
			"to": [10.625, 6, 8.275],
			"faces": {
				"north": {"uv": [14.125, 11, 13.875, 11.125], "texture": "#0"},
				"east": {"uv": [14, 11, 14.125, 11.125], "texture": "#0"},
				"south": {"uv": [13.875, 11, 14.125, 11.125], "texture": "#0"},
				"west": {"uv": [13.875, 11, 14, 11.125], "texture": "#0"},
				"up": {"uv": [13.875, 11, 14.125, 11.125], "texture": "#0"},
				"down": {"uv": [13.875, 11, 14.125, 11.125], "texture": "#0"}
			}
		},
		{
			"name": "royal_chakram_135",
			"from": [5.75, 5.75, 8.05],
			"to": [5.875, 5.875, 8.275],
			"faces": {
				"north": {"uv": [9.375, 11.125, 9.25, 11.25], "texture": "#0"},
				"east": {"uv": [9.25, 11.125, 9.375, 11.25], "texture": "#0"},
				"south": {"uv": [9.25, 11.125, 9.375, 11.25], "texture": "#0"},
				"west": {"uv": [9.25, 11.125, 9.375, 11.25], "texture": "#0"},
				"up": {"uv": [9.25, 11.125, 9.375, 11.25], "texture": "#0"},
				"down": {"uv": [9.25, 11.125, 9.375, 11.25], "texture": "#0"}
			}
		},
		{
			"name": "royal_chakram_136",
			"from": [10.25, 5.75, 8.05],
			"to": [10.375, 5.875, 8.275],
			"faces": {
				"north": {"uv": [13.875, 11.125, 13.75, 11.25], "texture": "#0"},
				"east": {"uv": [13.75, 11.125, 13.875, 11.25], "texture": "#0"},
				"south": {"uv": [13.75, 11.125, 13.875, 11.25], "texture": "#0"},
				"west": {"uv": [13.75, 11.125, 13.875, 11.25], "texture": "#0"},
				"up": {"uv": [13.75, 11.125, 13.875, 11.25], "texture": "#0"},
				"down": {"uv": [13.75, 11.125, 13.875, 11.25], "texture": "#0"}
			}
		},
		{
			"name": "royal_chakram_137",
			"from": [6.625, 5.125, 8.05],
			"to": [6.75, 5.75, 8.275],
			"faces": {
				"north": {"uv": [10.25, 11.25, 10.125, 11.875], "texture": "#0"},
				"east": {"uv": [10.125, 11.25, 10.25, 11.875], "texture": "#0"},
				"south": {"uv": [10.125, 11.25, 10.25, 11.875], "texture": "#0"},
				"west": {"uv": [10.125, 11.25, 10.25, 11.875], "texture": "#0"},
				"up": {"uv": [10.125, 11.25, 10.25, 11.375], "texture": "#0"},
				"down": {"uv": [10.125, 11.75, 10.25, 11.875], "texture": "#0"}
			}
		},
		{
			"name": "royal_chakram_138",
			"from": [9.375, 5.125, 8.05],
			"to": [9.5, 5.75, 8.275],
			"faces": {
				"north": {"uv": [13, 11.25, 12.875, 11.875], "texture": "#0"},
				"east": {"uv": [12.875, 11.25, 13, 11.875], "texture": "#0"},
				"south": {"uv": [12.875, 11.25, 13, 11.875], "texture": "#0"},
				"west": {"uv": [12.875, 11.25, 13, 11.875], "texture": "#0"},
				"up": {"uv": [12.875, 11.25, 13, 11.375], "texture": "#0"},
				"down": {"uv": [12.875, 11.75, 13, 11.875], "texture": "#0"}
			}
		},
		{
			"name": "royal_chakram_139",
			"from": [6.75, 4.875, 8.05],
			"to": [6.875, 5.5, 8.275],
			"faces": {
				"north": {"uv": [10.375, 11.5, 10.25, 12.125], "texture": "#0"},
				"east": {"uv": [10.25, 11.5, 10.375, 12.125], "texture": "#0"},
				"south": {"uv": [10.25, 11.5, 10.375, 12.125], "texture": "#0"},
				"west": {"uv": [10.25, 11.5, 10.375, 12.125], "texture": "#0"},
				"up": {"uv": [10.25, 11.5, 10.375, 11.625], "texture": "#0"},
				"down": {"uv": [10.25, 12, 10.375, 12.125], "texture": "#0"}
			}
		},
		{
			"name": "royal_chakram_140",
			"from": [9.25, 4.875, 8.05],
			"to": [9.375, 5.5, 8.275],
			"faces": {
				"north": {"uv": [12.875, 11.5, 12.75, 12.125], "texture": "#0"},
				"east": {"uv": [12.75, 11.5, 12.875, 12.125], "texture": "#0"},
				"south": {"uv": [12.75, 11.5, 12.875, 12.125], "texture": "#0"},
				"west": {"uv": [12.75, 11.5, 12.875, 12.125], "texture": "#0"},
				"up": {"uv": [12.75, 11.5, 12.875, 11.625], "texture": "#0"},
				"down": {"uv": [12.75, 12, 12.875, 12.125], "texture": "#0"}
			}
		},
		{
			"name": "royal_chakram_141",
			"from": [6.875, 4.75, 8.05],
			"to": [7, 5.25, 8.275],
			"faces": {
				"north": {"uv": [10.5, 11.75, 10.375, 12.25], "texture": "#0"},
				"east": {"uv": [10.375, 11.75, 10.5, 12.25], "texture": "#0"},
				"south": {"uv": [10.375, 11.75, 10.5, 12.25], "texture": "#0"},
				"west": {"uv": [10.375, 11.75, 10.5, 12.25], "texture": "#0"},
				"up": {"uv": [10.375, 11.75, 10.5, 11.875], "texture": "#0"},
				"down": {"uv": [10.375, 12.125, 10.5, 12.25], "texture": "#0"}
			}
		},
		{
			"name": "royal_chakram_142",
			"from": [9.125, 4.75, 8.05],
			"to": [9.25, 5.25, 8.275],
			"faces": {
				"north": {"uv": [12.75, 11.75, 12.625, 12.25], "texture": "#0"},
				"east": {"uv": [12.625, 11.75, 12.75, 12.25], "texture": "#0"},
				"south": {"uv": [12.625, 11.75, 12.75, 12.25], "texture": "#0"},
				"west": {"uv": [12.625, 11.75, 12.75, 12.25], "texture": "#0"},
				"up": {"uv": [12.625, 11.75, 12.75, 11.875], "texture": "#0"},
				"down": {"uv": [12.625, 12.125, 12.75, 12.25], "texture": "#0"}
			}
		},
		{
			"name": "royal_chakram_143",
			"from": [7, 4.625, 8.05],
			"to": [7.125, 5, 8.275],
			"faces": {
				"north": {"uv": [10.625, 12, 10.5, 12.375], "texture": "#0"},
				"east": {"uv": [10.5, 12, 10.625, 12.375], "texture": "#0"},
				"south": {"uv": [10.5, 12, 10.625, 12.375], "texture": "#0"},
				"west": {"uv": [10.5, 12, 10.625, 12.375], "texture": "#0"},
				"up": {"uv": [10.5, 12, 10.625, 12.125], "texture": "#0"},
				"down": {"uv": [10.5, 12.25, 10.625, 12.375], "texture": "#0"}
			}
		},
		{
			"name": "royal_chakram_144",
			"from": [9, 4.625, 8.05],
			"to": [9.125, 5, 8.275],
			"faces": {
				"north": {"uv": [12.625, 12, 12.5, 12.375], "texture": "#0"},
				"east": {"uv": [12.5, 12, 12.625, 12.375], "texture": "#0"},
				"south": {"uv": [12.5, 12, 12.625, 12.375], "texture": "#0"},
				"west": {"uv": [12.5, 12, 12.625, 12.375], "texture": "#0"},
				"up": {"uv": [12.5, 12, 12.625, 12.125], "texture": "#0"},
				"down": {"uv": [12.5, 12.25, 12.625, 12.375], "texture": "#0"}
			}
		},
		{
			"name": "royal_chakram_145",
			"from": [7.75, 4.625, 8],
			"to": [7.875, 5, 8.325],
			"faces": {
				"north": {"uv": [15.375, 12, 15.25, 12.375], "texture": "#0"},
				"east": {"uv": [15.25, 12, 15.375, 12.375], "texture": "#0"},
				"south": {"uv": [15.25, 12, 15.375, 12.375], "texture": "#0"},
				"west": {"uv": [15.25, 12, 15.375, 12.375], "texture": "#0"},
				"up": {"uv": [15.25, 12, 15.375, 12.125], "texture": "#0"},
				"down": {"uv": [15.25, 12.25, 15.375, 12.375], "texture": "#0"}
			}
		},
		{
			"name": "royal_chakram_146",
			"from": [8.25, 4.625, 8],
			"to": [8.375, 5, 8.325],
			"faces": {
				"north": {"uv": [15.875, 12, 15.75, 12.375], "texture": "#0"},
				"east": {"uv": [15.75, 12, 15.875, 12.375], "texture": "#0"},
				"south": {"uv": [15.75, 12, 15.875, 12.375], "texture": "#0"},
				"west": {"uv": [15.75, 12, 15.875, 12.375], "texture": "#0"},
				"up": {"uv": [15.75, 12, 15.875, 12.125], "texture": "#0"},
				"down": {"uv": [15.75, 12.25, 15.875, 12.375], "texture": "#0"}
			}
		},
		{
			"name": "royal_chakram_147",
			"from": [7.125, 4.625, 8.05],
			"to": [7.375, 4.875, 8.275],
			"faces": {
				"north": {"uv": [10.875, 12.125, 10.625, 12.375], "texture": "#0"},
				"east": {"uv": [10.75, 12.125, 10.875, 12.375], "texture": "#0"},
				"south": {"uv": [10.625, 12.125, 10.875, 12.375], "texture": "#0"},
				"west": {"uv": [10.625, 12.125, 10.75, 12.375], "texture": "#0"},
				"up": {"uv": [10.625, 12.125, 10.875, 12.25], "texture": "#0"},
				"down": {"uv": [10.625, 12.25, 10.875, 12.375], "texture": "#0"}
			}
		},
		{
			"name": "royal_chakram_148",
			"from": [8.75, 4.625, 8.05],
			"to": [9, 4.875, 8.275],
			"faces": {
				"north": {"uv": [12.5, 12.125, 12.25, 12.375], "texture": "#0"},
				"east": {"uv": [12.375, 12.125, 12.5, 12.375], "texture": "#0"},
				"south": {"uv": [12.25, 12.125, 12.5, 12.375], "texture": "#0"},
				"west": {"uv": [12.25, 12.125, 12.375, 12.375], "texture": "#0"},
				"up": {"uv": [12.25, 12.125, 12.5, 12.25], "texture": "#0"},
				"down": {"uv": [12.25, 12.25, 12.5, 12.375], "texture": "#0"}
			}
		},
		{
			"name": "royal_chakram_149",
			"from": [7.375, 4.5, 8.05],
			"to": [7.75, 4.75, 8.275],
			"faces": {
				"north": {"uv": [11.25, 12.25, 10.875, 12.5], "texture": "#0"},
				"east": {"uv": [11.125, 12.25, 11.25, 12.5], "texture": "#0"},
				"south": {"uv": [10.875, 12.25, 11.25, 12.5], "texture": "#0"},
				"west": {"uv": [10.875, 12.25, 11, 12.5], "texture": "#0"},
				"up": {"uv": [10.875, 12.25, 11.25, 12.375], "texture": "#0"},
				"down": {"uv": [10.875, 12.375, 11.25, 12.5], "texture": "#0"}
			}
		},
		{
			"name": "royal_chakram_150",
			"from": [8.375, 4.5, 8.05],
			"to": [8.75, 4.75, 8.275],
			"faces": {
				"north": {"uv": [12.25, 12.25, 11.875, 12.5], "texture": "#0"},
				"east": {"uv": [12.125, 12.25, 12.25, 12.5], "texture": "#0"},
				"south": {"uv": [11.875, 12.25, 12.25, 12.5], "texture": "#0"},
				"west": {"uv": [11.875, 12.25, 12, 12.5], "texture": "#0"},
				"up": {"uv": [11.875, 12.25, 12.25, 12.375], "texture": "#0"},
				"down": {"uv": [11.875, 12.375, 12.25, 12.5], "texture": "#0"}
			}
		},
		{
			"name": "royal_chakram_151",
			"from": [7.25, 4.5, 8.05],
			"to": [7.375, 4.625, 8.275],
			"faces": {
				"north": {"uv": [10.875, 12.375, 10.75, 12.5], "texture": "#0"},
				"east": {"uv": [10.75, 12.375, 10.875, 12.5], "texture": "#0"},
				"south": {"uv": [10.75, 12.375, 10.875, 12.5], "texture": "#0"},
				"west": {"uv": [10.75, 12.375, 10.875, 12.5], "texture": "#0"},
				"up": {"uv": [10.75, 12.375, 10.875, 12.5], "texture": "#0"},
				"down": {"uv": [10.75, 12.375, 10.875, 12.5], "texture": "#0"}
			}
		},
		{
			"name": "royal_chakram_152",
			"from": [7.75, 4.25, 8.05],
			"to": [8.375, 4.625, 8.275],
			"faces": {
				"north": {"uv": [11.875, 12.375, 11.25, 12.75], "texture": "#0"},
				"east": {"uv": [11.75, 12.375, 11.875, 12.75], "texture": "#0"},
				"south": {"uv": [11.25, 12.375, 11.875, 12.75], "texture": "#0"},
				"west": {"uv": [11.25, 12.375, 11.375, 12.75], "texture": "#0"},
				"up": {"uv": [11.25, 12.375, 11.875, 12.5], "texture": "#0"},
				"down": {"uv": [11.25, 12.625, 11.875, 12.75], "texture": "#0"}
			}
		},
		{
			"name": "royal_chakram_153",
			"from": [8.75, 4.5, 8.05],
			"to": [8.875, 4.625, 8.275],
			"faces": {
				"north": {"uv": [12.375, 12.375, 12.25, 12.5], "texture": "#0"},
				"east": {"uv": [12.25, 12.375, 12.375, 12.5], "texture": "#0"},
				"south": {"uv": [12.25, 12.375, 12.375, 12.5], "texture": "#0"},
				"west": {"uv": [12.25, 12.375, 12.375, 12.5], "texture": "#0"},
				"up": {"uv": [12.25, 12.375, 12.375, 12.5], "texture": "#0"},
				"down": {"uv": [12.25, 12.375, 12.375, 12.5], "texture": "#0"}
			}
		},
		{
			"name": "royal_chakram_154",
			"from": [7.5, 4.375, 8.05],
			"to": [7.75, 4.5, 8.275],
			"faces": {
				"north": {"uv": [11.25, 12.5, 11, 12.625], "texture": "#0"},
				"east": {"uv": [11.125, 12.5, 11.25, 12.625], "texture": "#0"},
				"south": {"uv": [11, 12.5, 11.25, 12.625], "texture": "#0"},
				"west": {"uv": [11, 12.5, 11.125, 12.625], "texture": "#0"},
				"up": {"uv": [11, 12.5, 11.25, 12.625], "texture": "#0"},
				"down": {"uv": [11, 12.5, 11.25, 12.625], "texture": "#0"}
			}
		},
		{
			"name": "royal_chakram_155",
			"from": [8.375, 4.375, 8.05],
			"to": [8.625, 4.5, 8.275],
			"faces": {
				"north": {"uv": [12.125, 12.5, 11.875, 12.625], "texture": "#0"},
				"east": {"uv": [12, 12.5, 12.125, 12.625], "texture": "#0"},
				"south": {"uv": [11.875, 12.5, 12.125, 12.625], "texture": "#0"},
				"west": {"uv": [11.875, 12.5, 12, 12.625], "texture": "#0"},
				"up": {"uv": [11.875, 12.5, 12.125, 12.625], "texture": "#0"},
				"down": {"uv": [11.875, 12.5, 12.125, 12.625], "texture": "#0"}
			}
		},
		{
			"name": "royal_chakram_156",
			"from": [7.875, 4, 8.05],
			"to": [8.25, 4.25, 8.275],
			"faces": {
				"north": {"uv": [11.75, 12.75, 11.375, 13], "texture": "#0"},
				"east": {"uv": [11.625, 12.75, 11.75, 13], "texture": "#0"},
				"south": {"uv": [11.375, 12.75, 11.75, 13], "texture": "#0"},
				"west": {"uv": [11.375, 12.75, 11.5, 13], "texture": "#0"},
				"up": {"uv": [11.375, 12.75, 11.75, 12.875], "texture": "#0"},
				"down": {"uv": [11.375, 12.875, 11.75, 13], "texture": "#0"}
			}
		},
		{
			"name": "royal_chakram_157",
			"from": [8, 3.75, 8.05],
			"to": [8.125, 4, 8.275],
			"faces": {
				"north": {"uv": [11.625, 13, 11.5, 13.25], "texture": "#0"},
				"east": {"uv": [11.5, 13, 11.625, 13.25], "texture": "#0"},
				"south": {"uv": [11.5, 13, 11.625, 13.25], "texture": "#0"},
				"west": {"uv": [11.5, 13, 11.625, 13.25], "texture": "#0"},
				"up": {"uv": [11.5, 13, 11.625, 13.125], "texture": "#0"},
				"down": {"uv": [11.5, 13.125, 11.625, 13.25], "texture": "#0"}
			}
		},
		{
			"name": "royal_chakram_158",
			"from": [7.875, 3.625, 8.05],
			"to": [8, 3.75, 8.275],
			"faces": {
				"north": {"uv": [11.5, 13.25, 11.375, 13.375], "texture": "#0"},
				"east": {"uv": [11.375, 13.25, 11.5, 13.375], "texture": "#0"},
				"south": {"uv": [11.375, 13.25, 11.5, 13.375], "texture": "#0"},
				"west": {"uv": [11.375, 13.25, 11.5, 13.375], "texture": "#0"},
				"up": {"uv": [11.375, 13.25, 11.5, 13.375], "texture": "#0"},
				"down": {"uv": [11.375, 13.25, 11.5, 13.375], "texture": "#0"}
			}
		},
		{
			"name": "royal_chakram_159",
			"from": [8.125, 3.625, 8.05],
			"to": [8.25, 3.75, 8.275],
			"faces": {
				"north": {"uv": [11.75, 13.25, 11.625, 13.375], "texture": "#0"},
				"east": {"uv": [11.625, 13.25, 11.75, 13.375], "texture": "#0"},
				"south": {"uv": [11.625, 13.25, 11.75, 13.375], "texture": "#0"},
				"west": {"uv": [11.625, 13.25, 11.75, 13.375], "texture": "#0"},
				"up": {"uv": [11.625, 13.25, 11.75, 13.375], "texture": "#0"},
				"down": {"uv": [11.625, 13.25, 11.75, 13.375], "texture": "#0"}
			}
		},
		{
			"name": "royal_chakram_160",
			"from": [8, 3.375, 8.05],
			"to": [8.125, 3.625, 8.275],
			"faces": {
				"north": {"uv": [11.625, 13.375, 11.5, 13.625], "texture": "#0"},
				"east": {"uv": [11.5, 13.375, 11.625, 13.625], "texture": "#0"},
				"south": {"uv": [11.5, 13.375, 11.625, 13.625], "texture": "#0"},
				"west": {"uv": [11.5, 13.375, 11.625, 13.625], "texture": "#0"},
				"up": {"uv": [11.5, 13.375, 11.625, 13.5], "texture": "#0"},
				"down": {"uv": [11.5, 13.5, 11.625, 13.625], "texture": "#0"}
			}
		}
	],
	"gui_light": "front",
	"display": {
		"thirdperson_righthand": {
			"rotation": [0, -90, 0],
			"translation": [-0.5, 4.75, 0.75],
			"scale": [3, 3, 3]
		},
		"thirdperson_lefthand": {
			"rotation": [0, 90, 0],
			"translation": [-0.5, 4.75, 1],
			"scale": [3, 3, 3]
		},
		"firstperson_righthand": {
			"rotation": [90, -76.75, 81],
			"translation": [3, 9, 0],
			"scale": [2.5, 2.5, 2.5]
		},
		"firstperson_lefthand": {
			"rotation": [-90, 76.25, 95],
			"translation": [2.25, 9.25, -0.25],
			"scale": [2.5, 2.5, 2.5]
		},
		"ground": {
			"translation": [0, 7.75, 0],
			"scale": [2, 2, 2]
		},
		"gui": {
			"rotation": [0, 0, -42],
			"translation": [4.25, 5, 0],
			"scale": [3, 3, 3]
		},
		"head": {
			"rotation": [0, 0, -132],
			"translation": [7.25, -25.5, 3.5],
			"scale": [3.5, 3.5, 3.5]
		},
		"fixed": {
			"rotation": [-180, 0, 138],
			"translation": [-5, 6, 0],
			"scale": [4, 4, 3]
		}
	},
	"groups": [
		{
			"name": "royal_chakram",
			"origin": [8, 8, 8],
			"color": 0,
			"nbt": "{}",
			"children": [
				0,
				1,
				2,
				3,
				4,
				5,
				6,
				7,
				8,
				9,
				10,
				11,
				12,
				13,
				14,
				15,
				16,
				17,
				18,
				19,
				20,
				21,
				22,
				23,
				24,
				25,
				26,
				27,
				28,
				29,
				30,
				31,
				32,
				33,
				34,
				35,
				36,
				37,
				38,
				39,
				40,
				41,
				42,
				43,
				44,
				45,
				46,
				47,
				48,
				49,
				50,
				51,
				52,
				53,
				54,
				55,
				56,
				57,
				58,
				59,
				60,
				61,
				62,
				63,
				64,
				65,
				66,
				67,
				68,
				69,
				70,
				71,
				72,
				73,
				74,
				75,
				76,
				77,
				78,
				79,
				80,
				81,
				82,
				83,
				84,
				85,
				86,
				87,
				88,
				89,
				90,
				91,
				92,
				93,
				94,
				95,
				96,
				97,
				98,
				99,
				100,
				101,
				102,
				103,
				104,
				105,
				106,
				107,
				108,
				109,
				110,
				111,
				112,
				113,
				114,
				115,
				116,
				117,
				118,
				119,
				120,
				121,
				122,
				123,
				124,
				125,
				126,
				127,
				128,
				129,
				130,
				131,
				132,
				133,
				134,
				135,
				136,
				137,
				138,
				139,
				140,
				141,
				142,
				143,
				144,
				145,
				146,
				147,
				148,
				149,
				150,
				151,
				152,
				153,
				154,
				155,
				156,
				157,
				158,
				159,
				160
			]
		}
	]
}