{
	"credit": "Made with Blockbench",
	"textures": {
		"0": "prominent:item/transmog/sacred_tree_blade",
		"particle": "prominent:item/transmog/sacred_tree_blade"
	},
	"elements": [
		{
			"name": "sacred_tree_blade_0",
			"from": [8.4, 12.75, 8.1],
			"to": [8.525, 13, 8.225],
			"rotation": {"angle": 0, "axis": "y", "origin": [8.4, 5, 8.1]},
			"faces": {
				"north": {"uv": [8.125, 3, 8, 3.25], "texture": "#0"},
				"east": {"uv": [8, 3, 8.125, 3.25], "texture": "#0"},
				"south": {"uv": [8, 3, 8.125, 3.25], "texture": "#0"},
				"west": {"uv": [8, 3, 8.125, 3.25], "texture": "#0"},
				"up": {"uv": [8, 3, 8.125, 3.125], "texture": "#0"},
				"down": {"uv": [8, 3.125, 8.125, 3.25], "texture": "#0"}
			}
		},
		{
			"name": "sacred_tree_blade_1",
			"from": [8.275, 12.625, 8.1],
			"to": [8.4, 12.875, 8.225],
			"rotation": {"angle": 0, "axis": "y", "origin": [8.4, 5, 8.1]},
			"faces": {
				"north": {"uv": [8, 3.125, 7.875, 3.375], "texture": "#0"},
				"east": {"uv": [7.875, 3.125, 8, 3.375], "texture": "#0"},
				"south": {"uv": [7.875, 3.125, 8, 3.375], "texture": "#0"},
				"west": {"uv": [7.875, 3.125, 8, 3.375], "texture": "#0"},
				"up": {"uv": [7.875, 3.125, 8, 3.25], "texture": "#0"},
				"down": {"uv": [7.875, 3.25, 8, 3.375], "texture": "#0"}
			}
		},
		{
			"name": "sacred_tree_blade_2",
			"from": [8.15, 12.375, 8.1],
			"to": [8.275, 12.75, 8.225],
			"rotation": {"angle": 0, "axis": "y", "origin": [8.4, 5, 8.1]},
			"faces": {
				"north": {"uv": [7.875, 3.25, 7.75, 3.625], "texture": "#0"},
				"east": {"uv": [7.75, 3.25, 7.875, 3.625], "texture": "#0"},
				"south": {"uv": [7.75, 3.25, 7.875, 3.625], "texture": "#0"},
				"west": {"uv": [7.75, 3.25, 7.875, 3.625], "texture": "#0"},
				"up": {"uv": [7.75, 3.25, 7.875, 3.375], "texture": "#0"},
				"down": {"uv": [7.75, 3.5, 7.875, 3.625], "texture": "#0"}
			}
		},
		{
			"name": "sacred_tree_blade_3",
			"from": [8.4, 12.5, 8.1],
			"to": [8.525, 12.75, 8.225],
			"rotation": {"angle": 0, "axis": "y", "origin": [8.4, 5, 8.1]},
			"faces": {
				"north": {"uv": [8.625, 3.25, 8.5, 3.5], "texture": "#0"},
				"east": {"uv": [8.5, 3.25, 8.625, 3.5], "texture": "#0"},
				"south": {"uv": [8.5, 3.25, 8.625, 3.5], "texture": "#0"},
				"west": {"uv": [8.5, 3.25, 8.625, 3.5], "texture": "#0"},
				"up": {"uv": [8.5, 3.25, 8.625, 3.375], "texture": "#0"},
				"down": {"uv": [8.5, 3.375, 8.625, 3.5], "texture": "#0"}
			}
		},
		{
			"name": "sacred_tree_blade_4",
			"from": [8.025, 12.125, 8.1],
			"to": [8.15, 12.625, 8.225],
			"rotation": {"angle": 0, "axis": "y", "origin": [8.4, 5, 8.1]},
			"faces": {
				"north": {"uv": [7.75, 3.375, 7.625, 3.875], "texture": "#0"},
				"east": {"uv": [7.625, 3.375, 7.75, 3.875], "texture": "#0"},
				"south": {"uv": [7.625, 3.375, 7.75, 3.875], "texture": "#0"},
				"west": {"uv": [7.625, 3.375, 7.75, 3.875], "texture": "#0"},
				"up": {"uv": [7.625, 3.375, 7.75, 3.5], "texture": "#0"},
				"down": {"uv": [7.625, 3.75, 7.75, 3.875], "texture": "#0"}
			}
		},
		{
			"name": "sacred_tree_blade_5",
			"from": [8.275, 12, 8.1],
			"to": [8.4, 12.625, 8.225],
			"rotation": {"angle": 0, "axis": "y", "origin": [8.4, 5, 8.1]},
			"faces": {
				"north": {"uv": [8.5, 3.375, 8.375, 4], "texture": "#0"},
				"east": {"uv": [8.375, 3.375, 8.5, 4], "texture": "#0"},
				"south": {"uv": [8.375, 3.375, 8.5, 4], "texture": "#0"},
				"west": {"uv": [8.375, 3.375, 8.5, 4], "texture": "#0"},
				"up": {"uv": [8.375, 3.375, 8.5, 3.5], "texture": "#0"},
				"down": {"uv": [8.375, 3.875, 8.5, 4], "texture": "#0"}
			}
		},
		{
			"name": "sacred_tree_blade_6",
			"from": [7.9, 11.875, 8.1],
			"to": [8.025, 12.5, 8.225],
			"rotation": {"angle": 0, "axis": "y", "origin": [8.4, 5, 8.1]},
			"faces": {
				"north": {"uv": [7.625, 3.5, 7.5, 4.125], "texture": "#0"},
				"east": {"uv": [7.5, 3.5, 7.625, 4.125], "texture": "#0"},
				"south": {"uv": [7.5, 3.5, 7.625, 4.125], "texture": "#0"},
				"west": {"uv": [7.5, 3.5, 7.625, 4.125], "texture": "#0"},
				"up": {"uv": [7.5, 3.5, 7.625, 3.625], "texture": "#0"},
				"down": {"uv": [7.5, 4, 7.625, 4.125], "texture": "#0"}
			}
		},
		{
			"name": "sacred_tree_blade_7",
			"from": [8.15, 11.625, 8.1],
			"to": [8.275, 12.375, 8.225],
			"rotation": {"angle": 0, "axis": "y", "origin": [8.4, 5, 8.1]},
			"faces": {
				"north": {"uv": [8.375, 3.625, 8.25, 4.375], "texture": "#0"},
				"east": {"uv": [8.25, 3.625, 8.375, 4.375], "texture": "#0"},
				"south": {"uv": [8.25, 3.625, 8.375, 4.375], "texture": "#0"},
				"west": {"uv": [8.25, 3.625, 8.375, 4.375], "texture": "#0"},
				"up": {"uv": [8.25, 3.625, 8.375, 3.75], "texture": "#0"},
				"down": {"uv": [8.25, 4.25, 8.375, 4.375], "texture": "#0"}
			}
		},
		{
			"name": "sacred_tree_blade_8",
			"from": [7.775, 11.5, 8.1],
			"to": [7.9, 12.25, 8.225],
			"rotation": {"angle": 0, "axis": "y", "origin": [8.4, 5, 8.1]},
			"faces": {
				"north": {"uv": [7.5, 3.75, 7.375, 4.5], "texture": "#0"},
				"east": {"uv": [7.375, 3.75, 7.5, 4.5], "texture": "#0"},
				"south": {"uv": [7.375, 3.75, 7.5, 4.5], "texture": "#0"},
				"west": {"uv": [7.375, 3.75, 7.5, 4.5], "texture": "#0"},
				"up": {"uv": [7.375, 3.75, 7.5, 3.875], "texture": "#0"},
				"down": {"uv": [7.375, 4.375, 7.5, 4.5], "texture": "#0"}
			}
		},
		{
			"name": "sacred_tree_blade_9",
			"from": [8.025, 7.375, 8.05],
			"to": [8.15, 12.125, 8.275],
			"rotation": {"angle": 0, "axis": "y", "origin": [8.4, 5, 8.1]},
			"faces": {
				"north": {"uv": [8.25, 3.875, 8.125, 8.625], "texture": "#0"},
				"east": {"uv": [8.125, 3.875, 8.25, 8.625], "texture": "#0"},
				"south": {"uv": [8.125, 3.875, 8.25, 8.625], "texture": "#0"},
				"west": {"uv": [8.125, 3.875, 8.25, 8.625], "texture": "#0"},
				"up": {"uv": [8.125, 3.875, 8.25, 4], "texture": "#0"},
				"down": {"uv": [8.125, 8.5, 8.25, 8.625], "texture": "#0"}
			}
		},
		{
			"name": "sacred_tree_blade_10",
			"from": [7.65, 10.625, 8.1],
			"to": [7.775, 12, 8.225],
			"rotation": {"angle": 0, "axis": "y", "origin": [8.4, 5, 8.1]},
			"faces": {
				"north": {"uv": [7.375, 4, 7.25, 5.375], "texture": "#0"},
				"east": {"uv": [7.25, 4, 7.375, 5.375], "texture": "#0"},
				"south": {"uv": [7.25, 4, 7.375, 5.375], "texture": "#0"},
				"west": {"uv": [7.25, 4, 7.375, 5.375], "texture": "#0"},
				"up": {"uv": [7.25, 4, 7.375, 4.125], "texture": "#0"},
				"down": {"uv": [7.25, 5.25, 7.375, 5.375], "texture": "#0"}
			}
		},
		{
			"name": "sacred_tree_blade_11",
			"from": [7.9, 8.125, 8.05],
			"to": [8.025, 11.875, 8.275],
			"rotation": {"angle": 0, "axis": "y", "origin": [8.4, 5, 8.1]},
			"faces": {
				"north": {"uv": [8.125, 4.125, 8, 7.875], "texture": "#0"},
				"east": {"uv": [8, 4.125, 8.125, 7.875], "texture": "#0"},
				"south": {"uv": [8, 4.125, 8.125, 7.875], "texture": "#0"},
				"west": {"uv": [8, 4.125, 8.125, 7.875], "texture": "#0"},
				"up": {"uv": [8, 4.125, 8.125, 4.25], "texture": "#0"},
				"down": {"uv": [8, 7.75, 8.125, 7.875], "texture": "#0"}
			}
		},
		{
			"name": "sacred_tree_blade_12",
			"from": [7.525, 10, 8.1],
			"to": [7.65, 11.625, 8.225],
			"rotation": {"angle": 0, "axis": "y", "origin": [8.4, 5, 8.1]},
			"faces": {
				"north": {"uv": [7.25, 4.375, 7.125, 6], "texture": "#0"},
				"east": {"uv": [7.125, 4.375, 7.25, 6], "texture": "#0"},
				"south": {"uv": [7.125, 4.375, 7.25, 6], "texture": "#0"},
				"west": {"uv": [7.125, 4.375, 7.25, 6], "texture": "#0"},
				"up": {"uv": [7.125, 4.375, 7.25, 4.5], "texture": "#0"},
				"down": {"uv": [7.125, 5.875, 7.25, 6], "texture": "#0"}
			}
		},
		{
			"name": "sacred_tree_blade_13",
			"from": [7.775, 10.375, 8.05],
			"to": [7.9, 11.5, 8.275],
			"rotation": {"angle": 0, "axis": "y", "origin": [8.4, 5, 8.1]},
			"faces": {
				"north": {"uv": [8, 4.5, 7.875, 5.625], "texture": "#0"},
				"east": {"uv": [7.875, 4.5, 8, 5.625], "texture": "#0"},
				"south": {"uv": [7.875, 4.5, 8, 5.625], "texture": "#0"},
				"west": {"uv": [7.875, 4.5, 8, 5.625], "texture": "#0"},
				"up": {"uv": [7.875, 4.5, 8, 4.625], "texture": "#0"},
				"down": {"uv": [7.875, 5.5, 8, 5.625], "texture": "#0"}
			}
		},
		{
			"name": "sacred_tree_blade_14",
			"from": [8.4, 11, 8.1],
			"to": [8.65, 11.125, 8.225],
			"rotation": {"angle": 0, "axis": "y", "origin": [8.4, 5, 8.1]},
			"faces": {
				"north": {"uv": [8.75, 4.875, 8.5, 5], "texture": "#0"},
				"east": {"uv": [8.625, 4.875, 8.75, 5], "texture": "#0"},
				"south": {"uv": [8.5, 4.875, 8.75, 5], "texture": "#0"},
				"west": {"uv": [8.5, 4.875, 8.625, 5], "texture": "#0"},
				"up": {"uv": [8.5, 4.875, 8.75, 5], "texture": "#0"},
				"down": {"uv": [8.5, 4.875, 8.75, 5], "texture": "#0"}
			}
		},
		{
			"name": "sacred_tree_blade_15",
			"from": [8.275, 10.875, 8.05],
			"to": [8.4, 11, 8.275],
			"rotation": {"angle": 0, "axis": "y", "origin": [8.4, 5, 8.1]},
			"faces": {
				"north": {"uv": [8.5, 5, 8.375, 5.125], "texture": "#0"},
				"east": {"uv": [8.375, 5, 8.5, 5.125], "texture": "#0"},
				"south": {"uv": [8.375, 5, 8.5, 5.125], "texture": "#0"},
				"west": {"uv": [8.375, 5, 8.5, 5.125], "texture": "#0"},
				"up": {"uv": [8.375, 5, 8.5, 5.125], "texture": "#0"},
				"down": {"uv": [8.375, 5, 8.5, 5.125], "texture": "#0"}
			}
		},
		{
			"name": "sacred_tree_blade_16",
			"from": [8.525, 10.875, 8.1],
			"to": [8.775, 11, 8.225],
			"rotation": {"angle": 0, "axis": "y", "origin": [8.4, 5, 8.1]},
			"faces": {
				"north": {"uv": [8.875, 5, 8.625, 5.125], "texture": "#0"},
				"east": {"uv": [8.75, 5, 8.875, 5.125], "texture": "#0"},
				"south": {"uv": [8.625, 5, 8.875, 5.125], "texture": "#0"},
				"west": {"uv": [8.625, 5, 8.75, 5.125], "texture": "#0"},
				"up": {"uv": [8.625, 5, 8.875, 5.125], "texture": "#0"},
				"down": {"uv": [8.625, 5, 8.875, 5.125], "texture": "#0"}
			}
		},
		{
			"name": "sacred_tree_blade_17",
			"from": [8.15, 5.875, 8.1],
			"to": [8.275, 10.875, 8.225],
			"rotation": {"angle": 0, "axis": "y", "origin": [8.4, 5, 8.1]},
			"faces": {
				"north": {"uv": [8.375, 5.125, 8.25, 10.125], "texture": "#0"},
				"east": {"uv": [8.25, 5.125, 8.375, 10.125], "texture": "#0"},
				"south": {"uv": [8.25, 5.125, 8.375, 10.125], "texture": "#0"},
				"west": {"uv": [8.25, 5.125, 8.375, 10.125], "texture": "#0"},
				"up": {"uv": [8.25, 5.125, 8.375, 5.25], "texture": "#0"},
				"down": {"uv": [8.25, 10, 8.375, 10.125], "texture": "#0"}
			}
		},
		{
			"name": "sacred_tree_blade_18",
			"from": [7.4, 9.875, 8.1],
			"to": [7.525, 10.75, 8.225],
			"rotation": {"angle": 0, "axis": "y", "origin": [8.4, 5, 8.1]},
			"faces": {
				"north": {"uv": [7.125, 5.25, 7, 6.125], "texture": "#0"},
				"east": {"uv": [7, 5.25, 7.125, 6.125], "texture": "#0"},
				"south": {"uv": [7, 5.25, 7.125, 6.125], "texture": "#0"},
				"west": {"uv": [7, 5.25, 7.125, 6.125], "texture": "#0"},
				"up": {"uv": [7, 5.25, 7.125, 5.375], "texture": "#0"},
				"down": {"uv": [7, 6, 7.125, 6.125], "texture": "#0"}
			}
		},
		{
			"name": "sacred_tree_blade_19",
			"from": [7.65, 10.25, 8.05],
			"to": [7.775, 10.625, 8.275],
			"rotation": {"angle": 0, "axis": "y", "origin": [8.4, 5, 8.1]},
			"faces": {
				"north": {"uv": [7.875, 5.375, 7.75, 5.75], "texture": "#0"},
				"east": {"uv": [7.75, 5.375, 7.875, 5.75], "texture": "#0"},
				"south": {"uv": [7.75, 5.375, 7.875, 5.75], "texture": "#0"},
				"west": {"uv": [7.75, 5.375, 7.875, 5.75], "texture": "#0"},
				"up": {"uv": [7.75, 5.375, 7.875, 5.5], "texture": "#0"},
				"down": {"uv": [7.75, 5.625, 7.875, 5.75], "texture": "#0"}
			}
		},
		{
			"name": "sacred_tree_blade_20",
			"from": [7.775, 7.375, 8.1],
			"to": [7.9, 10.375, 8.225],
			"rotation": {"angle": 0, "axis": "y", "origin": [8.4, 5, 8.1]},
			"faces": {
				"north": {"uv": [7.5, 5.625, 7.375, 8.625], "texture": "#0"},
				"east": {"uv": [7.375, 5.625, 7.5, 8.625], "texture": "#0"},
				"south": {"uv": [7.375, 5.625, 7.5, 8.625], "texture": "#0"},
				"west": {"uv": [7.375, 5.625, 7.5, 8.625], "texture": "#0"},
				"up": {"uv": [7.375, 5.625, 7.5, 5.75], "texture": "#0"},
				"down": {"uv": [7.375, 8.5, 7.5, 8.625], "texture": "#0"}
			}
		},
		{
			"name": "sacred_tree_blade_21",
			"from": [7.65, 5.875, 8.1],
			"to": [7.775, 10.25, 8.225],
			"rotation": {"angle": 0, "axis": "y", "origin": [8.4, 5, 8.1]},
			"faces": {
				"north": {"uv": [7.375, 5.75, 7.25, 10.125], "texture": "#0"},
				"east": {"uv": [7.25, 5.75, 7.375, 10.125], "texture": "#0"},
				"south": {"uv": [7.25, 5.75, 7.375, 10.125], "texture": "#0"},
				"west": {"uv": [7.25, 5.75, 7.375, 10.125], "texture": "#0"},
				"up": {"uv": [7.25, 5.75, 7.375, 5.875], "texture": "#0"},
				"down": {"uv": [7.25, 10, 7.375, 10.125], "texture": "#0"}
			}
		},
		{
			"name": "sacred_tree_blade_22",
			"from": [7.9, 5.875, 8],
			"to": [8.025, 8.125, 8.325],
			"rotation": {"angle": 0, "axis": "y", "origin": [8.4, 5, 8.1]},
			"faces": {
				"north": {"uv": [6.625, 7.875, 6.5, 10.125], "texture": "#0"},
				"east": {"uv": [6.5, 7.875, 6.625, 10.125], "texture": "#0"},
				"south": {"uv": [6.5, 7.875, 6.625, 10.125], "texture": "#0"},
				"west": {"uv": [6.5, 7.875, 6.625, 10.125], "texture": "#0"},
				"up": {"uv": [6.5, 7.875, 6.625, 8], "texture": "#0"},
				"down": {"uv": [6.5, 10, 6.625, 10.125], "texture": "#0"}
			}
		},
		{
			"name": "sacred_tree_blade_23",
			"from": [7.525, 7.75, 8.1],
			"to": [7.65, 8.125, 8.225],
			"rotation": {"angle": 0, "axis": "y", "origin": [8.4, 5, 8.1]},
			"faces": {
				"north": {"uv": [7.25, 7.875, 7.125, 8.25], "texture": "#0"},
				"east": {"uv": [7.125, 7.875, 7.25, 8.25], "texture": "#0"},
				"south": {"uv": [7.125, 7.875, 7.25, 8.25], "texture": "#0"},
				"west": {"uv": [7.125, 7.875, 7.25, 8.25], "texture": "#0"},
				"up": {"uv": [7.125, 7.875, 7.25, 8], "texture": "#0"},
				"down": {"uv": [7.125, 8.125, 7.25, 8.25], "texture": "#0"}
			}
		},
		{
			"name": "sacred_tree_blade_24",
			"from": [8.275, 7.75, 8.1],
			"to": [8.4, 8.125, 8.225],
			"rotation": {"angle": 0, "axis": "y", "origin": [8.4, 5, 8.1]},
			"faces": {
				"north": {"uv": [8.5, 7.875, 8.375, 8.25], "texture": "#0"},
				"east": {"uv": [8.375, 7.875, 8.5, 8.25], "texture": "#0"},
				"south": {"uv": [8.375, 7.875, 8.5, 8.25], "texture": "#0"},
				"west": {"uv": [8.375, 7.875, 8.5, 8.25], "texture": "#0"},
				"up": {"uv": [8.375, 7.875, 8.5, 8], "texture": "#0"},
				"down": {"uv": [8.375, 8.125, 8.5, 8.25], "texture": "#0"}
			}
		},
		{
			"name": "sacred_tree_blade_25",
			"from": [7.4, 7.875, 8.1],
			"to": [7.525, 8, 8.225],
			"rotation": {"angle": 0, "axis": "y", "origin": [8.4, 5, 8.1]},
			"faces": {
				"north": {"uv": [7.125, 8, 7, 8.125], "texture": "#0"},
				"east": {"uv": [7, 8, 7.125, 8.125], "texture": "#0"},
				"south": {"uv": [7, 8, 7.125, 8.125], "texture": "#0"},
				"west": {"uv": [7, 8, 7.125, 8.125], "texture": "#0"},
				"up": {"uv": [7, 8, 7.125, 8.125], "texture": "#0"},
				"down": {"uv": [7, 8, 7.125, 8.125], "texture": "#0"}
			}
		},
		{
			"name": "sacred_tree_blade_26",
			"from": [8.4, 7.875, 8.1],
			"to": [8.525, 8, 8.225],
			"rotation": {"angle": 0, "axis": "y", "origin": [8.4, 5, 8.1]},
			"faces": {
				"north": {"uv": [8.625, 8, 8.5, 8.125], "texture": "#0"},
				"east": {"uv": [8.5, 8, 8.625, 8.125], "texture": "#0"},
				"south": {"uv": [8.5, 8, 8.625, 8.125], "texture": "#0"},
				"west": {"uv": [8.5, 8, 8.625, 8.125], "texture": "#0"},
				"up": {"uv": [8.5, 8, 8.625, 8.125], "texture": "#0"},
				"down": {"uv": [8.5, 8, 8.625, 8.125], "texture": "#0"}
			}
		},
		{
			"name": "sacred_tree_blade_27",
			"from": [7.775, 5.875, 8],
			"to": [7.9, 7.375, 8.325],
			"rotation": {"angle": 0, "axis": "y", "origin": [8.4, 5, 8.1]},
			"faces": {
				"north": {"uv": [6.5, 8.625, 6.375, 10.125], "texture": "#0"},
				"east": {"uv": [6.375, 8.625, 6.5, 10.125], "texture": "#0"},
				"south": {"uv": [6.375, 8.625, 6.5, 10.125], "texture": "#0"},
				"west": {"uv": [6.375, 8.625, 6.5, 10.125], "texture": "#0"},
				"up": {"uv": [6.375, 8.625, 6.5, 8.75], "texture": "#0"},
				"down": {"uv": [6.375, 10, 6.5, 10.125], "texture": "#0"}
			}
		},
		{
			"name": "sacred_tree_blade_28",
			"from": [8.025, 5.875, 8],
			"to": [8.15, 7.375, 8.325],
			"rotation": {"angle": 0, "axis": "y", "origin": [8.4, 5, 8.1]},
			"faces": {
				"north": {"uv": [6.75, 8.625, 6.625, 10.125], "texture": "#0"},
				"east": {"uv": [6.625, 8.625, 6.75, 10.125], "texture": "#0"},
				"south": {"uv": [6.625, 8.625, 6.75, 10.125], "texture": "#0"},
				"west": {"uv": [6.625, 8.625, 6.75, 10.125], "texture": "#0"},
				"up": {"uv": [6.625, 8.625, 6.75, 8.75], "texture": "#0"},
				"down": {"uv": [6.625, 10, 6.75, 10.125], "texture": "#0"}
			}
		},
		{
			"name": "sacred_tree_blade_29",
			"from": [7.525, 7, 8.1],
			"to": [7.65, 7.375, 8.225],
			"rotation": {"angle": 0, "axis": "y", "origin": [8.4, 5, 8.1]},
			"faces": {
				"north": {"uv": [7.25, 8.625, 7.125, 9], "texture": "#0"},
				"east": {"uv": [7.125, 8.625, 7.25, 9], "texture": "#0"},
				"south": {"uv": [7.125, 8.625, 7.25, 9], "texture": "#0"},
				"west": {"uv": [7.125, 8.625, 7.25, 9], "texture": "#0"},
				"up": {"uv": [7.125, 8.625, 7.25, 8.75], "texture": "#0"},
				"down": {"uv": [7.125, 8.875, 7.25, 9], "texture": "#0"}
			}
		},
		{
			"name": "sacred_tree_blade_30",
			"from": [8.275, 7, 8.1],
			"to": [8.4, 7.375, 8.225],
			"rotation": {"angle": 0, "axis": "y", "origin": [8.4, 5, 8.1]},
			"faces": {
				"north": {"uv": [8.5, 8.625, 8.375, 9], "texture": "#0"},
				"east": {"uv": [8.375, 8.625, 8.5, 9], "texture": "#0"},
				"south": {"uv": [8.375, 8.625, 8.5, 9], "texture": "#0"},
				"west": {"uv": [8.375, 8.625, 8.5, 9], "texture": "#0"},
				"up": {"uv": [8.375, 8.625, 8.5, 8.75], "texture": "#0"},
				"down": {"uv": [8.375, 8.875, 8.5, 9], "texture": "#0"}
			}
		},
		{
			"name": "sacred_tree_blade_31",
			"from": [7.4, 7.125, 8.1],
			"to": [7.525, 7.25, 8.225],
			"rotation": {"angle": 0, "axis": "y", "origin": [8.4, 5, 8.1]},
			"faces": {
				"north": {"uv": [7.125, 8.75, 7, 8.875], "texture": "#0"},
				"east": {"uv": [7, 8.75, 7.125, 8.875], "texture": "#0"},
				"south": {"uv": [7, 8.75, 7.125, 8.875], "texture": "#0"},
				"west": {"uv": [7, 8.75, 7.125, 8.875], "texture": "#0"},
				"up": {"uv": [7, 8.75, 7.125, 8.875], "texture": "#0"},
				"down": {"uv": [7, 8.75, 7.125, 8.875], "texture": "#0"}
			}
		},
		{
			"name": "sacred_tree_blade_32",
			"from": [8.4, 7.125, 8.1],
			"to": [8.525, 7.25, 8.225],
			"rotation": {"angle": 0, "axis": "y", "origin": [8.4, 5, 8.1]},
			"faces": {
				"north": {"uv": [8.625, 8.75, 8.5, 8.875], "texture": "#0"},
				"east": {"uv": [8.5, 8.75, 8.625, 8.875], "texture": "#0"},
				"south": {"uv": [8.5, 8.75, 8.625, 8.875], "texture": "#0"},
				"west": {"uv": [8.5, 8.75, 8.625, 8.875], "texture": "#0"},
				"up": {"uv": [8.5, 8.75, 8.625, 8.875], "texture": "#0"},
				"down": {"uv": [8.5, 8.75, 8.625, 8.875], "texture": "#0"}
			}
		},
		{
			"name": "sacred_tree_blade_33",
			"from": [7.525, 6.25, 8.1],
			"to": [7.65, 6.625, 8.225],
			"rotation": {"angle": 0, "axis": "y", "origin": [8.4, 5, 8.1]},
			"faces": {
				"north": {"uv": [7.25, 9.375, 7.125, 9.75], "texture": "#0"},
				"east": {"uv": [7.125, 9.375, 7.25, 9.75], "texture": "#0"},
				"south": {"uv": [7.125, 9.375, 7.25, 9.75], "texture": "#0"},
				"west": {"uv": [7.125, 9.375, 7.25, 9.75], "texture": "#0"},
				"up": {"uv": [7.125, 9.375, 7.25, 9.5], "texture": "#0"},
				"down": {"uv": [7.125, 9.625, 7.25, 9.75], "texture": "#0"}
			}
		},
		{
			"name": "sacred_tree_blade_34",
			"from": [8.275, 6.25, 8.1],
			"to": [8.4, 6.625, 8.225],
			"rotation": {"angle": 0, "axis": "y", "origin": [8.4, 5, 8.1]},
			"faces": {
				"north": {"uv": [8.5, 9.375, 8.375, 9.75], "texture": "#0"},
				"east": {"uv": [8.375, 9.375, 8.5, 9.75], "texture": "#0"},
				"south": {"uv": [8.375, 9.375, 8.5, 9.75], "texture": "#0"},
				"west": {"uv": [8.375, 9.375, 8.5, 9.75], "texture": "#0"},
				"up": {"uv": [8.375, 9.375, 8.5, 9.5], "texture": "#0"},
				"down": {"uv": [8.375, 9.625, 8.5, 9.75], "texture": "#0"}
			}
		},
		{
			"name": "sacred_tree_blade_35",
			"from": [7.4, 6.375, 8.1],
			"to": [7.525, 6.5, 8.225],
			"rotation": {"angle": 0, "axis": "y", "origin": [8.4, 5, 8.1]},
			"faces": {
				"north": {"uv": [7.125, 9.5, 7, 9.625], "texture": "#0"},
				"east": {"uv": [7, 9.5, 7.125, 9.625], "texture": "#0"},
				"south": {"uv": [7, 9.5, 7.125, 9.625], "texture": "#0"},
				"west": {"uv": [7, 9.5, 7.125, 9.625], "texture": "#0"},
				"up": {"uv": [7, 9.5, 7.125, 9.625], "texture": "#0"},
				"down": {"uv": [7, 9.5, 7.125, 9.625], "texture": "#0"}
			}
		},
		{
			"name": "sacred_tree_blade_36",
			"from": [8.4, 6.375, 8.1],
			"to": [8.525, 6.5, 8.225],
			"rotation": {"angle": 0, "axis": "y", "origin": [8.4, 5, 8.1]},
			"faces": {
				"north": {"uv": [8.625, 9.5, 8.5, 9.625], "texture": "#0"},
				"east": {"uv": [8.5, 9.5, 8.625, 9.625], "texture": "#0"},
				"south": {"uv": [8.5, 9.5, 8.625, 9.625], "texture": "#0"},
				"west": {"uv": [8.5, 9.5, 8.625, 9.625], "texture": "#0"},
				"up": {"uv": [8.5, 9.5, 8.625, 9.625], "texture": "#0"},
				"down": {"uv": [8.5, 9.5, 8.625, 9.625], "texture": "#0"}
			}
		},
		{
			"name": "sacred_tree_blade_42",
			"from": [7.525, 5.5, 7.9],
			"to": [8.4, 5.875, 8.425],
			"rotation": {"angle": 0, "axis": "y", "origin": [8.4, 5, 8.1]},
			"faces": {
				"north": {"uv": [8, 10.375, 7.125, 10.75], "texture": "#0"},
				"east": {"uv": [7.875, 10.375, 8, 10.75], "texture": "#0"},
				"south": {"uv": [7.125, 10.375, 8, 10.75], "texture": "#0"},
				"west": {"uv": [7.125, 10.375, 7.25, 10.75], "texture": "#0"},
				"up": {"uv": [7.125, 10.375, 8, 10.5], "texture": "#0"},
				"down": {"uv": [7.125, 10.625, 8, 10.75], "texture": "#0"}
			}
		},
		{
			"name": "sacred_tree_blade_43",
			"from": [7.4, 5.375, 8],
			"to": [7.525, 5.75, 8.325],
			"rotation": {"angle": 0, "axis": "y", "origin": [8.4, 5, 8.1]},
			"faces": {
				"north": {"uv": [7.125, 10.5, 7, 10.875], "texture": "#0"},
				"east": {"uv": [7, 10.5, 7.125, 10.875], "texture": "#0"},
				"south": {"uv": [7, 10.5, 7.125, 10.875], "texture": "#0"},
				"west": {"uv": [7, 10.5, 7.125, 10.625], "texture": "#0"},
				"up": {"uv": [7, 10.5, 7.125, 10.625], "texture": "#0"},
				"down": {"uv": [7, 10.75, 7.125, 10.875], "texture": "#0"}
			}
		},
		{
			"name": "sacred_tree_blade_44",
			"from": [8.4, 5.375, 8],
			"to": [8.525, 5.75, 8.325],
			"rotation": {"angle": 0, "axis": "y", "origin": [8.4, 5, 8.1]},
			"faces": {
				"north": {"uv": [8.125, 10.5, 8, 10.875], "texture": "#0"},
				"east": {"uv": [8, 10.5, 8.125, 10.625], "texture": "#0"},
				"south": {"uv": [8, 10.5, 8.125, 10.875], "texture": "#0"},
				"west": {"uv": [8, 10.5, 8.125, 10.875], "texture": "#0"},
				"up": {"uv": [8, 10.5, 8.125, 10.625], "texture": "#0"},
				"down": {"uv": [8, 10.75, 8.125, 10.875], "texture": "#0"}
			}
		},
		{
			"name": "sacred_tree_blade_45",
			"from": [7.275, 5.25, 8],
			"to": [7.4, 5.625, 8.325],
			"rotation": {"angle": 0, "axis": "y", "origin": [8.4, 5, 8.1]},
			"faces": {
				"north": {"uv": [7, 10.625, 6.875, 11], "texture": "#0"},
				"east": {"uv": [6.875, 10.625, 7, 11], "texture": "#0"},
				"south": {"uv": [6.875, 10.625, 7, 11], "texture": "#0"},
				"west": {"uv": [6.875, 10.625, 7, 11], "texture": "#0"},
				"up": {"uv": [6.875, 10.625, 7, 10.75], "texture": "#0"},
				"down": {"uv": [6.875, 10.875, 7, 11], "texture": "#0"}
			}
		},
		{
			"name": "sacred_tree_blade_46",
			"from": [8.525, 5.25, 8],
			"to": [8.65, 5.625, 8.325],
			"rotation": {"angle": 0, "axis": "y", "origin": [8.4, 5, 8.1]},
			"faces": {
				"north": {"uv": [8.25, 10.625, 8.125, 11], "texture": "#0"},
				"east": {"uv": [8.125, 10.625, 8.25, 11], "texture": "#0"},
				"south": {"uv": [8.125, 10.625, 8.25, 11], "texture": "#0"},
				"west": {"uv": [8.125, 10.625, 8.25, 11], "texture": "#0"},
				"up": {"uv": [8.125, 10.625, 8.25, 10.75], "texture": "#0"},
				"down": {"uv": [8.125, 10.875, 8.25, 11], "texture": "#0"}
			}
		},
		{
			"name": "sacred_tree_blade_47",
			"from": [7.025, 5.25, 8],
			"to": [7.15, 5.5, 8.325],
			"rotation": {"angle": 0, "axis": "y", "origin": [8.4, 5, 8.1]},
			"faces": {
				"north": {"uv": [6.75, 10.75, 6.625, 11], "texture": "#0"},
				"east": {"uv": [6.625, 10.75, 6.75, 11], "texture": "#0"},
				"south": {"uv": [6.625, 10.75, 6.75, 11], "texture": "#0"},
				"west": {"uv": [6.625, 10.75, 6.75, 11], "texture": "#0"},
				"up": {"uv": [6.625, 10.75, 6.75, 10.875], "texture": "#0"},
				"down": {"uv": [6.625, 10.875, 6.75, 11], "texture": "#0"}
			}
		},
		{
			"name": "sacred_tree_blade_48",
			"from": [7.775, 5.375, 7.9],
			"to": [8.15, 5.5, 8.425],
			"rotation": {"angle": 0, "axis": "y", "origin": [8.4, 5, 8.1]},
			"faces": {
				"north": {"uv": [7.75, 10.75, 7.375, 10.875], "texture": "#0"},
				"east": {"uv": [7.625, 10.75, 7.75, 10.875], "texture": "#0"},
				"south": {"uv": [7.375, 10.75, 7.75, 10.875], "texture": "#0"},
				"west": {"uv": [7.375, 10.75, 7.5, 10.875], "texture": "#0"},
				"up": {"uv": [7.375, 10.75, 7.75, 10.875], "texture": "#0"},
				"down": {"uv": [7.375, 10.75, 7.75, 10.875], "texture": "#0"}
			}
		},
		{
			"name": "sacred_tree_blade_49",
			"from": [8.775, 5.25, 8],
			"to": [8.9, 5.5, 8.325],
			"rotation": {"angle": 0, "axis": "y", "origin": [8.4, 5, 8.1]},
			"faces": {
				"north": {"uv": [8.5, 10.75, 8.375, 11], "texture": "#0"},
				"east": {"uv": [8.375, 10.75, 8.5, 11], "texture": "#0"},
				"south": {"uv": [8.375, 10.75, 8.5, 11], "texture": "#0"},
				"west": {"uv": [8.375, 10.75, 8.5, 11], "texture": "#0"},
				"up": {"uv": [8.375, 10.75, 8.5, 10.875], "texture": "#0"},
				"down": {"uv": [8.375, 10.875, 8.5, 11], "texture": "#0"}
			}
		},
		{
			"name": "sacred_tree_blade_50",
			"from": [7.15, 5.25, 8],
			"to": [7.275, 5.375, 8.325],
			"rotation": {"angle": 0, "axis": "y", "origin": [8.4, 5, 8.1]},
			"faces": {
				"north": {"uv": [6.875, 10.875, 6.75, 11], "texture": "#0"},
				"east": {"uv": [6.75, 10.875, 6.875, 11], "texture": "#0"},
				"south": {"uv": [6.75, 10.875, 6.875, 11], "texture": "#0"},
				"west": {"uv": [6.75, 10.875, 6.875, 11], "texture": "#0"},
				"up": {"uv": [6.75, 10.875, 6.875, 11], "texture": "#0"},
				"down": {"uv": [6.75, 10.875, 6.875, 11], "texture": "#0"}
			}
		},
		{
			"name": "sacred_tree_blade_51",
			"from": [8.65, 5.25, 8],
			"to": [8.775, 5.375, 8.325],
			"rotation": {"angle": 0, "axis": "y", "origin": [8.4, 5, 8.1]},
			"faces": {
				"north": {"uv": [8.375, 10.875, 8.25, 11], "texture": "#0"},
				"east": {"uv": [8.25, 10.875, 8.375, 11], "texture": "#0"},
				"south": {"uv": [8.25, 10.875, 8.375, 11], "texture": "#0"},
				"west": {"uv": [8.25, 10.875, 8.375, 11], "texture": "#0"},
				"up": {"uv": [8.25, 10.875, 8.375, 11], "texture": "#0"},
				"down": {"uv": [8.25, 10.875, 8.375, 11], "texture": "#0"}
			}
		},
		{
			"name": "sacred_tree_blade_52",
			"from": [8.9, 5.125, 8.1],
			"to": [9.15, 5.25, 8.225],
			"rotation": {"angle": 0, "axis": "y", "origin": [8.4, 5, 8.1]},
			"faces": {
				"north": {"uv": [8.75, 11, 8.5, 11.125], "texture": "#0"},
				"east": {"uv": [8.625, 11, 8.75, 11.125], "texture": "#0"},
				"south": {"uv": [8.5, 11, 8.75, 11.125], "texture": "#0"},
				"west": {"uv": [8.5, 11, 8.625, 11.125], "texture": "#0"},
				"up": {"uv": [8.5, 11, 8.75, 11.125], "texture": "#0"},
				"down": {"uv": [8.5, 11, 8.75, 11.125], "texture": "#0"}
			}
		},
		{
			"name": "sacred_tree_blade_53",
			"from": [7.775, 4.75, 8],
			"to": [8.15, 5.375, 8.325],
			"rotation": {"angle": 0, "axis": "y", "origin": [8.4, 5, 8.1]},
			"faces": {
				"north": {"uv": [7.75, 11.125, 7.375, 11.75], "texture": "#0"},
				"east": {"uv": [7.625, 11.125, 7.75, 11.75], "texture": "#0"},
				"south": {"uv": [7.375, 11.125, 7.75, 11.75], "texture": "#0"},
				"west": {"uv": [7.375, 11.125, 7.5, 11.75], "texture": "#0"},
				"up": {"uv": [7.375, 11.125, 7.75, 11.25], "texture": "#0"},
				"down": {"uv": [7.375, 11.625, 7.75, 11.75], "texture": "#0"}
			}
		},
		{
			"name": "sacred_tree_blade_54",
			"from": [9.025, 5, 8.1],
			"to": [9.275, 5.125, 8.225],
			"rotation": {"angle": 0, "axis": "y", "origin": [8.4, 5, 8.1]},
			"faces": {
				"north": {"uv": [8.875, 11.125, 8.625, 11.25], "texture": "#0"},
				"east": {"uv": [8.75, 11.125, 8.875, 11.25], "texture": "#0"},
				"south": {"uv": [8.625, 11.125, 8.875, 11.25], "texture": "#0"},
				"west": {"uv": [8.625, 11.125, 8.75, 11.25], "texture": "#0"},
				"up": {"uv": [8.625, 11.125, 8.875, 11.25], "texture": "#0"},
				"down": {"uv": [8.625, 11.125, 8.875, 11.25], "texture": "#0"}
			}
		},
		{
			"name": "sacred_tree_blade_55",
			"from": [8.15, 4.125, 8],
			"to": [8.275, 4.875, 8.325],
			"rotation": {"angle": 0, "axis": "y", "origin": [8.4, 5, 8.1]},
			"faces": {
				"north": {"uv": [7.875, 11.625, 7.75, 12.375], "texture": "#0"},
				"east": {"uv": [7.75, 11.625, 7.875, 12.375], "texture": "#0"},
				"south": {"uv": [7.75, 11.625, 7.875, 12.375], "texture": "#0"},
				"west": {"uv": [7.75, 11.625, 7.875, 12.375], "texture": "#0"},
				"up": {"uv": [7.75, 11.625, 7.875, 11.75], "texture": "#0"},
				"down": {"uv": [7.75, 12.25, 7.875, 12.375], "texture": "#0"}
			}
		},
		{
			"name": "sacred_tree_blade_56",
			"from": [7.9, 3.625, 8],
			"to": [8.15, 4.75, 8.325],
			"rotation": {"angle": 0, "axis": "y", "origin": [8.4, 5, 8.1]},
			"faces": {
				"north": {"uv": [7.75, 11.75, 7.5, 12.875], "texture": "#0"},
				"east": {"uv": [7.625, 11.75, 7.75, 12.875], "texture": "#0"},
				"south": {"uv": [7.5, 11.75, 7.75, 12.875], "texture": "#0"},
				"west": {"uv": [7.5, 11.75, 7.625, 12.875], "texture": "#0"},
				"up": {"uv": [7.5, 11.75, 7.75, 11.875], "texture": "#0"},
				"down": {"uv": [7.5, 12.75, 7.75, 12.875], "texture": "#0"}
			}
		},
		{
			"name": "sacred_tree_blade_57",
			"from": [7.775, 2.875, 8],
			"to": [7.9, 4.25, 8.325],
			"rotation": {"angle": 0, "axis": "y", "origin": [8.4, 5, 8.1]},
			"faces": {
				"north": {"uv": [7.5, 12.25, 7.375, 13.625], "texture": "#0"},
				"east": {"uv": [7.375, 12.25, 7.5, 13.625], "texture": "#0"},
				"south": {"uv": [7.375, 12.25, 7.5, 13.625], "texture": "#0"},
				"west": {"uv": [7.375, 12.25, 7.5, 13.625], "texture": "#0"},
				"up": {"uv": [7.375, 12.25, 7.5, 12.375], "texture": "#0"},
				"down": {"uv": [7.375, 13.5, 7.5, 13.625], "texture": "#0"}
			}
		},
		{
			"name": "sacred_tree_blade_58",
			"from": [7.65, 3.25, 8],
			"to": [7.775, 3.75, 8.325],
			"rotation": {"angle": 0, "axis": "y", "origin": [8.4, 5, 8.1]},
			"faces": {
				"north": {"uv": [7.375, 12.75, 7.25, 13.25], "texture": "#0"},
				"east": {"uv": [7.25, 12.75, 7.375, 13.25], "texture": "#0"},
				"south": {"uv": [7.25, 12.75, 7.375, 13.25], "texture": "#0"},
				"west": {"uv": [7.25, 12.75, 7.375, 13.25], "texture": "#0"},
				"up": {"uv": [7.25, 12.75, 7.375, 12.875], "texture": "#0"},
				"down": {"uv": [7.25, 13.125, 7.375, 13.25], "texture": "#0"}
			}
		},
		{
			"name": "sacred_tree_blade_59",
			"from": [7.9, 2.875, 8],
			"to": [8.025, 3.625, 8.325],
			"rotation": {"angle": 0, "axis": "y", "origin": [8.4, 5, 8.1]},
			"faces": {
				"north": {"uv": [7.625, 12.875, 7.5, 13.625], "texture": "#0"},
				"east": {"uv": [7.5, 12.875, 7.625, 13.625], "texture": "#0"},
				"south": {"uv": [7.5, 12.875, 7.625, 13.625], "texture": "#0"},
				"west": {"uv": [7.5, 12.875, 7.625, 13.625], "texture": "#0"},
				"up": {"uv": [7.5, 12.875, 7.625, 13], "texture": "#0"},
				"down": {"uv": [7.5, 13.5, 7.625, 13.625], "texture": "#0"}
			}
		},
		{
			"name": "sacred_tree_blade_60",
			"from": [8.025, 2.875, 8],
			"to": [8.15, 3.375, 8.325],
			"rotation": {"angle": 0, "axis": "y", "origin": [8.4, 5, 8.1]},
			"faces": {
				"north": {"uv": [7.75, 13.125, 7.625, 13.625], "texture": "#0"},
				"east": {"uv": [7.625, 13.125, 7.75, 13.625], "texture": "#0"},
				"south": {"uv": [7.625, 13.125, 7.75, 13.625], "texture": "#0"},
				"west": {"uv": [7.625, 13.125, 7.75, 13.625], "texture": "#0"},
				"up": {"uv": [7.625, 13.125, 7.75, 13.25], "texture": "#0"},
				"down": {"uv": [7.625, 13.5, 7.75, 13.625], "texture": "#0"}
			}
		},
		{
			"name": "sacred_tree_blade_61",
			"from": [7.65, 2.625, 7.825],
			"to": [8.275, 2.875, 8.45],
			"rotation": {"angle": 0, "axis": "y", "origin": [8.4, 5, 8.1]},
			"faces": {
				"north": {"uv": [7, 13.625, 6.375, 13.875], "texture": "#0"},
				"east": {"uv": [6.375, 13.625, 7, 13.875], "texture": "#0"},
				"south": {"uv": [6.375, 13.625, 7, 13.875], "texture": "#0"},
				"west": {"uv": [6.375, 13.625, 7, 13.875], "texture": "#0"},
				"up": {"uv": [6.5, 13.625, 6.625, 13.75], "texture": "#0"},
				"down": {"uv": [6.375, 13.75, 6.5, 13.875], "texture": "#0"}
			}
		},
		{
			"name": "sacred_tree_blade_62",
			"from": [7.775, 2.5, 7.95],
			"to": [8.15, 2.625, 8.325],
			"rotation": {"angle": 0, "axis": "y", "origin": [8.4, 5, 8.1]},
			"faces": {
				"north": {"uv": [7.75, 13.875, 7.375, 14], "texture": "#0"},
				"east": {"uv": [7.625, 13.875, 7.75, 14], "texture": "#0"},
				"south": {"uv": [7.375, 13.875, 7.75, 14], "texture": "#0"},
				"west": {"uv": [7.375, 13.875, 7.5, 14], "texture": "#0"},
				"up": {"uv": [7.375, 13.875, 7.75, 14], "texture": "#0"},
				"down": {"uv": [7.375, 13.875, 7.75, 14], "texture": "#0"}
			}
		},
		{
			"from": [7.80896, 5.8, 8.33853],
			"to": [8.45896, 6.45, 8.33853],
			"rotation": {"angle": 22.5, "axis": "y", "origin": [8.4, 5, 8.1]},
			"faces": {
				"north": {"uv": [9.125, 9.875, 9.75, 10.5], "texture": "#0"},
				"east": {"uv": [0, 0, 0, 0.75], "texture": "#missing"},
				"south": {"uv": [9.125, 9.875, 9.75, 10.5], "texture": "#0"},
				"west": {"uv": [0, 0, 0, 0.75], "texture": "#missing"},
				"up": {"uv": [0, 0, 0.75, 0], "texture": "#missing"},
				"down": {"uv": [0, 0, 0.75, 0], "texture": "#missing"}
			}
		}
	],
	"gui_light": "front",
	"display": {
		"thirdperson_righthand": {
			"rotation": [0, -90, 0],
			"translation": [0.75, 11.5, 1.25],
			"scale": [3.75, 3.75, 2.5]
		},
		"thirdperson_lefthand": {
			"rotation": [0, 90, 0],
			"translation": [-0.75, 10.75, 1.5],
			"scale": [3.75, 3.75, 2.5]
		},
		"firstperson_righthand": {
			"rotation": [0, -90, -4],
			"translation": [0.75, 7.25, 1.5],
			"scale": [2, 2, 1.75]
		},
		"firstperson_lefthand": {
			"rotation": [0, 90, 1],
			"translation": [1.5, 6.75, 0.5],
			"scale": [2, 2, 1.75]
		},
		"ground": {
			"translation": [0, 16.75, 0],
			"scale": [3.75, 3.75, 2.5]
		},
		"gui": {
			"rotation": [0, 0, -42],
			"translation": [0, 0.75, 0],
			"scale": [2.25, 2.25, 1]
		},
		"fixed": {
			"rotation": [-180, 0, 138],
			"translation": [-1.25, 1.75, -0.75],
			"scale": [4, 4, 3]
		}
	},
	"groups": [
		{
			"name": "sacred_tree_blade",
			"origin": [8, 8, 8],
			"color": 0,
			"children": [
				0,
				1,
				2,
				3,
				4,
				5,
				6,
				7,
				8,
				9,
				10,
				11,
				12,
				13,
				14,
				15,
				16,
				17,
				18,
				19,
				20,
				21,
				22,
				23,
				24,
				25,
				26,
				27,
				28,
				29,
				30,
				31,
				32,
				33,
				34,
				35,
				36,
				37,
				38,
				39,
				40,
				41,
				42,
				43,
				44,
				45,
				46,
				47,
				48,
				49,
				50,
				51,
				52,
				53,
				54,
				55,
				56,
				57,
				58
			]
		}
	]
}