{
	"credit": "Made with Blockbench",
	"textures": {
		"0": "prominent:item/transmog/sculk_scythe",
		"particle": "prominent:item/transmog/sculk_scythe"
	},
	"elements": [
		{
			"name": "sculk_scythe_0",
			"from": [7.65, 12.375, 7.75],
			"to": [8.025, 13, 8.175],
			"faces": {
				"north": {"uv": [13.875, 0.75, 13.5, 1.375], "texture": "#0"},
				"east": {"uv": [13.75, 0.75, 13.875, 1.375], "texture": "#0"},
				"south": {"uv": [13.5, 0.75, 13.875, 1.375], "texture": "#0"},
				"west": {"uv": [13.5, 0.75, 13.625, 1.375], "texture": "#0"},
				"up": {"uv": [13.5, 0.75, 13.875, 0.875], "texture": "#0"},
				"down": {"uv": [13.5, 1.25, 13.875, 1.375], "texture": "#0"}
			}
		},
		{
			"name": "sculk_scythe_1",
			"from": [7.525, 12.5, 7.75],
			"to": [7.65, 12.875, 8.175],
			"faces": {
				"north": {"uv": [13.5, 0.875, 13.375, 1.25], "texture": "#0"},
				"east": {"uv": [13.375, 0.875, 13.5, 1.25], "texture": "#0"},
				"south": {"uv": [13.375, 0.875, 13.5, 1.25], "texture": "#0"},
				"west": {"uv": [13.375, 0.875, 13.5, 1.25], "texture": "#0"},
				"up": {"uv": [13.375, 0.875, 13.5, 1], "texture": "#0"},
				"down": {"uv": [13.375, 1.125, 13.5, 1.25], "texture": "#0"}
			}
		},
		{
			"name": "sculk_scythe_2",
			"from": [8.025, 12.5, 7.75],
			"to": [8.4, 12.875, 8.175],
			"faces": {
				"north": {"uv": [14.25, 0.875, 13.875, 1.25], "texture": "#0"},
				"east": {"uv": [14.125, 0.875, 14.25, 1.25], "texture": "#0"},
				"south": {"uv": [13.875, 0.875, 14.25, 1.25], "texture": "#0"},
				"west": {"uv": [13.875, 0.875, 14, 1.25], "texture": "#0"},
				"up": {"uv": [13.875, 0.875, 14.25, 1], "texture": "#0"},
				"down": {"uv": [13.875, 1.125, 14.25, 1.25], "texture": "#0"}
			}
		},
		{
			"name": "sculk_scythe_3",
			"from": [7.4, 12.5, 7.75],
			"to": [7.525, 12.75, 8.175],
			"faces": {
				"north": {"uv": [13.375, 1, 13.25, 1.25], "texture": "#0"},
				"east": {"uv": [13.25, 1, 13.375, 1.25], "texture": "#0"},
				"south": {"uv": [13.25, 1, 13.375, 1.25], "texture": "#0"},
				"west": {"uv": [13.25, 1, 13.375, 1.25], "texture": "#0"},
				"up": {"uv": [13.25, 1, 13.375, 1.125], "texture": "#0"},
				"down": {"uv": [13.25, 1.125, 13.375, 1.25], "texture": "#0"}
			}
		},
		{
			"name": "sculk_scythe_4",
			"from": [8.525, 12.625, 7.75],
			"to": [8.65, 12.75, 8.175],
			"faces": {
				"north": {"uv": [14.5, 1, 14.375, 1.125], "texture": "#0"},
				"east": {"uv": [14.375, 1, 14.5, 1.125], "texture": "#0"},
				"south": {"uv": [14.375, 1, 14.5, 1.125], "texture": "#0"},
				"west": {"uv": [14.375, 1, 14.5, 1.125], "texture": "#0"},
				"up": {"uv": [14.375, 1, 14.5, 1.125], "texture": "#0"},
				"down": {"uv": [14.375, 1, 14.5, 1.125], "texture": "#0"}
			}
		},
		{
			"name": "sculk_scythe_5",
			"from": [6.525, 12.625, 7.8],
			"to": [6.9, 12.875, 8.125],
			"faces": {
				"north": {"uv": [12.75, 1.125, 12.375, 1.375], "texture": "#0"},
				"east": {"uv": [12.625, 1.125, 12.75, 1.375], "texture": "#0"},
				"south": {"uv": [12.375, 1.125, 12.75, 1.375], "texture": "#0"},
				"west": {"uv": [12.375, 1.125, 12.5, 1.375], "texture": "#0"},
				"up": {"uv": [12.375, 1.125, 12.75, 1.25], "texture": "#0"},
				"down": {"uv": [12.375, 1.25, 12.75, 1.375], "texture": "#0"}
			}
		},
		{
			"name": "sculk_scythe_6",
			"from": [8.4, 12.5, 7.75],
			"to": [8.525, 12.625, 8.175],
			"faces": {
				"north": {"uv": [14.375, 1.125, 14.25, 1.25], "texture": "#0"},
				"east": {"uv": [14.25, 1.125, 14.375, 1.25], "texture": "#0"},
				"south": {"uv": [14.25, 1.125, 14.375, 1.25], "texture": "#0"},
				"west": {"uv": [14.25, 1.125, 14.375, 1.25], "texture": "#0"},
				"up": {"uv": [14.25, 1.125, 14.375, 1.25], "texture": "#0"},
				"down": {"uv": [14.25, 1.125, 14.375, 1.25], "texture": "#0"}
			}
		},
		{
			"name": "sculk_scythe_7",
			"from": [6.4, 12.625, 7.8],
			"to": [6.525, 12.75, 8.125],
			"faces": {
				"north": {"uv": [12.375, 1.25, 12.25, 1.375], "texture": "#0"},
				"east": {"uv": [12.25, 1.25, 12.375, 1.375], "texture": "#0"},
				"south": {"uv": [12.25, 1.25, 12.375, 1.375], "texture": "#0"},
				"west": {"uv": [12.25, 1.25, 12.375, 1.375], "texture": "#0"},
				"up": {"uv": [12.25, 1.25, 12.375, 1.375], "texture": "#0"},
				"down": {"uv": [12.25, 1.25, 12.375, 1.375], "texture": "#0"}
			}
		},
		{
			"name": "sculk_scythe_8",
			"from": [6.9, 11.875, 7.8],
			"to": [7.15, 12.75, 8.125],
			"faces": {
				"north": {"uv": [13, 1.25, 12.75, 2.125], "texture": "#0"},
				"east": {"uv": [12.875, 1.25, 13, 2.125], "texture": "#0"},
				"south": {"uv": [12.75, 1.25, 13, 2.125], "texture": "#0"},
				"west": {"uv": [12.75, 1.25, 12.875, 2.125], "texture": "#0"},
				"up": {"uv": [12.75, 1.25, 13, 1.375], "texture": "#0"},
				"down": {"uv": [12.75, 2, 13, 2.125], "texture": "#0"}
			}
		},
		{
			"name": "sculk_scythe_9",
			"from": [8.025, 12.375, 7.75],
			"to": [8.275, 12.5, 8.175],
			"faces": {
				"north": {"uv": [14.125, 1.25, 13.875, 1.375], "texture": "#0"},
				"east": {"uv": [14, 1.25, 14.125, 1.375], "texture": "#0"},
				"south": {"uv": [13.875, 1.25, 14.125, 1.375], "texture": "#0"},
				"west": {"uv": [13.875, 1.25, 14, 1.375], "texture": "#0"},
				"up": {"uv": [13.875, 1.25, 14.125, 1.375], "texture": "#0"},
				"down": {"uv": [13.875, 1.25, 14.125, 1.375], "texture": "#0"}
			}
		},
		{
			"name": "sculk_scythe_10",
			"from": [8.65, 12.375, 7.8],
			"to": [8.9, 12.75, 8.125],
			"faces": {
				"north": {"uv": [14.75, 1.25, 14.5, 1.625], "texture": "#0"},
				"east": {"uv": [14.625, 1.25, 14.75, 1.625], "texture": "#0"},
				"south": {"uv": [14.5, 1.25, 14.75, 1.625], "texture": "#0"},
				"west": {"uv": [14.5, 1.25, 14.625, 1.625], "texture": "#0"},
				"up": {"uv": [14.5, 1.25, 14.75, 1.375], "texture": "#0"},
				"down": {"uv": [14.5, 1.5, 14.75, 1.625], "texture": "#0"}
			}
		},
		{
			"name": "sculk_scythe_11",
			"from": [6.775, 12.5, 7.8],
			"to": [6.9, 12.625, 8.125],
			"faces": {
				"north": {"uv": [12.75, 1.375, 12.625, 1.5], "texture": "#0"},
				"east": {"uv": [12.625, 1.375, 12.75, 1.5], "texture": "#0"},
				"south": {"uv": [12.625, 1.375, 12.75, 1.5], "texture": "#0"},
				"west": {"uv": [12.625, 1.375, 12.75, 1.5], "texture": "#0"},
				"up": {"uv": [12.625, 1.375, 12.75, 1.5], "texture": "#0"},
				"down": {"uv": [12.625, 1.375, 12.75, 1.5], "texture": "#0"}
			}
		},
		{
			"name": "sculk_scythe_12",
			"from": [7.15, 11.75, 7.8],
			"to": [7.4, 12.625, 8.125],
			"faces": {
				"north": {"uv": [13.25, 1.375, 13, 2.25], "texture": "#0"},
				"east": {"uv": [13.125, 1.375, 13.25, 2.25], "texture": "#0"},
				"south": {"uv": [13, 1.375, 13.25, 2.25], "texture": "#0"},
				"west": {"uv": [13, 1.375, 13.125, 2.25], "texture": "#0"},
				"up": {"uv": [13, 1.375, 13.25, 1.5], "texture": "#0"},
				"down": {"uv": [13, 2.125, 13.25, 2.25], "texture": "#0"}
			}
		},
		{
			"name": "sculk_scythe_13",
			"from": [7.775, 12.25, 7.75],
			"to": [8.15, 12.375, 8.175],
			"faces": {
				"north": {"uv": [14, 1.375, 13.625, 1.5], "texture": "#0"},
				"east": {"uv": [13.875, 1.375, 14, 1.5], "texture": "#0"},
				"south": {"uv": [13.625, 1.375, 14, 1.5], "texture": "#0"},
				"west": {"uv": [13.625, 1.375, 13.75, 1.5], "texture": "#0"},
				"up": {"uv": [13.625, 1.375, 14, 1.5], "texture": "#0"},
				"down": {"uv": [13.625, 1.375, 14, 1.5], "texture": "#0"}
			}
		},
		{
			"name": "sculk_scythe_14",
			"from": [8.525, 12.125, 7.8],
			"to": [8.65, 12.625, 8.125],
			"faces": {
				"north": {"uv": [14.5, 1.375, 14.375, 1.875], "texture": "#0"},
				"east": {"uv": [14.375, 1.375, 14.5, 1.875], "texture": "#0"},
				"south": {"uv": [14.375, 1.375, 14.5, 1.875], "texture": "#0"},
				"west": {"uv": [14.375, 1.375, 14.5, 1.875], "texture": "#0"},
				"up": {"uv": [14.375, 1.375, 14.5, 1.5], "texture": "#0"},
				"down": {"uv": [14.375, 1.75, 14.5, 1.875], "texture": "#0"}
			}
		},
		{
			"name": "sculk_scythe_15",
			"from": [8.9, 12.5, 7.8],
			"to": [9.275, 12.625, 8.125],
			"faces": {
				"north": {"uv": [15.125, 1.375, 14.75, 1.5], "texture": "#0"},
				"east": {"uv": [15, 1.375, 15.125, 1.5], "texture": "#0"},
				"south": {"uv": [14.75, 1.375, 15.125, 1.5], "texture": "#0"},
				"west": {"uv": [14.75, 1.375, 14.875, 1.5], "texture": "#0"},
				"up": {"uv": [14.75, 1.375, 15.125, 1.5], "texture": "#0"},
				"down": {"uv": [14.75, 1.375, 15.125, 1.5], "texture": "#0"}
			}
		},
		{
			"name": "sculk_scythe_16",
			"from": [7.4, 12, 7.8],
			"to": [7.65, 12.5, 8.125],
			"faces": {
				"north": {"uv": [13.5, 1.5, 13.25, 2], "texture": "#0"},
				"east": {"uv": [13.375, 1.5, 13.5, 2], "texture": "#0"},
				"south": {"uv": [13.25, 1.5, 13.5, 2], "texture": "#0"},
				"west": {"uv": [13.25, 1.5, 13.375, 2], "texture": "#0"},
				"up": {"uv": [13.25, 1.5, 13.5, 1.625], "texture": "#0"},
				"down": {"uv": [13.25, 1.875, 13.5, 2], "texture": "#0"}
			}
		},
		{
			"name": "sculk_scythe_17",
			"from": [8.275, 12, 7.8],
			"to": [8.525, 12.5, 8.125],
			"faces": {
				"north": {"uv": [14.375, 1.5, 14.125, 2], "texture": "#0"},
				"east": {"uv": [14.25, 1.5, 14.375, 2], "texture": "#0"},
				"south": {"uv": [14.125, 1.5, 14.375, 2], "texture": "#0"},
				"west": {"uv": [14.125, 1.5, 14.25, 2], "texture": "#0"},
				"up": {"uv": [14.125, 1.5, 14.375, 1.625], "texture": "#0"},
				"down": {"uv": [14.125, 1.875, 14.375, 2], "texture": "#0"}
			}
		},
		{
			"name": "sculk_scythe_18",
			"from": [9.025, 12.375, 7.8],
			"to": [9.525, 12.5, 8.125],
			"faces": {
				"north": {"uv": [15.375, 1.5, 14.875, 1.625], "texture": "#0"},
				"east": {"uv": [15.25, 1.5, 15.375, 1.625], "texture": "#0"},
				"south": {"uv": [14.875, 1.5, 15.375, 1.625], "texture": "#0"},
				"west": {"uv": [14.875, 1.5, 15, 1.625], "texture": "#0"},
				"up": {"uv": [14.875, 1.5, 15.375, 1.625], "texture": "#0"},
				"down": {"uv": [14.875, 1.5, 15.375, 1.625], "texture": "#0"}
			}
		},
		{
			"name": "sculk_scythe_19",
			"from": [4.775, 12.25, 7.8],
			"to": [5.4, 12.375, 8.125],
			"faces": {
				"north": {"uv": [11.25, 1.625, 10.625, 1.75], "texture": "#0"},
				"east": {"uv": [11.125, 1.625, 11.25, 1.75], "texture": "#0"},
				"south": {"uv": [10.625, 1.625, 11.25, 1.75], "texture": "#0"},
				"west": {"uv": [10.625, 1.625, 10.75, 1.75], "texture": "#0"},
				"up": {"uv": [10.625, 1.625, 11.25, 1.75], "texture": "#0"},
				"down": {"uv": [10.625, 1.625, 11.25, 1.75], "texture": "#0"}
			}
		},
		{
			"name": "sculk_scythe_20",
			"from": [6.65, 12, 7.8],
			"to": [6.9, 12.375, 8.125],
			"faces": {
				"north": {"uv": [12.75, 1.625, 12.5, 2], "texture": "#0"},
				"east": {"uv": [12.625, 1.625, 12.75, 2], "texture": "#0"},
				"south": {"uv": [12.5, 1.625, 12.75, 2], "texture": "#0"},
				"west": {"uv": [12.5, 1.625, 12.625, 2], "texture": "#0"},
				"up": {"uv": [12.5, 1.625, 12.75, 1.75], "texture": "#0"},
				"down": {"uv": [12.5, 1.875, 12.75, 2], "texture": "#0"}
			}
		},
		{
			"name": "sculk_scythe_21",
			"from": [7.65, 12, 7.8],
			"to": [7.775, 12.375, 8.125],
			"faces": {
				"north": {"uv": [13.625, 1.625, 13.5, 2], "texture": "#0"},
				"east": {"uv": [13.5, 1.625, 13.625, 2], "texture": "#0"},
				"south": {"uv": [13.5, 1.625, 13.625, 2], "texture": "#0"},
				"west": {"uv": [13.5, 1.625, 13.625, 2], "texture": "#0"},
				"up": {"uv": [13.5, 1.625, 13.625, 1.75], "texture": "#0"},
				"down": {"uv": [13.5, 1.875, 13.625, 2], "texture": "#0"}
			}
		},
		{
			"name": "sculk_scythe_22",
			"from": [8.15, 12.125, 7.8],
			"to": [8.275, 12.375, 8.125],
			"faces": {
				"north": {"uv": [14.125, 1.625, 14, 1.875], "texture": "#0"},
				"east": {"uv": [14, 1.625, 14.125, 1.875], "texture": "#0"},
				"south": {"uv": [14, 1.625, 14.125, 1.875], "texture": "#0"},
				"west": {"uv": [14, 1.625, 14.125, 1.875], "texture": "#0"},
				"up": {"uv": [14, 1.625, 14.125, 1.75], "texture": "#0"},
				"down": {"uv": [14, 1.75, 14.125, 1.875], "texture": "#0"}
			}
		},
		{
			"name": "sculk_scythe_23",
			"from": [8.65, 12.25, 7.8],
			"to": [8.775, 12.375, 8.125],
			"faces": {
				"north": {"uv": [14.625, 1.625, 14.5, 1.75], "texture": "#0"},
				"east": {"uv": [14.5, 1.625, 14.625, 1.75], "texture": "#0"},
				"south": {"uv": [14.5, 1.625, 14.625, 1.75], "texture": "#0"},
				"west": {"uv": [14.5, 1.625, 14.625, 1.75], "texture": "#0"},
				"up": {"uv": [14.5, 1.625, 14.625, 1.75], "texture": "#0"},
				"down": {"uv": [14.5, 1.625, 14.625, 1.75], "texture": "#0"}
			}
		},
		{
			"name": "sculk_scythe_24",
			"from": [9.4, 12.25, 7.8],
			"to": [9.65, 12.375, 8.125],
			"faces": {
				"north": {"uv": [15.5, 1.625, 15.25, 1.75], "texture": "#0"},
				"east": {"uv": [15.375, 1.625, 15.5, 1.75], "texture": "#0"},
				"south": {"uv": [15.25, 1.625, 15.5, 1.75], "texture": "#0"},
				"west": {"uv": [15.25, 1.625, 15.375, 1.75], "texture": "#0"},
				"up": {"uv": [15.25, 1.625, 15.5, 1.75], "texture": "#0"},
				"down": {"uv": [15.25, 1.625, 15.5, 1.75], "texture": "#0"}
			}
		},
		{
			"name": "sculk_scythe_25",
			"from": [4.9, 12.125, 7.8],
			"to": [5.65, 12.25, 8.125],
			"faces": {
				"north": {"uv": [11.5, 1.75, 10.75, 1.875], "texture": "#0"},
				"east": {"uv": [11.375, 1.75, 11.5, 1.875], "texture": "#0"},
				"south": {"uv": [10.75, 1.75, 11.5, 1.875], "texture": "#0"},
				"west": {"uv": [10.75, 1.75, 10.875, 1.875], "texture": "#0"},
				"up": {"uv": [10.75, 1.75, 11.5, 1.875], "texture": "#0"},
				"down": {"uv": [10.75, 1.75, 11.5, 1.875], "texture": "#0"}
			}
		},
		{
			"name": "sculk_scythe_26",
			"from": [5.9, 12, 7.8],
			"to": [6.65, 12.25, 8.125],
			"faces": {
				"north": {"uv": [12.5, 1.75, 11.75, 2], "texture": "#0"},
				"east": {"uv": [12.375, 1.75, 12.5, 2], "texture": "#0"},
				"south": {"uv": [11.75, 1.75, 12.5, 2], "texture": "#0"},
				"west": {"uv": [11.75, 1.75, 11.875, 2], "texture": "#0"},
				"up": {"uv": [11.75, 1.75, 12.5, 1.875], "texture": "#0"},
				"down": {"uv": [11.75, 1.875, 12.5, 2], "texture": "#0"}
			}
		},
		{
			"name": "sculk_scythe_27",
			"from": [7.775, 11.875, 7.8],
			"to": [8.15, 12.25, 8.125],
			"faces": {
				"north": {"uv": [14, 1.75, 13.625, 2.125], "texture": "#0"},
				"east": {"uv": [13.875, 1.75, 14, 2.125], "texture": "#0"},
				"south": {"uv": [13.625, 1.75, 14, 2.125], "texture": "#0"},
				"west": {"uv": [13.625, 1.75, 13.75, 2.125], "texture": "#0"},
				"up": {"uv": [13.625, 1.75, 14, 1.875], "texture": "#0"},
				"down": {"uv": [13.625, 2, 14, 2.125], "texture": "#0"}
			}
		},
		{
			"name": "sculk_scythe_28",
			"from": [5.275, 12, 7.8],
			"to": [5.9, 12.125, 8.125],
			"faces": {
				"north": {"uv": [11.75, 1.875, 11.125, 2], "texture": "#0"},
				"east": {"uv": [11.625, 1.875, 11.75, 2], "texture": "#0"},
				"south": {"uv": [11.125, 1.875, 11.75, 2], "texture": "#0"},
				"west": {"uv": [11.125, 1.875, 11.25, 2], "texture": "#0"},
				"up": {"uv": [11.125, 1.875, 11.75, 2], "texture": "#0"},
				"down": {"uv": [11.125, 1.875, 11.75, 2], "texture": "#0"}
			}
		},
		{
			"name": "sculk_scythe_29",
			"from": [8.15, 12, 7.75],
			"to": [8.275, 12.125, 8.175],
			"faces": {
				"north": {"uv": [14.875, 1.875, 14.75, 2], "texture": "#0"},
				"east": {"uv": [14.75, 1.875, 14.875, 2], "texture": "#0"},
				"south": {"uv": [14.75, 1.875, 14.875, 2], "texture": "#0"},
				"west": {"uv": [14.75, 1.875, 14.875, 2], "texture": "#0"},
				"up": {"uv": [14.75, 1.875, 14.875, 2], "texture": "#0"},
				"down": {"uv": [14.75, 1.875, 14.875, 2], "texture": "#0"}
			}
		},
		{
			"name": "sculk_scythe_30",
			"from": [5.65, 11.875, 7.8],
			"to": [6.15, 12, 8.125],
			"faces": {
				"north": {"uv": [12, 2, 11.5, 2.125], "texture": "#0"},
				"east": {"uv": [11.875, 2, 12, 2.125], "texture": "#0"},
				"south": {"uv": [11.5, 2, 12, 2.125], "texture": "#0"},
				"west": {"uv": [11.5, 2, 11.625, 2.125], "texture": "#0"},
				"up": {"uv": [11.5, 2, 12, 2.125], "texture": "#0"},
				"down": {"uv": [11.5, 2, 12, 2.125], "texture": "#0"}
			}
		},
		{
			"name": "sculk_scythe_31",
			"from": [6.775, 11.75, 7.8],
			"to": [6.9, 12, 8.125],
			"faces": {
				"north": {"uv": [12.75, 2, 12.625, 2.25], "texture": "#0"},
				"east": {"uv": [12.625, 2, 12.75, 2.25], "texture": "#0"},
				"south": {"uv": [12.625, 2, 12.75, 2.25], "texture": "#0"},
				"west": {"uv": [12.625, 2, 12.75, 2.25], "texture": "#0"},
				"up": {"uv": [12.625, 2, 12.75, 2.125], "texture": "#0"},
				"down": {"uv": [12.625, 2.125, 12.75, 2.25], "texture": "#0"}
			}
		},
		{
			"name": "sculk_scythe_32",
			"from": [7.4, 11.875, 7.8],
			"to": [7.525, 12, 8.125],
			"faces": {
				"north": {"uv": [13.375, 2, 13.25, 2.125], "texture": "#0"},
				"east": {"uv": [13.25, 2, 13.375, 2.125], "texture": "#0"},
				"south": {"uv": [13.25, 2, 13.375, 2.125], "texture": "#0"},
				"west": {"uv": [13.25, 2, 13.375, 2.125], "texture": "#0"},
				"up": {"uv": [13.25, 2, 13.375, 2.125], "texture": "#0"},
				"down": {"uv": [13.25, 2, 13.375, 2.125], "texture": "#0"}
			}
		},
		{
			"name": "sculk_scythe_33",
			"from": [8.15, 11.875, 7.8],
			"to": [8.275, 12, 8.125],
			"faces": {
				"north": {"uv": [14.125, 2, 14, 2.125], "texture": "#0"},
				"east": {"uv": [14, 2, 14.125, 2.125], "texture": "#0"},
				"south": {"uv": [14, 2, 14.125, 2.125], "texture": "#0"},
				"west": {"uv": [14, 2, 14.125, 2.125], "texture": "#0"},
				"up": {"uv": [14, 2, 14.125, 2.125], "texture": "#0"},
				"down": {"uv": [14, 2, 14.125, 2.125], "texture": "#0"}
			}
		},
		{
			"name": "sculk_scythe_34",
			"from": [8.4, 11.875, 7.8],
			"to": [8.525, 12, 8.125],
			"faces": {
				"north": {"uv": [14.375, 2, 14.25, 2.125], "texture": "#0"},
				"east": {"uv": [14.25, 2, 14.375, 2.125], "texture": "#0"},
				"south": {"uv": [14.25, 2, 14.375, 2.125], "texture": "#0"},
				"west": {"uv": [14.25, 2, 14.375, 2.125], "texture": "#0"},
				"up": {"uv": [14.25, 2, 14.375, 2.125], "texture": "#0"},
				"down": {"uv": [14.25, 2, 14.375, 2.125], "texture": "#0"}
			}
		},
		{
			"name": "sculk_scythe_35",
			"from": [8.275, 11.125, 7.75],
			"to": [8.4, 12, 8.175],
			"faces": {
				"north": {"uv": [15, 2, 14.875, 2.875], "texture": "#0"},
				"east": {"uv": [14.875, 2, 15, 2.875], "texture": "#0"},
				"south": {"uv": [14.875, 2, 15, 2.875], "texture": "#0"},
				"west": {"uv": [14.875, 2, 15, 2.875], "texture": "#0"},
				"up": {"uv": [14.875, 2, 15, 2.125], "texture": "#0"},
				"down": {"uv": [14.875, 2.75, 15, 2.875], "texture": "#0"}
			}
		},
		{
			"name": "sculk_scythe_36",
			"from": [6.525, 11.625, 7.8],
			"to": [6.775, 11.875, 8.125],
			"faces": {
				"north": {"uv": [12.625, 2.125, 12.375, 2.375], "texture": "#0"},
				"east": {"uv": [12.5, 2.125, 12.625, 2.375], "texture": "#0"},
				"south": {"uv": [12.375, 2.125, 12.625, 2.375], "texture": "#0"},
				"west": {"uv": [12.375, 2.125, 12.5, 2.375], "texture": "#0"},
				"up": {"uv": [12.375, 2.125, 12.625, 2.25], "texture": "#0"},
				"down": {"uv": [12.375, 2.25, 12.625, 2.375], "texture": "#0"}
			}
		},
		{
			"name": "sculk_scythe_37",
			"from": [6.9, 11.75, 7.8],
			"to": [7.025, 11.875, 8.125],
			"faces": {
				"north": {"uv": [12.875, 2.125, 12.75, 2.25], "texture": "#0"},
				"east": {"uv": [12.75, 2.125, 12.875, 2.25], "texture": "#0"},
				"south": {"uv": [12.75, 2.125, 12.875, 2.25], "texture": "#0"},
				"west": {"uv": [12.75, 2.125, 12.875, 2.25], "texture": "#0"},
				"up": {"uv": [12.75, 2.125, 12.875, 2.25], "texture": "#0"},
				"down": {"uv": [12.75, 2.125, 12.875, 2.25], "texture": "#0"}
			}
		},
		{
			"name": "sculk_scythe_38",
			"from": [7.9, 11.625, 7.8],
			"to": [8.025, 11.875, 8.125],
			"faces": {
				"north": {"uv": [13.875, 2.125, 13.75, 2.375], "texture": "#0"},
				"east": {"uv": [13.75, 2.125, 13.875, 2.375], "texture": "#0"},
				"south": {"uv": [13.75, 2.125, 13.875, 2.375], "texture": "#0"},
				"west": {"uv": [13.75, 2.125, 13.875, 2.375], "texture": "#0"},
				"up": {"uv": [13.75, 2.125, 13.875, 2.25], "texture": "#0"},
				"down": {"uv": [13.75, 2.25, 13.875, 2.375], "texture": "#0"}
			}
		},
		{
			"name": "sculk_scythe_39",
			"from": [8.025, 11.375, 7.75],
			"to": [8.275, 11.875, 8.175],
			"faces": {
				"north": {"uv": [14.875, 2.125, 14.625, 2.625], "texture": "#0"},
				"east": {"uv": [14.75, 2.125, 14.875, 2.625], "texture": "#0"},
				"south": {"uv": [14.625, 2.125, 14.875, 2.625], "texture": "#0"},
				"west": {"uv": [14.625, 2.125, 14.75, 2.625], "texture": "#0"},
				"up": {"uv": [14.625, 2.125, 14.875, 2.25], "texture": "#0"},
				"down": {"uv": [14.625, 2.5, 14.875, 2.625], "texture": "#0"}
			}
		},
		{
			"name": "sculk_scythe_40",
			"from": [8.4, 11.375, 7.75],
			"to": [8.525, 11.875, 8.175],
			"faces": {
				"north": {"uv": [15.125, 2.125, 15, 2.625], "texture": "#0"},
				"east": {"uv": [15, 2.125, 15.125, 2.625], "texture": "#0"},
				"south": {"uv": [15, 2.125, 15.125, 2.625], "texture": "#0"},
				"west": {"uv": [15, 2.125, 15.125, 2.625], "texture": "#0"},
				"up": {"uv": [15, 2.125, 15.125, 2.25], "texture": "#0"},
				"down": {"uv": [15, 2.5, 15.125, 2.625], "texture": "#0"}
			}
		},
		{
			"name": "sculk_scythe_41",
			"from": [6.4, 11.625, 7.8],
			"to": [6.525, 11.75, 8.125],
			"faces": {
				"north": {"uv": [12.375, 2.25, 12.25, 2.375], "texture": "#0"},
				"east": {"uv": [12.25, 2.25, 12.375, 2.375], "texture": "#0"},
				"south": {"uv": [12.25, 2.25, 12.375, 2.375], "texture": "#0"},
				"west": {"uv": [12.25, 2.25, 12.375, 2.375], "texture": "#0"},
				"up": {"uv": [12.25, 2.25, 12.375, 2.375], "texture": "#0"},
				"down": {"uv": [12.25, 2.25, 12.375, 2.375], "texture": "#0"}
			}
		},
		{
			"name": "sculk_scythe_42",
			"from": [7.275, 11.375, 7.8],
			"to": [7.525, 11.75, 8.125],
			"faces": {
				"north": {"uv": [13.375, 2.25, 13.125, 2.625], "texture": "#0"},
				"east": {"uv": [13.25, 2.25, 13.375, 2.625], "texture": "#0"},
				"south": {"uv": [13.125, 2.25, 13.375, 2.625], "texture": "#0"},
				"west": {"uv": [13.125, 2.25, 13.25, 2.625], "texture": "#0"},
				"up": {"uv": [13.125, 2.25, 13.375, 2.375], "texture": "#0"},
				"down": {"uv": [13.125, 2.5, 13.375, 2.625], "texture": "#0"}
			}
		},
		{
			"name": "sculk_scythe_43",
			"from": [7.525, 11.25, 7.8],
			"to": [7.775, 11.625, 8.125],
			"faces": {
				"north": {"uv": [13.625, 2.375, 13.375, 2.75], "texture": "#0"},
				"east": {"uv": [13.5, 2.375, 13.625, 2.75], "texture": "#0"},
				"south": {"uv": [13.375, 2.375, 13.625, 2.75], "texture": "#0"},
				"west": {"uv": [13.375, 2.375, 13.5, 2.75], "texture": "#0"},
				"up": {"uv": [13.375, 2.375, 13.625, 2.5], "texture": "#0"},
				"down": {"uv": [13.375, 2.625, 13.625, 2.75], "texture": "#0"}
			}
		},
		{
			"name": "sculk_scythe_44",
			"from": [8.9, 12.125, 7.85],
			"to": [9.025, 12.5, 8.075],
			"faces": {
				"north": {"uv": [11.125, 2.5, 11, 2.875], "texture": "#0"},
				"east": {"uv": [11, 2.5, 11.125, 2.875], "texture": "#0"},
				"south": {"uv": [11, 2.5, 11.125, 2.875], "texture": "#0"},
				"west": {"uv": [11, 2.5, 11.125, 2.875], "texture": "#0"},
				"up": {"uv": [11, 2.5, 11.125, 2.625], "texture": "#0"},
				"down": {"uv": [11, 2.75, 11.125, 2.875], "texture": "#0"}
			}
		},
		{
			"name": "sculk_scythe_45",
			"from": [7.525, 11.625, 7.75],
			"to": [7.775, 12, 8.175],
			"faces": {
				"north": {"uv": [12.875, 2.5, 12.625, 2.875], "texture": "#0"},
				"east": {"uv": [12.75, 2.5, 12.875, 2.875], "texture": "#0"},
				"south": {"uv": [12.625, 2.5, 12.875, 2.875], "texture": "#0"},
				"west": {"uv": [12.625, 2.5, 12.75, 2.875], "texture": "#0"},
				"up": {"uv": [12.625, 2.5, 12.875, 2.625], "texture": "#0"},
				"down": {"uv": [12.625, 2.75, 12.875, 2.875], "texture": "#0"}
			}
		},
		{
			"name": "sculk_scythe_46",
			"from": [7.9, 11.125, 7.8],
			"to": [8.025, 11.5, 8.125],
			"faces": {
				"north": {"uv": [13.875, 2.5, 13.75, 2.875], "texture": "#0"},
				"east": {"uv": [13.75, 2.5, 13.875, 2.875], "texture": "#0"},
				"south": {"uv": [13.75, 2.5, 13.875, 2.875], "texture": "#0"},
				"west": {"uv": [13.75, 2.5, 13.875, 2.875], "texture": "#0"},
				"up": {"uv": [13.75, 2.5, 13.875, 2.625], "texture": "#0"},
				"down": {"uv": [13.75, 2.75, 13.875, 2.875], "texture": "#0"}
			}
		},
		{
			"name": "sculk_scythe_47",
			"from": [8.775, 12.125, 7.85],
			"to": [8.9, 12.375, 8.075],
			"faces": {
				"north": {"uv": [11, 2.625, 10.875, 2.875], "texture": "#0"},
				"east": {"uv": [10.875, 2.625, 11, 2.875], "texture": "#0"},
				"south": {"uv": [10.875, 2.625, 11, 2.875], "texture": "#0"},
				"west": {"uv": [10.875, 2.625, 11, 2.875], "texture": "#0"},
				"up": {"uv": [10.875, 2.625, 11, 2.75], "texture": "#0"},
				"down": {"uv": [10.875, 2.75, 11, 2.875], "texture": "#0"}
			}
		},
		{
			"name": "sculk_scythe_48",
			"from": [9.025, 12.125, 7.85],
			"to": [9.4, 12.375, 8.075],
			"faces": {
				"north": {"uv": [11.5, 2.625, 11.125, 2.875], "texture": "#0"},
				"east": {"uv": [11.375, 2.625, 11.5, 2.875], "texture": "#0"},
				"south": {"uv": [11.125, 2.625, 11.5, 2.875], "texture": "#0"},
				"west": {"uv": [11.125, 2.625, 11.25, 2.875], "texture": "#0"},
				"up": {"uv": [11.125, 2.625, 11.5, 2.75], "texture": "#0"},
				"down": {"uv": [11.125, 2.75, 11.5, 2.875], "texture": "#0"}
			}
		},
		{
			"name": "sculk_scythe_49",
			"from": [7.4, 11.75, 7.75],
			"to": [7.525, 11.875, 8.175],
			"faces": {
				"north": {"uv": [12.625, 2.625, 12.5, 2.75], "texture": "#0"},
				"east": {"uv": [12.5, 2.625, 12.625, 2.75], "texture": "#0"},
				"south": {"uv": [12.5, 2.625, 12.625, 2.75], "texture": "#0"},
				"west": {"uv": [12.5, 2.625, 12.625, 2.75], "texture": "#0"},
				"up": {"uv": [12.5, 2.625, 12.625, 2.75], "texture": "#0"},
				"down": {"uv": [12.5, 2.625, 12.625, 2.75], "texture": "#0"}
			}
		},
		{
			"name": "sculk_scythe_50",
			"from": [7.775, 11.375, 7.75],
			"to": [7.9, 11.875, 8.175],
			"faces": {
				"north": {"uv": [13, 2.625, 12.875, 3.125], "texture": "#0"},
				"east": {"uv": [12.875, 2.625, 13, 3.125], "texture": "#0"},
				"south": {"uv": [12.875, 2.625, 13, 3.125], "texture": "#0"},
				"west": {"uv": [12.875, 2.625, 13, 3.125], "texture": "#0"},
				"up": {"uv": [12.875, 2.625, 13, 2.75], "texture": "#0"},
				"down": {"uv": [12.875, 3, 13, 3.125], "texture": "#0"}
			}
		},
		{
			"name": "sculk_scythe_51",
			"from": [7.4, 11.25, 7.8],
			"to": [7.525, 11.375, 8.125],
			"faces": {
				"north": {"uv": [13.375, 2.625, 13.25, 2.75], "texture": "#0"},
				"east": {"uv": [13.25, 2.625, 13.375, 2.75], "texture": "#0"},
				"south": {"uv": [13.25, 2.625, 13.375, 2.75], "texture": "#0"},
				"west": {"uv": [13.25, 2.625, 13.375, 2.75], "texture": "#0"},
				"up": {"uv": [13.25, 2.625, 13.375, 2.75], "texture": "#0"},
				"down": {"uv": [13.25, 2.625, 13.375, 2.75], "texture": "#0"}
			}
		},
		{
			"name": "sculk_scythe_52",
			"from": [7.775, 11.125, 7.8],
			"to": [7.9, 11.375, 8.125],
			"faces": {
				"north": {"uv": [13.75, 2.625, 13.625, 2.875], "texture": "#0"},
				"east": {"uv": [13.625, 2.625, 13.75, 2.875], "texture": "#0"},
				"south": {"uv": [13.625, 2.625, 13.75, 2.875], "texture": "#0"},
				"west": {"uv": [13.625, 2.625, 13.75, 2.875], "texture": "#0"},
				"up": {"uv": [13.625, 2.625, 13.75, 2.75], "texture": "#0"},
				"down": {"uv": [13.625, 2.75, 13.75, 2.875], "texture": "#0"}
			}
		},
		{
			"name": "sculk_scythe_53",
			"from": [8.025, 10.25, 7.75],
			"to": [8.275, 11.375, 8.175],
			"faces": {
				"north": {"uv": [14.125, 2.625, 13.875, 3.75], "texture": "#0"},
				"east": {"uv": [14, 2.625, 14.125, 3.75], "texture": "#0"},
				"south": {"uv": [13.875, 2.625, 14.125, 3.75], "texture": "#0"},
				"west": {"uv": [13.875, 2.625, 14, 3.75], "texture": "#0"},
				"up": {"uv": [13.875, 2.625, 14.125, 2.75], "texture": "#0"},
				"down": {"uv": [13.875, 3.625, 14.125, 3.75], "texture": "#0"}
			}
		},
		{
			"name": "sculk_scythe_54",
			"from": [8.4, 11, 7.8],
			"to": [8.525, 11.375, 8.125],
			"faces": {
				"north": {"uv": [14.375, 2.625, 14.25, 3], "texture": "#0"},
				"east": {"uv": [14.25, 2.625, 14.375, 3], "texture": "#0"},
				"south": {"uv": [14.25, 2.625, 14.375, 3], "texture": "#0"},
				"west": {"uv": [14.25, 2.625, 14.375, 3], "texture": "#0"},
				"up": {"uv": [14.25, 2.625, 14.375, 2.75], "texture": "#0"},
				"down": {"uv": [14.25, 2.875, 14.375, 3], "texture": "#0"}
			}
		},
		{
			"name": "sculk_scythe_55",
			"from": [8.65, 12, 7.85],
			"to": [8.775, 12.25, 8.075],
			"faces": {
				"north": {"uv": [10.875, 2.75, 10.75, 3], "texture": "#0"},
				"east": {"uv": [10.75, 2.75, 10.875, 3], "texture": "#0"},
				"south": {"uv": [10.75, 2.75, 10.875, 3], "texture": "#0"},
				"west": {"uv": [10.75, 2.75, 10.875, 3], "texture": "#0"},
				"up": {"uv": [10.75, 2.75, 10.875, 2.875], "texture": "#0"},
				"down": {"uv": [10.75, 2.875, 10.875, 3], "texture": "#0"}
			}
		},
		{
			"name": "sculk_scythe_56",
			"from": [9.4, 12, 7.85],
			"to": [9.65, 12.25, 8.075],
			"faces": {
				"north": {"uv": [11.75, 2.75, 11.5, 3], "texture": "#0"},
				"east": {"uv": [11.625, 2.75, 11.75, 3], "texture": "#0"},
				"south": {"uv": [11.5, 2.75, 11.75, 3], "texture": "#0"},
				"west": {"uv": [11.5, 2.75, 11.625, 3], "texture": "#0"},
				"up": {"uv": [11.5, 2.75, 11.75, 2.875], "texture": "#0"},
				"down": {"uv": [11.5, 2.875, 11.75, 3], "texture": "#0"}
			}
		},
		{
			"name": "sculk_scythe_57",
			"from": [4.4, 11.75, 7.85],
			"to": [5.275, 12.125, 8.075],
			"faces": {
				"north": {"uv": [7.375, 2.875, 6.5, 3.25], "texture": "#0"},
				"east": {"uv": [7.25, 2.875, 7.375, 3.25], "texture": "#0"},
				"south": {"uv": [6.5, 2.875, 7.375, 3.25], "texture": "#0"},
				"west": {"uv": [6.5, 2.875, 6.625, 3.25], "texture": "#0"},
				"up": {"uv": [6.5, 2.875, 7.375, 3], "texture": "#0"},
				"down": {"uv": [6.5, 3.125, 7.375, 3.25], "texture": "#0"}
			}
		},
		{
			"name": "sculk_scythe_58",
			"from": [8.525, 11.875, 7.85],
			"to": [8.65, 12.125, 8.075],
			"faces": {
				"north": {"uv": [10.75, 2.875, 10.625, 3.125], "texture": "#0"},
				"east": {"uv": [10.625, 2.875, 10.75, 3.125], "texture": "#0"},
				"south": {"uv": [10.625, 2.875, 10.75, 3.125], "texture": "#0"},
				"west": {"uv": [10.625, 2.875, 10.75, 3.125], "texture": "#0"},
				"up": {"uv": [10.625, 2.875, 10.75, 3], "texture": "#0"},
				"down": {"uv": [10.625, 3, 10.75, 3.125], "texture": "#0"}
			}
		},
		{
			"name": "sculk_scythe_59",
			"from": [7.9, 11.5, 7.75],
			"to": [8.025, 11.625, 8.175],
			"faces": {
				"north": {"uv": [13.125, 2.875, 13, 3], "texture": "#0"},
				"east": {"uv": [13, 2.875, 13.125, 3], "texture": "#0"},
				"south": {"uv": [13, 2.875, 13.125, 3], "texture": "#0"},
				"west": {"uv": [13, 2.875, 13.125, 3], "texture": "#0"},
				"up": {"uv": [13, 2.875, 13.125, 3], "texture": "#0"},
				"down": {"uv": [13, 2.875, 13.125, 3], "texture": "#0"}
			}
		},
		{
			"name": "sculk_scythe_60",
			"from": [8.275, 10.5, 7.8],
			"to": [8.4, 11.125, 8.125],
			"faces": {
				"north": {"uv": [14.25, 2.875, 14.125, 3.5], "texture": "#0"},
				"east": {"uv": [14.125, 2.875, 14.25, 3.5], "texture": "#0"},
				"south": {"uv": [14.125, 2.875, 14.25, 3.5], "texture": "#0"},
				"west": {"uv": [14.125, 2.875, 14.25, 3.5], "texture": "#0"},
				"up": {"uv": [14.125, 2.875, 14.25, 3], "texture": "#0"},
				"down": {"uv": [14.125, 3.375, 14.25, 3.5], "texture": "#0"}
			}
		},
		{
			"name": "sculk_scythe_61",
			"from": [4.15, 11.5, 7.85],
			"to": [4.4, 12, 8.075],
			"faces": {
				"north": {"uv": [6.5, 3, 6.25, 3.5], "texture": "#0"},
				"east": {"uv": [6.375, 3, 6.5, 3.5], "texture": "#0"},
				"south": {"uv": [6.25, 3, 6.5, 3.5], "texture": "#0"},
				"west": {"uv": [6.25, 3, 6.375, 3.5], "texture": "#0"},
				"up": {"uv": [6.25, 3, 6.5, 3.125], "texture": "#0"},
				"down": {"uv": [6.25, 3.375, 6.5, 3.5], "texture": "#0"}
			}
		},
		{
			"name": "sculk_scythe_62",
			"from": [5.275, 11.875, 7.85],
			"to": [5.65, 12, 8.075],
			"faces": {
				"north": {"uv": [7.75, 3, 7.375, 3.125], "texture": "#0"},
				"east": {"uv": [7.625, 3, 7.75, 3.125], "texture": "#0"},
				"south": {"uv": [7.375, 3, 7.75, 3.125], "texture": "#0"},
				"west": {"uv": [7.375, 3, 7.5, 3.125], "texture": "#0"},
				"up": {"uv": [7.375, 3, 7.75, 3.125], "texture": "#0"},
				"down": {"uv": [7.375, 3, 7.75, 3.125], "texture": "#0"}
			}
		},
		{
			"name": "sculk_scythe_63",
			"from": [3.9, 11.5, 7.85],
			"to": [4.15, 11.875, 8.075],
			"faces": {
				"north": {"uv": [6.25, 3.125, 6, 3.5], "texture": "#0"},
				"east": {"uv": [6.125, 3.125, 6.25, 3.5], "texture": "#0"},
				"south": {"uv": [6, 3.125, 6.25, 3.5], "texture": "#0"},
				"west": {"uv": [6, 3.125, 6.125, 3.5], "texture": "#0"},
				"up": {"uv": [6, 3.125, 6.25, 3.25], "texture": "#0"},
				"down": {"uv": [6, 3.375, 6.25, 3.5], "texture": "#0"}
			}
		},
		{
			"name": "sculk_scythe_64",
			"from": [5.275, 11.75, 7.85],
			"to": [5.4, 11.875, 8.075],
			"faces": {
				"north": {"uv": [7.5, 3.125, 7.375, 3.25], "texture": "#0"},
				"east": {"uv": [7.375, 3.125, 7.5, 3.25], "texture": "#0"},
				"south": {"uv": [7.375, 3.125, 7.5, 3.25], "texture": "#0"},
				"west": {"uv": [7.375, 3.125, 7.5, 3.25], "texture": "#0"},
				"up": {"uv": [7.375, 3.125, 7.5, 3.25], "texture": "#0"},
				"down": {"uv": [7.375, 3.125, 7.5, 3.25], "texture": "#0"}
			}
		},
		{
			"name": "sculk_scythe_65",
			"from": [7.9, 10, 7.75],
			"to": [8.025, 10.875, 8.175],
			"faces": {
				"north": {"uv": [13.875, 3.125, 13.75, 4], "texture": "#0"},
				"east": {"uv": [13.75, 3.125, 13.875, 4], "texture": "#0"},
				"south": {"uv": [13.75, 3.125, 13.875, 4], "texture": "#0"},
				"west": {"uv": [13.75, 3.125, 13.875, 4], "texture": "#0"},
				"up": {"uv": [13.75, 3.125, 13.875, 3.25], "texture": "#0"},
				"down": {"uv": [13.75, 3.875, 13.875, 4], "texture": "#0"}
			}
		},
		{
			"name": "sculk_scythe_66",
			"from": [3.65, 11.375, 7.85],
			"to": [3.9, 11.75, 8.075],
			"faces": {
				"north": {"uv": [6, 3.25, 5.75, 3.625], "texture": "#0"},
				"east": {"uv": [5.875, 3.25, 6, 3.625], "texture": "#0"},
				"south": {"uv": [5.75, 3.25, 6, 3.625], "texture": "#0"},
				"west": {"uv": [5.75, 3.25, 5.875, 3.625], "texture": "#0"},
				"up": {"uv": [5.75, 3.25, 6, 3.375], "texture": "#0"},
				"down": {"uv": [5.75, 3.5, 6, 3.625], "texture": "#0"}
			}
		},
		{
			"name": "sculk_scythe_67",
			"from": [4.4, 11.625, 7.85],
			"to": [4.775, 11.75, 8.075],
			"faces": {
				"north": {"uv": [6.875, 3.25, 6.5, 3.375], "texture": "#0"},
				"east": {"uv": [6.75, 3.25, 6.875, 3.375], "texture": "#0"},
				"south": {"uv": [6.5, 3.25, 6.875, 3.375], "texture": "#0"},
				"west": {"uv": [6.5, 3.25, 6.625, 3.375], "texture": "#0"},
				"up": {"uv": [6.5, 3.25, 6.875, 3.375], "texture": "#0"},
				"down": {"uv": [6.5, 3.25, 6.875, 3.375], "texture": "#0"}
			}
		},
		{
			"name": "sculk_scythe_68",
			"from": [6.275, 12.25, 7.9],
			"to": [6.4, 12.75, 8.025],
			"faces": {
				"north": {"uv": [8.5, 3.25, 8.375, 3.75], "texture": "#0"},
				"east": {"uv": [8.375, 3.25, 8.5, 3.75], "texture": "#0"},
				"south": {"uv": [8.375, 3.25, 8.5, 3.75], "texture": "#0"},
				"west": {"uv": [8.375, 3.25, 8.5, 3.75], "texture": "#0"},
				"up": {"uv": [8.375, 3.25, 8.5, 3.375], "texture": "#0"},
				"down": {"uv": [8.375, 3.625, 8.5, 3.75], "texture": "#0"}
			}
		},
		{
			"name": "sculk_scythe_69",
			"from": [7.15, 12.625, 7.9],
			"to": [7.4, 12.75, 8.025],
			"faces": {
				"north": {"uv": [9.5, 3.25, 9.25, 3.375], "texture": "#0"},
				"east": {"uv": [9.375, 3.25, 9.5, 3.375], "texture": "#0"},
				"south": {"uv": [9.25, 3.25, 9.5, 3.375], "texture": "#0"},
				"west": {"uv": [9.25, 3.25, 9.375, 3.375], "texture": "#0"},
				"up": {"uv": [9.25, 3.25, 9.5, 3.375], "texture": "#0"},
				"down": {"uv": [9.25, 3.25, 9.5, 3.375], "texture": "#0"}
			}
		},
		{
			"name": "sculk_scythe_70",
			"from": [8.4, 12.625, 7.9],
			"to": [8.525, 12.75, 8.025],
			"faces": {
				"north": {"uv": [10.625, 3.25, 10.5, 3.375], "texture": "#0"},
				"east": {"uv": [10.5, 3.25, 10.625, 3.375], "texture": "#0"},
				"south": {"uv": [10.5, 3.25, 10.625, 3.375], "texture": "#0"},
				"west": {"uv": [10.5, 3.25, 10.625, 3.375], "texture": "#0"},
				"up": {"uv": [10.5, 3.25, 10.625, 3.375], "texture": "#0"},
				"down": {"uv": [10.5, 3.25, 10.625, 3.375], "texture": "#0"}
			}
		},
		{
			"name": "sculk_scythe_71",
			"from": [3.525, 11.25, 7.85],
			"to": [3.65, 11.625, 8.075],
			"faces": {
				"north": {"uv": [5.75, 3.375, 5.625, 3.75], "texture": "#0"},
				"east": {"uv": [5.625, 3.375, 5.75, 3.75], "texture": "#0"},
				"south": {"uv": [5.625, 3.375, 5.75, 3.75], "texture": "#0"},
				"west": {"uv": [5.625, 3.375, 5.75, 3.75], "texture": "#0"},
				"up": {"uv": [5.625, 3.375, 5.75, 3.5], "texture": "#0"},
				"down": {"uv": [5.625, 3.625, 5.75, 3.75], "texture": "#0"}
			}
		},
		{
			"name": "sculk_scythe_72",
			"from": [5.775, 12.25, 7.9],
			"to": [6.275, 12.625, 8.025],
			"faces": {
				"north": {"uv": [8.375, 3.375, 7.875, 3.75], "texture": "#0"},
				"east": {"uv": [8.25, 3.375, 8.375, 3.75], "texture": "#0"},
				"south": {"uv": [7.875, 3.375, 8.375, 3.75], "texture": "#0"},
				"west": {"uv": [7.875, 3.375, 8, 3.75], "texture": "#0"},
				"up": {"uv": [7.875, 3.375, 8.375, 3.5], "texture": "#0"},
				"down": {"uv": [7.875, 3.625, 8.375, 3.75], "texture": "#0"}
			}
		},
		{
			"name": "sculk_scythe_73",
			"from": [6.4, 12.375, 7.9],
			"to": [6.775, 12.625, 8.025],
			"faces": {
				"north": {"uv": [8.875, 3.375, 8.5, 3.625], "texture": "#0"},
				"east": {"uv": [8.75, 3.375, 8.875, 3.625], "texture": "#0"},
				"south": {"uv": [8.5, 3.375, 8.875, 3.625], "texture": "#0"},
				"west": {"uv": [8.5, 3.375, 8.625, 3.625], "texture": "#0"},
				"up": {"uv": [8.5, 3.375, 8.875, 3.5], "texture": "#0"},
				"down": {"uv": [8.5, 3.5, 8.875, 3.625], "texture": "#0"}
			}
		},
		{
			"name": "sculk_scythe_74",
			"from": [3.4, 11.25, 7.85],
			"to": [3.525, 11.5, 8.075],
			"faces": {
				"north": {"uv": [5.625, 3.5, 5.5, 3.75], "texture": "#0"},
				"east": {"uv": [5.5, 3.5, 5.625, 3.75], "texture": "#0"},
				"south": {"uv": [5.5, 3.5, 5.625, 3.75], "texture": "#0"},
				"west": {"uv": [5.5, 3.5, 5.625, 3.75], "texture": "#0"},
				"up": {"uv": [5.5, 3.5, 5.625, 3.625], "texture": "#0"},
				"down": {"uv": [5.5, 3.625, 5.625, 3.75], "texture": "#0"}
			}
		},
		{
			"name": "sculk_scythe_75",
			"from": [5.15, 12.375, 7.9],
			"to": [5.775, 12.5, 8.025],
			"faces": {
				"north": {"uv": [7.875, 3.5, 7.25, 3.625], "texture": "#0"},
				"east": {"uv": [7.75, 3.5, 7.875, 3.625], "texture": "#0"},
				"south": {"uv": [7.25, 3.5, 7.875, 3.625], "texture": "#0"},
				"west": {"uv": [7.25, 3.5, 7.375, 3.625], "texture": "#0"},
				"up": {"uv": [7.25, 3.5, 7.875, 3.625], "texture": "#0"},
				"down": {"uv": [7.25, 3.5, 7.875, 3.625], "texture": "#0"}
			}
		},
		{
			"name": "sculk_scythe_76",
			"from": [6.775, 12.375, 7.9],
			"to": [6.9, 12.5, 8.025],
			"faces": {
				"north": {"uv": [9, 3.5, 8.875, 3.625], "texture": "#0"},
				"east": {"uv": [8.875, 3.5, 9, 3.625], "texture": "#0"},
				"south": {"uv": [8.875, 3.5, 9, 3.625], "texture": "#0"},
				"west": {"uv": [8.875, 3.5, 9, 3.625], "texture": "#0"},
				"up": {"uv": [8.875, 3.5, 9, 3.625], "texture": "#0"},
				"down": {"uv": [8.875, 3.5, 9, 3.625], "texture": "#0"}
			}
		},
		{
			"name": "sculk_scythe_77",
			"from": [7.775, 10, 7.75],
			"to": [7.9, 10.5, 8.175],
			"faces": {
				"north": {"uv": [13.75, 3.5, 13.625, 4], "texture": "#0"},
				"east": {"uv": [13.625, 3.5, 13.75, 4], "texture": "#0"},
				"south": {"uv": [13.625, 3.5, 13.75, 4], "texture": "#0"},
				"west": {"uv": [13.625, 3.5, 13.75, 4], "texture": "#0"},
				"up": {"uv": [13.625, 3.5, 13.75, 3.625], "texture": "#0"},
				"down": {"uv": [13.625, 3.875, 13.75, 4], "texture": "#0"}
			}
		},
		{
			"name": "sculk_scythe_78",
			"from": [3.275, 11.125, 7.85],
			"to": [3.4, 11.375, 8.075],
			"faces": {
				"north": {"uv": [5.5, 3.625, 5.375, 3.875], "texture": "#0"},
				"east": {"uv": [5.375, 3.625, 5.5, 3.875], "texture": "#0"},
				"south": {"uv": [5.375, 3.625, 5.5, 3.875], "texture": "#0"},
				"west": {"uv": [5.375, 3.625, 5.5, 3.875], "texture": "#0"},
				"up": {"uv": [5.375, 3.625, 5.5, 3.75], "texture": "#0"},
				"down": {"uv": [5.375, 3.75, 5.5, 3.875], "texture": "#0"}
			}
		},
		{
			"name": "sculk_scythe_79",
			"from": [5.4, 12.25, 7.9],
			"to": [5.775, 12.375, 8.025],
			"faces": {
				"north": {"uv": [7.875, 3.625, 7.5, 3.75], "texture": "#0"},
				"east": {"uv": [7.75, 3.625, 7.875, 3.75], "texture": "#0"},
				"south": {"uv": [7.5, 3.625, 7.875, 3.75], "texture": "#0"},
				"west": {"uv": [7.5, 3.625, 7.625, 3.75], "texture": "#0"},
				"up": {"uv": [7.5, 3.625, 7.875, 3.75], "texture": "#0"},
				"down": {"uv": [7.5, 3.625, 7.875, 3.75], "texture": "#0"}
			}
		},
		{
			"name": "sculk_scythe_80",
			"from": [6.4, 12.25, 7.9],
			"to": [6.65, 12.375, 8.025],
			"faces": {
				"north": {"uv": [8.75, 3.625, 8.5, 3.75], "texture": "#0"},
				"east": {"uv": [8.625, 3.625, 8.75, 3.75], "texture": "#0"},
				"south": {"uv": [8.5, 3.625, 8.75, 3.75], "texture": "#0"},
				"west": {"uv": [8.5, 3.625, 8.625, 3.75], "texture": "#0"},
				"up": {"uv": [8.5, 3.625, 8.75, 3.75], "texture": "#0"},
				"down": {"uv": [8.5, 3.625, 8.75, 3.75], "texture": "#0"}
			}
		},
		{
			"name": "sculk_scythe_81",
			"from": [3.15, 11, 7.85],
			"to": [3.275, 11.25, 8.075],
			"faces": {
				"north": {"uv": [5.375, 3.75, 5.25, 4], "texture": "#0"},
				"east": {"uv": [5.25, 3.75, 5.375, 4], "texture": "#0"},
				"south": {"uv": [5.25, 3.75, 5.375, 4], "texture": "#0"},
				"west": {"uv": [5.25, 3.75, 5.375, 4], "texture": "#0"},
				"up": {"uv": [5.25, 3.75, 5.375, 3.875], "texture": "#0"},
				"down": {"uv": [5.25, 3.875, 5.375, 4], "texture": "#0"}
			}
		},
		{
			"name": "sculk_scythe_82",
			"from": [4.4, 12.125, 7.9],
			"to": [4.9, 12.25, 8.025],
			"faces": {
				"north": {"uv": [7, 3.75, 6.5, 3.875], "texture": "#0"},
				"east": {"uv": [6.875, 3.75, 7, 3.875], "texture": "#0"},
				"south": {"uv": [6.5, 3.75, 7, 3.875], "texture": "#0"},
				"west": {"uv": [6.5, 3.75, 6.625, 3.875], "texture": "#0"},
				"up": {"uv": [6.5, 3.75, 7, 3.875], "texture": "#0"},
				"down": {"uv": [6.5, 3.75, 7, 3.875], "texture": "#0"}
			}
		},
		{
			"name": "sculk_scythe_83",
			"from": [5.65, 12.125, 7.9],
			"to": [5.9, 12.25, 8.025],
			"faces": {
				"north": {"uv": [8, 3.75, 7.75, 3.875], "texture": "#0"},
				"east": {"uv": [7.875, 3.75, 8, 3.875], "texture": "#0"},
				"south": {"uv": [7.75, 3.75, 8, 3.875], "texture": "#0"},
				"west": {"uv": [7.75, 3.75, 7.875, 3.875], "texture": "#0"},
				"up": {"uv": [7.75, 3.75, 8, 3.875], "texture": "#0"},
				"down": {"uv": [7.75, 3.75, 8, 3.875], "texture": "#0"}
			}
		},
		{
			"name": "sculk_scythe_84",
			"from": [9.65, 11.5, 7.9],
			"to": [9.775, 12.25, 8.025],
			"faces": {
				"north": {"uv": [11.875, 3.75, 11.75, 4.5], "texture": "#0"},
				"east": {"uv": [11.75, 3.75, 11.875, 4.5], "texture": "#0"},
				"south": {"uv": [11.75, 3.75, 11.875, 4.5], "texture": "#0"},
				"west": {"uv": [11.75, 3.75, 11.875, 4.5], "texture": "#0"},
				"up": {"uv": [11.75, 3.75, 11.875, 3.875], "texture": "#0"},
				"down": {"uv": [11.75, 4.375, 11.875, 4.5], "texture": "#0"}
			}
		},
		{
			"name": "sculk_scythe_85",
			"from": [7.525, 9.75, 7.75],
			"to": [7.775, 10.25, 8.175],
			"faces": {
				"north": {"uv": [13.625, 3.75, 13.375, 4.25], "texture": "#0"},
				"east": {"uv": [13.5, 3.75, 13.625, 4.25], "texture": "#0"},
				"south": {"uv": [13.375, 3.75, 13.625, 4.25], "texture": "#0"},
				"west": {"uv": [13.375, 3.75, 13.5, 4.25], "texture": "#0"},
				"up": {"uv": [13.375, 3.75, 13.625, 3.875], "texture": "#0"},
				"down": {"uv": [13.375, 4.125, 13.625, 4.25], "texture": "#0"}
			}
		},
		{
			"name": "sculk_scythe_86",
			"from": [8.025, 10, 7.75],
			"to": [8.15, 10.25, 8.175],
			"faces": {
				"north": {"uv": [14, 3.75, 13.875, 4], "texture": "#0"},
				"east": {"uv": [13.875, 3.75, 14, 4], "texture": "#0"},
				"south": {"uv": [13.875, 3.75, 14, 4], "texture": "#0"},
				"west": {"uv": [13.875, 3.75, 14, 4], "texture": "#0"},
				"up": {"uv": [13.875, 3.75, 14, 3.875], "texture": "#0"},
				"down": {"uv": [13.875, 3.875, 14, 4], "texture": "#0"}
			}
		},
		{
			"name": "sculk_scythe_87",
			"from": [3.025, 11, 7.85],
			"to": [3.15, 11.125, 8.075],
			"faces": {
				"north": {"uv": [5.25, 3.875, 5.125, 4], "texture": "#0"},
				"east": {"uv": [5.125, 3.875, 5.25, 4], "texture": "#0"},
				"south": {"uv": [5.125, 3.875, 5.25, 4], "texture": "#0"},
				"west": {"uv": [5.125, 3.875, 5.25, 4], "texture": "#0"},
				"up": {"uv": [5.125, 3.875, 5.25, 4], "texture": "#0"},
				"down": {"uv": [5.125, 3.875, 5.25, 4], "texture": "#0"}
			}
		},
		{
			"name": "sculk_scythe_88",
			"from": [4.15, 12, 7.9],
			"to": [4.4, 12.125, 8.025],
			"faces": {
				"north": {"uv": [6.5, 3.875, 6.25, 4], "texture": "#0"},
				"east": {"uv": [6.375, 3.875, 6.5, 4], "texture": "#0"},
				"south": {"uv": [6.25, 3.875, 6.5, 4], "texture": "#0"},
				"west": {"uv": [6.25, 3.875, 6.375, 4], "texture": "#0"},
				"up": {"uv": [6.25, 3.875, 6.5, 4], "texture": "#0"},
				"down": {"uv": [6.25, 3.875, 6.5, 4], "texture": "#0"}
			}
		},
		{
			"name": "sculk_scythe_89",
			"from": [8.775, 11.875, 7.9],
			"to": [9.4, 12.125, 8.025],
			"faces": {
				"north": {"uv": [11.5, 3.875, 10.875, 4.125], "texture": "#0"},
				"east": {"uv": [11.375, 3.875, 11.5, 4.125], "texture": "#0"},
				"south": {"uv": [10.875, 3.875, 11.5, 4.125], "texture": "#0"},
				"west": {"uv": [10.875, 3.875, 11, 4.125], "texture": "#0"},
				"up": {"uv": [10.875, 3.875, 11.5, 4], "texture": "#0"},
				"down": {"uv": [10.875, 4, 11.5, 4.125], "texture": "#0"}
			}
		},
		{
			"name": "sculk_scythe_90",
			"from": [9.775, 11.375, 7.9],
			"to": [9.9, 12.125, 8.025],
			"faces": {
				"north": {"uv": [12, 3.875, 11.875, 4.625], "texture": "#0"},
				"east": {"uv": [11.875, 3.875, 12, 4.625], "texture": "#0"},
				"south": {"uv": [11.875, 3.875, 12, 4.625], "texture": "#0"},
				"west": {"uv": [11.875, 3.875, 12, 4.625], "texture": "#0"},
				"up": {"uv": [11.875, 3.875, 12, 4], "texture": "#0"},
				"down": {"uv": [11.875, 4.5, 12, 4.625], "texture": "#0"}
			}
		},
		{
			"name": "sculk_scythe_91",
			"from": [7.4, 9.625, 7.8],
			"to": [7.525, 10.125, 8.125],
			"faces": {
				"north": {"uv": [13.375, 3.875, 13.25, 4.375], "texture": "#0"},
				"east": {"uv": [13.25, 3.875, 13.375, 4.375], "texture": "#0"},
				"south": {"uv": [13.25, 3.875, 13.375, 4.375], "texture": "#0"},
				"west": {"uv": [13.25, 3.875, 13.375, 4.375], "texture": "#0"},
				"up": {"uv": [13.25, 3.875, 13.375, 4], "texture": "#0"},
				"down": {"uv": [13.25, 4.25, 13.375, 4.375], "texture": "#0"}
			}
		},
		{
			"name": "sculk_scythe_92",
			"from": [3.9, 11.875, 7.9],
			"to": [4.15, 12, 8.025],
			"faces": {
				"north": {"uv": [6.25, 4, 6, 4.125], "texture": "#0"},
				"east": {"uv": [6.125, 4, 6.25, 4.125], "texture": "#0"},
				"south": {"uv": [6, 4, 6.25, 4.125], "texture": "#0"},
				"west": {"uv": [6, 4, 6.125, 4.125], "texture": "#0"},
				"up": {"uv": [6, 4, 6.25, 4.125], "texture": "#0"},
				"down": {"uv": [6, 4, 6.25, 4.125], "texture": "#0"}
			}
		},
		{
			"name": "sculk_scythe_93",
			"from": [6.15, 11.75, 7.9],
			"to": [6.525, 12, 8.025],
			"faces": {
				"north": {"uv": [8.625, 4, 8.25, 4.25], "texture": "#0"},
				"east": {"uv": [8.5, 4, 8.625, 4.25], "texture": "#0"},
				"south": {"uv": [8.25, 4, 8.625, 4.25], "texture": "#0"},
				"west": {"uv": [8.25, 4, 8.375, 4.25], "texture": "#0"},
				"up": {"uv": [8.25, 4, 8.625, 4.125], "texture": "#0"},
				"down": {"uv": [8.25, 4.125, 8.625, 4.25], "texture": "#0"}
			}
		},
		{
			"name": "sculk_scythe_94",
			"from": [6.525, 11.875, 7.9],
			"to": [6.775, 12, 8.025],
			"faces": {
				"north": {"uv": [8.875, 4, 8.625, 4.125], "texture": "#0"},
				"east": {"uv": [8.75, 4, 8.875, 4.125], "texture": "#0"},
				"south": {"uv": [8.625, 4, 8.875, 4.125], "texture": "#0"},
				"west": {"uv": [8.625, 4, 8.75, 4.125], "texture": "#0"},
				"up": {"uv": [8.625, 4, 8.875, 4.125], "texture": "#0"},
				"down": {"uv": [8.625, 4, 8.875, 4.125], "texture": "#0"}
			}
		},
		{
			"name": "sculk_scythe_95",
			"from": [8.65, 11.875, 7.9],
			"to": [8.775, 12, 8.025],
			"faces": {
				"north": {"uv": [10.875, 4, 10.75, 4.125], "texture": "#0"},
				"east": {"uv": [10.75, 4, 10.875, 4.125], "texture": "#0"},
				"south": {"uv": [10.75, 4, 10.875, 4.125], "texture": "#0"},
				"west": {"uv": [10.75, 4, 10.875, 4.125], "texture": "#0"},
				"up": {"uv": [10.75, 4, 10.875, 4.125], "texture": "#0"},
				"down": {"uv": [10.75, 4, 10.875, 4.125], "texture": "#0"}
			}
		},
		{
			"name": "sculk_scythe_96",
			"from": [9.4, 11.625, 7.9],
			"to": [9.65, 12, 8.025],
			"faces": {
				"north": {"uv": [11.75, 4, 11.5, 4.375], "texture": "#0"},
				"east": {"uv": [11.625, 4, 11.75, 4.375], "texture": "#0"},
				"south": {"uv": [11.5, 4, 11.75, 4.375], "texture": "#0"},
				"west": {"uv": [11.5, 4, 11.625, 4.375], "texture": "#0"},
				"up": {"uv": [11.5, 4, 11.75, 4.125], "texture": "#0"},
				"down": {"uv": [11.5, 4.25, 11.75, 4.375], "texture": "#0"}
			}
		},
		{
			"name": "sculk_scythe_97",
			"from": [9.9, 11.375, 7.9],
			"to": [10.025, 12, 8.025],
			"faces": {
				"north": {"uv": [12.125, 4, 12, 4.625], "texture": "#0"},
				"east": {"uv": [12, 4, 12.125, 4.625], "texture": "#0"},
				"south": {"uv": [12, 4, 12.125, 4.625], "texture": "#0"},
				"west": {"uv": [12, 4, 12.125, 4.625], "texture": "#0"},
				"up": {"uv": [12, 4, 12.125, 4.125], "texture": "#0"},
				"down": {"uv": [12, 4.5, 12.125, 4.625], "texture": "#0"}
			}
		},
		{
			"name": "sculk_scythe_98",
			"from": [3.65, 11.75, 7.9],
			"to": [3.9, 11.875, 8.025],
			"faces": {
				"north": {"uv": [6, 4.125, 5.75, 4.25], "texture": "#0"},
				"east": {"uv": [5.875, 4.125, 6, 4.25], "texture": "#0"},
				"south": {"uv": [5.75, 4.125, 6, 4.25], "texture": "#0"},
				"west": {"uv": [5.75, 4.125, 5.875, 4.25], "texture": "#0"},
				"up": {"uv": [5.75, 4.125, 6, 4.25], "texture": "#0"},
				"down": {"uv": [5.75, 4.125, 6, 4.25], "texture": "#0"}
			}
		},
		{
			"name": "sculk_scythe_99",
			"from": [5.4, 11.5, 7.9],
			"to": [5.9, 11.875, 8.025],
			"faces": {
				"north": {"uv": [8, 4.125, 7.5, 4.5], "texture": "#0"},
				"east": {"uv": [7.875, 4.125, 8, 4.5], "texture": "#0"},
				"south": {"uv": [7.5, 4.125, 8, 4.5], "texture": "#0"},
				"west": {"uv": [7.5, 4.125, 7.625, 4.5], "texture": "#0"},
				"up": {"uv": [7.5, 4.125, 8, 4.25], "texture": "#0"},
				"down": {"uv": [7.5, 4.375, 8, 4.5], "texture": "#0"}
			}
		},
		{
			"name": "sculk_scythe_100",
			"from": [5.9, 11.625, 7.9],
			"to": [6.15, 11.875, 8.025],
			"faces": {
				"north": {"uv": [8.25, 4.125, 8, 4.375], "texture": "#0"},
				"east": {"uv": [8.125, 4.125, 8.25, 4.375], "texture": "#0"},
				"south": {"uv": [8, 4.125, 8.25, 4.375], "texture": "#0"},
				"west": {"uv": [8, 4.125, 8.125, 4.375], "texture": "#0"},
				"up": {"uv": [8, 4.125, 8.25, 4.25], "texture": "#0"},
				"down": {"uv": [8, 4.25, 8.25, 4.375], "texture": "#0"}
			}
		},
		{
			"name": "sculk_scythe_101",
			"from": [7.025, 11.5, 7.9],
			"to": [7.15, 11.875, 8.025],
			"faces": {
				"north": {"uv": [9.25, 4.125, 9.125, 4.5], "texture": "#0"},
				"east": {"uv": [9.125, 4.125, 9.25, 4.5], "texture": "#0"},
				"south": {"uv": [9.125, 4.125, 9.25, 4.5], "texture": "#0"},
				"west": {"uv": [9.125, 4.125, 9.25, 4.5], "texture": "#0"},
				"up": {"uv": [9.125, 4.125, 9.25, 4.25], "texture": "#0"},
				"down": {"uv": [9.125, 4.375, 9.25, 4.5], "texture": "#0"}
			}
		},
		{
			"name": "sculk_scythe_102",
			"from": [8.525, 11.75, 7.9],
			"to": [8.65, 11.875, 8.025],
			"faces": {
				"north": {"uv": [10.75, 4.125, 10.625, 4.25], "texture": "#0"},
				"east": {"uv": [10.625, 4.125, 10.75, 4.25], "texture": "#0"},
				"south": {"uv": [10.625, 4.125, 10.75, 4.25], "texture": "#0"},
				"west": {"uv": [10.625, 4.125, 10.75, 4.25], "texture": "#0"},
				"up": {"uv": [10.625, 4.125, 10.75, 4.25], "texture": "#0"},
				"down": {"uv": [10.625, 4.125, 10.75, 4.25], "texture": "#0"}
			}
		},
		{
			"name": "sculk_scythe_103",
			"from": [9.15, 11.75, 7.9],
			"to": [9.4, 11.875, 8.025],
			"faces": {
				"north": {"uv": [11.5, 4.125, 11.25, 4.25], "texture": "#0"},
				"east": {"uv": [11.375, 4.125, 11.5, 4.25], "texture": "#0"},
				"south": {"uv": [11.25, 4.125, 11.5, 4.25], "texture": "#0"},
				"west": {"uv": [11.25, 4.125, 11.375, 4.25], "texture": "#0"},
				"up": {"uv": [11.25, 4.125, 11.5, 4.25], "texture": "#0"},
				"down": {"uv": [11.25, 4.125, 11.5, 4.25], "texture": "#0"}
			}
		},
		{
			"name": "sculk_scythe_104",
			"from": [10.025, 11.25, 7.9],
			"to": [10.15, 11.875, 8.025],
			"faces": {
				"north": {"uv": [12.25, 4.125, 12.125, 4.75], "texture": "#0"},
				"east": {"uv": [12.125, 4.125, 12.25, 4.75], "texture": "#0"},
				"south": {"uv": [12.125, 4.125, 12.25, 4.75], "texture": "#0"},
				"west": {"uv": [12.125, 4.125, 12.25, 4.75], "texture": "#0"},
				"up": {"uv": [12.125, 4.125, 12.25, 4.25], "texture": "#0"},
				"down": {"uv": [12.125, 4.625, 12.25, 4.75], "texture": "#0"}
			}
		},
		{
			"name": "sculk_scythe_105",
			"from": [3.525, 11.625, 7.9],
			"to": [3.65, 11.75, 8.025],
			"faces": {
				"north": {"uv": [5.75, 4.25, 5.625, 4.375], "texture": "#0"},
				"east": {"uv": [5.625, 4.25, 5.75, 4.375], "texture": "#0"},
				"south": {"uv": [5.625, 4.25, 5.75, 4.375], "texture": "#0"},
				"west": {"uv": [5.625, 4.25, 5.75, 4.375], "texture": "#0"},
				"up": {"uv": [5.625, 4.25, 5.75, 4.375], "texture": "#0"},
				"down": {"uv": [5.625, 4.25, 5.75, 4.375], "texture": "#0"}
			}
		},
		{
			"name": "sculk_scythe_106",
			"from": [4.775, 11.375, 7.9],
			"to": [5.4, 11.75, 8.025],
			"faces": {
				"north": {"uv": [7.5, 4.25, 6.875, 4.625], "texture": "#0"},
				"east": {"uv": [7.375, 4.25, 7.5, 4.625], "texture": "#0"},
				"south": {"uv": [6.875, 4.25, 7.5, 4.625], "texture": "#0"},
				"west": {"uv": [6.875, 4.25, 7, 4.625], "texture": "#0"},
				"up": {"uv": [6.875, 4.25, 7.5, 4.375], "texture": "#0"},
				"down": {"uv": [6.875, 4.5, 7.5, 4.625], "texture": "#0"}
			}
		},
		{
			"name": "sculk_scythe_107",
			"from": [6.15, 11.625, 7.9],
			"to": [6.4, 11.75, 8.025],
			"faces": {
				"north": {"uv": [8.5, 4.25, 8.25, 4.375], "texture": "#0"},
				"east": {"uv": [8.375, 4.25, 8.5, 4.375], "texture": "#0"},
				"south": {"uv": [8.25, 4.25, 8.5, 4.375], "texture": "#0"},
				"west": {"uv": [8.25, 4.25, 8.375, 4.375], "texture": "#0"},
				"up": {"uv": [8.25, 4.25, 8.5, 4.375], "texture": "#0"},
				"down": {"uv": [8.25, 4.25, 8.5, 4.375], "texture": "#0"}
			}
		},
		{
			"name": "sculk_scythe_108",
			"from": [6.775, 11.5, 7.9],
			"to": [7.025, 11.75, 8.025],
			"faces": {
				"north": {"uv": [9.125, 4.25, 8.875, 4.5], "texture": "#0"},
				"east": {"uv": [9, 4.25, 9.125, 4.5], "texture": "#0"},
				"south": {"uv": [8.875, 4.25, 9.125, 4.5], "texture": "#0"},
				"west": {"uv": [8.875, 4.25, 9, 4.5], "texture": "#0"},
				"up": {"uv": [8.875, 4.25, 9.125, 4.375], "texture": "#0"},
				"down": {"uv": [8.875, 4.375, 9.125, 4.5], "texture": "#0"}
			}
		},
		{
			"name": "sculk_scythe_109",
			"from": [7.15, 11.5, 7.9],
			"to": [7.275, 11.75, 8.025],
			"faces": {
				"north": {"uv": [9.375, 4.25, 9.25, 4.5], "texture": "#0"},
				"east": {"uv": [9.25, 4.25, 9.375, 4.5], "texture": "#0"},
				"south": {"uv": [9.25, 4.25, 9.375, 4.5], "texture": "#0"},
				"west": {"uv": [9.25, 4.25, 9.375, 4.5], "texture": "#0"},
				"up": {"uv": [9.25, 4.25, 9.375, 4.375], "texture": "#0"},
				"down": {"uv": [9.25, 4.375, 9.375, 4.5], "texture": "#0"}
			}
		},
		{
			"name": "sculk_scythe_110",
			"from": [7.525, 9.375, 7.8],
			"to": [7.65, 9.75, 8.125],
			"faces": {
				"north": {"uv": [13.5, 4.25, 13.375, 4.625], "texture": "#0"},
				"east": {"uv": [13.375, 4.25, 13.5, 4.625], "texture": "#0"},
				"south": {"uv": [13.375, 4.25, 13.5, 4.625], "texture": "#0"},
				"west": {"uv": [13.375, 4.25, 13.5, 4.625], "texture": "#0"},
				"up": {"uv": [13.375, 4.25, 13.5, 4.375], "texture": "#0"},
				"down": {"uv": [13.375, 4.5, 13.5, 4.625], "texture": "#0"}
			}
		},
		{
			"name": "sculk_scythe_111",
			"from": [3.4, 11.5, 7.9],
			"to": [3.525, 11.625, 8.025],
			"faces": {
				"north": {"uv": [5.625, 4.375, 5.5, 4.5], "texture": "#0"},
				"east": {"uv": [5.5, 4.375, 5.625, 4.5], "texture": "#0"},
				"south": {"uv": [5.5, 4.375, 5.625, 4.5], "texture": "#0"},
				"west": {"uv": [5.5, 4.375, 5.625, 4.5], "texture": "#0"},
				"up": {"uv": [5.5, 4.375, 5.625, 4.5], "texture": "#0"},
				"down": {"uv": [5.5, 4.375, 5.625, 4.5], "texture": "#0"}
			}
		},
		{
			"name": "sculk_scythe_112",
			"from": [4.4, 11.25, 7.9],
			"to": [4.775, 11.625, 8.025],
			"faces": {
				"north": {"uv": [6.875, 4.375, 6.5, 4.75], "texture": "#0"},
				"east": {"uv": [6.75, 4.375, 6.875, 4.75], "texture": "#0"},
				"south": {"uv": [6.5, 4.375, 6.875, 4.75], "texture": "#0"},
				"west": {"uv": [6.5, 4.375, 6.625, 4.75], "texture": "#0"},
				"up": {"uv": [6.5, 4.375, 6.875, 4.5], "texture": "#0"},
				"down": {"uv": [6.5, 4.625, 6.875, 4.75], "texture": "#0"}
			}
		},
		{
			"name": "sculk_scythe_113",
			"from": [10.15, 11.125, 7.9],
			"to": [10.275, 11.625, 8.025],
			"faces": {
				"north": {"uv": [12.375, 4.375, 12.25, 4.875], "texture": "#0"},
				"east": {"uv": [12.25, 4.375, 12.375, 4.875], "texture": "#0"},
				"south": {"uv": [12.25, 4.375, 12.375, 4.875], "texture": "#0"},
				"west": {"uv": [12.25, 4.375, 12.375, 4.875], "texture": "#0"},
				"up": {"uv": [12.25, 4.375, 12.375, 4.5], "texture": "#0"},
				"down": {"uv": [12.25, 4.75, 12.375, 4.875], "texture": "#0"}
			}
		},
		{
			"name": "sculk_scythe_114",
			"from": [3.275, 11.375, 7.9],
			"to": [3.4, 11.5, 8.025],
			"faces": {
				"north": {"uv": [5.5, 4.5, 5.375, 4.625], "texture": "#0"},
				"east": {"uv": [5.375, 4.5, 5.5, 4.625], "texture": "#0"},
				"south": {"uv": [5.375, 4.5, 5.5, 4.625], "texture": "#0"},
				"west": {"uv": [5.375, 4.5, 5.5, 4.625], "texture": "#0"},
				"up": {"uv": [5.375, 4.5, 5.5, 4.625], "texture": "#0"},
				"down": {"uv": [5.375, 4.5, 5.5, 4.625], "texture": "#0"}
			}
		},
		{
			"name": "sculk_scythe_115",
			"from": [3.9, 11.125, 7.9],
			"to": [4.4, 11.5, 8.025],
			"faces": {
				"north": {"uv": [6.5, 4.5, 6, 4.875], "texture": "#0"},
				"east": {"uv": [6.375, 4.5, 6.5, 4.875], "texture": "#0"},
				"south": {"uv": [6, 4.5, 6.5, 4.875], "texture": "#0"},
				"west": {"uv": [6, 4.5, 6.125, 4.875], "texture": "#0"},
				"up": {"uv": [6, 4.5, 6.5, 4.625], "texture": "#0"},
				"down": {"uv": [6, 4.75, 6.5, 4.875], "texture": "#0"}
			}
		},
		{
			"name": "sculk_scythe_116",
			"from": [3.15, 11.25, 7.9],
			"to": [3.275, 11.375, 8.025],
			"faces": {
				"north": {"uv": [5.375, 4.625, 5.25, 4.75], "texture": "#0"},
				"east": {"uv": [5.25, 4.625, 5.375, 4.75], "texture": "#0"},
				"south": {"uv": [5.25, 4.625, 5.375, 4.75], "texture": "#0"},
				"west": {"uv": [5.25, 4.625, 5.375, 4.75], "texture": "#0"},
				"up": {"uv": [5.25, 4.625, 5.375, 4.75], "texture": "#0"},
				"down": {"uv": [5.25, 4.625, 5.375, 4.75], "texture": "#0"}
			}
		},
		{
			"name": "sculk_scythe_117",
			"from": [3.65, 11, 7.9],
			"to": [3.9, 11.375, 8.025],
			"faces": {
				"north": {"uv": [6, 4.625, 5.75, 5], "texture": "#0"},
				"east": {"uv": [5.875, 4.625, 6, 5], "texture": "#0"},
				"south": {"uv": [5.75, 4.625, 6, 5], "texture": "#0"},
				"west": {"uv": [5.75, 4.625, 5.875, 5], "texture": "#0"},
				"up": {"uv": [5.75, 4.625, 6, 4.75], "texture": "#0"},
				"down": {"uv": [5.75, 4.875, 6, 5], "texture": "#0"}
			}
		},
		{
			"name": "sculk_scythe_118",
			"from": [4.775, 11.25, 7.9],
			"to": [4.9, 11.375, 8.025],
			"faces": {
				"north": {"uv": [7, 4.625, 6.875, 4.75], "texture": "#0"},
				"east": {"uv": [6.875, 4.625, 7, 4.75], "texture": "#0"},
				"south": {"uv": [6.875, 4.625, 7, 4.75], "texture": "#0"},
				"west": {"uv": [6.875, 4.625, 7, 4.75], "texture": "#0"},
				"up": {"uv": [6.875, 4.625, 7, 4.75], "texture": "#0"},
				"down": {"uv": [6.875, 4.625, 7, 4.75], "texture": "#0"}
			}
		},
		{
			"name": "sculk_scythe_119",
			"from": [10.275, 11, 7.9],
			"to": [10.4, 11.375, 8.025],
			"faces": {
				"north": {"uv": [12.5, 4.625, 12.375, 5], "texture": "#0"},
				"east": {"uv": [12.375, 4.625, 12.5, 5], "texture": "#0"},
				"south": {"uv": [12.375, 4.625, 12.5, 5], "texture": "#0"},
				"west": {"uv": [12.375, 4.625, 12.5, 5], "texture": "#0"},
				"up": {"uv": [12.375, 4.625, 12.5, 4.75], "texture": "#0"},
				"down": {"uv": [12.375, 4.875, 12.5, 5], "texture": "#0"}
			}
		},
		{
			"name": "sculk_scythe_120",
			"from": [3.025, 11.125, 7.9],
			"to": [3.15, 11.25, 8.025],
			"faces": {
				"north": {"uv": [5.25, 4.75, 5.125, 4.875], "texture": "#0"},
				"east": {"uv": [5.125, 4.75, 5.25, 4.875], "texture": "#0"},
				"south": {"uv": [5.125, 4.75, 5.25, 4.875], "texture": "#0"},
				"west": {"uv": [5.125, 4.75, 5.25, 4.875], "texture": "#0"},
				"up": {"uv": [5.125, 4.75, 5.25, 4.875], "texture": "#0"},
				"down": {"uv": [5.125, 4.75, 5.25, 4.875], "texture": "#0"}
			}
		},
		{
			"name": "sculk_scythe_121",
			"from": [3.4, 10.875, 7.9],
			"to": [3.65, 11.25, 8.025],
			"faces": {
				"north": {"uv": [5.75, 4.75, 5.5, 5.125], "texture": "#0"},
				"east": {"uv": [5.625, 4.75, 5.75, 5.125], "texture": "#0"},
				"south": {"uv": [5.5, 4.75, 5.75, 5.125], "texture": "#0"},
				"west": {"uv": [5.5, 4.75, 5.625, 5.125], "texture": "#0"},
				"up": {"uv": [5.5, 4.75, 5.75, 4.875], "texture": "#0"},
				"down": {"uv": [5.5, 5, 5.75, 5.125], "texture": "#0"}
			}
		},
		{
			"name": "sculk_scythe_122",
			"from": [7.65, 10.25, 7.8],
			"to": [7.775, 11.25, 8.125],
			"faces": {
				"north": {"uv": [9.875, 4.75, 9.75, 5.75], "texture": "#0"},
				"east": {"uv": [9.75, 4.75, 9.875, 5.75], "texture": "#0"},
				"south": {"uv": [9.75, 4.75, 9.875, 5.75], "texture": "#0"},
				"west": {"uv": [9.75, 4.75, 9.875, 5.75], "texture": "#0"},
				"up": {"uv": [9.75, 4.75, 9.875, 4.875], "texture": "#0"},
				"down": {"uv": [9.75, 5.625, 9.875, 5.75], "texture": "#0"}
			}
		},
		{
			"name": "sculk_scythe_123",
			"from": [2.9, 10.5, 7.9],
			"to": [3.025, 11.125, 8.025],
			"faces": {
				"north": {"uv": [5.125, 4.875, 5, 5.5], "texture": "#0"},
				"east": {"uv": [5, 4.875, 5.125, 5.5], "texture": "#0"},
				"south": {"uv": [5, 4.875, 5.125, 5.5], "texture": "#0"},
				"west": {"uv": [5, 4.875, 5.125, 5.5], "texture": "#0"},
				"up": {"uv": [5, 4.875, 5.125, 5], "texture": "#0"},
				"down": {"uv": [5, 5.375, 5.125, 5.5], "texture": "#0"}
			}
		},
		{
			"name": "sculk_scythe_124",
			"from": [3.275, 10.75, 7.9],
			"to": [3.4, 11.125, 8.025],
			"faces": {
				"north": {"uv": [5.5, 4.875, 5.375, 5.25], "texture": "#0"},
				"east": {"uv": [5.375, 4.875, 5.5, 5.25], "texture": "#0"},
				"south": {"uv": [5.375, 4.875, 5.5, 5.25], "texture": "#0"},
				"west": {"uv": [5.375, 4.875, 5.5, 5.25], "texture": "#0"},
				"up": {"uv": [5.375, 4.875, 5.5, 5], "texture": "#0"},
				"down": {"uv": [5.375, 5.125, 5.5, 5.25], "texture": "#0"}
			}
		},
		{
			"name": "sculk_scythe_125",
			"from": [3.9, 11, 7.9],
			"to": [4.025, 11.125, 8.025],
			"faces": {
				"north": {"uv": [6.125, 4.875, 6, 5], "texture": "#0"},
				"east": {"uv": [6, 4.875, 6.125, 5], "texture": "#0"},
				"south": {"uv": [6, 4.875, 6.125, 5], "texture": "#0"},
				"west": {"uv": [6, 4.875, 6.125, 5], "texture": "#0"},
				"up": {"uv": [6, 4.875, 6.125, 5], "texture": "#0"},
				"down": {"uv": [6, 4.875, 6.125, 5], "texture": "#0"}
			}
		},
		{
			"name": "sculk_scythe_126",
			"from": [7.775, 10.875, 7.8],
			"to": [8.025, 11.125, 8.125],
			"faces": {
				"north": {"uv": [10.125, 4.875, 9.875, 5.125], "texture": "#0"},
				"east": {"uv": [10, 4.875, 10.125, 5.125], "texture": "#0"},
				"south": {"uv": [9.875, 4.875, 10.125, 5.125], "texture": "#0"},
				"west": {"uv": [9.875, 4.875, 10, 5.125], "texture": "#0"},
				"up": {"uv": [9.875, 4.875, 10.125, 5], "texture": "#0"},
				"down": {"uv": [9.875, 5, 10.125, 5.125], "texture": "#0"}
			}
		},
		{
			"name": "sculk_scythe_127",
			"from": [2.775, 10.375, 7.9],
			"to": [2.9, 11, 8.025],
			"faces": {
				"north": {"uv": [5, 5, 4.875, 5.625], "texture": "#0"},
				"east": {"uv": [4.875, 5, 5, 5.625], "texture": "#0"},
				"south": {"uv": [4.875, 5, 5, 5.625], "texture": "#0"},
				"west": {"uv": [4.875, 5, 5, 5.625], "texture": "#0"},
				"up": {"uv": [4.875, 5, 5, 5.125], "texture": "#0"},
				"down": {"uv": [4.875, 5.5, 5, 5.625], "texture": "#0"}
			}
		},
		{
			"name": "sculk_scythe_128",
			"from": [3.025, 10.625, 7.9],
			"to": [3.275, 11, 8.025],
			"faces": {
				"north": {"uv": [5.375, 5, 5.125, 5.375], "texture": "#0"},
				"east": {"uv": [5.25, 5, 5.375, 5.375], "texture": "#0"},
				"south": {"uv": [5.125, 5, 5.375, 5.375], "texture": "#0"},
				"west": {"uv": [5.125, 5, 5.25, 5.375], "texture": "#0"},
				"up": {"uv": [5.125, 5, 5.375, 5.125], "texture": "#0"},
				"down": {"uv": [5.125, 5.25, 5.375, 5.375], "texture": "#0"}
			}
		},
		{
			"name": "sculk_scythe_129",
			"from": [3.65, 10.875, 7.9],
			"to": [3.775, 11, 8.025],
			"faces": {
				"north": {"uv": [5.875, 5, 5.75, 5.125], "texture": "#0"},
				"east": {"uv": [5.75, 5, 5.875, 5.125], "texture": "#0"},
				"south": {"uv": [5.75, 5, 5.875, 5.125], "texture": "#0"},
				"west": {"uv": [5.75, 5, 5.875, 5.125], "texture": "#0"},
				"up": {"uv": [5.75, 5, 5.875, 5.125], "texture": "#0"},
				"down": {"uv": [5.75, 5, 5.875, 5.125], "texture": "#0"}
			}
		},
		{
			"name": "sculk_scythe_130",
			"from": [7.775, 10.5, 7.8],
			"to": [7.9, 10.875, 8.125],
			"faces": {
				"north": {"uv": [10, 5.125, 9.875, 5.5], "texture": "#0"},
				"east": {"uv": [9.875, 5.125, 10, 5.5], "texture": "#0"},
				"south": {"uv": [9.875, 5.125, 10, 5.5], "texture": "#0"},
				"west": {"uv": [9.875, 5.125, 10, 5.5], "texture": "#0"},
				"up": {"uv": [9.875, 5.125, 10, 5.25], "texture": "#0"},
				"down": {"uv": [9.875, 5.375, 10, 5.5], "texture": "#0"}
			}
		},
		{
			"name": "sculk_scythe_131",
			"from": [2.65, 10.25, 7.9],
			"to": [2.775, 10.625, 8.025],
			"faces": {
				"north": {"uv": [4.875, 5.375, 4.75, 5.75], "texture": "#0"},
				"east": {"uv": [4.75, 5.375, 4.875, 5.75], "texture": "#0"},
				"south": {"uv": [4.75, 5.375, 4.875, 5.75], "texture": "#0"},
				"west": {"uv": [4.75, 5.375, 4.875, 5.75], "texture": "#0"},
				"up": {"uv": [4.75, 5.375, 4.875, 5.5], "texture": "#0"},
				"down": {"uv": [4.75, 5.625, 4.875, 5.75], "texture": "#0"}
			}
		},
		{
			"name": "sculk_scythe_132",
			"from": [7.775, 3.25, 7.8],
			"to": [8.025, 10, 8.125],
			"faces": {
				"north": {"uv": [10.125, 6, 9.875, 12.75], "texture": "#0"},
				"east": {"uv": [10, 6, 10.125, 12.75], "texture": "#0"},
				"south": {"uv": [9.875, 6, 10.125, 12.75], "texture": "#0"},
				"west": {"uv": [9.875, 6, 10, 12.75], "texture": "#0"},
				"up": {"uv": [9.875, 6, 10.125, 6.125], "texture": "#0"},
				"down": {"uv": [9.875, 12.625, 10.125, 12.75], "texture": "#0"}
			}
		},
		{
			"name": "sculk_scythe_133",
			"from": [7.65, 3.25, 7.8],
			"to": [7.775, 9.75, 8.125],
			"faces": {
				"north": {"uv": [9.875, 6.25, 9.75, 12.75], "texture": "#0"},
				"east": {"uv": [9.75, 6.25, 9.875, 12.75], "texture": "#0"},
				"south": {"uv": [9.75, 6.25, 9.875, 12.75], "texture": "#0"},
				"west": {"uv": [9.75, 6.25, 9.875, 12.75], "texture": "#0"},
				"up": {"uv": [9.75, 6.25, 9.875, 6.375], "texture": "#0"},
				"down": {"uv": [9.75, 12.625, 9.875, 12.75], "texture": "#0"}
			}
		},
		{
			"name": "sculk_scythe_134",
			"from": [7.525, 2.375, 7.65],
			"to": [8.15, 3.25, 8.275],
			"faces": {
				"north": {"uv": [10.25, 13, 9.625, 13.875], "texture": "#0"},
				"east": {"uv": [10.25, 13, 9.625, 13.875], "texture": "#0"},
				"south": {"uv": [9.625, 13, 10.25, 13.875], "texture": "#0"},
				"west": {"uv": [10.25, 13, 9.625, 13.875], "texture": "#0"},
				"up": {"uv": [9.625, 13, 10.25, 13.125], "texture": "#0"},
				"down": {"uv": [9.625, 13.75, 10.25, 13.875], "texture": "#0"}
			}
		}
	],
	"gui_light": "front",
	"display": {
		"thirdperson_righthand": {
			"rotation": [0, -90, 0],
			"translation": [-0.25, 0, 1.75],
			"scale": [3.5, 3.5, 3.5]
		},
		"thirdperson_lefthand": {
			"rotation": [0, 90, 0],
			"translation": [-0.25, 0, 1.75],
			"scale": [3.5, 3.5, 3.5]
		},
		"firstperson_righthand": {
			"rotation": [-4, -90, -8],
			"translation": [2.5, 4.75, 0.25],
			"scale": [2.25, 2.25, 2.25]
		},
		"firstperson_lefthand": {
			"rotation": [11, 90, -8],
			"translation": [2.5, 4.75, 0.25],
			"scale": [2.25, 2.25, 2.25]
		},
		"ground": {
			"translation": [0, 7.75, 0],
			"scale": [2, 2, 2]
		},
		"gui": {
			"rotation": [0, 0, -42],
			"translation": [0.25, -0.75, 0],
			"scale": [2, 2, 2]
		},
		"head": {
			"rotation": [0, 0, -132],
			"translation": [-4.25, -12.5, 4],
			"scale": [4, 4, 4]
		},
		"fixed": {
			"rotation": [-180, 0, 138],
			"translation": [-1.25, 1.75, 0.25],
			"scale": [4, 4, 3]
		}
	},
	"groups": [
		{
			"name": "sculk_scythe",
			"origin": [8, 8, 8],
			"color": 0,
			"nbt": "{}",
			"children": [
				0,
				1,
				2,
				3,
				4,
				5,
				6,
				7,
				8,
				9,
				10,
				11,
				12,
				13,
				14,
				15,
				16,
				17,
				18,
				19,
				20,
				21,
				22,
				23,
				24,
				25,
				26,
				27,
				28,
				29,
				30,
				31,
				32,
				33,
				34,
				35,
				36,
				37,
				38,
				39,
				40,
				41,
				42,
				43,
				44,
				45,
				46,
				47,
				48,
				49,
				50,
				51,
				52,
				53,
				54,
				55,
				56,
				57,
				58,
				59,
				60,
				61,
				62,
				63,
				64,
				65,
				66,
				67,
				68,
				69,
				70,
				71,
				72,
				73,
				74,
				75,
				76,
				77,
				78,
				79,
				80,
				81,
				82,
				83,
				84,
				85,
				86,
				87,
				88,
				89,
				90,
				91,
				92,
				93,
				94,
				95,
				96,
				97,
				98,
				99,
				100,
				101,
				102,
				103,
				104,
				105,
				106,
				107,
				108,
				109,
				110,
				111,
				112,
				113,
				114,
				115,
				116,
				117,
				118,
				119,
				120,
				121,
				122,
				123,
				124,
				125,
				126,
				127,
				128,
				129,
				130,
				131,
				132,
				133,
				134
			]
		}
	]
}