{
	"credit": "Made with Blockbench",
	"textures": {
		"0": "prominent:item/transmog/sculk_cleaver",
		"particle": "prominent:item/transmog/sculk_cleaver"
	},
	"elements": [
		{
			"name": "sculk_cleaver_0",
			"from": [7, 7.125, 7.9],
			"to": [7.25, 11.625, 8.025],
			"faces": {
				"north": {"uv": [7.25, 4.375, 7, 8.875], "texture": "#0"},
				"east": {"uv": [7.125, 4.375, 7.25, 8.875], "texture": "#0"},
				"south": {"uv": [7, 4.375, 7.25, 8.875], "texture": "#0"},
				"west": {"uv": [7, 4.375, 7.125, 8.875], "texture": "#0"},
				"up": {"uv": [7, 4.375, 7.25, 4.5], "texture": "#0"},
				"down": {"uv": [7, 8.75, 7.25, 8.875], "texture": "#0"}
			}
		},
		{
			"name": "sculk_cleaver_1",
			"from": [7.25, 10.125, 7.9],
			"to": [7.625, 11.5, 8.025],
			"faces": {
				"north": {"uv": [7.625, 4.5, 7.25, 5.875], "texture": "#0"},
				"east": {"uv": [7.5, 4.5, 7.625, 5.875], "texture": "#0"},
				"south": {"uv": [7.25, 4.5, 7.625, 5.875], "texture": "#0"},
				"west": {"uv": [7.25, 4.5, 7.375, 5.875], "texture": "#0"},
				"up": {"uv": [7.25, 4.5, 7.625, 4.625], "texture": "#0"},
				"down": {"uv": [7.25, 5.75, 7.625, 5.875], "texture": "#0"}
			}
		},
		{
			"name": "sculk_cleaver_2",
			"from": [7.625, 11.25, 7.9],
			"to": [7.75, 11.5, 8.025],
			"faces": {
				"north": {"uv": [7.75, 4.5, 7.625, 4.75], "texture": "#0"},
				"east": {"uv": [7.625, 4.5, 7.75, 4.75], "texture": "#0"},
				"south": {"uv": [7.625, 4.5, 7.75, 4.75], "texture": "#0"},
				"west": {"uv": [7.625, 4.5, 7.75, 4.75], "texture": "#0"},
				"up": {"uv": [7.625, 4.5, 7.75, 4.625], "texture": "#0"},
				"down": {"uv": [7.625, 4.625, 7.75, 4.75], "texture": "#0"}
			}
		},
		{
			"name": "sculk_cleaver_3",
			"from": [7.75, 11.125, 7.85],
			"to": [8.25, 11.375, 8.075],
			"faces": {
				"north": {"uv": [9.25, 4.625, 8.75, 4.875], "texture": "#0"},
				"east": {"uv": [9.125, 4.625, 9.25, 4.875], "texture": "#0"},
				"south": {"uv": [8.75, 4.625, 9.25, 4.875], "texture": "#0"},
				"west": {"uv": [8.75, 4.625, 8.875, 4.875], "texture": "#0"},
				"up": {"uv": [8.75, 4.625, 9.25, 4.75], "texture": "#0"},
				"down": {"uv": [8.75, 4.75, 9.25, 4.875], "texture": "#0"}
			}
		},
		{
			"name": "sculk_cleaver_4",
			"from": [7.625, 10.875, 7.85],
			"to": [7.75, 11.25, 8.075],
			"faces": {
				"north": {"uv": [8.75, 4.75, 8.625, 5.125], "texture": "#0"},
				"east": {"uv": [8.625, 4.75, 8.75, 5.125], "texture": "#0"},
				"south": {"uv": [8.625, 4.75, 8.75, 5.125], "texture": "#0"},
				"west": {"uv": [8.625, 4.75, 8.75, 5.125], "texture": "#0"},
				"up": {"uv": [8.625, 4.75, 8.75, 4.875], "texture": "#0"},
				"down": {"uv": [8.625, 5, 8.75, 5.125], "texture": "#0"}
			}
		},
		{
			"name": "sculk_cleaver_5",
			"from": [8, 9.625, 7.85],
			"to": [8.25, 11.125, 8.075],
			"faces": {
				"north": {"uv": [9.25, 4.875, 9, 6.375], "texture": "#0"},
				"east": {"uv": [9.125, 4.875, 9.25, 6.375], "texture": "#0"},
				"south": {"uv": [9, 4.875, 9.25, 6.375], "texture": "#0"},
				"west": {"uv": [9, 4.875, 9.125, 6.375], "texture": "#0"},
				"up": {"uv": [9, 4.875, 9.25, 5], "texture": "#0"},
				"down": {"uv": [9, 6.25, 9.25, 6.375], "texture": "#0"}
			}
		},
		{
			"name": "sculk_cleaver_6",
			"from": [7.625, 10.25, 7.9],
			"to": [7.75, 10.875, 8.025],
			"faces": {
				"north": {"uv": [7.75, 5.125, 7.625, 5.75], "texture": "#0"},
				"east": {"uv": [7.625, 5.125, 7.75, 5.75], "texture": "#0"},
				"south": {"uv": [7.625, 5.125, 7.75, 5.75], "texture": "#0"},
				"west": {"uv": [7.625, 5.125, 7.75, 5.75], "texture": "#0"},
				"up": {"uv": [7.625, 5.125, 7.75, 5.25], "texture": "#0"},
				"down": {"uv": [7.625, 5.625, 7.75, 5.75], "texture": "#0"}
			}
		},
		{
			"name": "sculk_cleaver_7",
			"from": [7.75, 10.75, 7.85],
			"to": [8, 10.875, 8.075],
			"faces": {
				"north": {"uv": [9, 5.125, 8.75, 5.25], "texture": "#0"},
				"east": {"uv": [8.875, 5.125, 9, 5.25], "texture": "#0"},
				"south": {"uv": [8.75, 5.125, 9, 5.25], "texture": "#0"},
				"west": {"uv": [8.75, 5.125, 8.875, 5.25], "texture": "#0"},
				"up": {"uv": [8.75, 5.125, 9, 5.25], "texture": "#0"},
				"down": {"uv": [8.75, 5.125, 9, 5.25], "texture": "#0"}
			}
		},
		{
			"name": "sculk_cleaver_8",
			"from": [7.75, 10.625, 7.9],
			"to": [7.875, 10.75, 8.025],
			"faces": {
				"north": {"uv": [7.875, 5.25, 7.75, 5.375], "texture": "#0"},
				"east": {"uv": [7.75, 5.25, 7.875, 5.375], "texture": "#0"},
				"south": {"uv": [7.75, 5.25, 7.875, 5.375], "texture": "#0"},
				"west": {"uv": [7.75, 5.25, 7.875, 5.375], "texture": "#0"},
				"up": {"uv": [7.75, 5.25, 7.875, 5.375], "texture": "#0"},
				"down": {"uv": [7.75, 5.25, 7.875, 5.375], "texture": "#0"}
			}
		},
		{
			"name": "sculk_cleaver_9",
			"from": [7.875, 9.5, 7.85],
			"to": [8, 10.75, 8.075],
			"faces": {
				"north": {"uv": [9, 5.25, 8.875, 6.5], "texture": "#0"},
				"east": {"uv": [8.875, 5.25, 9, 6.5], "texture": "#0"},
				"south": {"uv": [8.875, 5.25, 9, 6.5], "texture": "#0"},
				"west": {"uv": [8.875, 5.25, 9, 6.5], "texture": "#0"},
				"up": {"uv": [8.875, 5.25, 9, 5.375], "texture": "#0"},
				"down": {"uv": [8.875, 6.375, 9, 6.5], "texture": "#0"}
			}
		},
		{
			"name": "sculk_cleaver_10",
			"from": [7.75, 10.5, 7.85],
			"to": [7.875, 10.625, 8.075],
			"faces": {
				"north": {"uv": [8.875, 5.375, 8.75, 5.5], "texture": "#0"},
				"east": {"uv": [8.75, 5.375, 8.875, 5.5], "texture": "#0"},
				"south": {"uv": [8.75, 5.375, 8.875, 5.5], "texture": "#0"},
				"west": {"uv": [8.75, 5.375, 8.875, 5.5], "texture": "#0"},
				"up": {"uv": [8.75, 5.375, 8.875, 5.5], "texture": "#0"},
				"down": {"uv": [8.75, 5.375, 8.875, 5.5], "texture": "#0"}
			}
		},
		{
			"name": "sculk_cleaver_11",
			"from": [7.75, 10.375, 7.9],
			"to": [7.875, 10.5, 8.025],
			"faces": {
				"north": {"uv": [7.875, 5.5, 7.75, 5.625], "texture": "#0"},
				"east": {"uv": [7.75, 5.5, 7.875, 5.625], "texture": "#0"},
				"south": {"uv": [7.75, 5.5, 7.875, 5.625], "texture": "#0"},
				"west": {"uv": [7.75, 5.5, 7.875, 5.625], "texture": "#0"},
				"up": {"uv": [7.75, 5.5, 7.875, 5.625], "texture": "#0"},
				"down": {"uv": [7.75, 5.5, 7.875, 5.625], "texture": "#0"}
			}
		},
		{
			"name": "sculk_cleaver_12",
			"from": [7.75, 7.625, 7.85],
			"to": [7.875, 10.375, 8.075],
			"faces": {
				"north": {"uv": [8.875, 5.625, 8.75, 8.375], "texture": "#0"},
				"east": {"uv": [8.75, 5.625, 8.875, 8.375], "texture": "#0"},
				"south": {"uv": [8.75, 5.625, 8.875, 8.375], "texture": "#0"},
				"west": {"uv": [8.75, 5.625, 8.875, 8.375], "texture": "#0"},
				"up": {"uv": [8.75, 5.625, 8.875, 5.75], "texture": "#0"},
				"down": {"uv": [8.75, 8.25, 8.875, 8.375], "texture": "#0"}
			}
		},
		{
			"name": "sculk_cleaver_13",
			"from": [7.625, 9.375, 7.85],
			"to": [7.75, 10.25, 8.075],
			"faces": {
				"north": {"uv": [8.75, 5.75, 8.625, 6.625], "texture": "#0"},
				"east": {"uv": [8.625, 5.75, 8.75, 6.625], "texture": "#0"},
				"south": {"uv": [8.625, 5.75, 8.75, 6.625], "texture": "#0"},
				"west": {"uv": [8.625, 5.75, 8.75, 6.625], "texture": "#0"},
				"up": {"uv": [8.625, 5.75, 8.75, 5.875], "texture": "#0"},
				"down": {"uv": [8.625, 6.5, 8.75, 6.625], "texture": "#0"}
			}
		},
		{
			"name": "sculk_cleaver_14",
			"from": [7.25, 7.125, 7.9],
			"to": [7.5, 10.125, 8.025],
			"faces": {
				"north": {"uv": [7.5, 5.875, 7.25, 8.875], "texture": "#0"},
				"east": {"uv": [7.375, 5.875, 7.5, 8.875], "texture": "#0"},
				"south": {"uv": [7.25, 5.875, 7.5, 8.875], "texture": "#0"},
				"west": {"uv": [7.25, 5.875, 7.375, 8.875], "texture": "#0"},
				"up": {"uv": [7.25, 5.875, 7.5, 6], "texture": "#0"},
				"down": {"uv": [7.25, 8.75, 7.5, 8.875], "texture": "#0"}
			}
		},
		{
			"name": "sculk_cleaver_15",
			"from": [7.5, 10, 7.85],
			"to": [7.625, 10.125, 8.075],
			"faces": {
				"north": {"uv": [8.625, 5.875, 8.5, 6], "texture": "#0"},
				"east": {"uv": [8.5, 5.875, 8.625, 6], "texture": "#0"},
				"south": {"uv": [8.5, 5.875, 8.625, 6], "texture": "#0"},
				"west": {"uv": [8.5, 5.875, 8.625, 6], "texture": "#0"},
				"up": {"uv": [8.5, 5.875, 8.625, 6], "texture": "#0"},
				"down": {"uv": [8.5, 5.875, 8.625, 6], "texture": "#0"}
			}
		},
		{
			"name": "sculk_cleaver_16",
			"from": [7.5, 9.875, 7.9],
			"to": [7.625, 10, 8.025],
			"faces": {
				"north": {"uv": [7.625, 6, 7.5, 6.125], "texture": "#0"},
				"east": {"uv": [7.5, 6, 7.625, 6.125], "texture": "#0"},
				"south": {"uv": [7.5, 6, 7.625, 6.125], "texture": "#0"},
				"west": {"uv": [7.5, 6, 7.625, 6.125], "texture": "#0"},
				"up": {"uv": [7.5, 6, 7.625, 6.125], "texture": "#0"},
				"down": {"uv": [7.5, 6, 7.625, 6.125], "texture": "#0"}
			}
		},
		{
			"name": "sculk_cleaver_17",
			"from": [6.875, 4.625, 7.9],
			"to": [7, 9.875, 8.025],
			"faces": {
				"north": {"uv": [7, 6.125, 6.875, 11.375], "texture": "#0"},
				"east": {"uv": [6.875, 6.125, 7, 11.375], "texture": "#0"},
				"south": {"uv": [6.875, 6.125, 7, 11.375], "texture": "#0"},
				"west": {"uv": [6.875, 6.125, 7, 11.375], "texture": "#0"},
				"up": {"uv": [6.875, 6.125, 7, 6.25], "texture": "#0"},
				"down": {"uv": [6.875, 11.25, 7, 11.375], "texture": "#0"}
			}
		},
		{
			"name": "sculk_cleaver_18",
			"from": [7.5, 9.75, 7.85],
			"to": [7.625, 9.875, 8.075],
			"faces": {
				"north": {"uv": [8.625, 6.125, 8.5, 6.25], "texture": "#0"},
				"east": {"uv": [8.5, 6.125, 8.625, 6.25], "texture": "#0"},
				"south": {"uv": [8.5, 6.125, 8.625, 6.25], "texture": "#0"},
				"west": {"uv": [8.5, 6.125, 8.625, 6.25], "texture": "#0"},
				"up": {"uv": [8.5, 6.125, 8.625, 6.25], "texture": "#0"},
				"down": {"uv": [8.5, 6.125, 8.625, 6.25], "texture": "#0"}
			}
		},
		{
			"name": "sculk_cleaver_19",
			"from": [7.5, 8.75, 7.9],
			"to": [7.625, 9.75, 8.025],
			"faces": {
				"north": {"uv": [7.625, 6.25, 7.5, 7.25], "texture": "#0"},
				"east": {"uv": [7.5, 6.25, 7.625, 7.25], "texture": "#0"},
				"south": {"uv": [7.5, 6.25, 7.625, 7.25], "texture": "#0"},
				"west": {"uv": [7.5, 6.25, 7.625, 7.25], "texture": "#0"},
				"up": {"uv": [7.5, 6.25, 7.625, 6.375], "texture": "#0"},
				"down": {"uv": [7.5, 7.125, 7.625, 7.25], "texture": "#0"}
			}
		},
		{
			"name": "sculk_cleaver_20",
			"from": [8, 9.5, 7.8],
			"to": [8.25, 9.625, 8.125],
			"faces": {
				"north": {"uv": [11.25, 6.375, 11, 6.5], "texture": "#0"},
				"east": {"uv": [11.125, 6.375, 11.25, 6.5], "texture": "#0"},
				"south": {"uv": [11, 6.375, 11.25, 6.5], "texture": "#0"},
				"west": {"uv": [11, 6.375, 11.125, 6.5], "texture": "#0"},
				"up": {"uv": [11, 6.375, 11.25, 6.5], "texture": "#0"},
				"down": {"uv": [11, 6.375, 11.25, 6.5], "texture": "#0"}
			}
		},
		{
			"name": "sculk_cleaver_21",
			"from": [8.125, 9, 7.9],
			"to": [8.25, 9.5, 8.025],
			"faces": {
				"north": {"uv": [8.25, 6.5, 8.125, 7], "texture": "#0"},
				"east": {"uv": [8.125, 6.5, 8.25, 7], "texture": "#0"},
				"south": {"uv": [8.125, 6.5, 8.25, 7], "texture": "#0"},
				"west": {"uv": [8.125, 6.5, 8.25, 7], "texture": "#0"},
				"up": {"uv": [8.125, 6.5, 8.25, 6.625], "texture": "#0"},
				"down": {"uv": [8.125, 6.875, 8.25, 7], "texture": "#0"}
			}
		},
		{
			"name": "sculk_cleaver_22",
			"from": [7.875, 9.125, 7.9],
			"to": [8, 9.5, 8.025],
			"faces": {
				"north": {"uv": [10, 6.5, 9.875, 6.875], "texture": "#0"},
				"east": {"uv": [9.875, 6.5, 10, 6.875], "texture": "#0"},
				"south": {"uv": [9.875, 6.5, 10, 6.875], "texture": "#0"},
				"west": {"uv": [9.875, 6.5, 10, 6.875], "texture": "#0"},
				"up": {"uv": [9.875, 6.5, 10, 6.625], "texture": "#0"},
				"down": {"uv": [9.875, 6.75, 10, 6.875], "texture": "#0"}
			}
		},
		{
			"name": "sculk_cleaver_23",
			"from": [8, 9.375, 7.8],
			"to": [8.125, 9.5, 8.125],
			"faces": {
				"north": {"uv": [11.125, 6.5, 11, 6.625], "texture": "#0"},
				"east": {"uv": [11, 6.5, 11.125, 6.625], "texture": "#0"},
				"south": {"uv": [11, 6.5, 11.125, 6.625], "texture": "#0"},
				"west": {"uv": [11, 6.5, 11.125, 6.625], "texture": "#0"},
				"up": {"uv": [11, 6.5, 11.125, 6.625], "texture": "#0"},
				"down": {"uv": [11, 6.5, 11.125, 6.625], "texture": "#0"}
			}
		},
		{
			"name": "sculk_cleaver_24",
			"from": [7.625, 8.875, 7.9],
			"to": [7.75, 9.375, 8.025],
			"faces": {
				"north": {"uv": [7.75, 6.625, 7.625, 7.125], "texture": "#0"},
				"east": {"uv": [7.625, 6.625, 7.75, 7.125], "texture": "#0"},
				"south": {"uv": [7.625, 6.625, 7.75, 7.125], "texture": "#0"},
				"west": {"uv": [7.625, 6.625, 7.75, 7.125], "texture": "#0"},
				"up": {"uv": [7.625, 6.625, 7.75, 6.75], "texture": "#0"},
				"down": {"uv": [7.625, 7, 7.75, 7.125], "texture": "#0"}
			}
		},
		{
			"name": "sculk_cleaver_25",
			"from": [8, 9, 7.9],
			"to": [8.125, 9.375, 8.025],
			"faces": {
				"north": {"uv": [10.125, 6.625, 10, 7], "texture": "#0"},
				"east": {"uv": [10, 6.625, 10.125, 7], "texture": "#0"},
				"south": {"uv": [10, 6.625, 10.125, 7], "texture": "#0"},
				"west": {"uv": [10, 6.625, 10.125, 7], "texture": "#0"},
				"up": {"uv": [10, 6.625, 10.125, 6.75], "texture": "#0"},
				"down": {"uv": [10, 6.875, 10.125, 7], "texture": "#0"}
			}
		},
		{
			"name": "sculk_cleaver_26",
			"from": [7.875, 8.75, 7.8],
			"to": [8, 9.125, 8.125],
			"faces": {
				"north": {"uv": [11, 6.875, 10.875, 7.25], "texture": "#0"},
				"east": {"uv": [10.875, 6.875, 11, 7.25], "texture": "#0"},
				"south": {"uv": [10.875, 6.875, 11, 7.25], "texture": "#0"},
				"west": {"uv": [10.875, 6.875, 11, 7.25], "texture": "#0"},
				"up": {"uv": [10.875, 6.875, 11, 7], "texture": "#0"},
				"down": {"uv": [10.875, 7.125, 11, 7.25], "texture": "#0"}
			}
		},
		{
			"name": "sculk_cleaver_27",
			"from": [8.125, 8.625, 7.9],
			"to": [8.25, 9, 8.025],
			"faces": {
				"north": {"uv": [10.25, 7, 10.125, 7.375], "texture": "#0"},
				"east": {"uv": [10.125, 7, 10.25, 7.375], "texture": "#0"},
				"south": {"uv": [10.125, 7, 10.25, 7.375], "texture": "#0"},
				"west": {"uv": [10.125, 7, 10.25, 7.375], "texture": "#0"},
				"up": {"uv": [10.125, 7, 10.25, 7.125], "texture": "#0"},
				"down": {"uv": [10.125, 7.25, 10.25, 7.375], "texture": "#0"}
			}
		},
		{
			"name": "sculk_cleaver_28",
			"from": [8, 8.5, 7.8],
			"to": [8.125, 9, 8.125],
			"faces": {
				"north": {"uv": [11.125, 7, 11, 7.5], "texture": "#0"},
				"east": {"uv": [11, 7, 11.125, 7.5], "texture": "#0"},
				"south": {"uv": [11, 7, 11.125, 7.5], "texture": "#0"},
				"west": {"uv": [11, 7, 11.125, 7.5], "texture": "#0"},
				"up": {"uv": [11, 7, 11.125, 7.125], "texture": "#0"},
				"down": {"uv": [11, 7.375, 11.125, 7.5], "texture": "#0"}
			}
		},
		{
			"name": "sculk_cleaver_29",
			"from": [7.625, 7.875, 7.85],
			"to": [7.75, 8.875, 8.075],
			"faces": {
				"north": {"uv": [8.75, 7.125, 8.625, 8.125], "texture": "#0"},
				"east": {"uv": [8.625, 7.125, 8.75, 8.125], "texture": "#0"},
				"south": {"uv": [8.625, 7.125, 8.75, 8.125], "texture": "#0"},
				"west": {"uv": [8.625, 7.125, 8.75, 8.125], "texture": "#0"},
				"up": {"uv": [8.625, 7.125, 8.75, 7.25], "texture": "#0"},
				"down": {"uv": [8.625, 8, 8.75, 8.125], "texture": "#0"}
			}
		},
		{
			"name": "sculk_cleaver_30",
			"from": [8.25, 8.625, 7.9],
			"to": [8.375, 8.875, 8.025],
			"faces": {
				"north": {"uv": [10.375, 7.125, 10.25, 7.375], "texture": "#0"},
				"east": {"uv": [10.25, 7.125, 10.375, 7.375], "texture": "#0"},
				"south": {"uv": [10.25, 7.125, 10.375, 7.375], "texture": "#0"},
				"west": {"uv": [10.25, 7.125, 10.375, 7.375], "texture": "#0"},
				"up": {"uv": [10.25, 7.125, 10.375, 7.25], "texture": "#0"},
				"down": {"uv": [10.25, 7.25, 10.375, 7.375], "texture": "#0"}
			}
		},
		{
			"name": "sculk_cleaver_31",
			"from": [7.5, 8.625, 7.85],
			"to": [7.625, 8.75, 8.075],
			"faces": {
				"north": {"uv": [8.625, 7.25, 8.5, 7.375], "texture": "#0"},
				"east": {"uv": [8.5, 7.25, 8.625, 7.375], "texture": "#0"},
				"south": {"uv": [8.5, 7.25, 8.625, 7.375], "texture": "#0"},
				"west": {"uv": [8.5, 7.25, 8.625, 7.375], "texture": "#0"},
				"up": {"uv": [8.5, 7.25, 8.625, 7.375], "texture": "#0"},
				"down": {"uv": [8.5, 7.25, 8.625, 7.375], "texture": "#0"}
			}
		},
		{
			"name": "sculk_cleaver_32",
			"from": [7.875, 7.625, 7.85],
			"to": [8, 8.75, 8.075],
			"faces": {
				"north": {"uv": [9, 7.25, 8.875, 8.375], "texture": "#0"},
				"east": {"uv": [8.875, 7.25, 9, 8.375], "texture": "#0"},
				"south": {"uv": [8.875, 7.25, 9, 8.375], "texture": "#0"},
				"west": {"uv": [8.875, 7.25, 9, 8.375], "texture": "#0"},
				"up": {"uv": [8.875, 7.25, 9, 7.375], "texture": "#0"},
				"down": {"uv": [8.875, 8.25, 9, 8.375], "texture": "#0"}
			}
		},
		{
			"name": "sculk_cleaver_33",
			"from": [7.5, 8.375, 7.9],
			"to": [7.625, 8.625, 8.025],
			"faces": {
				"north": {"uv": [7.625, 7.375, 7.5, 7.625], "texture": "#0"},
				"east": {"uv": [7.5, 7.375, 7.625, 7.625], "texture": "#0"},
				"south": {"uv": [7.5, 7.375, 7.625, 7.625], "texture": "#0"},
				"west": {"uv": [7.5, 7.375, 7.625, 7.625], "texture": "#0"},
				"up": {"uv": [7.5, 7.375, 7.625, 7.5], "texture": "#0"},
				"down": {"uv": [7.5, 7.5, 7.625, 7.625], "texture": "#0"}
			}
		},
		{
			"name": "sculk_cleaver_34",
			"from": [8.125, 7.75, 7.8],
			"to": [8.375, 8.625, 8.125],
			"faces": {
				"north": {"uv": [11.375, 7.375, 11.125, 8.25], "texture": "#0"},
				"east": {"uv": [11.25, 7.375, 11.375, 8.25], "texture": "#0"},
				"south": {"uv": [11.125, 7.375, 11.375, 8.25], "texture": "#0"},
				"west": {"uv": [11.125, 7.375, 11.25, 8.25], "texture": "#0"},
				"up": {"uv": [11.125, 7.375, 11.375, 7.5], "texture": "#0"},
				"down": {"uv": [11.125, 8.125, 11.375, 8.25], "texture": "#0"}
			}
		},
		{
			"name": "sculk_cleaver_35",
			"from": [8, 7.875, 7.85],
			"to": [8.125, 8.5, 8.075],
			"faces": {
				"north": {"uv": [9.125, 7.5, 9, 8.125], "texture": "#0"},
				"east": {"uv": [9, 7.5, 9.125, 8.125], "texture": "#0"},
				"south": {"uv": [9, 7.5, 9.125, 8.125], "texture": "#0"},
				"west": {"uv": [9, 7.5, 9.125, 8.125], "texture": "#0"},
				"up": {"uv": [9, 7.5, 9.125, 7.625], "texture": "#0"},
				"down": {"uv": [9, 8, 9.125, 8.125], "texture": "#0"}
			}
		},
		{
			"name": "sculk_cleaver_36",
			"from": [8.375, 8, 7.9],
			"to": [8.5, 8.5, 8.025],
			"faces": {
				"north": {"uv": [10.5, 7.5, 10.375, 8], "texture": "#0"},
				"east": {"uv": [10.375, 7.5, 10.5, 8], "texture": "#0"},
				"south": {"uv": [10.375, 7.5, 10.5, 8], "texture": "#0"},
				"west": {"uv": [10.375, 7.5, 10.5, 8], "texture": "#0"},
				"up": {"uv": [10.375, 7.5, 10.5, 7.625], "texture": "#0"},
				"down": {"uv": [10.375, 7.875, 10.5, 8], "texture": "#0"}
			}
		},
		{
			"name": "sculk_cleaver_37",
			"from": [7.5, 8.25, 7.85],
			"to": [7.625, 8.375, 8.075],
			"faces": {
				"north": {"uv": [8.625, 7.625, 8.5, 7.75], "texture": "#0"},
				"east": {"uv": [8.5, 7.625, 8.625, 7.75], "texture": "#0"},
				"south": {"uv": [8.5, 7.625, 8.625, 7.75], "texture": "#0"},
				"west": {"uv": [8.5, 7.625, 8.625, 7.75], "texture": "#0"},
				"up": {"uv": [8.5, 7.625, 8.625, 7.75], "texture": "#0"},
				"down": {"uv": [8.5, 7.625, 8.625, 7.75], "texture": "#0"}
			}
		},
		{
			"name": "sculk_cleaver_38",
			"from": [7.5, 8.125, 7.9],
			"to": [7.625, 8.25, 8.025],
			"faces": {
				"north": {"uv": [7.625, 7.75, 7.5, 7.875], "texture": "#0"},
				"east": {"uv": [7.5, 7.75, 7.625, 7.875], "texture": "#0"},
				"south": {"uv": [7.5, 7.75, 7.625, 7.875], "texture": "#0"},
				"west": {"uv": [7.5, 7.75, 7.625, 7.875], "texture": "#0"},
				"up": {"uv": [7.5, 7.75, 7.625, 7.875], "texture": "#0"},
				"down": {"uv": [7.5, 7.75, 7.625, 7.875], "texture": "#0"}
			}
		},
		{
			"name": "sculk_cleaver_39",
			"from": [7.5, 8, 7.85],
			"to": [7.625, 8.125, 8.075],
			"faces": {
				"north": {"uv": [8.625, 7.875, 8.5, 8], "texture": "#0"},
				"east": {"uv": [8.5, 7.875, 8.625, 8], "texture": "#0"},
				"south": {"uv": [8.5, 7.875, 8.625, 8], "texture": "#0"},
				"west": {"uv": [8.5, 7.875, 8.625, 8], "texture": "#0"},
				"up": {"uv": [8.5, 7.875, 8.625, 8], "texture": "#0"},
				"down": {"uv": [8.5, 7.875, 8.625, 8], "texture": "#0"}
			}
		},
		{
			"name": "sculk_cleaver_40",
			"from": [7.5, 7.125, 7.9],
			"to": [7.625, 8, 8.025],
			"faces": {
				"north": {"uv": [7.625, 8, 7.5, 8.875], "texture": "#0"},
				"east": {"uv": [7.5, 8, 7.625, 8.875], "texture": "#0"},
				"south": {"uv": [7.5, 8, 7.625, 8.875], "texture": "#0"},
				"west": {"uv": [7.5, 8, 7.625, 8.875], "texture": "#0"},
				"up": {"uv": [7.5, 8, 7.625, 8.125], "texture": "#0"},
				"down": {"uv": [7.5, 8.75, 7.625, 8.875], "texture": "#0"}
			}
		},
		{
			"name": "sculk_cleaver_41",
			"from": [7.625, 7, 7.9],
			"to": [7.75, 7.875, 8.025],
			"faces": {
				"north": {"uv": [7.75, 8.125, 7.625, 9], "texture": "#0"},
				"east": {"uv": [7.625, 8.125, 7.75, 9], "texture": "#0"},
				"south": {"uv": [7.625, 8.125, 7.75, 9], "texture": "#0"},
				"west": {"uv": [7.625, 8.125, 7.75, 9], "texture": "#0"},
				"up": {"uv": [7.625, 8.125, 7.75, 8.25], "texture": "#0"},
				"down": {"uv": [7.625, 8.875, 7.75, 9], "texture": "#0"}
			}
		},
		{
			"name": "sculk_cleaver_42",
			"from": [8, 7.25, 7.8],
			"to": [8.125, 7.875, 8.125],
			"faces": {
				"north": {"uv": [11.125, 8.125, 11, 8.75], "texture": "#0"},
				"east": {"uv": [11, 8.125, 11.125, 8.75], "texture": "#0"},
				"south": {"uv": [11, 8.125, 11.125, 8.75], "texture": "#0"},
				"west": {"uv": [11, 8.125, 11.125, 8.75], "texture": "#0"},
				"up": {"uv": [11, 8.125, 11.125, 8.25], "texture": "#0"},
				"down": {"uv": [11, 8.625, 11.125, 8.75], "texture": "#0"}
			}
		},
		{
			"name": "sculk_cleaver_43",
			"from": [8.125, 7.5, 7.8],
			"to": [8.25, 7.75, 8.125],
			"faces": {
				"north": {"uv": [11.25, 8.25, 11.125, 8.5], "texture": "#0"},
				"east": {"uv": [11.125, 8.25, 11.25, 8.5], "texture": "#0"},
				"south": {"uv": [11.125, 8.25, 11.25, 8.5], "texture": "#0"},
				"west": {"uv": [11.125, 8.25, 11.25, 8.5], "texture": "#0"},
				"up": {"uv": [11.125, 8.25, 11.25, 8.375], "texture": "#0"},
				"down": {"uv": [11.125, 8.375, 11.25, 8.5], "texture": "#0"}
			}
		},
		{
			"name": "sculk_cleaver_44",
			"from": [7.75, 7.5, 7.9],
			"to": [7.875, 7.625, 8.025],
			"faces": {
				"north": {"uv": [7.875, 8.375, 7.75, 8.5], "texture": "#0"},
				"east": {"uv": [7.75, 8.375, 7.875, 8.5], "texture": "#0"},
				"south": {"uv": [7.75, 8.375, 7.875, 8.5], "texture": "#0"},
				"west": {"uv": [7.75, 8.375, 7.875, 8.5], "texture": "#0"},
				"up": {"uv": [7.75, 8.375, 7.875, 8.5], "texture": "#0"},
				"down": {"uv": [7.75, 8.375, 7.875, 8.5], "texture": "#0"}
			}
		},
		{
			"name": "sculk_cleaver_45",
			"from": [7.875, 7.25, 7.8],
			"to": [8, 7.625, 8.125],
			"faces": {
				"north": {"uv": [11, 8.375, 10.875, 8.75], "texture": "#0"},
				"east": {"uv": [10.875, 8.375, 11, 8.75], "texture": "#0"},
				"south": {"uv": [10.875, 8.375, 11, 8.75], "texture": "#0"},
				"west": {"uv": [10.875, 8.375, 11, 8.75], "texture": "#0"},
				"up": {"uv": [10.875, 8.375, 11, 8.5], "texture": "#0"},
				"down": {"uv": [10.875, 8.625, 11, 8.75], "texture": "#0"}
			}
		},
		{
			"name": "sculk_cleaver_46",
			"from": [7.75, 7.25, 7.8],
			"to": [7.875, 7.5, 8.125],
			"faces": {
				"north": {"uv": [10.875, 8.5, 10.75, 8.75], "texture": "#0"},
				"east": {"uv": [10.75, 8.5, 10.875, 8.75], "texture": "#0"},
				"south": {"uv": [10.75, 8.5, 10.875, 8.75], "texture": "#0"},
				"west": {"uv": [10.75, 8.5, 10.875, 8.75], "texture": "#0"},
				"up": {"uv": [10.75, 8.5, 10.875, 8.625], "texture": "#0"},
				"down": {"uv": [10.75, 8.625, 10.875, 8.75], "texture": "#0"}
			}
		},
		{
			"name": "sculk_cleaver_47",
			"from": [8.125, 6.375, 7.8],
			"to": [8.25, 7.375, 8.125],
			"faces": {
				"north": {"uv": [8.25, 8.625, 8.125, 9.625], "texture": "#0"},
				"east": {"uv": [8.125, 8.625, 8.25, 9.625], "texture": "#0"},
				"south": {"uv": [8.125, 8.625, 8.25, 9.625], "texture": "#0"},
				"west": {"uv": [8.125, 8.625, 8.25, 9.625], "texture": "#0"},
				"up": {"uv": [8.125, 8.625, 8.25, 8.75], "texture": "#0"},
				"down": {"uv": [8.125, 9.5, 8.25, 9.625], "texture": "#0"}
			}
		},
		{
			"name": "sculk_cleaver_48",
			"from": [8, 6.125, 7.9],
			"to": [8.125, 7.25, 8.125],
			"faces": {
				"north": {"uv": [8.125, 8.75, 8, 9.875], "texture": "#0"},
				"east": {"uv": [8, 8.75, 8.125, 9.875], "texture": "#0"},
				"south": {"uv": [8, 8.75, 8.125, 9.875], "texture": "#0"},
				"west": {"uv": [8, 8.75, 8.125, 9.875], "texture": "#0"},
				"up": {"uv": [8, 8.75, 8.125, 8.875], "texture": "#0"},
				"down": {"uv": [8, 9.75, 8.125, 9.875], "texture": "#0"}
			}
		},
		{
			"name": "sculk_cleaver_49",
			"from": [7.75, 6.75, 7.85],
			"to": [8, 7.25, 8.075],
			"faces": {
				"north": {"uv": [10, 8.75, 9.75, 9.25], "texture": "#0"},
				"east": {"uv": [9.875, 8.75, 10, 9.25], "texture": "#0"},
				"south": {"uv": [9.75, 8.75, 10, 9.25], "texture": "#0"},
				"west": {"uv": [9.75, 8.75, 9.875, 9.25], "texture": "#0"},
				"up": {"uv": [9.75, 8.75, 10, 8.875], "texture": "#0"},
				"down": {"uv": [9.75, 9.125, 10, 9.25], "texture": "#0"}
			}
		},
		{
			"name": "sculk_cleaver_50",
			"from": [7, 4.625, 7.9],
			"to": [7.125, 7.125, 8.025],
			"faces": {
				"north": {"uv": [7.125, 8.875, 7, 11.375], "texture": "#0"},
				"east": {"uv": [7, 8.875, 7.125, 11.375], "texture": "#0"},
				"south": {"uv": [7, 8.875, 7.125, 11.375], "texture": "#0"},
				"west": {"uv": [7, 8.875, 7.125, 11.375], "texture": "#0"},
				"up": {"uv": [7, 8.875, 7.125, 9], "texture": "#0"},
				"down": {"uv": [7, 11.25, 7.125, 11.375], "texture": "#0"}
			}
		},
		{
			"name": "sculk_cleaver_51",
			"from": [7.125, 7, 7.85],
			"to": [7.625, 7.125, 8.075],
			"faces": {
				"north": {"uv": [9.625, 8.875, 9.125, 9], "texture": "#0"},
				"east": {"uv": [9.5, 8.875, 9.625, 9], "texture": "#0"},
				"south": {"uv": [9.125, 8.875, 9.625, 9], "texture": "#0"},
				"west": {"uv": [9.125, 8.875, 9.25, 9], "texture": "#0"},
				"up": {"uv": [9.125, 8.875, 9.625, 9], "texture": "#0"},
				"down": {"uv": [9.125, 8.875, 9.625, 9], "texture": "#0"}
			}
		},
		{
			"name": "sculk_cleaver_52",
			"from": [7.125, 5.125, 7.9],
			"to": [7.25, 7, 8.025],
			"faces": {
				"north": {"uv": [7.25, 9, 7.125, 10.875], "texture": "#0"},
				"east": {"uv": [7.125, 9, 7.25, 10.875], "texture": "#0"},
				"south": {"uv": [7.125, 9, 7.25, 10.875], "texture": "#0"},
				"west": {"uv": [7.125, 9, 7.25, 10.875], "texture": "#0"},
				"up": {"uv": [7.125, 9, 7.25, 9.125], "texture": "#0"},
				"down": {"uv": [7.125, 10.75, 7.25, 10.875], "texture": "#0"}
			}
		},
		{
			"name": "sculk_cleaver_53",
			"from": [7.25, 6.875, 7.85],
			"to": [7.75, 7, 8.075],
			"faces": {
				"north": {"uv": [9.75, 9, 9.25, 9.125], "texture": "#0"},
				"east": {"uv": [9.625, 9, 9.75, 9.125], "texture": "#0"},
				"south": {"uv": [9.25, 9, 9.75, 9.125], "texture": "#0"},
				"west": {"uv": [9.25, 9, 9.375, 9.125], "texture": "#0"},
				"up": {"uv": [9.25, 9, 9.75, 9.125], "texture": "#0"},
				"down": {"uv": [9.25, 9, 9.75, 9.125], "texture": "#0"}
			}
		},
		{
			"name": "sculk_cleaver_54",
			"from": [7.25, 5.75, 7.9],
			"to": [7.5, 6.875, 8.025],
			"faces": {
				"north": {"uv": [7.5, 9.125, 7.25, 10.25], "texture": "#0"},
				"east": {"uv": [7.375, 9.125, 7.5, 10.25], "texture": "#0"},
				"south": {"uv": [7.25, 9.125, 7.5, 10.25], "texture": "#0"},
				"west": {"uv": [7.25, 9.125, 7.375, 10.25], "texture": "#0"},
				"up": {"uv": [7.25, 9.125, 7.5, 9.25], "texture": "#0"},
				"down": {"uv": [7.25, 10.125, 7.5, 10.25], "texture": "#0"}
			}
		},
		{
			"name": "sculk_cleaver_55",
			"from": [7.5, 6.625, 7.85],
			"to": [7.75, 6.875, 8.075],
			"faces": {
				"north": {"uv": [9.75, 9.125, 9.5, 9.375], "texture": "#0"},
				"east": {"uv": [9.625, 9.125, 9.75, 9.375], "texture": "#0"},
				"south": {"uv": [9.5, 9.125, 9.75, 9.375], "texture": "#0"},
				"west": {"uv": [9.5, 9.125, 9.625, 9.375], "texture": "#0"},
				"up": {"uv": [9.5, 9.125, 9.75, 9.25], "texture": "#0"},
				"down": {"uv": [9.5, 9.25, 9.75, 9.375], "texture": "#0"}
			}
		},
		{
			"name": "sculk_cleaver_56",
			"from": [7.875, 6.5, 7.9],
			"to": [8, 6.75, 8.125],
			"faces": {
				"north": {"uv": [8, 9.25, 7.875, 9.5], "texture": "#0"},
				"east": {"uv": [7.875, 9.25, 8, 9.5], "texture": "#0"},
				"south": {"uv": [7.875, 9.25, 8, 9.5], "texture": "#0"},
				"west": {"uv": [7.875, 9.25, 8, 9.5], "texture": "#0"},
				"up": {"uv": [7.875, 9.25, 8, 9.375], "texture": "#0"},
				"down": {"uv": [7.875, 9.375, 8, 9.5], "texture": "#0"}
			}
		},
		{
			"name": "sculk_cleaver_57",
			"from": [7.75, 6.5, 7.85],
			"to": [7.875, 6.75, 8.075],
			"faces": {
				"north": {"uv": [9.875, 9.25, 9.75, 9.5], "texture": "#0"},
				"east": {"uv": [9.75, 9.25, 9.875, 9.5], "texture": "#0"},
				"south": {"uv": [9.75, 9.25, 9.875, 9.5], "texture": "#0"},
				"west": {"uv": [9.75, 9.25, 9.875, 9.5], "texture": "#0"},
				"up": {"uv": [9.75, 9.25, 9.875, 9.375], "texture": "#0"},
				"down": {"uv": [9.75, 9.375, 9.875, 9.5], "texture": "#0"}
			}
		},
		{
			"name": "sculk_cleaver_58",
			"from": [7.5, 6.25, 7.9],
			"to": [7.625, 6.625, 8.025],
			"faces": {
				"north": {"uv": [7.625, 9.375, 7.5, 9.75], "texture": "#0"},
				"east": {"uv": [7.5, 9.375, 7.625, 9.75], "texture": "#0"},
				"south": {"uv": [7.5, 9.375, 7.625, 9.75], "texture": "#0"},
				"west": {"uv": [7.5, 9.375, 7.625, 9.75], "texture": "#0"},
				"up": {"uv": [7.5, 9.375, 7.625, 9.5], "texture": "#0"},
				"down": {"uv": [7.5, 9.625, 7.625, 9.75], "texture": "#0"}
			}
		},
		{
			"name": "sculk_cleaver_59",
			"from": [7.625, 5.5, 7.85],
			"to": [7.75, 6.625, 8.075],
			"faces": {
				"north": {"uv": [9.75, 9.375, 9.625, 10.5], "texture": "#0"},
				"east": {"uv": [9.625, 9.375, 9.75, 10.5], "texture": "#0"},
				"south": {"uv": [9.625, 9.375, 9.75, 10.5], "texture": "#0"},
				"west": {"uv": [9.625, 9.375, 9.75, 10.5], "texture": "#0"},
				"up": {"uv": [9.625, 9.375, 9.75, 9.5], "texture": "#0"},
				"down": {"uv": [9.625, 10.375, 9.75, 10.5], "texture": "#0"}
			}
		},
		{
			"name": "sculk_cleaver_60",
			"from": [8.5, 6.375, 7.85],
			"to": [8.875, 6.625, 8.075],
			"faces": {
				"north": {"uv": [10.875, 9.375, 10.5, 9.625], "texture": "#0"},
				"east": {"uv": [10.75, 9.375, 10.875, 9.625], "texture": "#0"},
				"south": {"uv": [10.5, 9.375, 10.875, 9.625], "texture": "#0"},
				"west": {"uv": [10.5, 9.375, 10.625, 9.625], "texture": "#0"},
				"up": {"uv": [10.5, 9.375, 10.875, 9.5], "texture": "#0"},
				"down": {"uv": [10.5, 9.5, 10.875, 9.625], "texture": "#0"}
			}
		},
		{
			"name": "sculk_cleaver_61",
			"from": [8.875, 6.5, 7.85],
			"to": [9, 6.625, 8.075],
			"faces": {
				"north": {"uv": [11, 9.375, 10.875, 9.5], "texture": "#0"},
				"east": {"uv": [10.875, 9.375, 11, 9.5], "texture": "#0"},
				"south": {"uv": [10.875, 9.375, 11, 9.5], "texture": "#0"},
				"west": {"uv": [10.875, 9.375, 11, 9.5], "texture": "#0"},
				"up": {"uv": [10.875, 9.375, 11, 9.5], "texture": "#0"},
				"down": {"uv": [10.875, 9.375, 11, 9.5], "texture": "#0"}
			}
		},
		{
			"name": "sculk_cleaver_62",
			"from": [8.375, 5.875, 7.85],
			"to": [8.5, 6.5, 8.075],
			"faces": {
				"north": {"uv": [10.5, 9.5, 10.375, 10.125], "texture": "#0"},
				"east": {"uv": [10.375, 9.5, 10.5, 10.125], "texture": "#0"},
				"south": {"uv": [10.375, 9.5, 10.5, 10.125], "texture": "#0"},
				"west": {"uv": [10.375, 9.5, 10.5, 10.125], "texture": "#0"},
				"up": {"uv": [10.375, 9.5, 10.5, 9.625], "texture": "#0"},
				"down": {"uv": [10.375, 10, 10.5, 10.125], "texture": "#0"}
			}
		},
		{
			"name": "sculk_cleaver_63",
			"from": [7.75, 5.125, 7.8],
			"to": [8, 6.5, 8.125],
			"faces": {
				"north": {"uv": [11.75, 9.5, 11.5, 10.875], "texture": "#0"},
				"east": {"uv": [11.625, 9.5, 11.75, 10.875], "texture": "#0"},
				"south": {"uv": [11.5, 9.5, 11.75, 10.875], "texture": "#0"},
				"west": {"uv": [11.5, 9.5, 11.625, 10.875], "texture": "#0"},
				"up": {"uv": [11.5, 9.5, 11.75, 9.625], "texture": "#0"},
				"down": {"uv": [11.5, 10.75, 11.75, 10.875], "texture": "#0"}
			}
		},
		{
			"name": "sculk_cleaver_64",
			"from": [8.125, 5.5, 7.85],
			"to": [8.375, 6.375, 8.075],
			"faces": {
				"north": {"uv": [10.375, 9.625, 10.125, 10.5], "texture": "#0"},
				"east": {"uv": [10.25, 9.625, 10.375, 10.5], "texture": "#0"},
				"south": {"uv": [10.125, 9.625, 10.375, 10.5], "texture": "#0"},
				"west": {"uv": [10.125, 9.625, 10.25, 10.5], "texture": "#0"},
				"up": {"uv": [10.125, 9.625, 10.375, 9.75], "texture": "#0"},
				"down": {"uv": [10.125, 10.375, 10.375, 10.5], "texture": "#0"}
			}
		},
		{
			"name": "sculk_cleaver_65",
			"from": [8.5, 6.25, 7.85],
			"to": [8.75, 6.375, 8.075],
			"faces": {
				"north": {"uv": [10.75, 9.625, 10.5, 9.75], "texture": "#0"},
				"east": {"uv": [10.625, 9.625, 10.75, 9.75], "texture": "#0"},
				"south": {"uv": [10.5, 9.625, 10.75, 9.75], "texture": "#0"},
				"west": {"uv": [10.5, 9.625, 10.625, 9.75], "texture": "#0"},
				"up": {"uv": [10.5, 9.625, 10.75, 9.75], "texture": "#0"},
				"down": {"uv": [10.5, 9.625, 10.75, 9.75], "texture": "#0"}
			}
		},
		{
			"name": "sculk_cleaver_66",
			"from": [7.5, 5, 7.85],
			"to": [7.625, 6.25, 8.075],
			"faces": {
				"north": {"uv": [9.625, 9.75, 9.5, 11], "texture": "#0"},
				"east": {"uv": [9.5, 9.75, 9.625, 11], "texture": "#0"},
				"south": {"uv": [9.5, 9.75, 9.625, 11], "texture": "#0"},
				"west": {"uv": [9.5, 9.75, 9.625, 11], "texture": "#0"},
				"up": {"uv": [9.5, 9.75, 9.625, 9.875], "texture": "#0"},
				"down": {"uv": [9.5, 10.875, 9.625, 11], "texture": "#0"}
			}
		},
		{
			"name": "sculk_cleaver_67",
			"from": [8.5, 6.125, 7.85],
			"to": [8.625, 6.25, 8.075],
			"faces": {
				"north": {"uv": [10.625, 9.75, 10.5, 9.875], "texture": "#0"},
				"east": {"uv": [10.5, 9.75, 10.625, 9.875], "texture": "#0"},
				"south": {"uv": [10.5, 9.75, 10.625, 9.875], "texture": "#0"},
				"west": {"uv": [10.5, 9.75, 10.625, 9.875], "texture": "#0"},
				"up": {"uv": [10.5, 9.75, 10.625, 9.875], "texture": "#0"},
				"down": {"uv": [10.5, 9.75, 10.625, 9.875], "texture": "#0"}
			}
		},
		{
			"name": "sculk_cleaver_68",
			"from": [8, 5.75, 7.85],
			"to": [8.125, 6.125, 8.075],
			"faces": {
				"north": {"uv": [10.125, 9.875, 10, 10.25], "texture": "#0"},
				"east": {"uv": [10, 9.875, 10.125, 10.25], "texture": "#0"},
				"south": {"uv": [10, 9.875, 10.125, 10.25], "texture": "#0"},
				"west": {"uv": [10, 9.875, 10.125, 10.25], "texture": "#0"},
				"up": {"uv": [10, 9.875, 10.125, 10], "texture": "#0"},
				"down": {"uv": [10, 10.125, 10.125, 10.25], "texture": "#0"}
			}
		},
		{
			"name": "sculk_cleaver_69",
			"from": [7.25, 5.375, 7.9],
			"to": [7.375, 5.75, 8.025],
			"faces": {
				"north": {"uv": [7.375, 10.25, 7.25, 10.625], "texture": "#0"},
				"east": {"uv": [7.25, 10.25, 7.375, 10.625], "texture": "#0"},
				"south": {"uv": [7.25, 10.25, 7.375, 10.625], "texture": "#0"},
				"west": {"uv": [7.25, 10.25, 7.375, 10.625], "texture": "#0"},
				"up": {"uv": [7.25, 10.25, 7.375, 10.375], "texture": "#0"},
				"down": {"uv": [7.25, 10.5, 7.375, 10.625], "texture": "#0"}
			}
		},
		{
			"name": "sculk_cleaver_70",
			"from": [7.375, 4.875, 7.85],
			"to": [7.5, 5.75, 8.075],
			"faces": {
				"north": {"uv": [9.5, 10.25, 9.375, 11.125], "texture": "#0"},
				"east": {"uv": [9.375, 10.25, 9.5, 11.125], "texture": "#0"},
				"south": {"uv": [9.375, 10.25, 9.5, 11.125], "texture": "#0"},
				"west": {"uv": [9.375, 10.25, 9.5, 11.125], "texture": "#0"},
				"up": {"uv": [9.375, 10.25, 9.5, 10.375], "texture": "#0"},
				"down": {"uv": [9.375, 11, 9.5, 11.125], "texture": "#0"}
			}
		},
		{
			"name": "sculk_cleaver_71",
			"from": [8, 5.375, 7.8],
			"to": [8.125, 5.75, 8.125],
			"faces": {
				"north": {"uv": [11.875, 10.25, 11.75, 10.625], "texture": "#0"},
				"east": {"uv": [11.75, 10.25, 11.875, 10.625], "texture": "#0"},
				"south": {"uv": [11.75, 10.25, 11.875, 10.625], "texture": "#0"},
				"west": {"uv": [11.75, 10.25, 11.875, 10.625], "texture": "#0"},
				"up": {"uv": [11.75, 10.25, 11.875, 10.375], "texture": "#0"},
				"down": {"uv": [11.75, 10.5, 11.875, 10.625], "texture": "#0"}
			}
		},
		{
			"name": "sculk_cleaver_72",
			"from": [8.25, 5, 7.85],
			"to": [8.375, 5.5, 8.075],
			"faces": {
				"north": {"uv": [10.375, 10.5, 10.25, 11], "texture": "#0"},
				"east": {"uv": [10.25, 10.5, 10.375, 11], "texture": "#0"},
				"south": {"uv": [10.25, 10.5, 10.375, 11], "texture": "#0"},
				"west": {"uv": [10.25, 10.5, 10.375, 11], "texture": "#0"},
				"up": {"uv": [10.25, 10.5, 10.375, 10.625], "texture": "#0"},
				"down": {"uv": [10.25, 10.875, 10.375, 11], "texture": "#0"}
			}
		},
		{
			"name": "sculk_cleaver_73",
			"from": [7.625, 5.125, 7.8],
			"to": [7.75, 5.5, 8.125],
			"faces": {
				"north": {"uv": [11.5, 10.5, 11.375, 10.875], "texture": "#0"},
				"east": {"uv": [11.375, 10.5, 11.5, 10.875], "texture": "#0"},
				"south": {"uv": [11.375, 10.5, 11.5, 10.875], "texture": "#0"},
				"west": {"uv": [11.375, 10.5, 11.5, 10.875], "texture": "#0"},
				"up": {"uv": [11.375, 10.5, 11.5, 10.625], "texture": "#0"},
				"down": {"uv": [11.375, 10.75, 11.5, 10.875], "texture": "#0"}
			}
		},
		{
			"name": "sculk_cleaver_74",
			"from": [8.125, 5.25, 7.8],
			"to": [8.25, 5.5, 8.125],
			"faces": {
				"north": {"uv": [12, 10.5, 11.875, 10.75], "texture": "#0"},
				"east": {"uv": [11.875, 10.5, 12, 10.75], "texture": "#0"},
				"south": {"uv": [11.875, 10.5, 12, 10.75], "texture": "#0"},
				"west": {"uv": [11.875, 10.5, 12, 10.75], "texture": "#0"},
				"up": {"uv": [11.875, 10.5, 12, 10.625], "texture": "#0"},
				"down": {"uv": [11.875, 10.625, 12, 10.75], "texture": "#0"}
			}
		},
		{
			"name": "sculk_cleaver_75",
			"from": [6.75, 4.75, 7.9],
			"to": [6.875, 5.375, 8.025],
			"faces": {
				"north": {"uv": [6.875, 10.625, 6.75, 11.25], "texture": "#0"},
				"east": {"uv": [6.75, 10.625, 6.875, 11.25], "texture": "#0"},
				"south": {"uv": [6.75, 10.625, 6.875, 11.25], "texture": "#0"},
				"west": {"uv": [6.75, 10.625, 6.875, 11.25], "texture": "#0"},
				"up": {"uv": [6.75, 10.625, 6.875, 10.75], "texture": "#0"},
				"down": {"uv": [6.75, 11.125, 6.875, 11.25], "texture": "#0"}
			}
		},
		{
			"name": "sculk_cleaver_76",
			"from": [7.25, 4.125, 7.85],
			"to": [7.375, 5.375, 8.075],
			"faces": {
				"north": {"uv": [9.375, 10.625, 9.25, 11.875], "texture": "#0"},
				"east": {"uv": [9.25, 10.625, 9.375, 11.875], "texture": "#0"},
				"south": {"uv": [9.25, 10.625, 9.375, 11.875], "texture": "#0"},
				"west": {"uv": [9.25, 10.625, 9.375, 11.875], "texture": "#0"},
				"up": {"uv": [9.25, 10.625, 9.375, 10.75], "texture": "#0"},
				"down": {"uv": [9.25, 11.75, 9.375, 11.875], "texture": "#0"}
			}
		},
		{
			"name": "sculk_cleaver_77",
			"from": [8, 4.375, 7.85],
			"to": [8.125, 5.375, 8.075],
			"faces": {
				"north": {"uv": [10.125, 10.625, 10, 11.625], "texture": "#0"},
				"east": {"uv": [10, 10.625, 10.125, 11.625], "texture": "#0"},
				"south": {"uv": [10, 10.625, 10.125, 11.625], "texture": "#0"},
				"west": {"uv": [10, 10.625, 10.125, 11.625], "texture": "#0"},
				"up": {"uv": [10, 10.625, 10.125, 10.75], "texture": "#0"},
				"down": {"uv": [10, 11.5, 10.125, 11.625], "texture": "#0"}
			}
		},
		{
			"name": "sculk_cleaver_78",
			"from": [8.125, 4.875, 7.85],
			"to": [8.25, 5.25, 8.075],
			"faces": {
				"north": {"uv": [10.25, 10.75, 10.125, 11.125], "texture": "#0"},
				"east": {"uv": [10.125, 10.75, 10.25, 11.125], "texture": "#0"},
				"south": {"uv": [10.125, 10.75, 10.25, 11.125], "texture": "#0"},
				"west": {"uv": [10.125, 10.75, 10.25, 11.125], "texture": "#0"},
				"up": {"uv": [10.125, 10.75, 10.25, 10.875], "texture": "#0"},
				"down": {"uv": [10.125, 11, 10.25, 11.125], "texture": "#0"}
			}
		},
		{
			"name": "sculk_cleaver_79",
			"from": [7.125, 4.5, 7.85],
			"to": [7.25, 5.125, 8.075],
			"faces": {
				"north": {"uv": [9.25, 10.875, 9.125, 11.5], "texture": "#0"},
				"east": {"uv": [9.125, 10.875, 9.25, 11.5], "texture": "#0"},
				"south": {"uv": [9.125, 10.875, 9.25, 11.5], "texture": "#0"},
				"west": {"uv": [9.125, 10.875, 9.25, 11.5], "texture": "#0"},
				"up": {"uv": [9.125, 10.875, 9.25, 11], "texture": "#0"},
				"down": {"uv": [9.125, 11.375, 9.25, 11.5], "texture": "#0"}
			}
		},
		{
			"name": "sculk_cleaver_80",
			"from": [7.625, 4.875, 7.85],
			"to": [7.875, 5.125, 8.075],
			"faces": {
				"north": {"uv": [9.875, 10.875, 9.625, 11.125], "texture": "#0"},
				"east": {"uv": [9.75, 10.875, 9.875, 11.125], "texture": "#0"},
				"south": {"uv": [9.625, 10.875, 9.875, 11.125], "texture": "#0"},
				"west": {"uv": [9.625, 10.875, 9.75, 11.125], "texture": "#0"},
				"up": {"uv": [9.625, 10.875, 9.875, 11], "texture": "#0"},
				"down": {"uv": [9.625, 11, 9.875, 11.125], "texture": "#0"}
			}
		},
		{
			"name": "sculk_cleaver_81",
			"from": [7.875, 4.875, 7.8],
			"to": [8, 5.125, 8.125],
			"faces": {
				"north": {"uv": [11.75, 10.875, 11.625, 11.125], "texture": "#0"},
				"east": {"uv": [11.625, 10.875, 11.75, 11.125], "texture": "#0"},
				"south": {"uv": [11.625, 10.875, 11.75, 11.125], "texture": "#0"},
				"west": {"uv": [11.625, 10.875, 11.75, 11.125], "texture": "#0"},
				"up": {"uv": [11.625, 10.875, 11.75, 11], "texture": "#0"},
				"down": {"uv": [11.625, 11, 11.75, 11.125], "texture": "#0"}
			}
		},
		{
			"name": "sculk_cleaver_82",
			"from": [7.5, 4.875, 7.9],
			"to": [7.625, 5, 8.025],
			"faces": {
				"north": {"uv": [7.625, 11, 7.5, 11.125], "texture": "#0"},
				"east": {"uv": [7.5, 11, 7.625, 11.125], "texture": "#0"},
				"south": {"uv": [7.5, 11, 7.625, 11.125], "texture": "#0"},
				"west": {"uv": [7.5, 11, 7.625, 11.125], "texture": "#0"},
				"up": {"uv": [7.5, 11, 7.625, 11.125], "texture": "#0"},
				"down": {"uv": [7.5, 11, 7.625, 11.125], "texture": "#0"}
			}
		},
		{
			"name": "sculk_cleaver_83",
			"from": [7.75, 4.75, 7.75],
			"to": [8, 4.875, 8.175],
			"faces": {
				"north": {"uv": [10, 11.125, 9.75, 11.25], "texture": "#0"},
				"east": {"uv": [9.875, 11.125, 10, 11.25], "texture": "#0"},
				"south": {"uv": [9.75, 11.125, 10, 11.25], "texture": "#0"},
				"west": {"uv": [9.75, 11.125, 9.875, 11.25], "texture": "#0"},
				"up": {"uv": [9.75, 11.125, 10, 11.25], "texture": "#0"},
				"down": {"uv": [9.75, 11.125, 10, 11.25], "texture": "#0"}
			}
		},
		{
			"name": "sculk_cleaver_84",
			"from": [7.75, 2.5, 7.8],
			"to": [7.875, 4.75, 8.125],
			"faces": {
				"north": {"uv": [7.875, 11.25, 7.75, 13.5], "texture": "#0"},
				"east": {"uv": [7.75, 11.25, 7.875, 13.5], "texture": "#0"},
				"south": {"uv": [7.75, 11.25, 7.875, 13.5], "texture": "#0"},
				"west": {"uv": [7.75, 11.25, 7.875, 13.5], "texture": "#0"},
				"up": {"uv": [7.75, 11.25, 7.875, 11.375], "texture": "#0"},
				"down": {"uv": [7.75, 13.375, 7.875, 13.5], "texture": "#0"}
			}
		},
		{
			"name": "sculk_cleaver_85",
			"from": [7.875, 4.5, 7.85],
			"to": [8, 4.75, 8.075],
			"faces": {
				"north": {"uv": [10, 11.25, 9.875, 11.5], "texture": "#0"},
				"east": {"uv": [9.875, 11.25, 10, 11.5], "texture": "#0"},
				"south": {"uv": [9.875, 11.25, 10, 11.5], "texture": "#0"},
				"west": {"uv": [9.875, 11.25, 10, 11.5], "texture": "#0"},
				"up": {"uv": [9.875, 11.25, 10, 11.375], "texture": "#0"},
				"down": {"uv": [9.875, 11.375, 10, 11.5], "texture": "#0"}
			}
		},
		{
			"name": "sculk_cleaver_86",
			"from": [8.125, 3.625, 7.85],
			"to": [8.25, 4.75, 8.075],
			"faces": {
				"north": {"uv": [10.25, 11.25, 10.125, 12.375], "texture": "#0"},
				"east": {"uv": [10.125, 11.25, 10.25, 12.375], "texture": "#0"},
				"south": {"uv": [10.125, 11.25, 10.25, 12.375], "texture": "#0"},
				"west": {"uv": [10.125, 11.25, 10.25, 12.375], "texture": "#0"},
				"up": {"uv": [10.125, 11.25, 10.25, 11.375], "texture": "#0"},
				"down": {"uv": [10.125, 12.25, 10.25, 12.375], "texture": "#0"}
			}
		},
		{
			"name": "sculk_cleaver_87",
			"from": [7.375, 3.875, 7.85],
			"to": [7.5, 4.625, 8.075],
			"faces": {
				"north": {"uv": [9.5, 11.375, 9.375, 12.125], "texture": "#0"},
				"east": {"uv": [9.375, 11.375, 9.5, 12.125], "texture": "#0"},
				"south": {"uv": [9.375, 11.375, 9.5, 12.125], "texture": "#0"},
				"west": {"uv": [9.375, 11.375, 9.5, 12.125], "texture": "#0"},
				"up": {"uv": [9.375, 11.375, 9.5, 11.5], "texture": "#0"},
				"down": {"uv": [9.375, 12, 9.5, 12.125], "texture": "#0"}
			}
		},
		{
			"name": "sculk_cleaver_88",
			"from": [8.25, 3.875, 7.85],
			"to": [8.375, 4.625, 8.075],
			"faces": {
				"north": {"uv": [10.375, 11.375, 10.25, 12.125], "texture": "#0"},
				"east": {"uv": [10.25, 11.375, 10.375, 12.125], "texture": "#0"},
				"south": {"uv": [10.25, 11.375, 10.375, 12.125], "texture": "#0"},
				"west": {"uv": [10.25, 11.375, 10.375, 12.125], "texture": "#0"},
				"up": {"uv": [10.25, 11.375, 10.375, 11.5], "texture": "#0"},
				"down": {"uv": [10.25, 12, 10.375, 12.125], "texture": "#0"}
			}
		},
		{
			"name": "sculk_cleaver_89",
			"from": [7.875, 2.5, 7.8],
			"to": [8, 4.5, 8.125],
			"faces": {
				"north": {"uv": [8, 11.5, 7.875, 13.5], "texture": "#0"},
				"east": {"uv": [7.875, 11.5, 8, 13.5], "texture": "#0"},
				"south": {"uv": [7.875, 11.5, 8, 13.5], "texture": "#0"},
				"west": {"uv": [7.875, 11.5, 8, 13.5], "texture": "#0"},
				"up": {"uv": [7.875, 11.5, 8, 11.625], "texture": "#0"},
				"down": {"uv": [7.875, 13.375, 8, 13.5], "texture": "#0"}
			}
		},
		{
			"name": "sculk_cleaver_90",
			"from": [8.375, 4.125, 7.85],
			"to": [8.5, 4.5, 8.075],
			"faces": {
				"north": {"uv": [10.5, 11.5, 10.375, 11.875], "texture": "#0"},
				"east": {"uv": [10.375, 11.5, 10.5, 11.875], "texture": "#0"},
				"south": {"uv": [10.375, 11.5, 10.5, 11.875], "texture": "#0"},
				"west": {"uv": [10.375, 11.5, 10.5, 11.875], "texture": "#0"},
				"up": {"uv": [10.375, 11.5, 10.5, 11.625], "texture": "#0"},
				"down": {"uv": [10.375, 11.75, 10.5, 11.875], "texture": "#0"}
			}
		},
		{
			"name": "sculk_cleaver_91",
			"from": [8, 2.5, 7.8],
			"to": [8.125, 4.375, 8.125],
			"faces": {
				"north": {"uv": [8.125, 11.625, 8, 13.5], "texture": "#0"},
				"east": {"uv": [8, 11.625, 8.125, 13.5], "texture": "#0"},
				"south": {"uv": [8, 11.625, 8.125, 13.5], "texture": "#0"},
				"west": {"uv": [8, 11.625, 8.125, 13.5], "texture": "#0"},
				"up": {"uv": [8, 11.625, 8.125, 11.75], "texture": "#0"},
				"down": {"uv": [8, 13.375, 8.125, 13.5], "texture": "#0"}
			}
		},
		{
			"name": "sculk_cleaver_92",
			"from": [7.5, 2.25, 7.75],
			"to": [8.25, 2.5, 8.175],
			"faces": {
				"north": {"uv": [8.25, 13.75, 7.5, 14], "texture": "#0"},
				"east": {"uv": [8.125, 13.75, 8.25, 14], "texture": "#0"},
				"south": {"uv": [7.5, 13.75, 8.25, 14], "texture": "#0"},
				"west": {"uv": [7.5, 13.75, 7.625, 14], "texture": "#0"},
				"up": {"uv": [7.5, 13.75, 8.25, 13.875], "texture": "#0"},
				"down": {"uv": [7.5, 13.875, 8.25, 14], "texture": "#0"}
			}
		},
		{
			"name": "sculk_cleaver_93",
			"from": [7.625, 2.125, 7.75],
			"to": [8.25, 2.25, 8.175],
			"faces": {
				"north": {"uv": [8.25, 14, 7.625, 14.125], "texture": "#0"},
				"east": {"uv": [8.125, 14, 8.25, 14.125], "texture": "#0"},
				"south": {"uv": [7.625, 14, 8.25, 14.125], "texture": "#0"},
				"west": {"uv": [7.625, 14, 7.75, 14.125], "texture": "#0"},
				"up": {"uv": [7.625, 14, 8.25, 14.125], "texture": "#0"},
				"down": {"uv": [7.625, 14, 8.25, 14.125], "texture": "#0"}
			}
		}
	],
	"gui_light": "front",
	"display": {
		"thirdperson_righthand": {
			"rotation": [0, -90, 0],
			"translation": [0, 11.5, 1.25],
			"scale": [3, 3, 3]
		},
		"thirdperson_lefthand": {
			"rotation": [0, 90, 0],
			"translation": [0, 11.5, 1.25],
			"scale": [3, 3, 3]
		},
		"firstperson_righthand": {
			"rotation": [1, -90, -8],
			"translation": [3, 9, 0],
			"scale": [2.5, 2.5, 2.5]
		},
		"firstperson_lefthand": {
			"rotation": [13, 90, -8],
			"translation": [2.25, 9.25, -0.25],
			"scale": [2.5, 2.5, 2.5]
		},
		"ground": {
			"translation": [0, 7.75, 0],
			"scale": [2, 2, 2]
		},
		"gui": {
			"rotation": [0, 0, -42],
			"translation": [3, 2.25, 0],
			"scale": [2.5, 2.5, 2]
		},
		"head": {
			"rotation": [0, 0, -132],
			"translation": [1, -16, 3.5],
			"scale": [3.5, 3.5, 3.5]
		},
		"fixed": {
			"rotation": [-180, 0, 138],
			"translation": [-1.25, 1.75, 0],
			"scale": [4, 4, 3]
		}
	},
	"groups": [
		{
			"name": "sculk_cleaver",
			"origin": [8, 8, 8],
			"color": 0,
			"nbt": "{}",
			"children": [
				0,
				1,
				2,
				3,
				4,
				5,
				6,
				7,
				8,
				9,
				10,
				11,
				12,
				13,
				14,
				15,
				16,
				17,
				18,
				19,
				20,
				21,
				22,
				23,
				24,
				25,
				26,
				27,
				28,
				29,
				30,
				31,
				32,
				33,
				34,
				35,
				36,
				37,
				38,
				39,
				40,
				41,
				42,
				43,
				44,
				45,
				46,
				47,
				48,
				49,
				50,
				51,
				52,
				53,
				54,
				55,
				56,
				57,
				58,
				59,
				60,
				61,
				62,
				63,
				64,
				65,
				66,
				67,
				68,
				69,
				70,
				71,
				72,
				73,
				74,
				75,
				76,
				77,
				78,
				79,
				80,
				81,
				82,
				83,
				84,
				85,
				86,
				87,
				88,
				89,
				90,
				91,
				92,
				93
			]
		}
	]
}