{
	"credit": "Made with Blockbench",
	"textures": {
		"0": "prominent:item/transmog/sentinels_will",
		"particle": "prominent:item/transmog/sentinels_will"
	},
	"elements": [
		{
			"name": "sentinels_will_0",
			"from": [7.475, 14.125, 7.95],
			"to": [8.35, 14.25, 8.075],
			"faces": {
				"north": {"uv": [8.75, 1.75, 7.875, 1.875], "texture": "#0"},
				"east": {"uv": [8.625, 1.75, 8.75, 1.875], "texture": "#0"},
				"south": {"uv": [7.875, 1.75, 8.75, 1.875], "texture": "#0"},
				"west": {"uv": [7.875, 1.75, 8, 1.875], "texture": "#0"},
				"up": {"uv": [7.875, 1.75, 8.75, 1.875], "texture": "#0"}
			}
		},
		{
			"name": "sentinels_will_1",
			"from": [7.35, 14, 7.95],
			"to": [7.6, 14.125, 8.075],
			"faces": {
				"north": {"uv": [8, 1.875, 7.75, 2], "texture": "#0"},
				"south": {"uv": [7.75, 1.875, 8, 2], "texture": "#0"},
				"west": {"uv": [7.75, 1.875, 7.875, 2], "texture": "#0"},
				"up": {"uv": [7.75, 1.875, 8, 2], "texture": "#0"}
			}
		},
		{
			"name": "sentinels_will_2",
			"from": [8.225, 14, 7.95],
			"to": [8.475, 14.125, 8.075],
			"faces": {
				"north": {"uv": [8.875, 1.875, 8.625, 2], "texture": "#0"},
				"east": {"uv": [8.75, 1.875, 8.875, 2], "texture": "#0"},
				"south": {"uv": [8.625, 1.875, 8.875, 2], "texture": "#0"},
				"up": {"uv": [8.625, 1.875, 8.875, 2], "texture": "#0"}
			}
		},
		{
			"name": "sentinels_will_3",
			"from": [7.6, 11.5, 7.9],
			"to": [8.225, 14.125, 8.125],
			"faces": {
				"north": {"uv": [10.125, 1.875, 9.5, 4.5], "texture": "#0"},
				"east": {"uv": [10, 1.875, 10.125, 4.5], "texture": "#0"},
				"south": {"uv": [9.5, 1.875, 10.125, 4.5], "texture": "#0"},
				"west": {"uv": [9.5, 1.875, 9.625, 4.5], "texture": "#0"},
				"up": {"uv": [9.5, 1.875, 10.125, 2], "texture": "#0"}
			}
		},
		{
			"name": "sentinels_will_4",
			"from": [7.225, 13.75, 7.95],
			"to": [7.475, 14, 8.075],
			"faces": {
				"north": {"uv": [7.875, 2, 7.625, 2.25], "texture": "#0"},
				"south": {"uv": [7.625, 2, 7.875, 2.25], "texture": "#0"},
				"west": {"uv": [7.625, 2, 7.75, 2.25], "texture": "#0"},
				"up": {"uv": [7.625, 2, 7.875, 2.125], "texture": "#0"},
				"down": {"uv": [7.625, 2.125, 7.875, 2.25], "texture": "#0"}
			}
		},
		{
			"name": "sentinels_will_5",
			"from": [8.35, 13.75, 7.95],
			"to": [8.6, 14, 8.075],
			"faces": {
				"north": {"uv": [9, 2, 8.75, 2.25], "texture": "#0"},
				"east": {"uv": [8.875, 2, 9, 2.25], "texture": "#0"},
				"south": {"uv": [8.75, 2, 9, 2.25], "texture": "#0"},
				"up": {"uv": [8.75, 2, 9, 2.125], "texture": "#0"},
				"down": {"uv": [8.75, 2.125, 9, 2.25], "texture": "#0"}
			}
		},
		{
			"name": "sentinels_will_6",
			"from": [7.475, 13.75, 7.9],
			"to": [7.6, 14, 8.125],
			"faces": {
				"north": {"uv": [9.5, 2, 9.375, 2.25], "texture": "#0"},
				"south": {"uv": [9.375, 2, 9.5, 2.25], "texture": "#0"},
				"west": {"uv": [9.375, 2, 9.5, 2.25], "texture": "#0"},
				"up": {"uv": [9.375, 2, 9.5, 2.125], "texture": "#0"},
				"down": {"uv": [9.375, 2.125, 9.5, 2.25], "texture": "#0"}
			}
		},
		{
			"name": "sentinels_will_7",
			"from": [8.225, 13.75, 7.9],
			"to": [8.35, 14, 8.125],
			"faces": {
				"north": {"uv": [10.25, 2, 10.125, 2.25], "texture": "#0"},
				"east": {"uv": [10.125, 2, 10.25, 2.25], "texture": "#0"},
				"south": {"uv": [10.125, 2, 10.25, 2.25], "texture": "#0"},
				"up": {"uv": [10.125, 2, 10.25, 2.125], "texture": "#0"},
				"down": {"uv": [10.125, 2.125, 10.25, 2.25], "texture": "#0"}
			}
		},
		{
			"name": "sentinels_will_8",
			"from": [7.475, 13.625, 7.95],
			"to": [7.6, 13.75, 8.075],
			"faces": {
				"north": {"uv": [8, 2.25, 7.875, 2.375], "texture": "#0"},
				"south": {"uv": [7.875, 2.25, 8, 2.375], "texture": "#0"},
				"west": {"uv": [7.875, 2.25, 8, 2.375], "texture": "#0"}
			}
		},
		{
			"name": "sentinels_will_9",
			"from": [8.225, 13.625, 7.95],
			"to": [8.35, 13.75, 8.075],
			"faces": {
				"north": {"uv": [8.75, 2.25, 8.625, 2.375], "texture": "#0"},
				"east": {"uv": [8.625, 2.25, 8.75, 2.375], "texture": "#0"},
				"south": {"uv": [8.625, 2.25, 8.75, 2.375], "texture": "#0"}
			}
		},
		{
			"name": "sentinels_will_10",
			"from": [7.35, 11.25, 7.95],
			"to": [7.475, 13.625, 8.075],
			"faces": {
				"north": {"uv": [7.875, 2.375, 7.75, 4.75], "texture": "#0"},
				"south": {"uv": [7.75, 2.375, 7.875, 4.75], "texture": "#0"},
				"west": {"uv": [7.75, 2.375, 7.875, 4.75], "texture": "#0"},
				"up": {"uv": [7.75, 2.375, 7.875, 2.5], "texture": "#0"}
			}
		},
		{
			"name": "sentinels_will_11",
			"from": [8.35, 11.25, 7.95],
			"to": [8.475, 13.625, 8.075],
			"faces": {
				"north": {"uv": [8.875, 2.375, 8.75, 4.75], "texture": "#0"},
				"east": {"uv": [8.75, 2.375, 8.875, 4.75], "texture": "#0"},
				"south": {"uv": [8.75, 2.375, 8.875, 4.75], "texture": "#0"},
				"up": {"uv": [8.75, 2.375, 8.875, 2.5], "texture": "#0"}
			}
		},
		{
			"name": "sentinels_will_12",
			"from": [7.475, 11.375, 7.9],
			"to": [7.6, 13.625, 8.125],
			"faces": {
				"north": {"uv": [9.5, 2.375, 9.375, 4.625], "texture": "#0"},
				"south": {"uv": [9.375, 2.375, 9.5, 4.625], "texture": "#0"},
				"west": {"uv": [9.375, 2.375, 9.5, 4.625], "texture": "#0"},
				"up": {"uv": [9.375, 2.375, 9.5, 2.5], "texture": "#0"}
			}
		},
		{
			"name": "sentinels_will_13",
			"from": [8.225, 11.375, 7.9],
			"to": [8.35, 13.625, 8.125],
			"faces": {
				"north": {"uv": [10.25, 2.375, 10.125, 4.625], "texture": "#0"},
				"east": {"uv": [10.125, 2.375, 10.25, 4.625], "texture": "#0"},
				"south": {"uv": [10.125, 2.375, 10.25, 4.625], "texture": "#0"},
				"up": {"uv": [10.125, 2.375, 10.25, 2.5], "texture": "#0"}
			}
		},
		{
			"name": "sentinels_will_14",
			"from": [7.6, 11.375, 7.9],
			"to": [7.725, 11.5, 8.125],
			"faces": {
				"north": {"uv": [9.625, 4.5, 9.5, 4.625], "texture": "#0"},
				"south": {"uv": [9.5, 4.5, 9.625, 4.625], "texture": "#0"}
			}
		},
		{
			"name": "sentinels_will_15",
			"from": [8.1, 11.375, 7.9],
			"to": [8.225, 11.5, 8.125],
			"faces": {
				"north": {"uv": [10.125, 4.5, 10, 4.625], "texture": "#0"},
				"south": {"uv": [10, 4.5, 10.125, 4.625], "texture": "#0"}
			}
		},
		{
			"name": "sentinels_will_16",
			"from": [7.725, 11.125, 7.85],
			"to": [8.1, 11.5, 8.175],
			"faces": {
				"north": {"uv": [8.5, 4.75, 8.125, 5.125], "texture": "#0"},
				"east": {"uv": [8.375, 4.75, 8.5, 5.125], "texture": "#0"},
				"south": {"uv": [8.125, 4.75, 8.5, 5.125], "texture": "#0"},
				"west": {"uv": [8.125, 4.75, 8.25, 5.125], "texture": "#0"},
				"up": {"uv": [8.125, 4.75, 8.5, 4.875], "texture": "#0"},
				"down": {"uv": [8.125, 5, 8.5, 5.125], "texture": "#0"}
			}
		},
		{
			"name": "sentinels_will_17",
			"from": [7.475, 11.125, 7.85],
			"to": [7.725, 11.375, 8.175],
			"faces": {
				"north": {"uv": [8.125, 4.875, 7.875, 5.125], "texture": "#0"},
				"south": {"uv": [7.875, 4.875, 8.125, 5.125], "texture": "#0"},
				"west": {"uv": [7.875, 4.875, 8, 5.125], "texture": "#0"},
				"up": {"uv": [7.875, 4.875, 8.125, 5], "texture": "#0"},
				"down": {"uv": [7.875, 5, 8.125, 5.125], "texture": "#0"}
			}
		},
		{
			"name": "sentinels_will_18",
			"from": [8.1, 11.125, 7.85],
			"to": [8.35, 11.375, 8.175],
			"faces": {
				"north": {"uv": [8.75, 4.875, 8.5, 5.125], "texture": "#0"},
				"east": {"uv": [8.625, 4.875, 8.75, 5.125], "texture": "#0"},
				"south": {"uv": [8.5, 4.875, 8.75, 5.125], "texture": "#0"},
				"up": {"uv": [8.5, 4.875, 8.75, 5], "texture": "#0"},
				"down": {"uv": [8.5, 5, 8.75, 5.125], "texture": "#0"}
			}
		},
		{
			"name": "sentinels_will_19",
			"from": [7.225, 11, 7.85],
			"to": [7.475, 11.25, 8.175],
			"faces": {
				"north": {"uv": [7.875, 5, 7.625, 5.25], "texture": "#0"},
				"south": {"uv": [7.625, 5, 7.875, 5.25], "texture": "#0"},
				"west": {"uv": [7.625, 5, 7.75, 5.25], "texture": "#0"},
				"up": {"uv": [7.625, 5, 7.875, 5.125], "texture": "#0"},
				"down": {"uv": [7.625, 5.125, 7.875, 5.25], "texture": "#0"}
			}
		},
		{
			"name": "sentinels_will_20",
			"from": [8.35, 11, 7.85],
			"to": [8.6, 11.25, 8.175],
			"faces": {
				"north": {"uv": [9, 5, 8.75, 5.25], "texture": "#0"},
				"east": {"uv": [8.875, 5, 9, 5.25], "texture": "#0"},
				"south": {"uv": [8.75, 5, 9, 5.25], "texture": "#0"},
				"up": {"uv": [8.75, 5, 9, 5.125], "texture": "#0"},
				"down": {"uv": [8.75, 5.125, 9, 5.25], "texture": "#0"}
			}
		},
		{
			"name": "sentinels_will_21",
			"from": [7.475, 11, 7.85],
			"to": [7.6, 11.125, 8.175],
			"faces": {
				"north": {"uv": [8, 5.125, 7.875, 5.25], "texture": "#0"},
				"east": {"uv": [7.875, 5.125, 8, 5.25], "texture": "#0"},
				"south": {"uv": [7.875, 5.125, 8, 5.25], "texture": "#0"},
				"down": {"uv": [7.875, 5.125, 8, 5.25], "texture": "#0"}
			}
		},
		{
			"name": "sentinels_will_22",
			"from": [8.225, 11, 7.85],
			"to": [8.35, 11.125, 8.175],
			"faces": {
				"north": {"uv": [8.75, 5.125, 8.625, 5.25], "texture": "#0"},
				"south": {"uv": [8.625, 5.125, 8.75, 5.25], "texture": "#0"},
				"west": {"uv": [8.625, 5.125, 8.75, 5.25], "texture": "#0"},
				"down": {"uv": [8.625, 5.125, 8.75, 5.25], "texture": "#0"}
			}
		},
		{
			"name": "sentinels_will_23",
			"from": [7.6, 10.875, 7.9],
			"to": [8.225, 11.125, 8.125],
			"faces": {
				"north": {"uv": [8.625, 5.375, 8, 5.625], "texture": "#0"},
				"east": {"uv": [8.5, 5.375, 8.625, 5.625], "texture": "#0"},
				"south": {"uv": [8, 5.375, 8.625, 5.625], "texture": "#0"},
				"west": {"uv": [8, 5.375, 8.125, 5.625], "texture": "#0"}
			}
		},
		{
			"name": "sentinels_will_24",
			"from": [7.6, 10.75, 7.9],
			"to": [7.85, 10.875, 8.125],
			"faces": {
				"north": {"uv": [8.25, 5.625, 8, 5.75], "texture": "#0"},
				"south": {"uv": [8, 5.625, 8.25, 5.75], "texture": "#0"},
				"west": {"uv": [8, 5.625, 8.125, 5.75], "texture": "#0"}
			}
		},
		{
			"name": "sentinels_will_25",
			"from": [7.975, 10.75, 7.9],
			"to": [8.225, 10.875, 8.125],
			"faces": {
				"north": {"uv": [8.625, 5.625, 8.375, 5.75], "texture": "#0"},
				"east": {"uv": [8.5, 5.625, 8.625, 5.75], "texture": "#0"},
				"south": {"uv": [8.375, 5.625, 8.625, 5.75], "texture": "#0"}
			}
		},
		{
			"name": "sentinels_will_26",
			"from": [6.85, 10.75, 7.8],
			"to": [7.35, 10.875, 8.225],
			"faces": {
				"north": {"uv": [9.5, 5.625, 9, 5.75], "texture": "#0"},
				"east": {"uv": [9.375, 5.625, 9.5, 5.75], "texture": "#0"},
				"south": {"uv": [9, 5.625, 9.5, 5.75], "texture": "#0"},
				"west": {"uv": [9, 5.625, 9.125, 5.75], "texture": "#0"},
				"up": {"uv": [9, 5.625, 9.5, 5.75], "texture": "#0"},
				"down": {"uv": [9, 5.625, 9.5, 5.75], "texture": "#0"}
			}
		},
		{
			"name": "sentinels_will_27",
			"from": [7.85, 10.625, 7.8],
			"to": [7.975, 10.875, 8.225],
			"faces": {
				"north": {"uv": [10.125, 5.625, 10, 5.875], "texture": "#0"},
				"east": {"uv": [10, 5.625, 10.125, 5.875], "texture": "#0"},
				"south": {"uv": [10, 5.625, 10.125, 5.875], "texture": "#0"},
				"west": {"uv": [10, 5.625, 10.125, 5.875], "texture": "#0"},
				"up": {"uv": [10, 5.625, 10.125, 5.75], "texture": "#0"},
				"down": {"uv": [10, 5.75, 10.125, 5.875], "texture": "#0"}
			}
		},
		{
			"name": "sentinels_will_28",
			"from": [8.475, 10.625, 7.8],
			"to": [8.85, 10.875, 8.225],
			"faces": {
				"north": {"uv": [11, 5.625, 10.625, 5.875], "texture": "#0"},
				"east": {"uv": [10.875, 5.625, 11, 5.875], "texture": "#0"},
				"south": {"uv": [10.625, 5.625, 11, 5.875], "texture": "#0"},
				"west": {"uv": [10.625, 5.625, 10.75, 5.875], "texture": "#0"},
				"up": {"uv": [10.625, 5.625, 11, 5.75], "texture": "#0"},
				"down": {"uv": [10.625, 5.75, 11, 5.875], "texture": "#0"}
			}
		},
		{
			"name": "sentinels_will_29",
			"from": [8.85, 10.75, 7.8],
			"to": [8.975, 10.875, 8.225],
			"faces": {
				"north": {"uv": [11.125, 5.625, 11, 5.75], "texture": "#0"},
				"east": {"uv": [11, 5.625, 11.125, 5.75], "texture": "#0"},
				"south": {"uv": [11, 5.625, 11.125, 5.75], "texture": "#0"},
				"up": {"uv": [11, 5.625, 11.125, 5.75], "texture": "#0"},
				"down": {"uv": [11, 5.625, 11.125, 5.75], "texture": "#0"}
			}
		},
		{
			"name": "sentinels_will_30",
			"from": [6.975, 10.625, 7.8],
			"to": [7.475, 10.75, 8.225],
			"faces": {
				"north": {"uv": [9.625, 5.75, 9.125, 5.875], "texture": "#0"},
				"east": {"uv": [9.5, 5.75, 9.625, 5.875], "texture": "#0"},
				"south": {"uv": [9.125, 5.75, 9.625, 5.875], "texture": "#0"},
				"west": {"uv": [9.125, 5.75, 9.25, 5.875], "texture": "#0"},
				"up": {"uv": [9.125, 5.75, 9.625, 5.875], "texture": "#0"},
				"down": {"uv": [9.125, 5.75, 9.625, 5.875], "texture": "#0"}
			}
		},
		{
			"name": "sentinels_will_31",
			"from": [7.6, 10.5, 7.8],
			"to": [7.85, 10.75, 8.225],
			"faces": {
				"north": {"uv": [10, 5.75, 9.75, 6], "texture": "#0"},
				"east": {"uv": [9.875, 5.75, 10, 6], "texture": "#0"},
				"south": {"uv": [9.75, 5.75, 10, 6], "texture": "#0"},
				"west": {"uv": [9.75, 5.75, 9.875, 6], "texture": "#0"},
				"up": {"uv": [9.75, 5.75, 10, 5.875], "texture": "#0"},
				"down": {"uv": [9.75, 5.875, 10, 6], "texture": "#0"}
			}
		},
		{
			"name": "sentinels_will_32",
			"from": [7.975, 10.5, 7.8],
			"to": [8.225, 10.75, 8.225],
			"faces": {
				"north": {"uv": [10.375, 5.75, 10.125, 6], "texture": "#0"},
				"east": {"uv": [10.25, 5.75, 10.375, 6], "texture": "#0"},
				"south": {"uv": [10.125, 5.75, 10.375, 6], "texture": "#0"},
				"west": {"uv": [10.125, 5.75, 10.25, 6], "texture": "#0"},
				"up": {"uv": [10.125, 5.75, 10.375, 5.875], "texture": "#0"},
				"down": {"uv": [10.125, 5.875, 10.375, 6], "texture": "#0"}
			}
		},
		{
			"name": "sentinels_will_33",
			"from": [8.35, 10.375, 7.8],
			"to": [8.475, 10.75, 8.225],
			"faces": {
				"north": {"uv": [10.625, 5.75, 10.5, 6.125], "texture": "#0"},
				"east": {"uv": [10.5, 5.75, 10.625, 6.125], "texture": "#0"},
				"south": {"uv": [10.5, 5.75, 10.625, 6.125], "texture": "#0"},
				"west": {"uv": [10.5, 5.75, 10.625, 6.125], "texture": "#0"},
				"up": {"uv": [10.5, 5.75, 10.625, 5.875], "texture": "#0"},
				"down": {"uv": [10.5, 6, 10.625, 6.125], "texture": "#0"}
			}
		},
		{
			"name": "sentinels_will_34",
			"from": [7.85, 9.875, 7.85],
			"to": [7.975, 10.625, 8.175],
			"faces": {
				"north": {"uv": [8.375, 5.875, 8.25, 6.625], "texture": "#0"},
				"south": {"uv": [8.25, 5.875, 8.375, 6.625], "texture": "#0"}
			}
		},
		{
			"name": "sentinels_will_35",
			"from": [7.225, 10.5, 7.8],
			"to": [7.6, 10.625, 8.225],
			"faces": {
				"north": {"uv": [9.75, 5.875, 9.375, 6], "texture": "#0"},
				"south": {"uv": [9.375, 5.875, 9.75, 6], "texture": "#0"},
				"west": {"uv": [9.375, 5.875, 9.5, 6], "texture": "#0"},
				"up": {"uv": [9.375, 5.875, 9.75, 6], "texture": "#0"},
				"down": {"uv": [9.375, 5.875, 9.75, 6], "texture": "#0"}
			}
		},
		{
			"name": "sentinels_will_36",
			"from": [8.225, 10.25, 7.8],
			"to": [8.35, 10.625, 8.225],
			"faces": {
				"north": {"uv": [10.5, 5.875, 10.375, 6.25], "texture": "#0"},
				"east": {"uv": [10.375, 5.875, 10.5, 6.25], "texture": "#0"},
				"south": {"uv": [10.375, 5.875, 10.5, 6.25], "texture": "#0"},
				"west": {"uv": [10.375, 5.875, 10.5, 6.25], "texture": "#0"},
				"up": {"uv": [10.375, 5.875, 10.5, 6], "texture": "#0"},
				"down": {"uv": [10.375, 6.125, 10.5, 6.25], "texture": "#0"}
			}
		},
		{
			"name": "sentinels_will_37",
			"from": [8.475, 10.5, 7.8],
			"to": [8.6, 10.625, 8.225],
			"faces": {
				"north": {"uv": [10.75, 5.875, 10.625, 6], "texture": "#0"},
				"east": {"uv": [10.625, 5.875, 10.75, 6], "texture": "#0"},
				"south": {"uv": [10.625, 5.875, 10.75, 6], "texture": "#0"},
				"down": {"uv": [10.625, 5.875, 10.75, 6], "texture": "#0"}
			}
		},
		{
			"name": "sentinels_will_38",
			"from": [7.725, 9.875, 7.85],
			"to": [7.85, 10.5, 8.175],
			"faces": {
				"north": {"uv": [8.25, 6, 8.125, 6.625], "texture": "#0"},
				"south": {"uv": [8.125, 6, 8.25, 6.625], "texture": "#0"}
			}
		},
		{
			"name": "sentinels_will_39",
			"from": [7.975, 9.875, 7.85],
			"to": [8.1, 10.5, 8.175],
			"faces": {
				"north": {"uv": [8.5, 6, 8.375, 6.625], "texture": "#0"},
				"south": {"uv": [8.375, 6, 8.5, 6.625], "texture": "#0"}
			}
		},
		{
			"name": "sentinels_will_40",
			"from": [7.35, 10.375, 7.8],
			"to": [7.725, 10.5, 8.225],
			"faces": {
				"north": {"uv": [9.875, 6, 9.5, 6.125], "texture": "#0"},
				"east": {"uv": [9.75, 6, 9.875, 6.125], "texture": "#0"},
				"south": {"uv": [9.5, 6, 9.875, 6.125], "texture": "#0"},
				"west": {"uv": [9.5, 6, 9.625, 6.125], "texture": "#0"},
				"down": {"uv": [9.5, 6, 9.875, 6.125], "texture": "#0"}
			}
		},
		{
			"name": "sentinels_will_41",
			"from": [8.1, 10.375, 7.8],
			"to": [8.225, 10.5, 8.225],
			"faces": {
				"north": {"uv": [10.375, 6, 10.25, 6.125], "texture": "#0"},
				"south": {"uv": [10.25, 6, 10.375, 6.125], "texture": "#0"},
				"west": {"uv": [10.25, 6, 10.375, 6.125], "texture": "#0"},
				"down": {"uv": [10.25, 6, 10.375, 6.125], "texture": "#0"}
			}
		},
		{
			"name": "sentinels_will_42",
			"from": [7.6, 9.875, 7.85],
			"to": [7.725, 10.375, 8.175],
			"faces": {
				"north": {"uv": [8.125, 6.125, 8, 6.625], "texture": "#0"},
				"south": {"uv": [8, 6.125, 8.125, 6.625], "texture": "#0"},
				"west": {"uv": [8, 6.125, 8.125, 6.625], "texture": "#0"}
			}
		},
		{
			"name": "sentinels_will_43",
			"from": [8.1, 9.875, 7.85],
			"to": [8.225, 10.375, 8.175],
			"faces": {
				"north": {"uv": [8.625, 6.125, 8.5, 6.625], "texture": "#0"},
				"east": {"uv": [8.5, 6.125, 8.625, 6.625], "texture": "#0"},
				"south": {"uv": [8.5, 6.125, 8.625, 6.625], "texture": "#0"}
			}
		},
		{
			"name": "sentinels_will_44",
			"from": [7.475, 10.25, 7.8],
			"to": [7.6, 10.375, 8.225],
			"faces": {
				"north": {"uv": [9.75, 6.125, 9.625, 6.25], "texture": "#0"},
				"east": {"uv": [9.625, 6.125, 9.75, 6.25], "texture": "#0"},
				"south": {"uv": [9.625, 6.125, 9.75, 6.25], "texture": "#0"},
				"west": {"uv": [9.625, 6.125, 9.75, 6.25], "texture": "#0"},
				"down": {"uv": [9.625, 6.125, 9.75, 6.25], "texture": "#0"}
			}
		},
		{
			"name": "sentinels_will_45",
			"from": [7.475, 9.625, 7.65],
			"to": [8.35, 9.875, 8.375],
			"faces": {
				"north": {"uv": [9.75, 6.875, 8.875, 7.125], "texture": "#0"},
				"east": {"uv": [9.625, 6.875, 9.75, 7.125], "texture": "#0"},
				"south": {"uv": [8.875, 6.875, 9.75, 7.125], "texture": "#0"},
				"west": {"uv": [8.875, 6.875, 9, 7.125], "texture": "#0"},
				"up": {"uv": [8.875, 6.875, 9.75, 7], "texture": "#0"},
				"down": {"uv": [8.875, 7, 9.75, 7.125], "texture": "#0"}
			}
		},
		{
			"name": "sentinels_will_46",
			"from": [7.725, 9.5, 7.85],
			"to": [8.1, 9.625, 8.175],
			"faces": {
				"north": {"uv": [8.5, 7.125, 8.125, 7.25], "texture": "#0"},
				"east": {"uv": [8.375, 7.125, 8.5, 7.25], "texture": "#0"},
				"south": {"uv": [8.125, 7.125, 8.5, 7.25], "texture": "#0"},
				"west": {"uv": [8.125, 7.125, 8.25, 7.25], "texture": "#0"}
			}
		},
		{
			"name": "sentinels_will_47",
			"from": [7.6, 9.25, 7.75],
			"to": [8.225, 9.5, 8.275],
			"faces": {
				"north": {"uv": [9.625, 7.25, 9, 7.5], "texture": "#0"},
				"east": {"uv": [9.5, 7.25, 9.625, 7.5], "texture": "#0"},
				"south": {"uv": [9, 7.25, 9.625, 7.5], "texture": "#0"},
				"west": {"uv": [9, 7.25, 9.125, 7.5], "texture": "#0"},
				"up": {"uv": [9, 7.25, 9.625, 7.375], "texture": "#0"},
				"down": {"uv": [9, 7.375, 9.625, 7.5], "texture": "#0"}
			}
		},
		{
			"name": "sentinels_will_48",
			"from": [7.725, 9.125, 7.85],
			"to": [8.1, 9.25, 8.175],
			"faces": {
				"north": {"uv": [8.5, 7.5, 8.125, 7.625], "texture": "#0"},
				"east": {"uv": [8.375, 7.5, 8.5, 7.625], "texture": "#0"},
				"south": {"uv": [8.125, 7.5, 8.5, 7.625], "texture": "#0"},
				"west": {"uv": [8.125, 7.5, 8.25, 7.625], "texture": "#0"}
			}
		},
		{
			"name": "sentinels_will_49",
			"from": [7.6, 8.875, 7.75],
			"to": [8.225, 9.125, 8.275],
			"faces": {
				"north": {"uv": [9.625, 7.625, 9, 7.875], "texture": "#0"},
				"east": {"uv": [9.5, 7.625, 9.625, 7.875], "texture": "#0"},
				"south": {"uv": [9, 7.625, 9.625, 7.875], "texture": "#0"},
				"west": {"uv": [9, 7.625, 9.125, 7.875], "texture": "#0"},
				"up": {"uv": [9, 7.625, 9.625, 7.75], "texture": "#0"},
				"down": {"uv": [9, 7.75, 9.625, 7.875], "texture": "#0"}
			}
		},
		{
			"name": "sentinels_will_50",
			"from": [7.725, 5.75, 7.85],
			"to": [8.1, 8.875, 8.175],
			"faces": {
				"north": {"uv": [8.5, 7.875, 8.125, 11], "texture": "#0"},
				"east": {"uv": [8.375, 7.875, 8.5, 11], "texture": "#0"},
				"south": {"uv": [8.125, 7.875, 8.5, 11], "texture": "#0"},
				"west": {"uv": [8.125, 7.875, 8.25, 11], "texture": "#0"}
			}
		},
		{
			"name": "sentinels_will_51",
			"from": [7.6, 5.5, 7.75],
			"to": [8.225, 5.75, 8.275],
			"faces": {
				"north": {"uv": [9.625, 11, 9, 11.25], "texture": "#0"},
				"east": {"uv": [9.5, 11, 9.625, 11.25], "texture": "#0"},
				"south": {"uv": [9, 11, 9.625, 11.25], "texture": "#0"},
				"west": {"uv": [9, 11, 9.125, 11.25], "texture": "#0"},
				"up": {"uv": [9, 11, 9.625, 11.125], "texture": "#0"},
				"down": {"uv": [9, 11.125, 9.625, 11.25], "texture": "#0"}
			}
		},
		{
			"name": "sentinels_will_52",
			"from": [7.725, 2.625, 7.85],
			"to": [8.1, 5.5, 8.175],
			"faces": {
				"north": {"uv": [8.5, 11.25, 8.125, 14.125], "texture": "#0"},
				"east": {"uv": [8.375, 11.25, 8.5, 14.125], "texture": "#0"},
				"south": {"uv": [8.125, 11.25, 8.5, 14.125], "texture": "#0"},
				"west": {"uv": [8.125, 11.25, 8.25, 14.125], "texture": "#0"}
			}
		},
		{
			"name": "sentinels_will_53",
			"from": [7.6, 2.375, 7.75],
			"to": [8.225, 2.625, 8.275],
			"faces": {
				"north": {"uv": [9.625, 14.125, 9, 14.375], "texture": "#0"},
				"east": {"uv": [9.5, 14.125, 9.625, 14.375], "texture": "#0"},
				"south": {"uv": [9, 14.125, 9.625, 14.375], "texture": "#0"},
				"west": {"uv": [9, 14.125, 9.125, 14.375], "texture": "#0"},
				"up": {"uv": [9, 14.125, 9.625, 14.25], "texture": "#0"},
				"down": {"uv": [9, 14.25, 9.625, 14.375], "texture": "#0"}
			}
		},
		{
			"name": "sentinels_will_54",
			"from": [7.725, 2.25, 7.9],
			"to": [8.1, 2.375, 8.125],
			"faces": {
				"north": {"uv": [8.5, 14.375, 8.125, 14.5], "texture": "#0"},
				"east": {"uv": [8.375, 14.375, 8.5, 14.5], "texture": "#0"},
				"south": {"uv": [8.125, 14.375, 8.5, 14.5], "texture": "#0"},
				"west": {"uv": [8.125, 14.375, 8.25, 14.5], "texture": "#0"}
			}
		},
		{
			"name": "sentinels_will_55",
			"from": [7.725, 1.625, 7.85],
			"to": [8.1, 2.25, 8.175],
			"faces": {
				"north": {"uv": [7.5, 14.5, 7.125, 15.125], "texture": "#0"},
				"east": {"uv": [7.375, 14.5, 7.5, 15.125], "texture": "#0"},
				"south": {"uv": [7.125, 14.5, 7.5, 15.125], "texture": "#0"},
				"west": {"uv": [7.125, 14.5, 7.25, 15.125], "texture": "#0"},
				"up": {"uv": [7.125, 14.5, 7.5, 14.625], "texture": "#0"},
				"down": {"uv": [7.125, 15, 7.5, 15.125], "texture": "#0"}
			}
		},
		{
			"name": "sentinels_will_56",
			"from": [7.6, 2.125, 7.9],
			"to": [7.725, 2.25, 8.125],
			"faces": {
				"north": {"uv": [8.125, 14.5, 8, 14.625], "texture": "#0"},
				"south": {"uv": [8, 14.5, 8.125, 14.625], "texture": "#0"},
				"west": {"uv": [8, 14.5, 8.125, 14.625], "texture": "#0"},
				"up": {"uv": [8, 14.5, 8.125, 14.625], "texture": "#0"}
			}
		},
		{
			"name": "sentinels_will_57",
			"from": [8.1, 2.125, 7.9],
			"to": [8.225, 2.25, 8.125],
			"faces": {
				"north": {"uv": [8.625, 14.5, 8.5, 14.625], "texture": "#0"},
				"east": {"uv": [8.5, 14.5, 8.625, 14.625], "texture": "#0"},
				"south": {"uv": [8.5, 14.5, 8.625, 14.625], "texture": "#0"},
				"up": {"uv": [8.5, 14.5, 8.625, 14.625], "texture": "#0"}
			}
		},
		{
			"name": "sentinels_will_58",
			"from": [7.6, 1.75, 7.85],
			"to": [7.725, 2.125, 8.175],
			"faces": {
				"north": {"uv": [7.125, 14.625, 7, 15], "texture": "#0"},
				"south": {"uv": [7, 14.625, 7.125, 15], "texture": "#0"},
				"west": {"uv": [7, 14.625, 7.125, 15], "texture": "#0"},
				"up": {"uv": [7, 14.625, 7.125, 14.75], "texture": "#0"},
				"down": {"uv": [7, 14.875, 7.125, 15], "texture": "#0"}
			}
		},
		{
			"name": "sentinels_will_59",
			"from": [8.1, 1.75, 7.85],
			"to": [8.225, 2.125, 8.175],
			"faces": {
				"north": {"uv": [7.625, 14.625, 7.5, 15], "texture": "#0"},
				"east": {"uv": [7.5, 14.625, 7.625, 15], "texture": "#0"},
				"south": {"uv": [7.5, 14.625, 7.625, 15], "texture": "#0"},
				"up": {"uv": [7.5, 14.625, 7.625, 14.75], "texture": "#0"},
				"down": {"uv": [7.5, 14.875, 7.625, 15], "texture": "#0"}
			}
		},
		{
			"name": "sentinels_will_60",
			"from": [7.475, 1.75, 7.9],
			"to": [7.6, 2.125, 8.125],
			"faces": {
				"north": {"uv": [8, 14.625, 7.875, 15], "texture": "#0"},
				"south": {"uv": [7.875, 14.625, 8, 15], "texture": "#0"},
				"west": {"uv": [7.875, 14.625, 8, 15], "texture": "#0"},
				"up": {"uv": [7.875, 14.625, 8, 14.75], "texture": "#0"},
				"down": {"uv": [7.875, 14.875, 8, 15], "texture": "#0"}
			}
		},
		{
			"name": "sentinels_will_61",
			"from": [8.225, 1.75, 7.9],
			"to": [8.35, 2.125, 8.125],
			"faces": {
				"north": {"uv": [8.75, 14.625, 8.625, 15], "texture": "#0"},
				"east": {"uv": [8.625, 14.625, 8.75, 15], "texture": "#0"},
				"south": {"uv": [8.625, 14.625, 8.75, 15], "texture": "#0"},
				"up": {"uv": [8.625, 14.625, 8.75, 14.75], "texture": "#0"},
				"down": {"uv": [8.625, 14.875, 8.75, 15], "texture": "#0"}
			}
		},
		{
			"name": "sentinels_will_62",
			"from": [7.6, 1.625, 7.9],
			"to": [7.725, 1.75, 8.125],
			"faces": {
				"north": {"uv": [8.125, 15, 8, 15.125], "texture": "#0"},
				"south": {"uv": [8, 15, 8.125, 15.125], "texture": "#0"},
				"west": {"uv": [8, 15, 8.125, 15.125], "texture": "#0"},
				"down": {"uv": [8, 15, 8.125, 15.125], "texture": "#0"}
			}
		},
		{
			"name": "sentinels_will_63",
			"from": [8.1, 1.625, 7.9],
			"to": [8.225, 1.75, 8.125],
			"faces": {
				"north": {"uv": [8.625, 15, 8.5, 15.125], "texture": "#0"},
				"east": {"uv": [8.5, 15, 8.625, 15.125], "texture": "#0"},
				"south": {"uv": [8.5, 15, 8.625, 15.125], "texture": "#0"},
				"down": {"uv": [8.5, 15, 8.625, 15.125], "texture": "#0"}
			}
		},
		{
			"name": "sentinels_will_64",
			"from": [7.725, 1.5, 7.9],
			"to": [8.1, 1.625, 8.125],
			"faces": {
				"north": {"uv": [8.5, 15.125, 8.125, 15.25], "texture": "#0"},
				"east": {"uv": [8.375, 15.125, 8.5, 15.25], "texture": "#0"},
				"south": {"uv": [8.125, 15.125, 8.5, 15.25], "texture": "#0"},
				"west": {"uv": [8.125, 15.125, 8.25, 15.25], "texture": "#0"},
				"down": {"uv": [8.125, 15.125, 8.5, 15.25], "texture": "#0"}
			}
		}
	],
	"gui_light": "front",
	"display": {
		"thirdperson_righthand": {
			"rotation": [0, -90, 0],
			"translation": [-0.25, 0.5, 1.75],
			"scale": [4, 4, 3]
		},
		"thirdperson_lefthand": {
			"rotation": [0, -90, 0],
			"translation": [-0.25, 0.5, 1.25],
			"scale": [4, 4, 3]
		},
		"firstperson_righthand": {
			"rotation": [-4, -90, -8],
			"translation": [2.5, 3.25, 0.75],
			"scale": [2, 2, 2]
		},
		"firstperson_lefthand": {
			"rotation": [-4, -90, -8],
			"translation": [2.5, 4, -0.5],
			"scale": [2, 2, 2]
		},
		"ground": {
			"translation": [0, 7.75, 0],
			"scale": [2, 2, 2]
		},
		"gui": {
			"rotation": [0, 0, -46],
			"translation": [1, -0.25, 0],
			"scale": [2.3, 2.3, 1.75]
		},
		"head": {
			"rotation": [0, 0, -38],
			"translation": [1.25, -14.75, 3.5],
			"scale": [4, 4, 3.5]
		},
		"fixed": {
			"rotation": [-180, 0, 138],
			"translation": [-1.25, 1.75, -0.5],
			"scale": [4, 4, 3]
		}
	},
	"groups": [
		{
			"name": "sentinels_will",
			"origin": [8, 8, 8],
			"color": 0,
			"nbt": "{}",
			"children": [
				0,
				1,
				2,
				3,
				4,
				5,
				6,
				7,
				8,
				9,
				10,
				11,
				12,
				13,
				14,
				15,
				16,
				17,
				18,
				19,
				20,
				21,
				22,
				23,
				24,
				25,
				26,
				27,
				28,
				29,
				30,
				31,
				32,
				33,
				34,
				35,
				36,
				37,
				38,
				39,
				40,
				41,
				42,
				43,
				44,
				45,
				46,
				47,
				48,
				49,
				50,
				51,
				52,
				53,
				54,
				55,
				56,
				57,
				58,
				59,
				60,
				61,
				62,
				63,
				64
			]
		}
	]
}