{
	"credit": "Made with Blockbench",
	"textures": {
		"0": "prominent:item/transmog/soul_collector",
		"particle": "prominent:item/transmog/soul_collector"
	},
	"elements": [
		{
			"name": "soul_collector_0",
			"from": [7.925, 14.5, 8],
			"to": [8.05, 15.625, 8.125],
			"faces": {
				"north": {"uv": [1.25, 0.375, 1.125, 1.5], "texture": "#0"},
				"east": {"uv": [1.125, 0.375, 1.25, 1.5], "texture": "#0"},
				"south": {"uv": [1.125, 0.375, 1.25, 1.5], "texture": "#0"},
				"west": {"uv": [1.125, 0.375, 1.25, 1.5], "texture": "#0"},
				"up": {"uv": [1.125, 0.375, 1.25, 0.5], "texture": "#0"}
			}
		},
		{
			"name": "soul_collector_1",
			"from": [7.8, 14, 8],
			"to": [7.925, 15, 8.125],
			"faces": {
				"north": {"uv": [1.125, 1, 1, 2], "texture": "#0"},
				"south": {"uv": [1, 1, 1.125, 2], "texture": "#0"},
				"west": {"uv": [1, 1, 1.125, 2], "texture": "#0"},
				"up": {"uv": [1, 1, 1.125, 1.125], "texture": "#0"}
			}
		},
		{
			"name": "soul_collector_2",
			"from": [8.05, 14, 8],
			"to": [8.175, 15, 8.125],
			"faces": {
				"north": {"uv": [1.375, 1, 1.25, 2], "texture": "#0"},
				"east": {"uv": [1.25, 1, 1.375, 2], "texture": "#0"},
				"south": {"uv": [1.25, 1, 1.375, 2], "texture": "#0"},
				"up": {"uv": [1.25, 1, 1.375, 1.125], "texture": "#0"}
			}
		},
		{
			"name": "soul_collector_3",
			"from": [7.675, 13.375, 8],
			"to": [7.8, 14.5, 8.125],
			"faces": {
				"north": {"uv": [1, 1.5, 0.875, 2.625], "texture": "#0"},
				"south": {"uv": [0.875, 1.5, 1, 2.625], "texture": "#0"},
				"west": {"uv": [0.875, 1.5, 1, 2.625], "texture": "#0"},
				"up": {"uv": [0.875, 1.5, 1, 1.625], "texture": "#0"}
			}
		},
		{
			"name": "soul_collector_4",
			"from": [8.175, 13.375, 8],
			"to": [8.3, 14.5, 8.125],
			"faces": {
				"north": {"uv": [1.5, 1.5, 1.375, 2.625], "texture": "#0"},
				"east": {"uv": [1.375, 1.5, 1.5, 2.625], "texture": "#0"},
				"south": {"uv": [1.375, 1.5, 1.5, 2.625], "texture": "#0"},
				"up": {"uv": [1.375, 1.5, 1.5, 1.625], "texture": "#0"}
			}
		},
		{
			"name": "soul_collector_5",
			"from": [7.925, 9, 7.95],
			"to": [8.05, 14.5, 8.175],
			"faces": {
				"north": {"uv": [3, 1.5, 2.875, 7], "texture": "#0"},
				"east": {"uv": [2.875, 1.5, 3, 7], "texture": "#0"},
				"south": {"uv": [2.875, 1.5, 3, 7], "texture": "#0"},
				"west": {"uv": [2.875, 1.5, 3, 7], "texture": "#0"},
				"up": {"uv": [2.875, 1.5, 3, 1.625], "texture": "#0"}
			}
		},
		{
			"name": "soul_collector_6",
			"from": [7.55, 11.875, 8],
			"to": [7.675, 14, 8.125],
			"faces": {
				"north": {"uv": [0.875, 2, 0.75, 4.125], "texture": "#0"},
				"south": {"uv": [0.75, 2, 0.875, 4.125], "texture": "#0"},
				"west": {"uv": [0.75, 2, 0.875, 4.125], "texture": "#0"},
				"up": {"uv": [0.75, 2, 0.875, 2.125], "texture": "#0"}
			}
		},
		{
			"name": "soul_collector_7",
			"from": [8.3, 11.875, 8],
			"to": [8.425, 14, 8.125],
			"faces": {
				"north": {"uv": [1.625, 2, 1.5, 4.125], "texture": "#0"},
				"east": {"uv": [1.5, 2, 1.625, 4.125], "texture": "#0"},
				"south": {"uv": [1.5, 2, 1.625, 4.125], "texture": "#0"},
				"up": {"uv": [1.5, 2, 1.625, 2.125], "texture": "#0"}
			}
		},
		{
			"name": "soul_collector_8",
			"from": [7.8, 8.125, 7.95],
			"to": [7.925, 14, 8.175],
			"faces": {
				"north": {"uv": [2.875, 2, 2.75, 7.875], "texture": "#0"},
				"south": {"uv": [2.75, 2, 2.875, 7.875], "texture": "#0"},
				"west": {"uv": [2.75, 2, 2.875, 7.875], "texture": "#0"},
				"up": {"uv": [2.75, 2, 2.875, 2.125], "texture": "#0"}
			}
		},
		{
			"name": "soul_collector_9",
			"from": [8.05, 8.125, 7.95],
			"to": [8.175, 14, 8.175],
			"faces": {
				"north": {"uv": [3.125, 2, 3, 7.875], "texture": "#0"},
				"east": {"uv": [3, 2, 3.125, 7.875], "texture": "#0"},
				"south": {"uv": [3, 2, 3.125, 7.875], "texture": "#0"},
				"up": {"uv": [3, 2, 3.125, 2.125], "texture": "#0"}
			}
		},
		{
			"name": "soul_collector_10",
			"from": [7.425, 12.375, 8],
			"to": [7.55, 13.375, 8.125],
			"faces": {
				"north": {"uv": [0.75, 2.625, 0.625, 3.625], "texture": "#0"},
				"south": {"uv": [0.625, 2.625, 0.75, 3.625], "texture": "#0"},
				"west": {"uv": [0.625, 2.625, 0.75, 3.625], "texture": "#0"},
				"up": {"uv": [0.625, 2.625, 0.75, 2.75], "texture": "#0"},
				"down": {"uv": [0.625, 3.5, 0.75, 3.625], "texture": "#0"}
			}
		},
		{
			"name": "soul_collector_11",
			"from": [8.425, 12.375, 8],
			"to": [8.55, 13.375, 8.125],
			"faces": {
				"north": {"uv": [1.75, 2.625, 1.625, 3.625], "texture": "#0"},
				"east": {"uv": [1.625, 2.625, 1.75, 3.625], "texture": "#0"},
				"south": {"uv": [1.625, 2.625, 1.75, 3.625], "texture": "#0"},
				"up": {"uv": [1.625, 2.625, 1.75, 2.75], "texture": "#0"},
				"down": {"uv": [1.625, 3.5, 1.75, 3.625], "texture": "#0"}
			}
		},
		{
			"name": "soul_collector_12",
			"from": [7.675, 12.375, 7.95],
			"to": [7.8, 13.375, 8.175],
			"faces": {
				"north": {"uv": [2.75, 2.625, 2.625, 3.625], "texture": "#0"},
				"south": {"uv": [2.625, 2.625, 2.75, 3.625], "texture": "#0"},
				"west": {"uv": [2.625, 2.625, 2.75, 3.625], "texture": "#0"},
				"up": {"uv": [2.625, 2.625, 2.75, 2.75], "texture": "#0"},
				"down": {"uv": [2.625, 3.5, 2.75, 3.625], "texture": "#0"}
			}
		},
		{
			"name": "soul_collector_13",
			"from": [8.175, 12.375, 7.95],
			"to": [8.3, 13.375, 8.175],
			"faces": {
				"north": {"uv": [3.25, 2.625, 3.125, 3.625], "texture": "#0"},
				"east": {"uv": [3.125, 2.625, 3.25, 3.625], "texture": "#0"},
				"south": {"uv": [3.125, 2.625, 3.25, 3.625], "texture": "#0"},
				"up": {"uv": [3.125, 2.625, 3.25, 2.75], "texture": "#0"},
				"down": {"uv": [3.125, 3.5, 3.25, 3.625], "texture": "#0"}
			}
		},
		{
			"name": "soul_collector_14",
			"from": [7.3, 12.5, 8],
			"to": [7.425, 12.625, 8.125],
			"faces": {
				"north": {"uv": [0.625, 3.375, 0.5, 3.5], "texture": "#0"},
				"south": {"uv": [0.5, 3.375, 0.625, 3.5], "texture": "#0"},
				"west": {"uv": [0.5, 3.375, 0.625, 3.5], "texture": "#0"},
				"up": {"uv": [0.5, 3.375, 0.625, 3.5], "texture": "#0"},
				"down": {"uv": [0.5, 3.375, 0.625, 3.5], "texture": "#0"}
			}
		},
		{
			"name": "soul_collector_15",
			"from": [8.55, 12.5, 8],
			"to": [8.675, 12.625, 8.125],
			"faces": {
				"north": {"uv": [1.875, 3.375, 1.75, 3.5], "texture": "#0"},
				"east": {"uv": [1.75, 3.375, 1.875, 3.5], "texture": "#0"},
				"south": {"uv": [1.75, 3.375, 1.875, 3.5], "texture": "#0"},
				"up": {"uv": [1.75, 3.375, 1.875, 3.5], "texture": "#0"},
				"down": {"uv": [1.75, 3.375, 1.875, 3.5], "texture": "#0"}
			}
		},
		{
			"name": "soul_collector_16",
			"from": [7.675, 12.125, 8],
			"to": [7.8, 12.375, 8.125],
			"faces": {
				"north": {"uv": [1, 3.625, 0.875, 3.875], "texture": "#0"},
				"south": {"uv": [0.875, 3.625, 1, 3.875], "texture": "#0"}
			}
		},
		{
			"name": "soul_collector_17",
			"from": [8.175, 12.125, 8],
			"to": [8.3, 12.375, 8.125],
			"faces": {
				"north": {"uv": [1.5, 3.625, 1.375, 3.875], "texture": "#0"},
				"south": {"uv": [1.375, 3.625, 1.5, 3.875], "texture": "#0"}
			}
		},
		{
			"name": "soul_collector_18",
			"from": [7.425, 11.375, 8],
			"to": [7.55, 12.25, 8.125],
			"faces": {
				"north": {"uv": [0.75, 3.75, 0.625, 4.625], "texture": "#0"},
				"south": {"uv": [0.625, 3.75, 0.75, 4.625], "texture": "#0"},
				"west": {"uv": [0.625, 3.75, 0.75, 4.625], "texture": "#0"},
				"up": {"uv": [0.625, 3.75, 0.75, 3.875], "texture": "#0"},
				"down": {"uv": [0.625, 4.5, 0.75, 4.625], "texture": "#0"}
			}
		},
		{
			"name": "soul_collector_19",
			"from": [8.425, 11.375, 8],
			"to": [8.55, 12.25, 8.125],
			"faces": {
				"north": {"uv": [1.75, 3.75, 1.625, 4.625], "texture": "#0"},
				"east": {"uv": [1.625, 3.75, 1.75, 4.625], "texture": "#0"},
				"south": {"uv": [1.625, 3.75, 1.75, 4.625], "texture": "#0"},
				"up": {"uv": [1.625, 3.75, 1.75, 3.875], "texture": "#0"},
				"down": {"uv": [1.625, 4.5, 1.75, 4.625], "texture": "#0"}
			}
		},
		{
			"name": "soul_collector_20",
			"from": [7.675, 11.5, 7.95],
			"to": [7.8, 12.125, 8.175],
			"faces": {
				"north": {"uv": [2.75, 3.875, 2.625, 4.5], "texture": "#0"},
				"south": {"uv": [2.625, 3.875, 2.75, 4.5], "texture": "#0"},
				"west": {"uv": [2.625, 3.875, 2.75, 4.5], "texture": "#0"},
				"up": {"uv": [2.625, 3.875, 2.75, 4], "texture": "#0"},
				"down": {"uv": [2.625, 4.375, 2.75, 4.5], "texture": "#0"}
			}
		},
		{
			"name": "soul_collector_21",
			"from": [8.175, 11.5, 7.95],
			"to": [8.3, 12.125, 8.175],
			"faces": {
				"north": {"uv": [3.25, 3.875, 3.125, 4.5], "texture": "#0"},
				"east": {"uv": [3.125, 3.875, 3.25, 4.5], "texture": "#0"},
				"south": {"uv": [3.125, 3.875, 3.25, 4.5], "texture": "#0"},
				"up": {"uv": [3.125, 3.875, 3.25, 4], "texture": "#0"},
				"down": {"uv": [3.125, 4.375, 3.25, 4.5], "texture": "#0"}
			}
		},
		{
			"name": "soul_collector_22",
			"from": [7.3, 11.75, 8],
			"to": [7.425, 12, 8.125],
			"faces": {
				"north": {"uv": [0.625, 4, 0.5, 4.25], "texture": "#0"},
				"south": {"uv": [0.5, 4, 0.625, 4.25], "texture": "#0"},
				"west": {"uv": [0.5, 4, 0.625, 4.25], "texture": "#0"},
				"up": {"uv": [0.5, 4, 0.625, 4.125], "texture": "#0"},
				"down": {"uv": [0.5, 4.125, 0.625, 4.25], "texture": "#0"}
			}
		},
		{
			"name": "soul_collector_23",
			"from": [8.55, 11.75, 8],
			"to": [8.675, 12, 8.125],
			"faces": {
				"north": {"uv": [1.875, 4, 1.75, 4.25], "texture": "#0"},
				"east": {"uv": [1.75, 4, 1.875, 4.25], "texture": "#0"},
				"south": {"uv": [1.75, 4, 1.875, 4.25], "texture": "#0"},
				"up": {"uv": [1.75, 4, 1.875, 4.125], "texture": "#0"},
				"down": {"uv": [1.75, 4.125, 1.875, 4.25], "texture": "#0"}
			}
		},
		{
			"name": "soul_collector_24",
			"from": [7.175, 11.75, 8],
			"to": [7.3, 11.875, 8.125],
			"faces": {
				"north": {"uv": [0.5, 4.125, 0.375, 4.25], "texture": "#0"},
				"south": {"uv": [0.375, 4.125, 0.5, 4.25], "texture": "#0"},
				"west": {"uv": [0.375, 4.125, 0.5, 4.25], "texture": "#0"},
				"up": {"uv": [0.375, 4.125, 0.5, 4.25], "texture": "#0"},
				"down": {"uv": [0.375, 4.125, 0.5, 4.25], "texture": "#0"}
			}
		},
		{
			"name": "soul_collector_25",
			"from": [8.675, 11.75, 8],
			"to": [8.8, 11.875, 8.125],
			"faces": {
				"north": {"uv": [2, 4.125, 1.875, 4.25], "texture": "#0"},
				"east": {"uv": [1.875, 4.125, 2, 4.25], "texture": "#0"},
				"south": {"uv": [1.875, 4.125, 2, 4.25], "texture": "#0"},
				"up": {"uv": [1.875, 4.125, 2, 4.25], "texture": "#0"},
				"down": {"uv": [1.875, 4.125, 2, 4.25], "texture": "#0"}
			}
		},
		{
			"name": "soul_collector_26",
			"from": [7.55, 11.75, 7.95],
			"to": [7.675, 11.875, 8.175],
			"faces": {
				"north": {"uv": [2.625, 4.125, 2.5, 4.25], "texture": "#0"},
				"south": {"uv": [2.5, 4.125, 2.625, 4.25], "texture": "#0"},
				"west": {"uv": [2.5, 4.125, 2.625, 4.25], "texture": "#0"},
				"up": {"uv": [2.5, 4.125, 2.625, 4.25], "texture": "#0"},
				"down": {"uv": [2.5, 4.125, 2.625, 4.25], "texture": "#0"}
			}
		},
		{
			"name": "soul_collector_27",
			"from": [8.3, 11.75, 7.95],
			"to": [8.425, 11.875, 8.175],
			"faces": {
				"north": {"uv": [3.375, 4.125, 3.25, 4.25], "texture": "#0"},
				"east": {"uv": [3.25, 4.125, 3.375, 4.25], "texture": "#0"},
				"south": {"uv": [3.25, 4.125, 3.375, 4.25], "texture": "#0"},
				"up": {"uv": [3.25, 4.125, 3.375, 4.25], "texture": "#0"},
				"down": {"uv": [3.25, 4.125, 3.375, 4.25], "texture": "#0"}
			}
		},
		{
			"name": "soul_collector_28",
			"from": [7.55, 9.5, 8],
			"to": [7.675, 11.75, 8.125],
			"faces": {
				"north": {"uv": [0.875, 4.25, 0.75, 6.5], "texture": "#0"},
				"south": {"uv": [0.75, 4.25, 0.875, 6.5], "texture": "#0"},
				"west": {"uv": [0.75, 4.25, 0.875, 6.5], "texture": "#0"}
			}
		},
		{
			"name": "soul_collector_29",
			"from": [8.3, 9.5, 8],
			"to": [8.425, 11.75, 8.125],
			"faces": {
				"north": {"uv": [1.625, 4.25, 1.5, 6.5], "texture": "#0"},
				"east": {"uv": [1.5, 4.25, 1.625, 6.5], "texture": "#0"},
				"south": {"uv": [1.5, 4.25, 1.625, 6.5], "texture": "#0"}
			}
		},
		{
			"name": "soul_collector_30",
			"from": [7.675, 9.625, 8],
			"to": [7.8, 11.5, 8.125],
			"faces": {
				"north": {"uv": [1, 4.5, 0.875, 6.375], "texture": "#0"},
				"south": {"uv": [0.875, 4.5, 1, 6.375], "texture": "#0"}
			}
		},
		{
			"name": "soul_collector_31",
			"from": [8.175, 9.625, 8],
			"to": [8.3, 11.5, 8.125],
			"faces": {
				"north": {"uv": [1.5, 4.5, 1.375, 6.375], "texture": "#0"},
				"south": {"uv": [1.375, 4.5, 1.5, 6.375], "texture": "#0"}
			}
		},
		{
			"name": "soul_collector_32",
			"from": [7.425, 9.25, 8],
			"to": [7.55, 9.625, 8.125],
			"faces": {
				"north": {"uv": [0.75, 6.375, 0.625, 6.75], "texture": "#0"},
				"south": {"uv": [0.625, 6.375, 0.75, 6.75], "texture": "#0"},
				"west": {"uv": [0.625, 6.375, 0.75, 6.75], "texture": "#0"},
				"up": {"uv": [0.625, 6.375, 0.75, 6.5], "texture": "#0"},
				"down": {"uv": [0.625, 6.625, 0.75, 6.75], "texture": "#0"}
			}
		},
		{
			"name": "soul_collector_33",
			"from": [8.425, 9.25, 8],
			"to": [8.55, 9.625, 8.125],
			"faces": {
				"north": {"uv": [1.75, 6.375, 1.625, 6.75], "texture": "#0"},
				"east": {"uv": [1.625, 6.375, 1.75, 6.75], "texture": "#0"},
				"south": {"uv": [1.625, 6.375, 1.75, 6.75], "texture": "#0"},
				"up": {"uv": [1.625, 6.375, 1.75, 6.5], "texture": "#0"},
				"down": {"uv": [1.625, 6.625, 1.75, 6.75], "texture": "#0"}
			}
		},
		{
			"name": "soul_collector_34",
			"from": [7.675, 9.25, 7.95],
			"to": [7.8, 9.625, 8.175],
			"faces": {
				"north": {"uv": [2.75, 6.375, 2.625, 6.75], "texture": "#0"},
				"south": {"uv": [2.625, 6.375, 2.75, 6.75], "texture": "#0"},
				"west": {"uv": [2.625, 6.375, 2.75, 6.75], "texture": "#0"},
				"up": {"uv": [2.625, 6.375, 2.75, 6.5], "texture": "#0"},
				"down": {"uv": [2.625, 6.625, 2.75, 6.75], "texture": "#0"}
			}
		},
		{
			"name": "soul_collector_35",
			"from": [8.175, 9.25, 7.95],
			"to": [8.3, 9.625, 8.175],
			"faces": {
				"north": {"uv": [3.25, 6.375, 3.125, 6.75], "texture": "#0"},
				"east": {"uv": [3.125, 6.375, 3.25, 6.75], "texture": "#0"},
				"south": {"uv": [3.125, 6.375, 3.25, 6.75], "texture": "#0"},
				"up": {"uv": [3.125, 6.375, 3.25, 6.5], "texture": "#0"},
				"down": {"uv": [3.125, 6.625, 3.25, 6.75], "texture": "#0"}
			}
		},
		{
			"name": "soul_collector_36",
			"from": [7.3, 9.375, 8],
			"to": [7.425, 9.5, 8.125],
			"faces": {
				"north": {"uv": [0.625, 6.5, 0.5, 6.625], "texture": "#0"},
				"south": {"uv": [0.5, 6.5, 0.625, 6.625], "texture": "#0"},
				"west": {"uv": [0.5, 6.5, 0.625, 6.625], "texture": "#0"},
				"up": {"uv": [0.5, 6.5, 0.625, 6.625], "texture": "#0"},
				"down": {"uv": [0.5, 6.5, 0.625, 6.625], "texture": "#0"}
			}
		},
		{
			"name": "soul_collector_37",
			"from": [8.55, 9.375, 8],
			"to": [8.675, 9.5, 8.125],
			"faces": {
				"north": {"uv": [1.875, 6.5, 1.75, 6.625], "texture": "#0"},
				"east": {"uv": [1.75, 6.5, 1.875, 6.625], "texture": "#0"},
				"south": {"uv": [1.75, 6.5, 1.875, 6.625], "texture": "#0"},
				"up": {"uv": [1.75, 6.5, 1.875, 6.625], "texture": "#0"},
				"down": {"uv": [1.75, 6.5, 1.875, 6.625], "texture": "#0"}
			}
		},
		{
			"name": "soul_collector_38",
			"from": [7.55, 9.375, 7.95],
			"to": [7.675, 9.5, 8.175],
			"faces": {
				"north": {"uv": [2.625, 6.5, 2.5, 6.625], "texture": "#0"},
				"south": {"uv": [2.5, 6.5, 2.625, 6.625], "texture": "#0"},
				"west": {"uv": [2.5, 6.5, 2.625, 6.625], "texture": "#0"},
				"up": {"uv": [2.5, 6.5, 2.625, 6.625], "texture": "#0"},
				"down": {"uv": [2.5, 6.5, 2.625, 6.625], "texture": "#0"}
			}
		},
		{
			"name": "soul_collector_39",
			"from": [8.3, 9.375, 7.95],
			"to": [8.425, 9.5, 8.175],
			"faces": {
				"north": {"uv": [3.375, 6.5, 3.25, 6.625], "texture": "#0"},
				"east": {"uv": [3.25, 6.5, 3.375, 6.625], "texture": "#0"},
				"south": {"uv": [3.25, 6.5, 3.375, 6.625], "texture": "#0"},
				"up": {"uv": [3.25, 6.5, 3.375, 6.625], "texture": "#0"},
				"down": {"uv": [3.25, 6.5, 3.375, 6.625], "texture": "#0"}
			}
		},
		{
			"name": "soul_collector_40",
			"from": [7.925, 7.5, 7.9],
			"to": [8.05, 9, 8.225],
			"faces": {
				"north": {"uv": [8, 6.5, 7.875, 8], "texture": "#0"},
				"east": {"uv": [7.875, 6.5, 8, 8], "texture": "#0"},
				"south": {"uv": [7.875, 6.5, 8, 8], "texture": "#0"},
				"west": {"uv": [7.875, 6.5, 8, 8], "texture": "#0"},
				"up": {"uv": [7.875, 6.5, 8, 6.625], "texture": "#0"}
			}
		},
		{
			"name": "soul_collector_41",
			"from": [7.55, 9, 8],
			"to": [7.675, 9.375, 8.125],
			"faces": {
				"north": {"uv": [0.875, 6.625, 0.75, 7], "texture": "#0"},
				"south": {"uv": [0.75, 6.625, 0.875, 7], "texture": "#0"},
				"west": {"uv": [0.75, 6.625, 0.875, 7], "texture": "#0"}
			}
		},
		{
			"name": "soul_collector_42",
			"from": [8.3, 9, 8],
			"to": [8.425, 9.375, 8.125],
			"faces": {
				"north": {"uv": [1.625, 6.625, 1.5, 7], "texture": "#0"},
				"east": {"uv": [1.5, 6.625, 1.625, 7], "texture": "#0"},
				"south": {"uv": [1.5, 6.625, 1.625, 7], "texture": "#0"}
			}
		},
		{
			"name": "soul_collector_43",
			"from": [7.675, 9, 8],
			"to": [7.8, 9.25, 8.125],
			"faces": {
				"north": {"uv": [1, 6.75, 0.875, 7], "texture": "#0"},
				"south": {"uv": [0.875, 6.75, 1, 7], "texture": "#0"}
			}
		},
		{
			"name": "soul_collector_44",
			"from": [8.175, 9, 8],
			"to": [8.3, 9.25, 8.125],
			"faces": {
				"north": {"uv": [1.5, 6.75, 1.375, 7], "texture": "#0"},
				"south": {"uv": [1.375, 6.75, 1.5, 7], "texture": "#0"}
			}
		},
		{
			"name": "soul_collector_45",
			"from": [7.3, 8.875, 8],
			"to": [7.55, 9, 8.125],
			"faces": {
				"north": {"uv": [0.75, 7, 0.5, 7.125], "texture": "#0"},
				"south": {"uv": [0.5, 7, 0.75, 7.125], "texture": "#0"},
				"west": {"uv": [0.5, 7, 0.625, 7.125], "texture": "#0"},
				"up": {"uv": [0.5, 7, 0.75, 7.125], "texture": "#0"},
				"down": {"uv": [0.5, 7, 0.75, 7.125], "texture": "#0"}
			}
		},
		{
			"name": "soul_collector_46",
			"from": [8.425, 8.875, 8],
			"to": [8.675, 9, 8.125],
			"faces": {
				"north": {"uv": [1.875, 7, 1.625, 7.125], "texture": "#0"},
				"east": {"uv": [1.75, 7, 1.875, 7.125], "texture": "#0"},
				"south": {"uv": [1.625, 7, 1.875, 7.125], "texture": "#0"},
				"up": {"uv": [1.625, 7, 1.875, 7.125], "texture": "#0"},
				"down": {"uv": [1.625, 7, 1.875, 7.125], "texture": "#0"}
			}
		},
		{
			"name": "soul_collector_47",
			"from": [7.55, 8.875, 7.95],
			"to": [7.8, 9, 8.175],
			"faces": {
				"north": {"uv": [2.75, 7, 2.5, 7.125], "texture": "#0"},
				"south": {"uv": [2.5, 7, 2.75, 7.125], "texture": "#0"},
				"west": {"uv": [2.5, 7, 2.625, 7.125], "texture": "#0"},
				"up": {"uv": [2.5, 7, 2.75, 7.125], "texture": "#0"},
				"down": {"uv": [2.5, 7, 2.75, 7.125], "texture": "#0"}
			}
		},
		{
			"name": "soul_collector_48",
			"from": [8.175, 8.875, 7.95],
			"to": [8.425, 9, 8.175],
			"faces": {
				"north": {"uv": [3.375, 7, 3.125, 7.125], "texture": "#0"},
				"east": {"uv": [3.25, 7, 3.375, 7.125], "texture": "#0"},
				"south": {"uv": [3.125, 7, 3.375, 7.125], "texture": "#0"},
				"up": {"uv": [3.125, 7, 3.375, 7.125], "texture": "#0"},
				"down": {"uv": [3.125, 7, 3.375, 7.125], "texture": "#0"}
			}
		},
		{
			"name": "soul_collector_49",
			"from": [7.425, 8.625, 8],
			"to": [7.675, 8.875, 8.125],
			"faces": {
				"north": {"uv": [0.875, 7.125, 0.625, 7.375], "texture": "#0"},
				"south": {"uv": [0.625, 7.125, 0.875, 7.375], "texture": "#0"},
				"west": {"uv": [0.625, 7.125, 0.75, 7.375], "texture": "#0"},
				"down": {"uv": [0.625, 7.25, 0.875, 7.375], "texture": "#0"}
			}
		},
		{
			"name": "soul_collector_50",
			"from": [8.3, 8.625, 8],
			"to": [8.55, 8.875, 8.125],
			"faces": {
				"north": {"uv": [1.75, 7.125, 1.5, 7.375], "texture": "#0"},
				"east": {"uv": [1.625, 7.125, 1.75, 7.375], "texture": "#0"},
				"south": {"uv": [1.5, 7.125, 1.75, 7.375], "texture": "#0"},
				"down": {"uv": [1.5, 7.25, 1.75, 7.375], "texture": "#0"}
			}
		},
		{
			"name": "soul_collector_51",
			"from": [7.675, 8.625, 7.95],
			"to": [7.8, 8.875, 8.175],
			"faces": {
				"north": {"uv": [2.75, 7.125, 2.625, 7.375], "texture": "#0"},
				"south": {"uv": [2.625, 7.125, 2.75, 7.375], "texture": "#0"},
				"west": {"uv": [2.625, 7.125, 2.75, 7.375], "texture": "#0"},
				"down": {"uv": [2.625, 7.25, 2.75, 7.375], "texture": "#0"}
			}
		},
		{
			"name": "soul_collector_52",
			"from": [8.175, 8.625, 7.95],
			"to": [8.3, 8.875, 8.175],
			"faces": {
				"north": {"uv": [3.25, 7.125, 3.125, 7.375], "texture": "#0"},
				"east": {"uv": [3.125, 7.125, 3.25, 7.375], "texture": "#0"},
				"south": {"uv": [3.125, 7.125, 3.25, 7.375], "texture": "#0"},
				"down": {"uv": [3.125, 7.25, 3.25, 7.375], "texture": "#0"}
			}
		},
		{
			"name": "soul_collector_53",
			"from": [7.55, 8.125, 8],
			"to": [7.8, 8.625, 8.125],
			"faces": {
				"north": {"uv": [1, 7.375, 0.75, 7.875], "texture": "#0"},
				"south": {"uv": [0.75, 7.375, 1, 7.875], "texture": "#0"},
				"west": {"uv": [0.75, 7.375, 0.875, 7.875], "texture": "#0"}
			}
		},
		{
			"name": "soul_collector_54",
			"from": [8.175, 8.125, 8],
			"to": [8.425, 8.625, 8.125],
			"faces": {
				"north": {"uv": [1.625, 7.375, 1.375, 7.875], "texture": "#0"},
				"east": {"uv": [1.5, 7.375, 1.625, 7.875], "texture": "#0"},
				"south": {"uv": [1.375, 7.375, 1.625, 7.875], "texture": "#0"}
			}
		},
		{
			"name": "soul_collector_55",
			"from": [7.8, 7.125, 7.9],
			"to": [7.925, 8.125, 8.225],
			"faces": {
				"north": {"uv": [7.875, 7.375, 7.75, 8.375], "texture": "#0"},
				"south": {"uv": [7.75, 7.375, 7.875, 8.375], "texture": "#0"},
				"west": {"uv": [7.75, 7.375, 7.875, 8.375], "texture": "#0"},
				"up": {"uv": [7.75, 7.375, 7.875, 7.5], "texture": "#0"}
			}
		},
		{
			"name": "soul_collector_56",
			"from": [8.05, 7.125, 7.9],
			"to": [8.175, 8.125, 8.225],
			"faces": {
				"north": {"uv": [8.125, 7.375, 8, 8.375], "texture": "#0"},
				"east": {"uv": [8, 7.375, 8.125, 8.375], "texture": "#0"},
				"south": {"uv": [8, 7.375, 8.125, 8.375], "texture": "#0"},
				"up": {"uv": [8, 7.375, 8.125, 7.5], "texture": "#0"}
			}
		},
		{
			"name": "soul_collector_57",
			"from": [7.425, 6.75, 8],
			"to": [7.55, 8.25, 8.125],
			"faces": {
				"north": {"uv": [0.75, 7.75, 0.625, 9.25], "texture": "#0"},
				"east": {"uv": [0.625, 7.75, 0.75, 9.25], "texture": "#0"},
				"south": {"uv": [0.625, 7.75, 0.75, 9.25], "texture": "#0"},
				"west": {"uv": [0.625, 7.75, 0.75, 9.25], "texture": "#0"},
				"up": {"uv": [0.625, 7.75, 0.75, 7.875], "texture": "#0"},
				"down": {"uv": [0.625, 9.125, 0.75, 9.25], "texture": "#0"}
			}
		},
		{
			"name": "soul_collector_58",
			"from": [8.425, 6.75, 8],
			"to": [8.55, 8.25, 8.125],
			"faces": {
				"north": {"uv": [1.75, 7.75, 1.625, 9.25], "texture": "#0"},
				"east": {"uv": [1.625, 7.75, 1.75, 9.25], "texture": "#0"},
				"south": {"uv": [1.625, 7.75, 1.75, 9.25], "texture": "#0"},
				"west": {"uv": [1.625, 7.75, 1.75, 9.25], "texture": "#0"},
				"up": {"uv": [1.625, 7.75, 1.75, 7.875], "texture": "#0"},
				"down": {"uv": [1.625, 9.125, 1.75, 9.25], "texture": "#0"}
			}
		},
		{
			"name": "soul_collector_59",
			"from": [7.675, 7.375, 7.9],
			"to": [7.8, 7.75, 8.225],
			"faces": {
				"north": {"uv": [7.75, 7.75, 7.625, 8.125], "texture": "#0"},
				"south": {"uv": [7.625, 7.75, 7.75, 8.125], "texture": "#0"},
				"west": {"uv": [7.625, 7.75, 7.75, 8.125], "texture": "#0"},
				"up": {"uv": [7.625, 7.75, 7.75, 7.875], "texture": "#0"}
			}
		},
		{
			"name": "soul_collector_60",
			"from": [8.175, 7.375, 7.9],
			"to": [8.3, 7.75, 8.225],
			"faces": {
				"north": {"uv": [8.25, 7.75, 8.125, 8.125], "texture": "#0"},
				"east": {"uv": [8.125, 7.75, 8.25, 8.125], "texture": "#0"},
				"south": {"uv": [8.125, 7.75, 8.25, 8.125], "texture": "#0"},
				"up": {"uv": [8.125, 7.75, 8.25, 7.875], "texture": "#0"}
			}
		},
		{
			"name": "soul_collector_61",
			"from": [7.55, 7.75, 8],
			"to": [7.675, 8.125, 8.125],
			"faces": {
				"north": {"uv": [0.875, 7.875, 0.75, 8.25], "texture": "#0"},
				"south": {"uv": [0.75, 7.875, 0.875, 8.25], "texture": "#0"}
			}
		},
		{
			"name": "soul_collector_62",
			"from": [8.3, 7.75, 8],
			"to": [8.425, 8.125, 8.125],
			"faces": {
				"north": {"uv": [1.625, 7.875, 1.5, 8.25], "texture": "#0"},
				"south": {"uv": [1.5, 7.875, 1.625, 8.25], "texture": "#0"}
			}
		},
		{
			"name": "soul_collector_63",
			"from": [7.675, 7.75, 7.95],
			"to": [7.8, 8.125, 8.175],
			"faces": {
				"north": {"uv": [2.75, 7.875, 2.625, 8.25], "texture": "#0"},
				"south": {"uv": [2.625, 7.875, 2.75, 8.25], "texture": "#0"},
				"west": {"uv": [2.625, 7.875, 2.75, 8.25], "texture": "#0"},
				"up": {"uv": [2.625, 7.875, 2.75, 8], "texture": "#0"}
			}
		},
		{
			"name": "soul_collector_64",
			"from": [8.175, 7.75, 7.95],
			"to": [8.3, 8.125, 8.175],
			"faces": {
				"north": {"uv": [3.25, 7.875, 3.125, 8.25], "texture": "#0"},
				"east": {"uv": [3.125, 7.875, 3.25, 8.25], "texture": "#0"},
				"south": {"uv": [3.125, 7.875, 3.25, 8.25], "texture": "#0"},
				"up": {"uv": [3.125, 7.875, 3.25, 8], "texture": "#0"}
			}
		},
		{
			"name": "soul_collector_65",
			"from": [6.925, 7.875, 8],
			"to": [7.05, 8, 8.125],
			"faces": {
				"north": {"uv": [0.25, 8, 0.125, 8.125], "texture": "#0"},
				"east": {"uv": [0.125, 8, 0.25, 8.125], "texture": "#0"},
				"south": {"uv": [0.125, 8, 0.25, 8.125], "texture": "#0"},
				"west": {"uv": [0.125, 8, 0.25, 8.125], "texture": "#0"},
				"up": {"uv": [0.125, 8, 0.25, 8.125], "texture": "#0"},
				"down": {"uv": [0.125, 8, 0.25, 8.125], "texture": "#0"}
			}
		},
		{
			"name": "soul_collector_66",
			"from": [8.925, 7.875, 8],
			"to": [9.05, 8, 8.125],
			"faces": {
				"north": {"uv": [2.25, 8, 2.125, 8.125], "texture": "#0"},
				"east": {"uv": [2.125, 8, 2.25, 8.125], "texture": "#0"},
				"south": {"uv": [2.125, 8, 2.25, 8.125], "texture": "#0"},
				"west": {"uv": [2.125, 8, 2.25, 8.125], "texture": "#0"},
				"up": {"uv": [2.125, 8, 2.25, 8.125], "texture": "#0"},
				"down": {"uv": [2.125, 8, 2.25, 8.125], "texture": "#0"}
			}
		},
		{
			"name": "soul_collector_67",
			"from": [7.05, 7.625, 8],
			"to": [7.175, 7.875, 8.125],
			"faces": {
				"north": {"uv": [0.375, 8.125, 0.25, 8.375], "texture": "#0"},
				"east": {"uv": [0.25, 8.125, 0.375, 8.375], "texture": "#0"},
				"south": {"uv": [0.25, 8.125, 0.375, 8.375], "texture": "#0"},
				"west": {"uv": [0.25, 8.125, 0.375, 8.375], "texture": "#0"},
				"up": {"uv": [0.25, 8.125, 0.375, 8.25], "texture": "#0"},
				"down": {"uv": [0.25, 8.25, 0.375, 8.375], "texture": "#0"}
			}
		},
		{
			"name": "soul_collector_68",
			"from": [8.8, 7.625, 8],
			"to": [8.925, 7.875, 8.125],
			"faces": {
				"north": {"uv": [2.125, 8.125, 2, 8.375], "texture": "#0"},
				"east": {"uv": [2, 8.125, 2.125, 8.375], "texture": "#0"},
				"south": {"uv": [2, 8.125, 2.125, 8.375], "texture": "#0"},
				"west": {"uv": [2, 8.125, 2.125, 8.375], "texture": "#0"},
				"up": {"uv": [2, 8.125, 2.125, 8.25], "texture": "#0"},
				"down": {"uv": [2, 8.25, 2.125, 8.375], "texture": "#0"}
			}
		},
		{
			"name": "soul_collector_69",
			"from": [7.55, 7.125, 7.9],
			"to": [7.675, 7.375, 8.225],
			"faces": {
				"north": {"uv": [7.625, 8.125, 7.5, 8.375], "texture": "#0"},
				"south": {"uv": [7.5, 8.125, 7.625, 8.375], "texture": "#0"},
				"west": {"uv": [7.5, 8.125, 7.625, 8.375], "texture": "#0"},
				"up": {"uv": [7.5, 8.125, 7.625, 8.25], "texture": "#0"}
			}
		},
		{
			"name": "soul_collector_70",
			"from": [8.3, 7.125, 7.9],
			"to": [8.425, 7.375, 8.225],
			"faces": {
				"north": {"uv": [8.375, 8.125, 8.25, 8.375], "texture": "#0"},
				"east": {"uv": [8.25, 8.125, 8.375, 8.375], "texture": "#0"},
				"south": {"uv": [8.25, 8.125, 8.375, 8.375], "texture": "#0"},
				"up": {"uv": [8.25, 8.125, 8.375, 8.25], "texture": "#0"}
			}
		},
		{
			"name": "soul_collector_71",
			"from": [7.175, 7.375, 8],
			"to": [7.3, 7.75, 8.125],
			"faces": {
				"north": {"uv": [0.5, 8.25, 0.375, 8.625], "texture": "#0"},
				"east": {"uv": [0.375, 8.25, 0.5, 8.625], "texture": "#0"},
				"south": {"uv": [0.375, 8.25, 0.5, 8.625], "texture": "#0"},
				"west": {"uv": [0.375, 8.25, 0.5, 8.625], "texture": "#0"},
				"up": {"uv": [0.375, 8.25, 0.5, 8.375], "texture": "#0"},
				"down": {"uv": [0.375, 8.5, 0.5, 8.625], "texture": "#0"}
			}
		},
		{
			"name": "soul_collector_72",
			"from": [8.675, 7.375, 8],
			"to": [8.8, 7.75, 8.125],
			"faces": {
				"north": {"uv": [2, 8.25, 1.875, 8.625], "texture": "#0"},
				"east": {"uv": [1.875, 8.25, 2, 8.625], "texture": "#0"},
				"south": {"uv": [1.875, 8.25, 2, 8.625], "texture": "#0"},
				"west": {"uv": [1.875, 8.25, 2, 8.625], "texture": "#0"},
				"up": {"uv": [1.875, 8.25, 2, 8.375], "texture": "#0"},
				"down": {"uv": [1.875, 8.5, 2, 8.625], "texture": "#0"}
			}
		},
		{
			"name": "soul_collector_73",
			"from": [7.55, 7.375, 7.95],
			"to": [7.675, 7.75, 8.175],
			"faces": {
				"north": {"uv": [2.625, 8.25, 2.5, 8.625], "texture": "#0"},
				"south": {"uv": [2.5, 8.25, 2.625, 8.625], "texture": "#0"},
				"west": {"uv": [2.5, 8.25, 2.625, 8.625], "texture": "#0"},
				"up": {"uv": [2.5, 8.25, 2.625, 8.375], "texture": "#0"}
			}
		},
		{
			"name": "soul_collector_74",
			"from": [8.3, 7.375, 7.95],
			"to": [8.425, 7.75, 8.175],
			"faces": {
				"north": {"uv": [3.375, 8.25, 3.25, 8.625], "texture": "#0"},
				"east": {"uv": [3.25, 8.25, 3.375, 8.625], "texture": "#0"},
				"south": {"uv": [3.25, 8.25, 3.375, 8.625], "texture": "#0"},
				"up": {"uv": [3.25, 8.25, 3.375, 8.375], "texture": "#0"}
			}
		},
		{
			"name": "soul_collector_75",
			"from": [7.3, 6.625, 8],
			"to": [7.425, 7.625, 8.125],
			"faces": {
				"north": {"uv": [0.625, 8.375, 0.5, 9.375], "texture": "#0"},
				"east": {"uv": [0.5, 8.375, 0.625, 9.375], "texture": "#0"},
				"south": {"uv": [0.5, 8.375, 0.625, 9.375], "texture": "#0"},
				"west": {"uv": [0.5, 8.375, 0.625, 9.375], "texture": "#0"},
				"up": {"uv": [0.5, 8.375, 0.625, 8.5], "texture": "#0"}
			}
		},
		{
			"name": "soul_collector_76",
			"from": [8.55, 6.625, 8],
			"to": [8.675, 7.625, 8.125],
			"faces": {
				"north": {"uv": [1.875, 8.375, 1.75, 9.375], "texture": "#0"},
				"east": {"uv": [1.75, 8.375, 1.875, 9.375], "texture": "#0"},
				"south": {"uv": [1.75, 8.375, 1.875, 9.375], "texture": "#0"},
				"west": {"uv": [1.75, 8.375, 1.875, 9.375], "texture": "#0"},
				"up": {"uv": [1.75, 8.375, 1.875, 8.5], "texture": "#0"}
			}
		},
		{
			"name": "soul_collector_77",
			"from": [7.925, 5.5, 7.85],
			"to": [8.05, 7.5, 8.275],
			"faces": {
				"north": {"uv": [8, 8.5, 7.875, 10.5], "texture": "#0"},
				"east": {"uv": [7.875, 8.5, 8, 10.5], "texture": "#0"},
				"south": {"uv": [7.875, 8.5, 8, 10.5], "texture": "#0"},
				"west": {"uv": [7.875, 8.5, 8, 10.5], "texture": "#0"},
				"up": {"uv": [7.875, 8.5, 8, 8.625], "texture": "#0"},
				"down": {"uv": [7.875, 10.375, 8, 10.5], "texture": "#0"}
			}
		},
		{
			"name": "soul_collector_78",
			"from": [6.425, 6.375, 7.95],
			"to": [6.55, 6.875, 8.175],
			"faces": {
				"north": {"uv": [6, 8.625, 5.875, 9.125], "texture": "#0"},
				"east": {"uv": [5.875, 8.625, 6, 9.125], "texture": "#0"},
				"south": {"uv": [5.875, 8.625, 6, 9.125], "texture": "#0"},
				"west": {"uv": [5.875, 8.625, 6, 9.125], "texture": "#0"},
				"up": {"uv": [5.875, 8.625, 6, 8.75], "texture": "#0"},
				"down": {"uv": [5.875, 9, 6, 9.125], "texture": "#0"}
			}
		},
		{
			"name": "soul_collector_79",
			"from": [7.675, 5.75, 7.85],
			"to": [7.8, 7.375, 8.275],
			"faces": {
				"north": {"uv": [7.75, 8.625, 7.625, 10.25], "texture": "#0"},
				"east": {"uv": [7.625, 8.625, 7.75, 10.25], "texture": "#0"},
				"south": {"uv": [7.625, 8.625, 7.75, 10.25], "texture": "#0"},
				"west": {"uv": [7.625, 8.625, 7.75, 10.25], "texture": "#0"},
				"up": {"uv": [7.625, 8.625, 7.75, 8.75], "texture": "#0"},
				"down": {"uv": [7.625, 10.125, 7.75, 10.25], "texture": "#0"}
			}
		},
		{
			"name": "soul_collector_80",
			"from": [8.175, 5.75, 7.85],
			"to": [8.3, 7.375, 8.275],
			"faces": {
				"north": {"uv": [8.25, 8.625, 8.125, 10.25], "texture": "#0"},
				"east": {"uv": [8.125, 8.625, 8.25, 10.25], "texture": "#0"},
				"south": {"uv": [8.125, 8.625, 8.25, 10.25], "texture": "#0"},
				"west": {"uv": [8.125, 8.625, 8.25, 10.25], "texture": "#0"},
				"up": {"uv": [8.125, 8.625, 8.25, 8.75], "texture": "#0"},
				"down": {"uv": [8.125, 10.125, 8.25, 10.25], "texture": "#0"}
			}
		},
		{
			"name": "soul_collector_81",
			"from": [9.425, 6.375, 7.95],
			"to": [9.55, 6.875, 8.175],
			"faces": {
				"north": {"uv": [10, 8.625, 9.875, 9.125], "texture": "#0"},
				"east": {"uv": [9.875, 8.625, 10, 9.125], "texture": "#0"},
				"south": {"uv": [9.875, 8.625, 10, 9.125], "texture": "#0"},
				"west": {"uv": [9.875, 8.625, 10, 9.125], "texture": "#0"},
				"up": {"uv": [9.875, 8.625, 10, 8.75], "texture": "#0"},
				"down": {"uv": [9.875, 9, 10, 9.125], "texture": "#0"}
			}
		},
		{
			"name": "soul_collector_82",
			"from": [7.175, 6.625, 8],
			"to": [7.3, 7.25, 8.125],
			"faces": {
				"north": {"uv": [0.5, 8.75, 0.375, 9.375], "texture": "#0"},
				"south": {"uv": [0.375, 8.75, 0.5, 9.375], "texture": "#0"},
				"west": {"uv": [0.375, 8.75, 0.5, 9.375], "texture": "#0"},
				"up": {"uv": [0.375, 8.75, 0.5, 8.875], "texture": "#0"},
				"down": {"uv": [0.375, 9.25, 0.5, 9.375], "texture": "#0"}
			}
		},
		{
			"name": "soul_collector_83",
			"from": [8.675, 6.625, 8],
			"to": [8.8, 7.25, 8.125],
			"faces": {
				"north": {"uv": [2, 8.75, 1.875, 9.375], "texture": "#0"},
				"east": {"uv": [1.875, 8.75, 2, 9.375], "texture": "#0"},
				"south": {"uv": [1.875, 8.75, 2, 9.375], "texture": "#0"},
				"up": {"uv": [1.875, 8.75, 2, 8.875], "texture": "#0"},
				"down": {"uv": [1.875, 9.25, 2, 9.375], "texture": "#0"}
			}
		},
		{
			"name": "soul_collector_84",
			"from": [6.55, 6, 7.95],
			"to": [6.675, 6.75, 8.175],
			"faces": {
				"north": {"uv": [6.125, 8.75, 6, 9.5], "texture": "#0"},
				"east": {"uv": [6, 8.75, 6.125, 9.5], "texture": "#0"},
				"south": {"uv": [6, 8.75, 6.125, 9.5], "texture": "#0"},
				"west": {"uv": [6, 8.75, 6.125, 9.5], "texture": "#0"},
				"up": {"uv": [6, 8.75, 6.125, 8.875], "texture": "#0"}
			}
		},
		{
			"name": "soul_collector_85",
			"from": [9.3, 6, 7.95],
			"to": [9.425, 6.75, 8.175],
			"faces": {
				"north": {"uv": [9.875, 8.75, 9.75, 9.5], "texture": "#0"},
				"east": {"uv": [9.75, 8.75, 9.875, 9.5], "texture": "#0"},
				"south": {"uv": [9.75, 8.75, 9.875, 9.5], "texture": "#0"},
				"west": {"uv": [9.75, 8.75, 9.875, 9.5], "texture": "#0"},
				"up": {"uv": [9.75, 8.75, 9.875, 8.875], "texture": "#0"}
			}
		},
		{
			"name": "soul_collector_86",
			"from": [7.55, 7, 7.85],
			"to": [7.675, 7.125, 8.275],
			"faces": {
				"north": {"uv": [7.625, 8.875, 7.5, 9], "texture": "#0"},
				"south": {"uv": [7.5, 8.875, 7.625, 9], "texture": "#0"},
				"west": {"uv": [7.5, 8.875, 7.625, 9], "texture": "#0"},
				"up": {"uv": [7.5, 8.875, 7.625, 9], "texture": "#0"},
				"down": {"uv": [7.5, 8.875, 7.625, 9], "texture": "#0"}
			}
		},
		{
			"name": "soul_collector_87",
			"from": [7.8, 5.75, 7.85],
			"to": [7.925, 7.125, 8.275],
			"faces": {
				"north": {"uv": [7.875, 8.875, 7.75, 10.25], "texture": "#0"},
				"south": {"uv": [7.75, 8.875, 7.875, 10.25], "texture": "#0"},
				"up": {"uv": [7.75, 8.875, 7.875, 9], "texture": "#0"},
				"down": {"uv": [7.75, 10.125, 7.875, 10.25], "texture": "#0"}
			}
		},
		{
			"name": "soul_collector_88",
			"from": [8.05, 5.75, 7.85],
			"to": [8.175, 7.125, 8.275],
			"faces": {
				"north": {"uv": [8.125, 8.875, 8, 10.25], "texture": "#0"},
				"south": {"uv": [8, 8.875, 8.125, 10.25], "texture": "#0"},
				"up": {"uv": [8, 8.875, 8.125, 9], "texture": "#0"},
				"down": {"uv": [8, 10.125, 8.125, 10.25], "texture": "#0"}
			}
		},
		{
			"name": "soul_collector_89",
			"from": [8.3, 7, 7.85],
			"to": [8.425, 7.125, 8.275],
			"faces": {
				"north": {"uv": [8.375, 8.875, 8.25, 9], "texture": "#0"},
				"east": {"uv": [8.25, 8.875, 8.375, 9], "texture": "#0"},
				"south": {"uv": [8.25, 8.875, 8.375, 9], "texture": "#0"},
				"up": {"uv": [8.25, 8.875, 8.375, 9], "texture": "#0"},
				"down": {"uv": [8.25, 8.875, 8.375, 9], "texture": "#0"}
			}
		},
		{
			"name": "soul_collector_90",
			"from": [7.05, 6.625, 8],
			"to": [7.175, 7, 8.125],
			"faces": {
				"north": {"uv": [0.375, 9, 0.25, 9.375], "texture": "#0"},
				"south": {"uv": [0.25, 9, 0.375, 9.375], "texture": "#0"},
				"west": {"uv": [0.25, 9, 0.375, 9.375], "texture": "#0"},
				"up": {"uv": [0.25, 9, 0.375, 9.125], "texture": "#0"},
				"down": {"uv": [0.25, 9.25, 0.375, 9.375], "texture": "#0"}
			}
		},
		{
			"name": "soul_collector_91",
			"from": [7.55, 6.875, 8],
			"to": [7.675, 7, 8.125],
			"faces": {
				"north": {"uv": [0.875, 9, 0.75, 9.125], "texture": "#0"},
				"south": {"uv": [0.75, 9, 0.875, 9.125], "texture": "#0"},
				"down": {"uv": [0.75, 9, 0.875, 9.125], "texture": "#0"}
			}
		},
		{
			"name": "soul_collector_92",
			"from": [8.3, 6.875, 8],
			"to": [8.425, 7, 8.125],
			"faces": {
				"north": {"uv": [1.625, 9, 1.5, 9.125], "texture": "#0"},
				"south": {"uv": [1.5, 9, 1.625, 9.125], "texture": "#0"},
				"down": {"uv": [1.5, 9, 1.625, 9.125], "texture": "#0"}
			}
		},
		{
			"name": "soul_collector_93",
			"from": [8.8, 6.625, 8],
			"to": [8.925, 7, 8.125],
			"faces": {
				"north": {"uv": [2.125, 9, 2, 9.375], "texture": "#0"},
				"east": {"uv": [2, 9, 2.125, 9.375], "texture": "#0"},
				"south": {"uv": [2, 9, 2.125, 9.375], "texture": "#0"},
				"up": {"uv": [2, 9, 2.125, 9.125], "texture": "#0"},
				"down": {"uv": [2, 9.25, 2.125, 9.375], "texture": "#0"}
			}
		},
		{
			"name": "soul_collector_94",
			"from": [6.675, 6.125, 7.95],
			"to": [6.8, 6.5, 8.175],
			"faces": {
				"north": {"uv": [6.25, 9, 6.125, 9.375], "texture": "#0"},
				"east": {"uv": [6.125, 9, 6.25, 9.375], "texture": "#0"},
				"south": {"uv": [6.125, 9, 6.25, 9.375], "texture": "#0"},
				"up": {"uv": [6.125, 9, 6.25, 9.125], "texture": "#0"}
			}
		},
		{
			"name": "soul_collector_95",
			"from": [9.175, 6.125, 7.95],
			"to": [9.3, 6.5, 8.175],
			"faces": {
				"north": {"uv": [9.75, 9, 9.625, 9.375], "texture": "#0"},
				"south": {"uv": [9.625, 9, 9.75, 9.375], "texture": "#0"},
				"west": {"uv": [9.625, 9, 9.75, 9.375], "texture": "#0"},
				"up": {"uv": [9.625, 9, 9.75, 9.125], "texture": "#0"}
			}
		},
		{
			"name": "soul_collector_96",
			"from": [6.925, 6.625, 8],
			"to": [7.05, 6.875, 8.125],
			"faces": {
				"north": {"uv": [0.25, 9.125, 0.125, 9.375], "texture": "#0"},
				"south": {"uv": [0.125, 9.125, 0.25, 9.375], "texture": "#0"},
				"west": {"uv": [0.125, 9.125, 0.25, 9.375], "texture": "#0"},
				"up": {"uv": [0.125, 9.125, 0.25, 9.25], "texture": "#0"},
				"down": {"uv": [0.125, 9.25, 0.25, 9.375], "texture": "#0"}
			}
		},
		{
			"name": "soul_collector_97",
			"from": [8.925, 6.625, 8],
			"to": [9.05, 6.875, 8.125],
			"faces": {
				"north": {"uv": [2.25, 9.125, 2.125, 9.375], "texture": "#0"},
				"east": {"uv": [2.125, 9.125, 2.25, 9.375], "texture": "#0"},
				"south": {"uv": [2.125, 9.125, 2.25, 9.375], "texture": "#0"},
				"up": {"uv": [2.125, 9.125, 2.25, 9.25], "texture": "#0"},
				"down": {"uv": [2.125, 9.25, 2.25, 9.375], "texture": "#0"}
			}
		},
		{
			"name": "soul_collector_98",
			"from": [6.8, 6.125, 7.95],
			"to": [6.925, 6.375, 8.175],
			"faces": {
				"north": {"uv": [6.375, 9.125, 6.25, 9.375], "texture": "#0"},
				"east": {"uv": [6.25, 9.125, 6.375, 9.375], "texture": "#0"},
				"south": {"uv": [6.25, 9.125, 6.375, 9.375], "texture": "#0"},
				"up": {"uv": [6.25, 9.125, 6.375, 9.25], "texture": "#0"}
			}
		},
		{
			"name": "soul_collector_99",
			"from": [9.05, 6.125, 7.95],
			"to": [9.175, 6.375, 8.175],
			"faces": {
				"north": {"uv": [9.625, 9.125, 9.5, 9.375], "texture": "#0"},
				"south": {"uv": [9.5, 9.125, 9.625, 9.375], "texture": "#0"},
				"west": {"uv": [9.5, 9.125, 9.625, 9.375], "texture": "#0"},
				"up": {"uv": [9.5, 9.125, 9.625, 9.25], "texture": "#0"}
			}
		},
		{
			"name": "soul_collector_100",
			"from": [6.925, 6.125, 7.95],
			"to": [7.175, 6.25, 8.175],
			"faces": {
				"north": {"uv": [6.625, 9.25, 6.375, 9.375], "texture": "#0"},
				"south": {"uv": [6.375, 9.25, 6.625, 9.375], "texture": "#0"},
				"up": {"uv": [6.375, 9.25, 6.625, 9.375], "texture": "#0"}
			}
		},
		{
			"name": "soul_collector_101",
			"from": [7.55, 6, 7.85],
			"to": [7.675, 6.75, 8.275],
			"faces": {
				"north": {"uv": [7.625, 9.25, 7.5, 10], "texture": "#0"},
				"south": {"uv": [7.5, 9.25, 7.625, 10], "texture": "#0"},
				"west": {"uv": [7.5, 9.25, 7.625, 10], "texture": "#0"},
				"up": {"uv": [7.5, 9.25, 7.625, 9.375], "texture": "#0"},
				"down": {"uv": [7.5, 9.875, 7.625, 10], "texture": "#0"}
			}
		},
		{
			"name": "soul_collector_102",
			"from": [8.3, 6, 7.85],
			"to": [8.425, 6.75, 8.275],
			"faces": {
				"north": {"uv": [8.375, 9.25, 8.25, 10], "texture": "#0"},
				"east": {"uv": [8.25, 9.25, 8.375, 10], "texture": "#0"},
				"south": {"uv": [8.25, 9.25, 8.375, 10], "texture": "#0"},
				"up": {"uv": [8.25, 9.25, 8.375, 9.375], "texture": "#0"},
				"down": {"uv": [8.25, 9.875, 8.375, 10], "texture": "#0"}
			}
		},
		{
			"name": "soul_collector_103",
			"from": [8.8, 6.125, 7.95],
			"to": [9.05, 6.25, 8.175],
			"faces": {
				"north": {"uv": [9.5, 9.25, 9.25, 9.375], "texture": "#0"},
				"south": {"uv": [9.25, 9.25, 9.5, 9.375], "texture": "#0"},
				"up": {"uv": [9.25, 9.25, 9.5, 9.375], "texture": "#0"}
			}
		},
		{
			"name": "soul_collector_104",
			"from": [5.8, 6, 7.9],
			"to": [5.925, 6.375, 8.225],
			"faces": {
				"north": {"uv": [5.375, 9.375, 5.25, 9.75], "texture": "#0"},
				"east": {"uv": [5.25, 9.375, 5.375, 9.75], "texture": "#0"},
				"south": {"uv": [5.25, 9.375, 5.375, 9.75], "texture": "#0"},
				"west": {"uv": [5.25, 9.375, 5.375, 9.75], "texture": "#0"},
				"up": {"uv": [5.25, 9.375, 5.375, 9.5], "texture": "#0"},
				"down": {"uv": [5.25, 9.625, 5.375, 9.75], "texture": "#0"}
			}
		},
		{
			"name": "soul_collector_105",
			"from": [7.3, 5.625, 7.9],
			"to": [7.425, 6.375, 8.225],
			"faces": {
				"north": {"uv": [6.875, 9.375, 6.75, 10.125], "texture": "#0"},
				"south": {"uv": [6.75, 9.375, 6.875, 10.125], "texture": "#0"},
				"west": {"uv": [6.75, 9.375, 6.875, 10.125], "texture": "#0"},
				"down": {"uv": [6.75, 10, 6.875, 10.125], "texture": "#0"}
			}
		},
		{
			"name": "soul_collector_106",
			"from": [7.3, 6.375, 7.85],
			"to": [7.55, 6.625, 8.275],
			"faces": {
				"north": {"uv": [7.5, 9.375, 7.25, 9.625], "texture": "#0"},
				"south": {"uv": [7.25, 9.375, 7.5, 9.625], "texture": "#0"},
				"west": {"uv": [7.25, 9.375, 7.375, 9.625], "texture": "#0"},
				"up": {"uv": [7.25, 9.375, 7.5, 9.5], "texture": "#0"},
				"down": {"uv": [7.25, 9.5, 7.5, 9.625], "texture": "#0"}
			}
		},
		{
			"name": "soul_collector_107",
			"from": [8.425, 6.375, 7.85],
			"to": [8.675, 6.625, 8.275],
			"faces": {
				"north": {"uv": [8.625, 9.375, 8.375, 9.625], "texture": "#0"},
				"east": {"uv": [8.5, 9.375, 8.625, 9.625], "texture": "#0"},
				"south": {"uv": [8.375, 9.375, 8.625, 9.625], "texture": "#0"},
				"up": {"uv": [8.375, 9.375, 8.625, 9.5], "texture": "#0"},
				"down": {"uv": [8.375, 9.5, 8.625, 9.625], "texture": "#0"}
			}
		},
		{
			"name": "soul_collector_108",
			"from": [8.55, 5.625, 7.9],
			"to": [8.675, 6.375, 8.225],
			"faces": {
				"north": {"uv": [9.125, 9.375, 9, 10.125], "texture": "#0"},
				"east": {"uv": [9, 9.375, 9.125, 10.125], "texture": "#0"},
				"south": {"uv": [9, 9.375, 9.125, 10.125], "texture": "#0"},
				"down": {"uv": [9, 10, 9.125, 10.125], "texture": "#0"}
			}
		},
		{
			"name": "soul_collector_109",
			"from": [10.05, 6, 7.9],
			"to": [10.175, 6.375, 8.225],
			"faces": {
				"north": {"uv": [10.625, 9.375, 10.5, 9.75], "texture": "#0"},
				"east": {"uv": [10.5, 9.375, 10.625, 9.75], "texture": "#0"},
				"south": {"uv": [10.5, 9.375, 10.625, 9.75], "texture": "#0"},
				"west": {"uv": [10.5, 9.375, 10.625, 9.75], "texture": "#0"},
				"up": {"uv": [10.5, 9.375, 10.625, 9.5], "texture": "#0"},
				"down": {"uv": [10.5, 9.625, 10.625, 9.75], "texture": "#0"}
			}
		},
		{
			"name": "soul_collector_110",
			"from": [5.925, 5.875, 7.9],
			"to": [6.05, 6.25, 8.225],
			"faces": {
				"north": {"uv": [5.5, 9.5, 5.375, 9.875], "texture": "#0"},
				"east": {"uv": [5.375, 9.5, 5.5, 9.875], "texture": "#0"},
				"south": {"uv": [5.375, 9.5, 5.5, 9.875], "texture": "#0"},
				"west": {"uv": [5.375, 9.5, 5.5, 9.875], "texture": "#0"},
				"up": {"uv": [5.375, 9.5, 5.5, 9.625], "texture": "#0"},
				"down": {"uv": [5.375, 9.75, 5.5, 9.875], "texture": "#0"}
			}
		},
		{
			"name": "soul_collector_111",
			"from": [7.175, 5.5, 7.9],
			"to": [7.3, 6.25, 8.225],
			"faces": {
				"north": {"uv": [6.75, 9.5, 6.625, 10.25], "texture": "#0"},
				"east": {"uv": [6.625, 9.5, 6.75, 10.25], "texture": "#0"},
				"south": {"uv": [6.625, 9.5, 6.75, 10.25], "texture": "#0"},
				"west": {"uv": [6.625, 9.5, 6.75, 10.25], "texture": "#0"},
				"up": {"uv": [6.625, 9.5, 6.75, 9.625], "texture": "#0"},
				"down": {"uv": [6.625, 10.125, 6.75, 10.25], "texture": "#0"}
			}
		},
		{
			"name": "soul_collector_112",
			"from": [8.675, 5.5, 7.9],
			"to": [8.8, 6.25, 8.225],
			"faces": {
				"north": {"uv": [9.25, 9.5, 9.125, 10.25], "texture": "#0"},
				"east": {"uv": [9.125, 9.5, 9.25, 10.25], "texture": "#0"},
				"south": {"uv": [9.125, 9.5, 9.25, 10.25], "texture": "#0"},
				"west": {"uv": [9.125, 9.5, 9.25, 10.25], "texture": "#0"},
				"up": {"uv": [9.125, 9.5, 9.25, 9.625], "texture": "#0"},
				"down": {"uv": [9.125, 10.125, 9.25, 10.25], "texture": "#0"}
			}
		},
		{
			"name": "soul_collector_113",
			"from": [9.925, 5.875, 7.9],
			"to": [10.05, 6.25, 8.225],
			"faces": {
				"north": {"uv": [10.5, 9.5, 10.375, 9.875], "texture": "#0"},
				"east": {"uv": [10.375, 9.5, 10.5, 9.875], "texture": "#0"},
				"south": {"uv": [10.375, 9.5, 10.5, 9.875], "texture": "#0"},
				"west": {"uv": [10.375, 9.5, 10.5, 9.875], "texture": "#0"},
				"up": {"uv": [10.375, 9.5, 10.5, 9.625], "texture": "#0"},
				"down": {"uv": [10.375, 9.75, 10.5, 9.875], "texture": "#0"}
			}
		},
		{
			"name": "soul_collector_114",
			"from": [6.05, 5.75, 7.9],
			"to": [6.425, 6.125, 8.225],
			"faces": {
				"north": {"uv": [5.875, 9.625, 5.5, 10], "texture": "#0"},
				"east": {"uv": [5.75, 9.625, 5.875, 10], "texture": "#0"},
				"south": {"uv": [5.5, 9.625, 5.875, 10], "texture": "#0"},
				"west": {"uv": [5.5, 9.625, 5.625, 10], "texture": "#0"},
				"up": {"uv": [5.5, 9.625, 5.875, 9.75], "texture": "#0"},
				"down": {"uv": [5.5, 9.875, 5.875, 10], "texture": "#0"}
			}
		},
		{
			"name": "soul_collector_115",
			"from": [6.675, 5.625, 7.9],
			"to": [7.175, 6.125, 8.225],
			"faces": {
				"north": {"uv": [6.625, 9.625, 6.125, 10.125], "texture": "#0"},
				"south": {"uv": [6.125, 9.625, 6.625, 10.125], "texture": "#0"},
				"west": {"uv": [6.125, 9.625, 6.25, 10.125], "texture": "#0"},
				"up": {"uv": [6.125, 9.625, 6.625, 9.75], "texture": "#0"},
				"down": {"uv": [6.125, 10, 6.625, 10.125], "texture": "#0"}
			}
		},
		{
			"name": "soul_collector_116",
			"from": [7.425, 5.625, 7.9],
			"to": [7.55, 6.125, 8.225],
			"faces": {
				"north": {"uv": [7, 9.625, 6.875, 10.125], "texture": "#0"},
				"south": {"uv": [6.875, 9.625, 7, 10.125], "texture": "#0"},
				"down": {"uv": [6.875, 10, 7, 10.125], "texture": "#0"}
			}
		},
		{
			"name": "soul_collector_117",
			"from": [7.425, 6.125, 7.85],
			"to": [7.55, 6.375, 8.275],
			"faces": {
				"north": {"uv": [7.5, 9.625, 7.375, 9.875], "texture": "#0"},
				"south": {"uv": [7.375, 9.625, 7.5, 9.875], "texture": "#0"},
				"west": {"uv": [7.375, 9.625, 7.5, 9.875], "texture": "#0"},
				"down": {"uv": [7.375, 9.75, 7.5, 9.875], "texture": "#0"}
			}
		},
		{
			"name": "soul_collector_118",
			"from": [8.425, 6.125, 7.85],
			"to": [8.55, 6.375, 8.275],
			"faces": {
				"north": {"uv": [8.5, 9.625, 8.375, 9.875], "texture": "#0"},
				"east": {"uv": [8.375, 9.625, 8.5, 9.875], "texture": "#0"},
				"south": {"uv": [8.375, 9.625, 8.5, 9.875], "texture": "#0"},
				"down": {"uv": [8.375, 9.75, 8.5, 9.875], "texture": "#0"}
			}
		},
		{
			"name": "soul_collector_119",
			"from": [8.425, 5.625, 7.9],
			"to": [8.55, 6.125, 8.225],
			"faces": {
				"north": {"uv": [9, 9.625, 8.875, 10.125], "texture": "#0"},
				"south": {"uv": [8.875, 9.625, 9, 10.125], "texture": "#0"},
				"down": {"uv": [8.875, 10, 9, 10.125], "texture": "#0"}
			}
		},
		{
			"name": "soul_collector_120",
			"from": [8.8, 5.625, 7.9],
			"to": [9.3, 6.125, 8.225],
			"faces": {
				"north": {"uv": [9.75, 9.625, 9.25, 10.125], "texture": "#0"},
				"east": {"uv": [9.625, 9.625, 9.75, 10.125], "texture": "#0"},
				"south": {"uv": [9.25, 9.625, 9.75, 10.125], "texture": "#0"},
				"up": {"uv": [9.25, 9.625, 9.75, 9.75], "texture": "#0"},
				"down": {"uv": [9.25, 10, 9.75, 10.125], "texture": "#0"}
			}
		},
		{
			"name": "soul_collector_121",
			"from": [9.55, 5.75, 7.9],
			"to": [9.925, 6.125, 8.225],
			"faces": {
				"north": {"uv": [10.375, 9.625, 10, 10], "texture": "#0"},
				"east": {"uv": [10.25, 9.625, 10.375, 10], "texture": "#0"},
				"south": {"uv": [10, 9.625, 10.375, 10], "texture": "#0"},
				"west": {"uv": [10, 9.625, 10.125, 10], "texture": "#0"},
				"up": {"uv": [10, 9.625, 10.375, 9.75], "texture": "#0"},
				"down": {"uv": [10, 9.875, 10.375, 10], "texture": "#0"}
			}
		},
		{
			"name": "soul_collector_122",
			"from": [6.425, 5.75, 7.9],
			"to": [6.675, 6, 8.225],
			"faces": {
				"north": {"uv": [6.125, 9.75, 5.875, 10], "texture": "#0"},
				"south": {"uv": [5.875, 9.75, 6.125, 10], "texture": "#0"},
				"up": {"uv": [5.875, 9.75, 6.125, 9.875], "texture": "#0"},
				"down": {"uv": [5.875, 9.875, 6.125, 10], "texture": "#0"}
			}
		},
		{
			"name": "soul_collector_123",
			"from": [7.55, 5.75, 7.9],
			"to": [7.675, 6, 8.225],
			"faces": {
				"north": {"uv": [7.125, 9.75, 7, 10], "texture": "#0"},
				"south": {"uv": [7, 9.75, 7.125, 10], "texture": "#0"}
			}
		},
		{
			"name": "soul_collector_124",
			"from": [8.3, 5.75, 7.9],
			"to": [8.425, 6, 8.225],
			"faces": {
				"north": {"uv": [8.875, 9.75, 8.75, 10], "texture": "#0"},
				"south": {"uv": [8.75, 9.75, 8.875, 10], "texture": "#0"}
			}
		},
		{
			"name": "soul_collector_125",
			"from": [9.3, 5.75, 7.9],
			"to": [9.55, 6, 8.225],
			"faces": {
				"north": {"uv": [10, 9.75, 9.75, 10], "texture": "#0"},
				"south": {"uv": [9.75, 9.75, 10, 10], "texture": "#0"},
				"up": {"uv": [9.75, 9.75, 10, 9.875], "texture": "#0"},
				"down": {"uv": [9.75, 9.875, 10, 10], "texture": "#0"}
			}
		},
		{
			"name": "soul_collector_126",
			"from": [6.55, 5.5, 7.9],
			"to": [6.675, 5.75, 8.225],
			"faces": {
				"north": {"uv": [6.125, 10, 6, 10.25], "texture": "#0"},
				"south": {"uv": [6, 10, 6.125, 10.25], "texture": "#0"},
				"west": {"uv": [6, 10, 6.125, 10.25], "texture": "#0"},
				"down": {"uv": [6, 10.125, 6.125, 10.25], "texture": "#0"}
			}
		},
		{
			"name": "soul_collector_127",
			"from": [9.3, 5.5, 7.9],
			"to": [9.425, 5.75, 8.225],
			"faces": {
				"north": {"uv": [9.875, 10, 9.75, 10.25], "texture": "#0"},
				"east": {"uv": [9.75, 10, 9.875, 10.25], "texture": "#0"},
				"south": {"uv": [9.75, 10, 9.875, 10.25], "texture": "#0"},
				"down": {"uv": [9.75, 10.125, 9.875, 10.25], "texture": "#0"}
			}
		},
		{
			"name": "soul_collector_128",
			"from": [6.675, 5.5, 7.9],
			"to": [6.8, 5.625, 8.225],
			"faces": {
				"north": {"uv": [6.25, 10.125, 6.125, 10.25], "texture": "#0"},
				"east": {"uv": [6.125, 10.125, 6.25, 10.25], "texture": "#0"},
				"south": {"uv": [6.125, 10.125, 6.25, 10.25], "texture": "#0"},
				"down": {"uv": [6.125, 10.125, 6.25, 10.25], "texture": "#0"}
			}
		},
		{
			"name": "soul_collector_129",
			"from": [7.05, 5.5, 7.9],
			"to": [7.175, 5.625, 8.225],
			"faces": {
				"north": {"uv": [6.625, 10.125, 6.5, 10.25], "texture": "#0"},
				"south": {"uv": [6.5, 10.125, 6.625, 10.25], "texture": "#0"},
				"west": {"uv": [6.5, 10.125, 6.625, 10.25], "texture": "#0"},
				"down": {"uv": [6.5, 10.125, 6.625, 10.25], "texture": "#0"}
			}
		},
		{
			"name": "soul_collector_130",
			"from": [8.8, 5.5, 7.9],
			"to": [8.925, 5.625, 8.225],
			"faces": {
				"north": {"uv": [9.375, 10.125, 9.25, 10.25], "texture": "#0"},
				"east": {"uv": [9.25, 10.125, 9.375, 10.25], "texture": "#0"},
				"south": {"uv": [9.25, 10.125, 9.375, 10.25], "texture": "#0"},
				"down": {"uv": [9.25, 10.125, 9.375, 10.25], "texture": "#0"}
			}
		},
		{
			"name": "soul_collector_131",
			"from": [9.175, 5.5, 7.9],
			"to": [9.3, 5.625, 8.225],
			"faces": {
				"north": {"uv": [9.75, 10.125, 9.625, 10.25], "texture": "#0"},
				"south": {"uv": [9.625, 10.125, 9.75, 10.25], "texture": "#0"},
				"west": {"uv": [9.625, 10.125, 9.75, 10.25], "texture": "#0"},
				"down": {"uv": [9.625, 10.125, 9.75, 10.25], "texture": "#0"}
			}
		},
		{
			"name": "soul_collector_132",
			"from": [6.3, 5.625, 8],
			"to": [6.55, 5.75, 8.125],
			"faces": {
				"north": {"uv": [6, 10.25, 5.75, 10.375], "texture": "#0"},
				"south": {"uv": [5.75, 10.25, 6, 10.375], "texture": "#0"},
				"west": {"uv": [5.75, 10.25, 5.875, 10.375], "texture": "#0"},
				"down": {"uv": [5.75, 10.25, 6, 10.375], "texture": "#0"}
			}
		},
		{
			"name": "soul_collector_133",
			"from": [7.55, 5.375, 7.9],
			"to": [7.925, 5.75, 8.225],
			"faces": {
				"north": {"uv": [7.375, 10.25, 7, 10.625], "texture": "#0"},
				"south": {"uv": [7, 10.25, 7.375, 10.625], "texture": "#0"},
				"west": {"uv": [7, 10.25, 7.125, 10.625], "texture": "#0"}
			}
		},
		{
			"name": "soul_collector_134",
			"from": [8.05, 5.375, 7.9],
			"to": [8.425, 5.75, 8.225],
			"faces": {
				"north": {"uv": [8.875, 10.25, 8.5, 10.625], "texture": "#0"},
				"east": {"uv": [8.75, 10.25, 8.875, 10.625], "texture": "#0"},
				"south": {"uv": [8.5, 10.25, 8.875, 10.625], "texture": "#0"}
			}
		},
		{
			"name": "soul_collector_135",
			"from": [9.425, 5.625, 8],
			"to": [9.675, 5.75, 8.125],
			"faces": {
				"north": {"uv": [10.125, 10.25, 9.875, 10.375], "texture": "#0"},
				"east": {"uv": [10, 10.25, 10.125, 10.375], "texture": "#0"},
				"south": {"uv": [9.875, 10.25, 10.125, 10.375], "texture": "#0"},
				"down": {"uv": [9.875, 10.25, 10.125, 10.375], "texture": "#0"}
			}
		},
		{
			"name": "soul_collector_136",
			"from": [6.3, 5.5, 8],
			"to": [6.425, 5.625, 8.125],
			"faces": {
				"north": {"uv": [5.875, 10.375, 5.75, 10.5], "texture": "#0"},
				"east": {"uv": [5.75, 10.375, 5.875, 10.5], "texture": "#0"},
				"south": {"uv": [5.75, 10.375, 5.875, 10.5], "texture": "#0"},
				"west": {"uv": [5.75, 10.375, 5.875, 10.5], "texture": "#0"},
				"down": {"uv": [5.75, 10.375, 5.875, 10.5], "texture": "#0"}
			}
		},
		{
			"name": "soul_collector_137",
			"from": [6.8, 5.5, 8],
			"to": [7.05, 5.625, 8.125],
			"faces": {
				"north": {"uv": [6.5, 10.375, 6.25, 10.5], "texture": "#0"},
				"south": {"uv": [6.25, 10.375, 6.5, 10.5], "texture": "#0"},
				"down": {"uv": [6.25, 10.375, 6.5, 10.5], "texture": "#0"}
			}
		},
		{
			"name": "soul_collector_138",
			"from": [8.925, 5.5, 8],
			"to": [9.175, 5.625, 8.125],
			"faces": {
				"north": {"uv": [9.625, 10.375, 9.375, 10.5], "texture": "#0"},
				"south": {"uv": [9.375, 10.375, 9.625, 10.5], "texture": "#0"},
				"down": {"uv": [9.375, 10.375, 9.625, 10.5], "texture": "#0"}
			}
		},
		{
			"name": "soul_collector_139",
			"from": [9.55, 5.5, 8],
			"to": [9.675, 5.625, 8.125],
			"faces": {
				"north": {"uv": [10.125, 10.375, 10, 10.5], "texture": "#0"},
				"east": {"uv": [10, 10.375, 10.125, 10.5], "texture": "#0"},
				"south": {"uv": [10, 10.375, 10.125, 10.5], "texture": "#0"},
				"west": {"uv": [10, 10.375, 10.125, 10.5], "texture": "#0"},
				"down": {"uv": [10, 10.375, 10.125, 10.5], "texture": "#0"}
			}
		},
		{
			"name": "soul_collector_140",
			"from": [6.675, 5.375, 8],
			"to": [6.925, 5.5, 8.125],
			"faces": {
				"north": {"uv": [6.375, 10.5, 6.125, 10.625], "texture": "#0"},
				"east": {"uv": [6.25, 10.5, 6.375, 10.625], "texture": "#0"},
				"south": {"uv": [6.125, 10.5, 6.375, 10.625], "texture": "#0"},
				"west": {"uv": [6.125, 10.5, 6.25, 10.625], "texture": "#0"},
				"down": {"uv": [6.125, 10.5, 6.375, 10.625], "texture": "#0"}
			}
		},
		{
			"name": "soul_collector_141",
			"from": [7.425, 5.125, 7.9],
			"to": [7.55, 5.5, 8.225],
			"faces": {
				"north": {"uv": [7, 10.5, 6.875, 10.875], "texture": "#0"},
				"south": {"uv": [6.875, 10.5, 7, 10.875], "texture": "#0"},
				"west": {"uv": [6.875, 10.5, 7, 10.875], "texture": "#0"},
				"up": {"uv": [6.875, 10.5, 7, 10.625], "texture": "#0"},
				"down": {"uv": [6.875, 10.75, 7, 10.875], "texture": "#0"}
			}
		},
		{
			"name": "soul_collector_142",
			"from": [8.425, 5.125, 7.9],
			"to": [8.55, 5.5, 8.225],
			"faces": {
				"north": {"uv": [9, 10.5, 8.875, 10.875], "texture": "#0"},
				"east": {"uv": [8.875, 10.5, 9, 10.875], "texture": "#0"},
				"south": {"uv": [8.875, 10.5, 9, 10.875], "texture": "#0"},
				"up": {"uv": [8.875, 10.5, 9, 10.625], "texture": "#0"},
				"down": {"uv": [8.875, 10.75, 9, 10.875], "texture": "#0"}
			}
		},
		{
			"name": "soul_collector_143",
			"from": [9.05, 5.375, 8],
			"to": [9.3, 5.5, 8.125],
			"faces": {
				"north": {"uv": [9.75, 10.5, 9.5, 10.625], "texture": "#0"},
				"east": {"uv": [9.625, 10.5, 9.75, 10.625], "texture": "#0"},
				"south": {"uv": [9.5, 10.5, 9.75, 10.625], "texture": "#0"},
				"west": {"uv": [9.5, 10.5, 9.625, 10.625], "texture": "#0"},
				"down": {"uv": [9.5, 10.5, 9.75, 10.625], "texture": "#0"}
			}
		},
		{
			"name": "soul_collector_144",
			"from": [7.925, 4.875, 7.9],
			"to": [8.05, 5.5, 8.225],
			"faces": {
				"north": {"uv": [10.75, 10.5, 10.625, 11.125], "texture": "#0"},
				"south": {"uv": [10.625, 10.5, 10.75, 11.125], "texture": "#0"}
			}
		},
		{
			"name": "soul_collector_145",
			"from": [6.675, 5.25, 8],
			"to": [6.8, 5.375, 8.125],
			"faces": {
				"north": {"uv": [6.25, 10.625, 6.125, 10.75], "texture": "#0"},
				"east": {"uv": [6.125, 10.625, 6.25, 10.75], "texture": "#0"},
				"south": {"uv": [6.125, 10.625, 6.25, 10.75], "texture": "#0"},
				"west": {"uv": [6.125, 10.625, 6.25, 10.75], "texture": "#0"},
				"down": {"uv": [6.125, 10.625, 6.25, 10.75], "texture": "#0"}
			}
		},
		{
			"name": "soul_collector_146",
			"from": [7.3, 5, 7.9],
			"to": [7.425, 5.375, 8.225],
			"faces": {
				"north": {"uv": [6.875, 10.625, 6.75, 11], "texture": "#0"},
				"east": {"uv": [6.75, 10.625, 6.875, 11], "texture": "#0"},
				"south": {"uv": [6.75, 10.625, 6.875, 11], "texture": "#0"},
				"west": {"uv": [6.75, 10.625, 6.875, 11], "texture": "#0"},
				"up": {"uv": [6.75, 10.625, 6.875, 10.75], "texture": "#0"},
				"down": {"uv": [6.75, 10.875, 6.875, 11], "texture": "#0"}
			}
		},
		{
			"name": "soul_collector_147",
			"from": [7.55, 5.25, 7.9],
			"to": [7.8, 5.375, 8.225],
			"faces": {
				"north": {"uv": [7.25, 10.625, 7, 10.75], "texture": "#0"},
				"south": {"uv": [7, 10.625, 7.25, 10.75], "texture": "#0"}
			}
		},
		{
			"name": "soul_collector_148",
			"from": [8.175, 5.25, 7.9],
			"to": [8.425, 5.375, 8.225],
			"faces": {
				"north": {"uv": [8.875, 10.625, 8.625, 10.75], "texture": "#0"},
				"south": {"uv": [8.625, 10.625, 8.875, 10.75], "texture": "#0"}
			}
		},
		{
			"name": "soul_collector_149",
			"from": [8.55, 5, 7.9],
			"to": [8.675, 5.375, 8.225],
			"faces": {
				"north": {"uv": [9.125, 10.625, 9, 11], "texture": "#0"},
				"east": {"uv": [9, 10.625, 9.125, 11], "texture": "#0"},
				"south": {"uv": [9, 10.625, 9.125, 11], "texture": "#0"},
				"west": {"uv": [9, 10.625, 9.125, 11], "texture": "#0"},
				"up": {"uv": [9, 10.625, 9.125, 10.75], "texture": "#0"},
				"down": {"uv": [9, 10.875, 9.125, 11], "texture": "#0"}
			}
		},
		{
			"name": "soul_collector_150",
			"from": [9.175, 5.25, 8],
			"to": [9.3, 5.375, 8.125],
			"faces": {
				"north": {"uv": [9.75, 10.625, 9.625, 10.75], "texture": "#0"},
				"east": {"uv": [9.625, 10.625, 9.75, 10.75], "texture": "#0"},
				"south": {"uv": [9.625, 10.625, 9.75, 10.75], "texture": "#0"},
				"west": {"uv": [9.625, 10.625, 9.75, 10.75], "texture": "#0"},
				"down": {"uv": [9.625, 10.625, 9.75, 10.75], "texture": "#0"}
			}
		},
		{
			"name": "soul_collector_151",
			"from": [7.8, 4.75, 7.9],
			"to": [7.925, 5.375, 8.225],
			"faces": {
				"north": {"uv": [10.625, 10.625, 10.5, 11.25], "texture": "#0"},
				"south": {"uv": [10.5, 10.625, 10.625, 11.25], "texture": "#0"}
			}
		},
		{
			"name": "soul_collector_152",
			"from": [8.05, 4.75, 7.9],
			"to": [8.175, 5.375, 8.225],
			"faces": {
				"north": {"uv": [10.875, 10.625, 10.75, 11.25], "texture": "#0"},
				"south": {"uv": [10.75, 10.625, 10.875, 11.25], "texture": "#0"}
			}
		},
		{
			"name": "soul_collector_153",
			"from": [7.05, 4.875, 7.9],
			"to": [7.3, 5.25, 8.225],
			"faces": {
				"north": {"uv": [6.75, 10.75, 6.5, 11.125], "texture": "#0"},
				"east": {"uv": [6.625, 10.75, 6.75, 11.125], "texture": "#0"},
				"south": {"uv": [6.5, 10.75, 6.75, 11.125], "texture": "#0"},
				"west": {"uv": [6.5, 10.75, 6.625, 11.125], "texture": "#0"},
				"up": {"uv": [6.5, 10.75, 6.75, 10.875], "texture": "#0"},
				"down": {"uv": [6.5, 11, 6.75, 11.125], "texture": "#0"}
			}
		},
		{
			"name": "soul_collector_154",
			"from": [7.55, 5.125, 7.9],
			"to": [7.675, 5.25, 8.225],
			"faces": {
				"north": {"uv": [7.125, 10.75, 7, 10.875], "texture": "#0"},
				"south": {"uv": [7, 10.75, 7.125, 10.875], "texture": "#0"},
				"down": {"uv": [7, 10.75, 7.125, 10.875], "texture": "#0"}
			}
		},
		{
			"name": "soul_collector_155",
			"from": [8.3, 5.125, 7.9],
			"to": [8.425, 5.25, 8.225],
			"faces": {
				"north": {"uv": [8.875, 10.75, 8.75, 10.875], "texture": "#0"},
				"south": {"uv": [8.75, 10.75, 8.875, 10.875], "texture": "#0"},
				"down": {"uv": [8.75, 10.75, 8.875, 10.875], "texture": "#0"}
			}
		},
		{
			"name": "soul_collector_156",
			"from": [8.675, 4.875, 7.9],
			"to": [8.925, 5.25, 8.225],
			"faces": {
				"north": {"uv": [9.375, 10.75, 9.125, 11.125], "texture": "#0"},
				"east": {"uv": [9.25, 10.75, 9.375, 11.125], "texture": "#0"},
				"south": {"uv": [9.125, 10.75, 9.375, 11.125], "texture": "#0"},
				"west": {"uv": [9.125, 10.75, 9.25, 11.125], "texture": "#0"},
				"up": {"uv": [9.125, 10.75, 9.375, 10.875], "texture": "#0"},
				"down": {"uv": [9.125, 11, 9.375, 11.125], "texture": "#0"}
			}
		},
		{
			"name": "soul_collector_157",
			"from": [7.675, 4.375, 7.9],
			"to": [7.8, 5.25, 8.225],
			"faces": {
				"north": {"uv": [10.5, 10.75, 10.375, 11.625], "texture": "#0"},
				"south": {"uv": [10.375, 10.75, 10.5, 11.625], "texture": "#0"},
				"west": {"uv": [10.375, 10.75, 10.5, 11.625], "texture": "#0"},
				"down": {"uv": [10.375, 11.5, 10.5, 11.625], "texture": "#0"}
			}
		},
		{
			"name": "soul_collector_158",
			"from": [8.175, 4.375, 7.9],
			"to": [8.3, 5.25, 8.225],
			"faces": {
				"north": {"uv": [11, 10.75, 10.875, 11.625], "texture": "#0"},
				"east": {"uv": [10.875, 10.75, 11, 11.625], "texture": "#0"},
				"south": {"uv": [10.875, 10.75, 11, 11.625], "texture": "#0"},
				"down": {"uv": [10.875, 11.5, 11, 11.625], "texture": "#0"}
			}
		},
		{
			"name": "soul_collector_159",
			"from": [6.8, 5, 7.9],
			"to": [7.05, 5.125, 8.225],
			"faces": {
				"north": {"uv": [6.5, 10.875, 6.25, 11], "texture": "#0"},
				"south": {"uv": [6.25, 10.875, 6.5, 11], "texture": "#0"},
				"west": {"uv": [6.25, 10.875, 6.375, 11], "texture": "#0"},
				"up": {"uv": [6.25, 10.875, 6.5, 11], "texture": "#0"},
				"down": {"uv": [6.25, 10.875, 6.5, 11], "texture": "#0"}
			}
		},
		{
			"name": "soul_collector_160",
			"from": [8.925, 5, 7.9],
			"to": [9.175, 5.125, 8.225],
			"faces": {
				"north": {"uv": [9.625, 10.875, 9.375, 11], "texture": "#0"},
				"east": {"uv": [9.5, 10.875, 9.625, 11], "texture": "#0"},
				"south": {"uv": [9.375, 10.875, 9.625, 11], "texture": "#0"},
				"up": {"uv": [9.375, 10.875, 9.625, 11], "texture": "#0"},
				"down": {"uv": [9.375, 10.875, 9.625, 11], "texture": "#0"}
			}
		},
		{
			"name": "soul_collector_161",
			"from": [7.55, 4.625, 7.9],
			"to": [7.675, 5, 8.225],
			"faces": {
				"north": {"uv": [10.375, 11, 10.25, 11.375], "texture": "#0"},
				"south": {"uv": [10.25, 11, 10.375, 11.375], "texture": "#0"},
				"west": {"uv": [10.25, 11, 10.375, 11.375], "texture": "#0"},
				"up": {"uv": [10.25, 11, 10.375, 11.125], "texture": "#0"},
				"down": {"uv": [10.25, 11.25, 10.375, 11.375], "texture": "#0"}
			}
		},
		{
			"name": "soul_collector_162",
			"from": [8.3, 4.625, 7.9],
			"to": [8.425, 5, 8.225],
			"faces": {
				"north": {"uv": [11.125, 11, 11, 11.375], "texture": "#0"},
				"east": {"uv": [11, 11, 11.125, 11.375], "texture": "#0"},
				"south": {"uv": [11, 11, 11.125, 11.375], "texture": "#0"},
				"up": {"uv": [11, 11, 11.125, 11.125], "texture": "#0"},
				"down": {"uv": [11, 11.25, 11.125, 11.375], "texture": "#0"}
			}
		},
		{
			"name": "soul_collector_163",
			"from": [7.925, 4.25, 7.9],
			"to": [8.05, 4.875, 8.225],
			"faces": {
				"north": {"uv": [8, 11.125, 7.875, 11.75], "texture": "#0"},
				"south": {"uv": [7.875, 11.125, 8, 11.75], "texture": "#0"}
			}
		},
		{
			"name": "soul_collector_164",
			"from": [7.8, 4.25, 7.9],
			"to": [7.925, 4.75, 8.225],
			"faces": {
				"north": {"uv": [7.875, 11.25, 7.75, 11.75], "texture": "#0"},
				"south": {"uv": [7.75, 11.25, 7.875, 11.75], "texture": "#0"},
				"west": {"uv": [7.75, 11.25, 7.875, 11.75], "texture": "#0"}
			}
		},
		{
			"name": "soul_collector_165",
			"from": [8.05, 4.25, 7.9],
			"to": [8.175, 4.75, 8.225],
			"faces": {
				"north": {"uv": [8.125, 11.25, 8, 11.75], "texture": "#0"},
				"east": {"uv": [8, 11.25, 8.125, 11.75], "texture": "#0"},
				"south": {"uv": [8, 11.25, 8.125, 11.75], "texture": "#0"}
			}
		},
		{
			"name": "soul_collector_166",
			"from": [7.425, 4.625, 7.9],
			"to": [7.55, 4.75, 8.225],
			"faces": {
				"north": {"uv": [10.25, 11.25, 10.125, 11.375], "texture": "#0"},
				"south": {"uv": [10.125, 11.25, 10.25, 11.375], "texture": "#0"},
				"west": {"uv": [10.125, 11.25, 10.25, 11.375], "texture": "#0"},
				"up": {"uv": [10.125, 11.25, 10.25, 11.375], "texture": "#0"},
				"down": {"uv": [10.125, 11.25, 10.25, 11.375], "texture": "#0"}
			}
		},
		{
			"name": "soul_collector_167",
			"from": [8.425, 4.625, 7.9],
			"to": [8.55, 4.75, 8.225],
			"faces": {
				"north": {"uv": [11.25, 11.25, 11.125, 11.375], "texture": "#0"},
				"east": {"uv": [11.125, 11.25, 11.25, 11.375], "texture": "#0"},
				"south": {"uv": [11.125, 11.25, 11.25, 11.375], "texture": "#0"},
				"up": {"uv": [11.125, 11.25, 11.25, 11.375], "texture": "#0"},
				"down": {"uv": [11.125, 11.25, 11.25, 11.375], "texture": "#0"}
			}
		},
		{
			"name": "soul_collector_168",
			"from": [7.675, 4.125, 7.8],
			"to": [8.3, 4.25, 8.325],
			"faces": {
				"north": {"uv": [9.25, 11.75, 8.625, 11.875], "texture": "#0"},
				"east": {"uv": [9.125, 11.75, 9.25, 11.875], "texture": "#0"},
				"south": {"uv": [8.625, 11.75, 9.25, 11.875], "texture": "#0"},
				"west": {"uv": [8.625, 11.75, 8.75, 11.875], "texture": "#0"},
				"up": {"uv": [8.625, 11.75, 9.25, 11.875], "texture": "#0"},
				"down": {"uv": [8.625, 11.75, 9.25, 11.875], "texture": "#0"}
			}
		},
		{
			"name": "soul_collector_169",
			"from": [7.8, 3.75, 7.9],
			"to": [8.175, 4.125, 8.225],
			"faces": {
				"north": {"uv": [8.125, 11.875, 7.75, 12.25], "texture": "#0"},
				"east": {"uv": [8, 11.875, 8.125, 12.25], "texture": "#0"},
				"south": {"uv": [7.75, 11.875, 8.125, 12.25], "texture": "#0"},
				"west": {"uv": [7.75, 11.875, 7.875, 12.25], "texture": "#0"}
			}
		},
		{
			"name": "soul_collector_170",
			"from": [7.675, 3.625, 7.8],
			"to": [8.3, 3.75, 8.325],
			"faces": {
				"north": {"uv": [9.25, 12.25, 8.625, 12.375], "texture": "#0"},
				"east": {"uv": [9.125, 12.25, 9.25, 12.375], "texture": "#0"},
				"south": {"uv": [8.625, 12.25, 9.25, 12.375], "texture": "#0"},
				"west": {"uv": [8.625, 12.25, 8.75, 12.375], "texture": "#0"},
				"up": {"uv": [8.625, 12.25, 9.25, 12.375], "texture": "#0"},
				"down": {"uv": [8.625, 12.25, 9.25, 12.375], "texture": "#0"}
			}
		},
		{
			"name": "soul_collector_171",
			"from": [7.8, 3.25, 7.9],
			"to": [8.175, 3.625, 8.225],
			"faces": {
				"north": {"uv": [8.125, 12.375, 7.75, 12.75], "texture": "#0"},
				"east": {"uv": [8, 12.375, 8.125, 12.75], "texture": "#0"},
				"south": {"uv": [7.75, 12.375, 8.125, 12.75], "texture": "#0"},
				"west": {"uv": [7.75, 12.375, 7.875, 12.75], "texture": "#0"}
			}
		},
		{
			"name": "soul_collector_172",
			"from": [7.675, 3.125, 7.8],
			"to": [8.3, 3.25, 8.325],
			"faces": {
				"north": {"uv": [9.25, 12.75, 8.625, 12.875], "texture": "#0"},
				"east": {"uv": [9.125, 12.75, 9.25, 12.875], "texture": "#0"},
				"south": {"uv": [8.625, 12.75, 9.25, 12.875], "texture": "#0"},
				"west": {"uv": [8.625, 12.75, 8.75, 12.875], "texture": "#0"},
				"up": {"uv": [8.625, 12.75, 9.25, 12.875], "texture": "#0"},
				"down": {"uv": [8.625, 12.75, 9.25, 12.875], "texture": "#0"}
			}
		},
		{
			"name": "soul_collector_173",
			"from": [7.8, 2.75, 7.9],
			"to": [8.175, 3.125, 8.225],
			"faces": {
				"north": {"uv": [8.125, 12.875, 7.75, 13.25], "texture": "#0"},
				"east": {"uv": [8, 12.875, 8.125, 13.25], "texture": "#0"},
				"south": {"uv": [7.75, 12.875, 8.125, 13.25], "texture": "#0"},
				"west": {"uv": [7.75, 12.875, 7.875, 13.25], "texture": "#0"}
			}
		},
		{
			"name": "soul_collector_174",
			"from": [7.675, 2.625, 7.8],
			"to": [8.3, 2.75, 8.325],
			"faces": {
				"north": {"uv": [9.25, 13.25, 8.625, 13.375], "texture": "#0"},
				"east": {"uv": [9.125, 13.25, 9.25, 13.375], "texture": "#0"},
				"south": {"uv": [8.625, 13.25, 9.25, 13.375], "texture": "#0"},
				"west": {"uv": [8.625, 13.25, 8.75, 13.375], "texture": "#0"},
				"up": {"uv": [8.625, 13.25, 9.25, 13.375], "texture": "#0"},
				"down": {"uv": [8.625, 13.25, 9.25, 13.375], "texture": "#0"}
			}
		},
		{
			"name": "soul_collector_175",
			"from": [7.8, 2.25, 7.9],
			"to": [8.175, 2.625, 8.225],
			"faces": {
				"north": {"uv": [8.125, 13.375, 7.75, 13.75], "texture": "#0"},
				"east": {"uv": [8, 13.375, 8.125, 13.75], "texture": "#0"},
				"south": {"uv": [7.75, 13.375, 8.125, 13.75], "texture": "#0"},
				"west": {"uv": [7.75, 13.375, 7.875, 13.75], "texture": "#0"}
			}
		},
		{
			"name": "soul_collector_176",
			"from": [7.675, 2.125, 7.8],
			"to": [8.3, 2.25, 8.325],
			"faces": {
				"north": {"uv": [9.25, 13.75, 8.625, 13.875], "texture": "#0"},
				"east": {"uv": [9.125, 13.75, 9.25, 13.875], "texture": "#0"},
				"south": {"uv": [8.625, 13.75, 9.25, 13.875], "texture": "#0"},
				"west": {"uv": [8.625, 13.75, 8.75, 13.875], "texture": "#0"},
				"up": {"uv": [8.625, 13.75, 9.25, 13.875], "texture": "#0"},
				"down": {"uv": [8.625, 13.75, 9.25, 13.875], "texture": "#0"}
			}
		},
		{
			"name": "soul_collector_177",
			"from": [7.3, 2, 8],
			"to": [7.675, 2.25, 8.125],
			"faces": {
				"north": {"uv": [10.375, 13.75, 10, 14], "texture": "#0"},
				"south": {"uv": [10, 13.75, 10.375, 14], "texture": "#0"},
				"west": {"uv": [10, 13.75, 10.125, 14], "texture": "#0"},
				"up": {"uv": [10, 13.75, 10.375, 13.875], "texture": "#0"},
				"down": {"uv": [10, 13.875, 10.375, 14], "texture": "#0"}
			}
		},
		{
			"name": "soul_collector_178",
			"from": [8.3, 2, 8],
			"to": [8.675, 2.25, 8.125],
			"faces": {
				"north": {"uv": [11.375, 13.75, 11, 14], "texture": "#0"},
				"east": {"uv": [11.25, 13.75, 11.375, 14], "texture": "#0"},
				"south": {"uv": [11, 13.75, 11.375, 14], "texture": "#0"},
				"up": {"uv": [11, 13.75, 11.375, 13.875], "texture": "#0"},
				"down": {"uv": [11, 13.875, 11.375, 14], "texture": "#0"}
			}
		},
		{
			"name": "soul_collector_179",
			"from": [7.8, 2, 7.9],
			"to": [8.175, 2.125, 8.225],
			"faces": {
				"north": {"uv": [8.125, 13.875, 7.75, 14], "texture": "#0"},
				"east": {"uv": [8, 13.875, 8.125, 14], "texture": "#0"},
				"south": {"uv": [7.75, 13.875, 8.125, 14], "texture": "#0"},
				"west": {"uv": [7.75, 13.875, 7.875, 14], "texture": "#0"}
			}
		},
		{
			"name": "soul_collector_180",
			"from": [7.05, 2, 8],
			"to": [7.3, 2.125, 8.125],
			"faces": {
				"north": {"uv": [10, 13.875, 9.75, 14], "texture": "#0"},
				"south": {"uv": [9.75, 13.875, 10, 14], "texture": "#0"},
				"west": {"uv": [9.75, 13.875, 9.875, 14], "texture": "#0"},
				"up": {"uv": [9.75, 13.875, 10, 14], "texture": "#0"},
				"down": {"uv": [9.75, 13.875, 10, 14], "texture": "#0"}
			}
		},
		{
			"name": "soul_collector_181",
			"from": [7.675, 2, 8],
			"to": [7.8, 2.125, 8.125],
			"faces": {
				"north": {"uv": [10.5, 13.875, 10.375, 14], "texture": "#0"},
				"south": {"uv": [10.375, 13.875, 10.5, 14], "texture": "#0"}
			}
		},
		{
			"name": "soul_collector_182",
			"from": [8.175, 2, 8],
			"to": [8.3, 2.125, 8.125],
			"faces": {
				"north": {"uv": [11, 13.875, 10.875, 14], "texture": "#0"},
				"south": {"uv": [10.875, 13.875, 11, 14], "texture": "#0"}
			}
		},
		{
			"name": "soul_collector_183",
			"from": [8.675, 2, 8],
			"to": [8.925, 2.125, 8.125],
			"faces": {
				"north": {"uv": [11.625, 13.875, 11.375, 14], "texture": "#0"},
				"east": {"uv": [11.5, 13.875, 11.625, 14], "texture": "#0"},
				"south": {"uv": [11.375, 13.875, 11.625, 14], "texture": "#0"},
				"up": {"uv": [11.375, 13.875, 11.625, 14], "texture": "#0"},
				"down": {"uv": [11.375, 13.875, 11.625, 14], "texture": "#0"}
			}
		},
		{
			"name": "soul_collector_184",
			"from": [7.675, 1.75, 7.8],
			"to": [8.3, 2, 8.325],
			"faces": {
				"north": {"uv": [9.25, 14, 8.625, 14.25], "texture": "#0"},
				"east": {"uv": [9.125, 14, 9.25, 14.25], "texture": "#0"},
				"south": {"uv": [8.625, 14, 9.25, 14.25], "texture": "#0"},
				"west": {"uv": [8.625, 14, 8.75, 14.25], "texture": "#0"},
				"up": {"uv": [8.625, 14, 9.25, 14.125], "texture": "#0"},
				"down": {"uv": [8.625, 14.125, 9.25, 14.25], "texture": "#0"}
			}
		},
		{
			"name": "soul_collector_185",
			"from": [7.425, 1.875, 8],
			"to": [7.675, 2, 8.125],
			"faces": {
				"north": {"uv": [10.375, 14, 10.125, 14.125], "texture": "#0"},
				"south": {"uv": [10.125, 14, 10.375, 14.125], "texture": "#0"},
				"west": {"uv": [10.125, 14, 10.25, 14.125], "texture": "#0"},
				"down": {"uv": [10.125, 14, 10.375, 14.125], "texture": "#0"}
			}
		},
		{
			"name": "soul_collector_186",
			"from": [8.3, 1.875, 8],
			"to": [8.55, 2, 8.125],
			"faces": {
				"north": {"uv": [11.25, 14, 11, 14.125], "texture": "#0"},
				"east": {"uv": [11.125, 14, 11.25, 14.125], "texture": "#0"},
				"south": {"uv": [11, 14, 11.25, 14.125], "texture": "#0"},
				"down": {"uv": [11, 14, 11.25, 14.125], "texture": "#0"}
			}
		},
		{
			"name": "soul_collector_187",
			"from": [7.55, 1.5, 7.9],
			"to": [7.925, 1.75, 8.225],
			"faces": {
				"north": {"uv": [6.875, 14.25, 6.5, 14.5], "texture": "#0"},
				"south": {"uv": [6.5, 14.25, 6.875, 14.5], "texture": "#0"},
				"west": {"uv": [6.5, 14.25, 6.625, 14.5], "texture": "#0"},
				"up": {"uv": [6.5, 14.25, 6.875, 14.375], "texture": "#0"},
				"down": {"uv": [6.5, 14.375, 6.875, 14.5], "texture": "#0"}
			}
		},
		{
			"name": "soul_collector_188",
			"from": [7.925, 1.625, 7.9],
			"to": [8.425, 1.75, 8.225],
			"faces": {
				"north": {"uv": [7.375, 14.25, 6.875, 14.375], "texture": "#0"},
				"east": {"uv": [7.25, 14.25, 7.375, 14.375], "texture": "#0"},
				"south": {"uv": [6.875, 14.25, 7.375, 14.375], "texture": "#0"},
				"up": {"uv": [6.875, 14.25, 7.375, 14.375], "texture": "#0"}
			}
		},
		{
			"name": "soul_collector_189",
			"from": [7.425, 1.375, 7.9],
			"to": [7.55, 1.625, 8.225],
			"faces": {
				"north": {"uv": [6.5, 14.375, 6.375, 14.625], "texture": "#0"},
				"south": {"uv": [6.375, 14.375, 6.5, 14.625], "texture": "#0"},
				"west": {"uv": [6.375, 14.375, 6.5, 14.625], "texture": "#0"},
				"up": {"uv": [6.375, 14.375, 6.5, 14.5], "texture": "#0"},
				"down": {"uv": [6.375, 14.5, 6.5, 14.625], "texture": "#0"}
			}
		},
		{
			"name": "soul_collector_190",
			"from": [8.05, 1.5, 7.9],
			"to": [8.55, 1.625, 8.225],
			"faces": {
				"north": {"uv": [7.5, 14.375, 7, 14.5], "texture": "#0"},
				"east": {"uv": [7.375, 14.375, 7.5, 14.5], "texture": "#0"},
				"south": {"uv": [7, 14.375, 7.5, 14.5], "texture": "#0"},
				"up": {"uv": [7, 14.375, 7.5, 14.5], "texture": "#0"},
				"down": {"uv": [7, 14.375, 7.5, 14.5], "texture": "#0"}
			}
		},
		{
			"name": "soul_collector_191",
			"from": [7.925, 1, 7.9],
			"to": [8.05, 1.625, 8.225],
			"faces": {
				"north": {"uv": [8, 14.375, 7.875, 15], "texture": "#0"},
				"east": {"uv": [7.875, 14.375, 8, 15], "texture": "#0"},
				"south": {"uv": [7.875, 14.375, 8, 15], "texture": "#0"},
				"west": {"uv": [7.875, 14.375, 8, 15], "texture": "#0"},
				"down": {"uv": [7.875, 14.875, 8, 15], "texture": "#0"}
			}
		},
		{
			"name": "soul_collector_192",
			"from": [7.55, 1.375, 7.9],
			"to": [7.675, 1.5, 8.225],
			"faces": {
				"north": {"uv": [6.625, 14.5, 6.5, 14.625], "texture": "#0"},
				"east": {"uv": [6.5, 14.5, 6.625, 14.625], "texture": "#0"},
				"south": {"uv": [6.5, 14.5, 6.625, 14.625], "texture": "#0"},
				"down": {"uv": [6.5, 14.5, 6.625, 14.625], "texture": "#0"}
			}
		},
		{
			"name": "soul_collector_193",
			"from": [8.3, 1.375, 7.9],
			"to": [8.55, 1.5, 8.225],
			"faces": {
				"north": {"uv": [7.5, 14.5, 7.25, 14.625], "texture": "#0"},
				"east": {"uv": [7.375, 14.5, 7.5, 14.625], "texture": "#0"},
				"south": {"uv": [7.25, 14.5, 7.5, 14.625], "texture": "#0"},
				"west": {"uv": [7.25, 14.5, 7.375, 14.625], "texture": "#0"},
				"down": {"uv": [7.25, 14.5, 7.5, 14.625], "texture": "#0"}
			}
		},
		{
			"name": "soul_collector_194",
			"from": [7.8, 1.125, 7.9],
			"to": [7.925, 1.5, 8.225],
			"faces": {
				"north": {"uv": [7.875, 14.5, 7.75, 14.875], "texture": "#0"},
				"south": {"uv": [7.75, 14.5, 7.875, 14.875], "texture": "#0"},
				"west": {"uv": [7.75, 14.5, 7.875, 14.875], "texture": "#0"},
				"down": {"uv": [7.75, 14.75, 7.875, 14.875], "texture": "#0"}
			}
		},
		{
			"name": "soul_collector_195",
			"from": [8.05, 1.125, 7.9],
			"to": [8.175, 1.5, 8.225],
			"faces": {
				"north": {"uv": [8.125, 14.5, 8, 14.875], "texture": "#0"},
				"east": {"uv": [8, 14.5, 8.125, 14.875], "texture": "#0"},
				"south": {"uv": [8, 14.5, 8.125, 14.875], "texture": "#0"},
				"down": {"uv": [8, 14.75, 8.125, 14.875], "texture": "#0"}
			}
		},
		{
			"name": "soul_collector_196",
			"from": [7.55, 1.125, 8],
			"to": [7.675, 1.25, 8.125],
			"faces": {
				"north": {"uv": [7.625, 15, 7.5, 15.125], "texture": "#0"},
				"east": {"uv": [7.5, 15, 7.625, 15.125], "texture": "#0"},
				"south": {"uv": [7.5, 15, 7.625, 15.125], "texture": "#0"},
				"west": {"uv": [7.5, 15, 7.625, 15.125], "texture": "#0"},
				"up": {"uv": [7.5, 15, 7.625, 15.125], "texture": "#0"},
				"down": {"uv": [7.5, 15, 7.625, 15.125], "texture": "#0"}
			}
		},
		{
			"name": "soul_collector_197",
			"from": [8.3, 1.125, 8],
			"to": [8.425, 1.25, 8.125],
			"faces": {
				"north": {"uv": [8.375, 15, 8.25, 15.125], "texture": "#0"},
				"east": {"uv": [8.25, 15, 8.375, 15.125], "texture": "#0"},
				"south": {"uv": [8.25, 15, 8.375, 15.125], "texture": "#0"},
				"west": {"uv": [8.25, 15, 8.375, 15.125], "texture": "#0"},
				"up": {"uv": [8.25, 15, 8.375, 15.125], "texture": "#0"},
				"down": {"uv": [8.25, 15, 8.375, 15.125], "texture": "#0"}
			}
		},
		{
			"name": "soul_collector_198",
			"from": [7.675, 0.875, 8],
			"to": [7.925, 1.125, 8.125],
			"faces": {
				"north": {"uv": [7.875, 15.125, 7.625, 15.375], "texture": "#0"},
				"south": {"uv": [7.625, 15.125, 7.875, 15.375], "texture": "#0"},
				"west": {"uv": [7.625, 15.125, 7.75, 15.375], "texture": "#0"},
				"up": {"uv": [7.625, 15.125, 7.875, 15.25], "texture": "#0"},
				"down": {"uv": [7.625, 15.25, 7.875, 15.375], "texture": "#0"}
			}
		},
		{
			"name": "soul_collector_199",
			"from": [8.05, 0.875, 8],
			"to": [8.3, 1.125, 8.125],
			"faces": {
				"north": {"uv": [8.25, 15.125, 8, 15.375], "texture": "#0"},
				"east": {"uv": [8.125, 15.125, 8.25, 15.375], "texture": "#0"},
				"south": {"uv": [8, 15.125, 8.25, 15.375], "texture": "#0"},
				"up": {"uv": [8, 15.125, 8.25, 15.25], "texture": "#0"},
				"down": {"uv": [8, 15.25, 8.25, 15.375], "texture": "#0"}
			}
		},
		{
			"name": "soul_collector_200",
			"from": [7.925, 0.5, 8],
			"to": [8.05, 1, 8.125],
			"faces": {
				"north": {"uv": [8, 15.25, 7.875, 15.75], "texture": "#0"},
				"east": {"uv": [7.875, 15.25, 8, 15.75], "texture": "#0"},
				"south": {"uv": [7.875, 15.25, 8, 15.75], "texture": "#0"},
				"west": {"uv": [7.875, 15.25, 8, 15.75], "texture": "#0"},
				"down": {"uv": [7.875, 15.625, 8, 15.75], "texture": "#0"}
			}
		},
		{
			"name": "soul_collector_201",
			"from": [7.8, 0.75, 8],
			"to": [7.925, 0.875, 8.125],
			"faces": {
				"north": {"uv": [7.875, 15.375, 7.75, 15.5], "texture": "#0"},
				"south": {"uv": [7.75, 15.375, 7.875, 15.5], "texture": "#0"},
				"west": {"uv": [7.75, 15.375, 7.875, 15.5], "texture": "#0"},
				"down": {"uv": [7.75, 15.375, 7.875, 15.5], "texture": "#0"}
			}
		},
		{
			"name": "soul_collector_202",
			"from": [8.05, 0.75, 8],
			"to": [8.175, 0.875, 8.125],
			"faces": {
				"north": {"uv": [8.125, 15.375, 8, 15.5], "texture": "#0"},
				"east": {"uv": [8, 15.375, 8.125, 15.5], "texture": "#0"},
				"south": {"uv": [8, 15.375, 8.125, 15.5], "texture": "#0"},
				"down": {"uv": [8, 15.375, 8.125, 15.5], "texture": "#0"}
			}
		}
	],
	"gui_light": "front",
	"display": {
		"thirdperson_righthand": {
			"rotation": [0, -90, 0],
			"translation": [0, 10.25, 1.25],
			"scale": [2.8, 2.8, 2.8]
		},
		"thirdperson_lefthand": {
			"rotation": [0, -90, 0],
			"translation": [0, 10.25, 1.25],
			"scale": [2.8, 2.8, 2.8]
		},
		"firstperson_righthand": {
			"rotation": [-4, -90, -8],
			"translation": [2.5, 7, -0.25],
			"scale": [2, 2, 2]
		},
		"firstperson_lefthand": {
			"rotation": [9, 90, -8],
			"translation": [1.75, 6.75, -0.5],
			"scale": [2, 2, 2]
		},
		"ground": {
			"translation": [0, 7.75, 0],
			"scale": [2, 2, 2]
		},
		"gui": {
			"rotation": [0, 0, -42],
			"translation": [-0.25, -0.25, 0],
			"scale": [1.75, 1.75, 1.75]
		},
		"head": {
			"rotation": [0, 0, -132],
			"translation": [-2.25, -13, 3.5],
			"scale": [3.5, 3.5, 3.5]
		},
		"fixed": {
			"rotation": [-180, 0, 138],
			"translation": [-1.25, 1.75, 0.25],
			"scale": [4, 4, 3]
		}
	},
	"groups": [
		{
			"name": "soul_collector",
			"origin": [8, 8, 8],
			"color": 0,
			"nbt": "{}",
			"children": [
				0,
				1,
				2,
				3,
				4,
				5,
				6,
				7,
				8,
				9,
				10,
				11,
				12,
				13,
				14,
				15,
				16,
				17,
				18,
				19,
				20,
				21,
				22,
				23,
				24,
				25,
				26,
				27,
				28,
				29,
				30,
				31,
				32,
				33,
				34,
				35,
				36,
				37,
				38,
				39,
				40,
				41,
				42,
				43,
				44,
				45,
				46,
				47,
				48,
				49,
				50,
				51,
				52,
				53,
				54,
				55,
				56,
				57,
				58,
				59,
				60,
				61,
				62,
				63,
				64,
				65,
				66,
				67,
				68,
				69,
				70,
				71,
				72,
				73,
				74,
				75,
				76,
				77,
				78,
				79,
				80,
				81,
				82,
				83,
				84,
				85,
				86,
				87,
				88,
				89,
				90,
				91,
				92,
				93,
				94,
				95,
				96,
				97,
				98,
				99,
				100,
				101,
				102,
				103,
				104,
				105,
				106,
				107,
				108,
				109,
				110,
				111,
				112,
				113,
				114,
				115,
				116,
				117,
				118,
				119,
				120,
				121,
				122,
				123,
				124,
				125,
				126,
				127,
				128,
				129,
				130,
				131,
				132,
				133,
				134,
				135,
				136,
				137,
				138,
				139,
				140,
				141,
				142,
				143,
				144,
				145,
				146,
				147,
				148,
				149,
				150,
				151,
				152,
				153,
				154,
				155,
				156,
				157,
				158,
				159,
				160,
				161,
				162,
				163,
				164,
				165,
				166,
				167,
				168,
				169,
				170,
				171,
				172,
				173,
				174,
				175,
				176,
				177,
				178,
				179,
				180,
				181,
				182,
				183,
				184,
				185,
				186,
				187,
				188,
				189,
				190,
				191,
				192,
				193,
				194,
				195,
				196,
				197,
				198,
				199,
				200,
				201,
				202
			]
		}
	]
}