{
	"credit": "Made with Blockbench",
	"textures": {
		"0": "prominent:item/transmog/soul_claws",
		"particle": "prominent:item/transmog/soul_claws"
	},
	"elements": [
		{
			"name": "soul_claws_0",
			"from": [8.125, 7.125, 6.875],
			"to": [9.25, 7.25, 8],
			"faces": {
				"north": {"uv": [9.125, 8.25, 10.25, 8.375], "rotation": 180, "texture": "#0"},
				"east": {"uv": [10.125, 7.25, 10.25, 8.375], "rotation": 270, "texture": "#0"},
				"south": {"uv": [9.125, 7.25, 10.25, 7.375], "texture": "#0"},
				"west": {"uv": [9.125, 7.25, 9.25, 8.375], "rotation": 90, "texture": "#0"},
				"up": {"uv": [10.25, 7.25, 9.125, 8.375], "rotation": 180, "texture": "#0"},
				"down": {"uv": [9.125, 7.25, 10.25, 8.375], "texture": "#0"}
			}
		},
		{
			"name": "soul_claws_1",
			"from": [6.25, 7.375, 7.75],
			"to": [8.625, 7.75, 7.875],
			"faces": {
				"north": {"uv": [8.125, 8, 5.75, 8.375], "texture": "#0"},
				"east": {"uv": [8, 8, 8.125, 8.375], "texture": "#0"},
				"south": {"uv": [5.75, 8, 8.125, 8.375], "texture": "#0"},
				"west": {"uv": [5.75, 8, 5.875, 8.375], "texture": "#0"},
				"up": {"uv": [5.75, 8, 8.125, 8.125], "texture": "#0"},
				"down": {"uv": [5.75, 8.25, 8.125, 8.375], "texture": "#0"}
			}
		},
		{
			"name": "soul_claws_5",
			"from": [8.875, 7.25, 7.375],
			"to": [9, 7.5, 7.5],
			"faces": {
				"north": {"uv": [8.5, 8.25, 8.375, 8.5], "texture": "#0"},
				"east": {"uv": [8.375, 8.25, 8.5, 8.5], "texture": "#0"},
				"south": {"uv": [8.375, 8.25, 8.5, 8.5], "texture": "#0"},
				"west": {"uv": [8.375, 8.25, 8.5, 8.5], "texture": "#0"},
				"up": {"uv": [8.375, 8.25, 8.5, 8.375], "texture": "#0"},
				"down": {"uv": [8.375, 8.375, 8.5, 8.5], "texture": "#0"}
			}
		},
		{
			"name": "soul_claws_9",
			"from": [5.75, 7.125, 7],
			"to": [5.875, 7.25, 7.125],
			"faces": {
				"north": {"uv": [5.375, 8.5, 5.25, 8.625], "texture": "#0"},
				"east": {"uv": [5.25, 8.5, 5.375, 8.625], "texture": "#0"},
				"south": {"uv": [5.25, 8.5, 5.375, 8.625], "texture": "#0"},
				"west": {"uv": [5.25, 8.5, 5.375, 8.625], "texture": "#0"},
				"up": {"uv": [5.25, 8.5, 5.375, 8.625], "texture": "#0"},
				"down": {"uv": [5.25, 8.5, 5.375, 8.625], "texture": "#0"}
			}
		},
		{
			"name": "soul_claws_6",
			"from": [5.5, 6.875, 7],
			"to": [5.625, 7.375, 7.125],
			"faces": {
				"north": {"uv": [5.125, 8.375, 5, 8.875], "texture": "#0"},
				"east": {"uv": [5, 8.375, 5.125, 8.875], "texture": "#0"},
				"south": {"uv": [5, 8.375, 5.125, 8.875], "texture": "#0"},
				"west": {"uv": [5, 8.375, 5.125, 8.875], "texture": "#0"},
				"up": {"uv": [5, 8.375, 5.125, 8.5], "texture": "#0"},
				"down": {"uv": [5, 8.75, 5.125, 8.875], "texture": "#0"}
			}
		},
		{
			"name": "soul_claws_4",
			"from": [5.625, 7, 7],
			"to": [5.75, 7.5, 7.125],
			"faces": {
				"north": {"uv": [5.25, 8.25, 5.125, 8.75], "texture": "#0"},
				"east": {"uv": [5.125, 8.25, 5.25, 8.75], "texture": "#0"},
				"south": {"uv": [5.125, 8.25, 5.25, 8.75], "texture": "#0"},
				"west": {"uv": [5.125, 8.25, 5.25, 8.75], "texture": "#0"},
				"up": {"uv": [5.125, 8.25, 5.25, 8.375], "texture": "#0"},
				"down": {"uv": [5.125, 8.625, 5.25, 8.75], "texture": "#0"}
			}
		},
		{
			"name": "soul_claws_2",
			"from": [5.75, 7.25, 7],
			"to": [6.25, 7.625, 7.125],
			"faces": {
				"north": {"uv": [5.75, 8.125, 5.25, 8.5], "texture": "#0"},
				"east": {"uv": [5.625, 8.125, 5.75, 8.5], "texture": "#0"},
				"south": {"uv": [5.25, 8.125, 5.75, 8.5], "texture": "#0"},
				"west": {"uv": [5.25, 8.125, 5.375, 8.5], "texture": "#0"},
				"up": {"uv": [5.25, 8.125, 5.75, 8.25], "texture": "#0"},
				"down": {"uv": [5.25, 8.375, 5.75, 8.5], "texture": "#0"}
			}
		},
		{
			"name": "soul_claws_7",
			"from": [6.25, 7.25, 7],
			"to": [6.5, 7.375, 7.125],
			"faces": {
				"north": {"uv": [6, 8.375, 5.75, 8.5], "texture": "#0"},
				"east": {"uv": [5.875, 8.375, 6, 8.5], "texture": "#0"},
				"south": {"uv": [5.75, 8.375, 6, 8.5], "texture": "#0"},
				"west": {"uv": [5.75, 8.375, 5.875, 8.5], "texture": "#0"},
				"up": {"uv": [5.75, 8.375, 6, 8.5], "texture": "#0"},
				"down": {"uv": [5.75, 8.375, 6, 8.5], "texture": "#0"}
			}
		},
		{
			"name": "soul_claws_10",
			"from": [7.125, 7.125, 7],
			"to": [7.625, 7.25, 7.125],
			"faces": {
				"north": {"uv": [7.125, 8.5, 6.625, 8.625], "texture": "#0"},
				"east": {"uv": [7, 8.5, 7.125, 8.625], "texture": "#0"},
				"south": {"uv": [6.625, 8.5, 7.125, 8.625], "texture": "#0"},
				"west": {"uv": [6.625, 8.5, 6.75, 8.625], "texture": "#0"},
				"up": {"uv": [6.625, 8.5, 7.125, 8.625], "texture": "#0"},
				"down": {"uv": [6.625, 8.5, 7.125, 8.625], "texture": "#0"}
			}
		},
		{
			"name": "soul_claws_13",
			"from": [7.25, 6.875, 7],
			"to": [7.5, 7.125, 7.125],
			"faces": {
				"north": {"uv": [7, 8.625, 6.75, 8.875], "texture": "#0"},
				"east": {"uv": [6.875, 8.625, 7, 8.875], "texture": "#0"},
				"south": {"uv": [6.75, 8.625, 7, 8.875], "texture": "#0"},
				"west": {"uv": [6.75, 8.625, 6.875, 8.875], "texture": "#0"},
				"up": {"uv": [6.75, 8.625, 7, 8.75], "texture": "#0"},
				"down": {"uv": [6.75, 8.75, 7, 8.875], "texture": "#0"}
			}
		},
		{
			"name": "soul_claws_16",
			"from": [7.375, 6.75, 7],
			"to": [7.625, 6.875, 7.125],
			"faces": {
				"north": {"uv": [7.125, 8.875, 6.875, 9], "texture": "#0"},
				"east": {"uv": [7, 8.875, 7.125, 9], "texture": "#0"},
				"south": {"uv": [6.875, 8.875, 7.125, 9], "texture": "#0"},
				"west": {"uv": [6.875, 8.875, 7, 9], "texture": "#0"},
				"up": {"uv": [6.875, 8.875, 7.125, 9], "texture": "#0"},
				"down": {"uv": [6.875, 8.875, 7.125, 9], "texture": "#0"}
			}
		},
		{
			"name": "soul_claws_14",
			"from": [8, 6.875, 7],
			"to": [8.125, 7, 7.125],
			"faces": {
				"north": {"uv": [7.625, 8.75, 7.5, 8.875], "texture": "#0"},
				"east": {"uv": [7.5, 8.75, 7.625, 8.875], "texture": "#0"},
				"south": {"uv": [7.5, 8.75, 7.625, 8.875], "texture": "#0"},
				"west": {"uv": [7.5, 8.75, 7.625, 8.875], "texture": "#0"},
				"up": {"uv": [7.5, 8.75, 7.625, 8.875], "texture": "#0"},
				"down": {"uv": [7.5, 8.75, 7.625, 8.875], "texture": "#0"}
			}
		},
		{
			"name": "soul_claws_11",
			"from": [7.875, 7, 7],
			"to": [8.125, 7.25, 7.125],
			"faces": {
				"north": {"uv": [7.625, 8.5, 7.375, 8.75], "texture": "#0"},
				"east": {"uv": [7.5, 8.5, 7.625, 8.75], "texture": "#0"},
				"south": {"uv": [7.375, 8.5, 7.625, 8.75], "texture": "#0"},
				"west": {"uv": [7.375, 8.5, 7.5, 8.75], "texture": "#0"},
				"up": {"uv": [7.375, 8.5, 7.625, 8.625], "texture": "#0"},
				"down": {"uv": [7.375, 8.625, 7.625, 8.75], "texture": "#0"}
			}
		},
		{
			"name": "soul_claws_8",
			"from": [6.875, 7.25, 7],
			"to": [8.625, 7.375, 7.125],
			"faces": {
				"north": {"uv": [8.125, 8.375, 6.375, 8.5], "texture": "#0"},
				"east": {"uv": [8, 8.375, 8.125, 8.5], "texture": "#0"},
				"south": {"uv": [6.375, 8.375, 8.125, 8.5], "texture": "#0"},
				"west": {"uv": [6.375, 8.375, 6.5, 8.5], "texture": "#0"},
				"up": {"uv": [6.375, 8.375, 8.125, 8.5], "texture": "#0"},
				"down": {"uv": [6.375, 8.375, 8.125, 8.5], "texture": "#0"}
			}
		},
		{
			"name": "soul_claws_1",
			"from": [6.25, 7.375, 7],
			"to": [8.625, 7.75, 7.125],
			"faces": {
				"north": {"uv": [8.125, 8, 5.75, 8.375], "texture": "#0"},
				"east": {"uv": [8, 8, 8.125, 8.375], "texture": "#0"},
				"south": {"uv": [5.75, 8, 8.125, 8.375], "texture": "#0"},
				"west": {"uv": [5.75, 8, 5.875, 8.375], "texture": "#0"},
				"up": {"uv": [5.75, 8, 8.125, 8.125], "texture": "#0"},
				"down": {"uv": [5.75, 8.25, 8.125, 8.375], "texture": "#0"}
			}
		},
		{
			"name": "soul_claws_3",
			"from": [8.625, 7.25, 7],
			"to": [8.875, 7.625, 7.125],
			"faces": {
				"north": {"uv": [8.375, 8.125, 8.125, 8.5], "texture": "#0"},
				"east": {"uv": [8.25, 8.125, 8.375, 8.5], "texture": "#0"},
				"south": {"uv": [8.125, 8.125, 8.375, 8.5], "texture": "#0"},
				"west": {"uv": [8.125, 8.125, 8.25, 8.5], "texture": "#0"},
				"up": {"uv": [8.125, 8.125, 8.375, 8.25], "texture": "#0"},
				"down": {"uv": [8.125, 8.375, 8.375, 8.5], "texture": "#0"}
			}
		},
		{
			"name": "soul_claws_5",
			"from": [8.875, 7.25, 7],
			"to": [9, 7.5, 7.125],
			"faces": {
				"north": {"uv": [8.5, 8.25, 8.375, 8.5], "texture": "#0"},
				"east": {"uv": [8.375, 8.25, 8.5, 8.5], "texture": "#0"},
				"south": {"uv": [8.375, 8.25, 8.5, 8.5], "texture": "#0"},
				"west": {"uv": [8.375, 8.25, 8.5, 8.5], "texture": "#0"},
				"up": {"uv": [8.375, 8.25, 8.5, 8.375], "texture": "#0"},
				"down": {"uv": [8.375, 8.375, 8.5, 8.5], "texture": "#0"}
			}
		},
		{
			"name": "soul_claws_3",
			"from": [8.625, 7.25, 7.375],
			"to": [8.875, 7.625, 7.5],
			"faces": {
				"north": {"uv": [8.375, 8.125, 8.125, 8.5], "texture": "#0"},
				"east": {"uv": [8.25, 8.125, 8.375, 8.5], "texture": "#0"},
				"south": {"uv": [8.125, 8.125, 8.375, 8.5], "texture": "#0"},
				"west": {"uv": [8.125, 8.125, 8.25, 8.5], "texture": "#0"},
				"up": {"uv": [8.125, 8.125, 8.375, 8.25], "texture": "#0"},
				"down": {"uv": [8.125, 8.375, 8.375, 8.5], "texture": "#0"}
			}
		},
		{
			"name": "soul_claws_14",
			"from": [8, 6.875, 7.375],
			"to": [8.125, 7, 7.5],
			"faces": {
				"north": {"uv": [7.625, 8.75, 7.5, 8.875], "texture": "#0"},
				"east": {"uv": [7.5, 8.75, 7.625, 8.875], "texture": "#0"},
				"south": {"uv": [7.5, 8.75, 7.625, 8.875], "texture": "#0"},
				"west": {"uv": [7.5, 8.75, 7.625, 8.875], "texture": "#0"},
				"up": {"uv": [7.5, 8.75, 7.625, 8.875], "texture": "#0"},
				"down": {"uv": [7.5, 8.75, 7.625, 8.875], "texture": "#0"}
			}
		},
		{
			"name": "soul_claws_16",
			"from": [7.375, 6.75, 7.375],
			"to": [7.625, 6.875, 7.5],
			"faces": {
				"north": {"uv": [7.125, 8.875, 6.875, 9], "texture": "#0"},
				"east": {"uv": [7, 8.875, 7.125, 9], "texture": "#0"},
				"south": {"uv": [6.875, 8.875, 7.125, 9], "texture": "#0"},
				"west": {"uv": [6.875, 8.875, 7, 9], "texture": "#0"},
				"up": {"uv": [6.875, 8.875, 7.125, 9], "texture": "#0"},
				"down": {"uv": [6.875, 8.875, 7.125, 9], "texture": "#0"}
			}
		},
		{
			"name": "soul_claws_13",
			"from": [7.25, 6.875, 7.375],
			"to": [7.5, 7.125, 7.5],
			"faces": {
				"north": {"uv": [7, 8.625, 6.75, 8.875], "texture": "#0"},
				"east": {"uv": [6.875, 8.625, 7, 8.875], "texture": "#0"},
				"south": {"uv": [6.75, 8.625, 7, 8.875], "texture": "#0"},
				"west": {"uv": [6.75, 8.625, 6.875, 8.875], "texture": "#0"},
				"up": {"uv": [6.75, 8.625, 7, 8.75], "texture": "#0"},
				"down": {"uv": [6.75, 8.75, 7, 8.875], "texture": "#0"}
			}
		},
		{
			"name": "soul_claws_11",
			"from": [7.875, 7, 7.375],
			"to": [8.125, 7.25, 7.5],
			"faces": {
				"north": {"uv": [7.625, 8.5, 7.375, 8.75], "texture": "#0"},
				"east": {"uv": [7.5, 8.5, 7.625, 8.75], "texture": "#0"},
				"south": {"uv": [7.375, 8.5, 7.625, 8.75], "texture": "#0"},
				"west": {"uv": [7.375, 8.5, 7.5, 8.75], "texture": "#0"},
				"up": {"uv": [7.375, 8.5, 7.625, 8.625], "texture": "#0"},
				"down": {"uv": [7.375, 8.625, 7.625, 8.75], "texture": "#0"}
			}
		},
		{
			"name": "soul_claws_10",
			"from": [7.125, 7.125, 7.375],
			"to": [7.625, 7.25, 7.5],
			"faces": {
				"north": {"uv": [7.125, 8.5, 6.625, 8.625], "texture": "#0"},
				"east": {"uv": [7, 8.5, 7.125, 8.625], "texture": "#0"},
				"south": {"uv": [6.625, 8.5, 7.125, 8.625], "texture": "#0"},
				"west": {"uv": [6.625, 8.5, 6.75, 8.625], "texture": "#0"},
				"up": {"uv": [6.625, 8.5, 7.125, 8.625], "texture": "#0"},
				"down": {"uv": [6.625, 8.5, 7.125, 8.625], "texture": "#0"}
			}
		},
		{
			"name": "soul_claws_9",
			"from": [5.75, 7.125, 7.375],
			"to": [5.875, 7.25, 7.5],
			"faces": {
				"north": {"uv": [5.375, 8.5, 5.25, 8.625], "texture": "#0"},
				"east": {"uv": [5.25, 8.5, 5.375, 8.625], "texture": "#0"},
				"south": {"uv": [5.25, 8.5, 5.375, 8.625], "texture": "#0"},
				"west": {"uv": [5.25, 8.5, 5.375, 8.625], "texture": "#0"},
				"up": {"uv": [5.25, 8.5, 5.375, 8.625], "texture": "#0"},
				"down": {"uv": [5.25, 8.5, 5.375, 8.625], "texture": "#0"}
			}
		},
		{
			"name": "soul_claws_8",
			"from": [6.875, 7.25, 7.375],
			"to": [8.625, 7.375, 7.5],
			"faces": {
				"north": {"uv": [8.125, 8.375, 6.375, 8.5], "texture": "#0"},
				"east": {"uv": [8, 8.375, 8.125, 8.5], "texture": "#0"},
				"south": {"uv": [6.375, 8.375, 8.125, 8.5], "texture": "#0"},
				"west": {"uv": [6.375, 8.375, 6.5, 8.5], "texture": "#0"},
				"up": {"uv": [6.375, 8.375, 8.125, 8.5], "texture": "#0"},
				"down": {"uv": [6.375, 8.375, 8.125, 8.5], "texture": "#0"}
			}
		},
		{
			"name": "soul_claws_7",
			"from": [6.25, 7.25, 7.375],
			"to": [6.5, 7.375, 7.5],
			"faces": {
				"north": {"uv": [6, 8.375, 5.75, 8.5], "texture": "#0"},
				"east": {"uv": [5.875, 8.375, 6, 8.5], "texture": "#0"},
				"south": {"uv": [5.75, 8.375, 6, 8.5], "texture": "#0"},
				"west": {"uv": [5.75, 8.375, 5.875, 8.5], "texture": "#0"},
				"up": {"uv": [5.75, 8.375, 6, 8.5], "texture": "#0"},
				"down": {"uv": [5.75, 8.375, 6, 8.5], "texture": "#0"}
			}
		},
		{
			"name": "soul_claws_6",
			"from": [5.5, 6.875, 7.375],
			"to": [5.625, 7.375, 7.5],
			"faces": {
				"north": {"uv": [5.125, 8.375, 5, 8.875], "texture": "#0"},
				"east": {"uv": [5, 8.375, 5.125, 8.875], "texture": "#0"},
				"south": {"uv": [5, 8.375, 5.125, 8.875], "texture": "#0"},
				"west": {"uv": [5, 8.375, 5.125, 8.875], "texture": "#0"},
				"up": {"uv": [5, 8.375, 5.125, 8.5], "texture": "#0"},
				"down": {"uv": [5, 8.75, 5.125, 8.875], "texture": "#0"}
			}
		},
		{
			"name": "soul_claws_4",
			"from": [5.625, 7, 7.375],
			"to": [5.75, 7.5, 7.5],
			"faces": {
				"north": {"uv": [5.25, 8.25, 5.125, 8.75], "texture": "#0"},
				"east": {"uv": [5.125, 8.25, 5.25, 8.75], "texture": "#0"},
				"south": {"uv": [5.125, 8.25, 5.25, 8.75], "texture": "#0"},
				"west": {"uv": [5.125, 8.25, 5.25, 8.75], "texture": "#0"},
				"up": {"uv": [5.125, 8.25, 5.25, 8.375], "texture": "#0"},
				"down": {"uv": [5.125, 8.625, 5.25, 8.75], "texture": "#0"}
			}
		},
		{
			"name": "soul_claws_2",
			"from": [5.75, 7.25, 7.375],
			"to": [6.25, 7.625, 7.5],
			"faces": {
				"north": {"uv": [5.75, 8.125, 5.25, 8.5], "texture": "#0"},
				"east": {"uv": [5.625, 8.125, 5.75, 8.5], "texture": "#0"},
				"south": {"uv": [5.25, 8.125, 5.75, 8.5], "texture": "#0"},
				"west": {"uv": [5.25, 8.125, 5.375, 8.5], "texture": "#0"},
				"up": {"uv": [5.25, 8.125, 5.75, 8.25], "texture": "#0"},
				"down": {"uv": [5.25, 8.375, 5.75, 8.5], "texture": "#0"}
			}
		},
		{
			"name": "soul_claws_1",
			"from": [6.25, 7.375, 7.375],
			"to": [8.625, 7.75, 7.5],
			"faces": {
				"north": {"uv": [8.125, 8, 5.75, 8.375], "texture": "#0"},
				"east": {"uv": [8, 8, 8.125, 8.375], "texture": "#0"},
				"south": {"uv": [5.75, 8, 8.125, 8.375], "texture": "#0"},
				"west": {"uv": [5.75, 8, 5.875, 8.375], "texture": "#0"},
				"up": {"uv": [5.75, 8, 8.125, 8.125], "texture": "#0"},
				"down": {"uv": [5.75, 8.25, 8.125, 8.375], "texture": "#0"}
			}
		},
		{
			"name": "soul_claws_2",
			"from": [5.75, 7.25, 7.75],
			"to": [6.25, 7.625, 7.875],
			"faces": {
				"north": {"uv": [5.75, 8.125, 5.25, 8.5], "texture": "#0"},
				"east": {"uv": [5.625, 8.125, 5.75, 8.5], "texture": "#0"},
				"south": {"uv": [5.25, 8.125, 5.75, 8.5], "texture": "#0"},
				"west": {"uv": [5.25, 8.125, 5.375, 8.5], "texture": "#0"},
				"up": {"uv": [5.25, 8.125, 5.75, 8.25], "texture": "#0"},
				"down": {"uv": [5.25, 8.375, 5.75, 8.5], "texture": "#0"}
			}
		},
		{
			"name": "soul_claws_3",
			"from": [8.625, 7.25, 7.75],
			"to": [8.875, 7.625, 7.875],
			"faces": {
				"north": {"uv": [8.375, 8.125, 8.125, 8.5], "texture": "#0"},
				"east": {"uv": [8.25, 8.125, 8.375, 8.5], "texture": "#0"},
				"south": {"uv": [8.125, 8.125, 8.375, 8.5], "texture": "#0"},
				"west": {"uv": [8.125, 8.125, 8.25, 8.5], "texture": "#0"},
				"up": {"uv": [8.125, 8.125, 8.375, 8.25], "texture": "#0"},
				"down": {"uv": [8.125, 8.375, 8.375, 8.5], "texture": "#0"}
			}
		},
		{
			"name": "soul_claws_4",
			"from": [5.625, 7, 7.75],
			"to": [5.75, 7.5, 7.875],
			"faces": {
				"north": {"uv": [5.25, 8.25, 5.125, 8.75], "texture": "#0"},
				"east": {"uv": [5.125, 8.25, 5.25, 8.75], "texture": "#0"},
				"south": {"uv": [5.125, 8.25, 5.25, 8.75], "texture": "#0"},
				"west": {"uv": [5.125, 8.25, 5.25, 8.75], "texture": "#0"},
				"up": {"uv": [5.125, 8.25, 5.25, 8.375], "texture": "#0"},
				"down": {"uv": [5.125, 8.625, 5.25, 8.75], "texture": "#0"}
			}
		},
		{
			"name": "soul_claws_5",
			"from": [8.875, 7.25, 7.75],
			"to": [9, 7.5, 7.875],
			"faces": {
				"north": {"uv": [8.5, 8.25, 8.375, 8.5], "texture": "#0"},
				"east": {"uv": [8.375, 8.25, 8.5, 8.5], "texture": "#0"},
				"south": {"uv": [8.375, 8.25, 8.5, 8.5], "texture": "#0"},
				"west": {"uv": [8.375, 8.25, 8.5, 8.5], "texture": "#0"},
				"up": {"uv": [8.375, 8.25, 8.5, 8.375], "texture": "#0"},
				"down": {"uv": [8.375, 8.375, 8.5, 8.5], "texture": "#0"}
			}
		},
		{
			"name": "soul_claws_6",
			"from": [5.5, 6.875, 7.75],
			"to": [5.625, 7.375, 7.875],
			"faces": {
				"north": {"uv": [5.125, 8.375, 5, 8.875], "texture": "#0"},
				"east": {"uv": [5, 8.375, 5.125, 8.875], "texture": "#0"},
				"south": {"uv": [5, 8.375, 5.125, 8.875], "texture": "#0"},
				"west": {"uv": [5, 8.375, 5.125, 8.875], "texture": "#0"},
				"up": {"uv": [5, 8.375, 5.125, 8.5], "texture": "#0"},
				"down": {"uv": [5, 8.75, 5.125, 8.875], "texture": "#0"}
			}
		},
		{
			"name": "soul_claws_7",
			"from": [6.25, 7.25, 7.75],
			"to": [6.5, 7.375, 7.875],
			"faces": {
				"north": {"uv": [6, 8.375, 5.75, 8.5], "texture": "#0"},
				"east": {"uv": [5.875, 8.375, 6, 8.5], "texture": "#0"},
				"south": {"uv": [5.75, 8.375, 6, 8.5], "texture": "#0"},
				"west": {"uv": [5.75, 8.375, 5.875, 8.5], "texture": "#0"},
				"up": {"uv": [5.75, 8.375, 6, 8.5], "texture": "#0"},
				"down": {"uv": [5.75, 8.375, 6, 8.5], "texture": "#0"}
			}
		},
		{
			"name": "soul_claws_8",
			"from": [6.875, 7.25, 7.75],
			"to": [8.625, 7.375, 7.875],
			"faces": {
				"north": {"uv": [8.125, 8.375, 6.375, 8.5], "texture": "#0"},
				"east": {"uv": [8, 8.375, 8.125, 8.5], "texture": "#0"},
				"south": {"uv": [6.375, 8.375, 8.125, 8.5], "texture": "#0"},
				"west": {"uv": [6.375, 8.375, 6.5, 8.5], "texture": "#0"},
				"up": {"uv": [6.375, 8.375, 8.125, 8.5], "texture": "#0"},
				"down": {"uv": [6.375, 8.375, 8.125, 8.5], "texture": "#0"}
			}
		},
		{
			"name": "soul_claws_9",
			"from": [5.75, 7.125, 7.75],
			"to": [5.875, 7.25, 7.875],
			"faces": {
				"north": {"uv": [5.375, 8.5, 5.25, 8.625], "texture": "#0"},
				"east": {"uv": [5.25, 8.5, 5.375, 8.625], "texture": "#0"},
				"south": {"uv": [5.25, 8.5, 5.375, 8.625], "texture": "#0"},
				"west": {"uv": [5.25, 8.5, 5.375, 8.625], "texture": "#0"},
				"up": {"uv": [5.25, 8.5, 5.375, 8.625], "texture": "#0"},
				"down": {"uv": [5.25, 8.5, 5.375, 8.625], "texture": "#0"}
			}
		},
		{
			"name": "soul_claws_10",
			"from": [7.125, 7.125, 7.75],
			"to": [7.625, 7.25, 7.875],
			"faces": {
				"north": {"uv": [7.125, 8.5, 6.625, 8.625], "texture": "#0"},
				"east": {"uv": [7, 8.5, 7.125, 8.625], "texture": "#0"},
				"south": {"uv": [6.625, 8.5, 7.125, 8.625], "texture": "#0"},
				"west": {"uv": [6.625, 8.5, 6.75, 8.625], "texture": "#0"},
				"up": {"uv": [6.625, 8.5, 7.125, 8.625], "texture": "#0"},
				"down": {"uv": [6.625, 8.5, 7.125, 8.625], "texture": "#0"}
			}
		},
		{
			"name": "soul_claws_11",
			"from": [7.875, 7, 7.75],
			"to": [8.125, 7.25, 7.875],
			"faces": {
				"north": {"uv": [7.625, 8.5, 7.375, 8.75], "texture": "#0"},
				"east": {"uv": [7.5, 8.5, 7.625, 8.75], "texture": "#0"},
				"south": {"uv": [7.375, 8.5, 7.625, 8.75], "texture": "#0"},
				"west": {"uv": [7.375, 8.5, 7.5, 8.75], "texture": "#0"},
				"up": {"uv": [7.375, 8.5, 7.625, 8.625], "texture": "#0"},
				"down": {"uv": [7.375, 8.625, 7.625, 8.75], "texture": "#0"}
			}
		},
		{
			"name": "soul_claws_12",
			"from": [8.125, 7, 6.65],
			"to": [9.25, 7.25, 6.875],
			"faces": {
				"north": {"uv": [10.25, 8.5, 9.125, 8.75], "texture": "#0"},
				"east": {"uv": [10.125, 8.5, 10.25, 8.75], "texture": "#0"},
				"south": {"uv": [9.125, 8.5, 10.25, 8.75], "texture": "#0"},
				"west": {"uv": [9.125, 8.5, 9.25, 8.75], "texture": "#0"},
				"up": {"uv": [9.125, 8.5, 10.25, 8.625], "texture": "#0"},
				"down": {"uv": [9.125, 8.625, 10.25, 8.75], "texture": "#0"}
			}
		},
		{
			"name": "soul_claws_15",
			"from": [8.375, 6.5, 8],
			"to": [8.625, 7, 8.225],
			"faces": {
				"north": {"uv": [9.625, 8.75, 9.375, 9.25], "texture": "#0"},
				"east": {"uv": [9.5, 8.75, 9.625, 9.25], "texture": "#0"},
				"south": {"uv": [9.375, 8.75, 9.625, 9.25], "texture": "#0"},
				"west": {"uv": [9.375, 8.75, 9.5, 9.25], "texture": "#0"},
				"up": {"uv": [9.375, 8.75, 9.625, 8.875], "texture": "#0"},
				"down": {"uv": [9.375, 9.125, 9.625, 9.25], "texture": "#0"}
			}
		},
		{
			"name": "soul_claws_12",
			"from": [8.125, 7, 8],
			"to": [9.25, 7.25, 8.225],
			"faces": {
				"north": {"uv": [10.25, 8.5, 9.125, 8.75], "texture": "#0"},
				"east": {"uv": [10.125, 8.5, 10.25, 8.75], "texture": "#0"},
				"south": {"uv": [9.125, 8.5, 10.25, 8.75], "texture": "#0"},
				"west": {"uv": [9.125, 8.5, 9.25, 8.75], "texture": "#0"},
				"up": {"uv": [9.125, 8.5, 10.25, 8.625], "texture": "#0"},
				"down": {"uv": [9.125, 8.625, 10.25, 8.75], "texture": "#0"}
			}
		},
		{
			"name": "soul_claws_13",
			"from": [7.25, 6.875, 7.75],
			"to": [7.5, 7.125, 7.875],
			"faces": {
				"north": {"uv": [7, 8.625, 6.75, 8.875], "texture": "#0"},
				"east": {"uv": [6.875, 8.625, 7, 8.875], "texture": "#0"},
				"south": {"uv": [6.75, 8.625, 7, 8.875], "texture": "#0"},
				"west": {"uv": [6.75, 8.625, 6.875, 8.875], "texture": "#0"},
				"up": {"uv": [6.75, 8.625, 7, 8.75], "texture": "#0"},
				"down": {"uv": [6.75, 8.75, 7, 8.875], "texture": "#0"}
			}
		},
		{
			"name": "soul_claws_14",
			"from": [8, 6.875, 7.75],
			"to": [8.125, 7, 7.875],
			"faces": {
				"north": {"uv": [7.625, 8.75, 7.5, 8.875], "texture": "#0"},
				"east": {"uv": [7.5, 8.75, 7.625, 8.875], "texture": "#0"},
				"south": {"uv": [7.5, 8.75, 7.625, 8.875], "texture": "#0"},
				"west": {"uv": [7.5, 8.75, 7.625, 8.875], "texture": "#0"},
				"up": {"uv": [7.5, 8.75, 7.625, 8.875], "texture": "#0"},
				"down": {"uv": [7.5, 8.75, 7.625, 8.875], "texture": "#0"}
			}
		},
		{
			"name": "soul_claws_15",
			"from": [8.375, 6.5, 6.65],
			"to": [8.625, 7, 6.875],
			"faces": {
				"north": {"uv": [9.625, 8.75, 9.375, 9.25], "texture": "#0"},
				"east": {"uv": [9.5, 8.75, 9.625, 9.25], "texture": "#0"},
				"south": {"uv": [9.375, 8.75, 9.625, 9.25], "texture": "#0"},
				"west": {"uv": [9.375, 8.75, 9.5, 9.25], "texture": "#0"},
				"up": {"uv": [9.375, 8.75, 9.625, 8.875], "texture": "#0"},
				"down": {"uv": [9.375, 9.125, 9.625, 9.25], "texture": "#0"}
			}
		},
		{
			"name": "soul_claws_16",
			"from": [7.375, 6.75, 7.75],
			"to": [7.625, 6.875, 7.875],
			"faces": {
				"north": {"uv": [7.125, 8.875, 6.875, 9], "texture": "#0"},
				"east": {"uv": [7, 8.875, 7.125, 9], "texture": "#0"},
				"south": {"uv": [6.875, 8.875, 7.125, 9], "texture": "#0"},
				"west": {"uv": [6.875, 8.875, 7, 9], "texture": "#0"},
				"up": {"uv": [6.875, 8.875, 7.125, 9], "texture": "#0"},
				"down": {"uv": [6.875, 8.875, 7.125, 9], "texture": "#0"}
			}
		}
	],
	"gui_light": "front",
	"display": {
		"thirdperson_righthand": {
			"rotation": [-90.93, 2.91, -89.59],
			"translation": [4.75, -0.5, -0.5],
			"scale": [3.25, 3.25, 3]
		},
		"thirdperson_lefthand": {
			"rotation": [90, 1.04, -92.63],
			"translation": [4.75, -3.5, -0.75],
			"scale": [3.25, 3.25, 3]
		},
		"firstperson_righthand": {
			"rotation": [-43, -48.25, -83],
			"translation": [-0.5, 6.5, 5.5],
			"scale": [2, 2, 1.75]
		},
		"firstperson_lefthand": {
			"rotation": [148.17, 48.6, -93.73],
			"translation": [0.25, 5.25, 5],
			"scale": [2, 2, 1.75]
		},
		"ground": {
			"translation": [0, 11.5, 0],
			"scale": [3, 3, 2.5]
		},
		"gui": {
			"rotation": [180, -35.5, 138],
			"translation": [-3.5, 0.75, 0],
			"scale": [4, 4, 4]
		},
		"fixed": {
			"rotation": [-180, 0, 138],
			"translation": [-2.25, 3.75, -3],
			"scale": [4, 4, 3]
		}
	},
	"groups": [
		{
			"name": "soul_claws",
			"origin": [8, 8, 8],
			"color": 0,
			"children": [
				0,
				1,
				2,
				3,
				4,
				5,
				6,
				7,
				8,
				9,
				10,
				11,
				12,
				13,
				14,
				15,
				16,
				17,
				18,
				19,
				20,
				21,
				22,
				23,
				24,
				25,
				26,
				27,
				28,
				29,
				30,
				31,
				32,
				33,
				34,
				35,
				36,
				37,
				38,
				39,
				40,
				41,
				42,
				43,
				44,
				45,
				46
			]
		}
	]
}