{
	"credit": "Made with Blockbench",
	"textures": {
		"0": "prominent:item/transmog/souledgev2",
		"particle": "prominent:item/transmog/souledgev2"
	},
	"elements": [
		{
			"from": [8, 2.5, 8.12],
			"to": [9, 5.25, 8.62],
			"faces": {
				"north": {"uv": [7.875, 13.25, 8.375, 14.625], "texture": "#0"},
				"east": {"uv": [7.875, 13.25, 8, 14.625], "texture": "#0"},
				"south": {"uv": [7.875, 13.25, 8.375, 14.625], "texture": "#0"},
				"west": {"uv": [8.25, 13.25, 8.375, 14.625], "texture": "#0"},
				"up": {"uv": [8.25, 13.25, 8.375, 13.375], "texture": "#0"},
				"down": {"uv": [8.25, 14.625, 8.375, 14.75], "texture": "#0"}
			}
		},
		{
			"from": [8.25, 5.25, 8.12],
			"to": [9, 5.75, 8.62],
			"faces": {
				"north": {"uv": [7.875, 13, 8.25, 13.25], "texture": "#0"},
				"east": {"uv": [7.875, 13, 8, 13.25], "texture": "#0"},
				"south": {"uv": [8.25, 13, 7.875, 13.25], "texture": "#0"},
				"west": {"uv": [8.125, 13, 8.25, 13.25], "texture": "#0"},
				"up": {"uv": [0, 0, 1, 1], "texture": "#missing"},
				"down": {"uv": [0, 0, 1, 1], "texture": "#missing"}
			}
		},
		{
			"from": [8.25, 5.75, 8.12],
			"to": [9.25, 8.75, 8.62],
			"faces": {
				"north": {"uv": [7.75, 11.5, 8.25, 13], "texture": "#0"},
				"east": {"uv": [7.75, 11.5, 7.875, 13], "texture": "#0"},
				"south": {"uv": [8.25, 11.5, 7.75, 13], "texture": "#0"},
				"west": {"uv": [8.125, 11.5, 8.25, 13], "texture": "#0"},
				"up": {"uv": [0, 0, 1, 1], "texture": "#missing"},
				"down": {"uv": [8.125, 12.875, 8.25, 13], "texture": "#0"}
			}
		},
		{
			"from": [8, 8.75, 8],
			"to": [9.75, 9.25, 8.75],
			"faces": {
				"north": {"uv": [7.5, 11.25, 8.375, 11.5], "texture": "#0"},
				"east": {"uv": [7.625, 11.25, 8.375, 11.5], "texture": "#0"},
				"south": {"uv": [8.375, 11.25, 7.5, 11.5], "texture": "#0"},
				"west": {"uv": [8.25, 11.25, 8.375, 11.5], "texture": "#0"},
				"up": {"uv": [8.375, 11.25, 7.5, 11.375], "texture": "#0"},
				"down": {"uv": [7.625, 11.375, 7.75, 11.5], "texture": "#0"}
			}
		},
		{
			"from": [7.75, 2, 8],
			"to": [9.25, 2.5, 8.75],
			"faces": {
				"north": {"uv": [7.75, 14.625, 8.5, 14.875], "texture": "#0"},
				"east": {"uv": [7.75, 14.625, 7.875, 14.875], "texture": "#0"},
				"south": {"uv": [8.5, 14.625, 7.75, 14.875], "texture": "#0"},
				"west": {"uv": [8.375, 14.625, 8.5, 14.875], "texture": "#0"},
				"up": {"uv": [8.5, 14.625, 7.75, 14.75], "texture": "#0"},
				"down": {"uv": [8.5, 14.75, 7.75, 14.875], "texture": "#0"}
			}
		},
		{
			"from": [9.75, 9, 8],
			"to": [10, 9.25, 8.75],
			"faces": {
				"north": {"uv": [7.375, 11.25, 7.5, 11.375], "texture": "#0"},
				"east": {"uv": [7.375, 11.25, 7.5, 11.375], "texture": "#0"},
				"south": {"uv": [7.375, 11.25, 7.5, 11.375], "texture": "#0"},
				"west": {"uv": [7.375, 11.25, 7.5, 11.375], "texture": "#0"},
				"up": {"uv": [7.375, 11.25, 7.5, 11.375], "texture": "#0"},
				"down": {"uv": [7.375, 11.25, 7.5, 11.375], "texture": "#0"}
			}
		},
		{
			"from": [9.25, 8.25, 8],
			"to": [9.5, 8.75, 8.75],
			"faces": {
				"north": {"uv": [7.625, 11.5, 7.75, 11.75], "texture": "#0"},
				"east": {"uv": [7.625, 11.5, 7.75, 11.75], "texture": "#0"},
				"south": {"uv": [7.625, 11.5, 7.75, 11.75], "texture": "#0"},
				"west": {"uv": [7.625, 11.5, 7.75, 11.75], "texture": "#0"},
				"up": {"uv": [7.375, 11.25, 7.5, 11.375], "texture": "#0"},
				"down": {"uv": [7.625, 11.625, 7.75, 11.75], "texture": "#0"}
			}
		},
		{
			"from": [9.25, 2.25, 8],
			"to": [9.5, 2.5, 8.75],
			"faces": {
				"north": {"uv": [7.625, 14.625, 7.75, 14.75], "texture": "#0"},
				"east": {"uv": [7.625, 14.625, 7.75, 14.75], "texture": "#0"},
				"south": {"uv": [7.625, 14.625, 7.75, 14.75], "texture": "#0"},
				"west": {"uv": [7.625, 14.625, 7.75, 14.75], "texture": "#0"},
				"up": {"uv": [7.625, 14.625, 7.75, 14.75], "texture": "#0"},
				"down": {"uv": [7.625, 14.625, 7.75, 14.75], "texture": "#0"}
			}
		},
		{
			"from": [7.5, 2.25, 8],
			"to": [7.75, 2.5, 8.75],
			"faces": {
				"north": {"uv": [8.5, 14.625, 8.625, 14.75], "texture": "#0"},
				"east": {"uv": [7.625, 14.625, 7.75, 14.75], "texture": "#0"},
				"south": {"uv": [8.5, 14.625, 8.625, 14.75], "texture": "#0"},
				"west": {"uv": [8.5, 14.625, 8.625, 14.75], "texture": "#0"},
				"up": {"uv": [8.5, 14.625, 8.625, 14.75], "texture": "#0"},
				"down": {"uv": [8.5, 14.625, 8.625, 14.75], "texture": "#0"}
			}
		},
		{
			"from": [8.25, 1, 8],
			"to": [8.5, 1.5, 8.75],
			"faces": {
				"north": {"uv": [8.125, 15.125, 8.25, 15.375], "texture": "#0"},
				"east": {"uv": [8.125, 15.125, 8.25, 15.375], "texture": "#0"},
				"south": {"uv": [8.125, 15.125, 8.25, 15.375], "texture": "#0"},
				"west": {"uv": [8.125, 15.125, 8.25, 15.375], "texture": "#0"},
				"up": {"uv": [8.5, 14.625, 8.625, 14.75], "texture": "#0"},
				"down": {"uv": [8.5, 14.625, 8.625, 14.75], "texture": "#0"}
			}
		},
		{
			"from": [8, 1.75, 8],
			"to": [8.75, 2, 8.75],
			"faces": {
				"north": {"uv": [8, 14.875, 8.375, 15], "texture": "#0"},
				"east": {"uv": [8, 14.875, 8.125, 15], "texture": "#0"},
				"south": {"uv": [8.375, 14.875, 8, 15], "texture": "#0"},
				"west": {"uv": [8.5, 14.625, 8.625, 14.75], "texture": "#0"},
				"up": {"uv": [8.5, 14.625, 8.625, 14.75], "texture": "#0"},
				"down": {"uv": [8, 14.875, 8.125, 15], "texture": "#0"}
			}
		},
		{
			"from": [7.999, 2.5, 8],
			"to": [8.999, 2.75, 8.75],
			"faces": {
				"north": {"uv": [7.875, 14.5, 8.375, 14.625], "texture": "#0"},
				"east": {"uv": [7.875, 14.5, 8, 14.625], "texture": "#0"},
				"south": {"uv": [8.375, 14.5, 7.875, 14.625], "texture": "#0"},
				"west": {"uv": [8.5, 14.625, 8.625, 14.75], "texture": "#0"},
				"up": {"uv": [8.375, 14.5, 7.875, 14.625], "texture": "#0"},
				"down": {"uv": [8, 14.875, 8.125, 15], "texture": "#0"}
			}
		},
		{
			"from": [7.999, 2.75, 8],
			"to": [8.749, 3, 8.75],
			"faces": {
				"north": {"uv": [8, 14.375, 8.375, 14.5], "texture": "#0"},
				"east": {"uv": [7.875, 14.5, 8, 14.625], "texture": "#0"},
				"south": {"uv": [8.375, 14.375, 8, 14.5], "texture": "#0"},
				"west": {"uv": [8.25, 14.375, 8.375, 14.5], "texture": "#0"},
				"up": {"uv": [8, 14.5, 7.875, 14.625], "texture": "#0"},
				"down": {"uv": [8, 14.875, 8.125, 15], "texture": "#0"}
			}
		},
		{
			"from": [7.999, 3, 8],
			"to": [8.499, 3.25, 8.75],
			"faces": {
				"north": {"uv": [8.125, 14.25, 8.375, 14.375], "texture": "#0"},
				"east": {"uv": [7.875, 14.5, 8, 14.625], "texture": "#0"},
				"south": {"uv": [8.375, 14.25, 8.125, 14.375], "texture": "#0"},
				"west": {"uv": [8.25, 14.25, 8.375, 14.375], "texture": "#0"},
				"up": {"uv": [8, 14.5, 7.875, 14.625], "texture": "#0"},
				"down": {"uv": [8, 14.875, 8.125, 15], "texture": "#0"}
			}
		},
		{
			"from": [7.999, 3.25, 8],
			"to": [8.249, 4, 8.75],
			"faces": {
				"north": {"uv": [8.25, 13.875, 8.375, 14.25], "texture": "#0"},
				"east": {"uv": [8.25, 13.875, 8.375, 14.25], "texture": "#0"},
				"south": {"uv": [8.25, 13.875, 8.375, 14.25], "texture": "#0"},
				"west": {"uv": [8.25, 13.875, 8.375, 14.25], "texture": "#0"},
				"up": {"uv": [8.5, 14.625, 8.625, 14.75], "texture": "#0"},
				"down": {"uv": [8, 14.875, 8.125, 15], "texture": "#0"}
			}
		},
		{
			"from": [8.249, 4, 8],
			"to": [8.499, 4.5, 8.75],
			"faces": {
				"north": {"uv": [8.125, 13.625, 8.25, 13.875], "texture": "#0"},
				"east": {"uv": [8.125, 13.625, 8.25, 13.875], "texture": "#0"},
				"south": {"uv": [8.125, 13.625, 8.25, 13.875], "texture": "#0"},
				"west": {"uv": [8.125, 13.625, 8.25, 13.875], "texture": "#0"},
				"up": {"uv": [8.5, 14.625, 8.625, 14.75], "texture": "#0"},
				"down": {"uv": [8.125, 13.75, 8.25, 13.875], "texture": "#0"}
			}
		},
		{
			"from": [8.499, 3.25, 8],
			"to": [8.749, 3.75, 8.75],
			"faces": {
				"north": {"uv": [8, 14, 8.125, 14.25], "texture": "#0"},
				"east": {"uv": [8, 14, 8.125, 14.25], "texture": "#0"},
				"south": {"uv": [8.125, 13.625, 8.25, 13.875], "texture": "#0"},
				"west": {"uv": [8, 14, 8.125, 14.25], "texture": "#0"},
				"up": {"uv": [8, 13.625, 8.125, 13.75], "texture": "#0"},
				"down": {"uv": [7.875, 14, 8, 14.125], "texture": "#0"}
			}
		},
		{
			"from": [8.499, 4.25, 8],
			"to": [8.749, 4.5, 8.75],
			"faces": {
				"north": {"uv": [8, 13.625, 8.125, 13.75], "texture": "#0"},
				"east": {"uv": [8, 13.625, 8.125, 13.75], "texture": "#0"},
				"south": {"uv": [8, 13.625, 8.125, 13.75], "texture": "#0"},
				"west": {"uv": [8, 13.625, 8.125, 13.75], "texture": "#0"},
				"up": {"uv": [8, 13.625, 8.125, 13.75], "texture": "#0"},
				"down": {"uv": [8, 13.625, 8.125, 13.75], "texture": "#0"}
			}
		},
		{
			"from": [8.749, 4, 8],
			"to": [8.999, 4.25, 8.75],
			"faces": {
				"north": {"uv": [7.875, 13.75, 8, 13.875], "texture": "#0"},
				"east": {"uv": [7.875, 13.75, 8, 13.875], "texture": "#0"},
				"south": {"uv": [7.875, 13.75, 8, 13.875], "texture": "#0"},
				"west": {"uv": [7.875, 13.75, 8, 13.875], "texture": "#0"},
				"up": {"uv": [7.875, 13.75, 8, 13.875], "texture": "#0"},
				"down": {"uv": [7.875, 13.75, 8, 13.875], "texture": "#0"}
			}
		},
		{
			"from": [8.749, 3.5, 8],
			"to": [8.999, 3.75, 8.75],
			"faces": {
				"north": {"uv": [7.875, 14, 8, 14.125], "texture": "#0"},
				"east": {"uv": [7.875, 14, 8, 14.125], "texture": "#0"},
				"south": {"uv": [7.875, 14, 8, 14.125], "texture": "#0"},
				"west": {"uv": [7.875, 14, 8, 14.125], "texture": "#0"},
				"up": {"uv": [7.875, 14, 8, 14.125], "texture": "#0"},
				"down": {"uv": [7.875, 14, 8, 14.125], "texture": "#0"}
			}
		},
		{
			"from": [8, 1.5, 8],
			"to": [8.5, 1.75, 8.75],
			"faces": {
				"north": {"uv": [8.125, 15, 8.375, 15.125], "texture": "#0"},
				"east": {"uv": [8, 14.875, 8.125, 15], "texture": "#0"},
				"south": {"uv": [8.375, 15, 8.125, 15.125], "texture": "#0"},
				"west": {"uv": [8.5, 14.625, 8.625, 14.75], "texture": "#0"},
				"up": {"uv": [8.5, 14.625, 8.625, 14.75], "texture": "#0"},
				"down": {"uv": [8.5, 14.625, 8.625, 14.75], "texture": "#0"}
			}
		},
		{
			"from": [8.2499, 8, 8],
			"to": [8.4999, 8.75, 8.75],
			"faces": {
				"north": {"uv": [8.125, 11.5, 8.25, 11.875], "texture": "#0"},
				"east": {"uv": [7.625, 11.5, 7.75, 11.75], "texture": "#0"},
				"south": {"uv": [8.125, 11.5, 8.25, 11.875], "texture": "#0"},
				"west": {"uv": [7.625, 11.5, 7.75, 11.75], "texture": "#0"},
				"up": {"uv": [7.375, 11.25, 7.5, 11.375], "texture": "#0"},
				"down": {"uv": [7.625, 11.625, 7.75, 11.75], "texture": "#0"}
			}
		},
		{
			"from": [9.25, 9.25, 8],
			"to": [9.75, 10, 8.75],
			"faces": {
				"north": {"uv": [7.5, 10.875, 7.75, 11.25], "texture": "#0"},
				"east": {"uv": [7.5, 10.875, 7.625, 11.25], "texture": "#0"},
				"south": {"uv": [7.75, 10.875, 7.5, 11.25], "texture": "#0"},
				"west": {"uv": [7.625, 10.875, 7.75, 11.25], "texture": "#0"},
				"up": {"uv": [7.375, 11.25, 7.5, 11.375], "texture": "#0"},
				"down": {"uv": [7.375, 11.25, 7.5, 11.375], "texture": "#0"}
			}
		},
		{
			"from": [9.25, 10, 8],
			"to": [9.5, 10.5, 8.75],
			"faces": {
				"north": {"uv": [7.625, 10.625, 7.75, 10.875], "texture": "#0"},
				"east": {"uv": [7.625, 10.625, 7.75, 10.875], "texture": "#0"},
				"south": {"uv": [7.625, 10.625, 7.75, 10.875], "texture": "#0"},
				"west": {"uv": [7.375, 11.25, 7.5, 11.375], "texture": "#0"},
				"up": {"uv": [7.375, 11.25, 7.5, 11.375], "texture": "#0"},
				"down": {"uv": [7.375, 11.25, 7.5, 11.375], "texture": "#0"}
			}
		},
		{
			"from": [8.25, 10, 8],
			"to": [8.5, 10.25, 8.75],
			"faces": {
				"north": {"uv": [8.125, 10.75, 8.25, 10.875], "texture": "#0"},
				"east": {"uv": [7.625, 10.625, 7.75, 10.875], "texture": "#0"},
				"south": {"uv": [8.125, 10.75, 8.25, 10.875], "texture": "#0"},
				"west": {"uv": [8.125, 10.75, 8.25, 10.875], "texture": "#0"},
				"up": {"uv": [8.125, 10.75, 8.25, 10.875], "texture": "#0"},
				"down": {"uv": [8.125, 10.75, 8.25, 10.875], "texture": "#0"}
			}
		},
		{
			"from": [8.75, 9.75, 8],
			"to": [9, 10, 8.75],
			"faces": {
				"north": {"uv": [7.875, 10.875, 8, 11], "texture": "#0"},
				"east": {"uv": [7.875, 10.875, 8, 11], "texture": "#0"},
				"south": {"uv": [7.875, 10.875, 8, 11], "texture": "#0"},
				"west": {"uv": [7.375, 11.25, 7.5, 11.375], "texture": "#0"},
				"up": {"uv": [7.875, 10.875, 8, 11], "texture": "#0"},
				"down": {"uv": [7.875, 10.875, 8, 11], "texture": "#0"}
			}
		},
		{
			"from": [8.75, 10.25, 8],
			"to": [9, 11, 8.75],
			"faces": {
				"north": {"uv": [7.875, 10.375, 8, 10.75], "texture": "#0"},
				"east": {"uv": [7.875, 10.375, 8, 10.75], "texture": "#0"},
				"south": {"uv": [7.875, 10.375, 8, 10.75], "texture": "#0"},
				"west": {"uv": [7.375, 11.25, 7.5, 11.375], "texture": "#0"},
				"up": {"uv": [7.875, 10.375, 8, 10.5], "texture": "#0"},
				"down": {"uv": [7.375, 11.25, 7.5, 11.375], "texture": "#0"}
			}
		},
		{
			"from": [8.5, 9.25, 8],
			"to": [8.75, 11.5, 8.75],
			"faces": {
				"north": {"uv": [8, 10.125, 8.125, 11.25], "texture": "#0"},
				"east": {"uv": [8, 10.125, 8.125, 11.25], "texture": "#0"},
				"south": {"uv": [8, 10.125, 8.125, 11.25], "texture": "#0"},
				"west": {"uv": [8, 10.125, 8.125, 11.25], "texture": "#0"},
				"up": {"uv": [8, 10.125, 8.125, 10.25], "texture": "#0"},
				"down": {"uv": [7.375, 11.25, 7.5, 11.375], "texture": "#0"}
			}
		},
		{
			"from": [8.25, 11, 8],
			"to": [8.5, 12.25, 8.75],
			"faces": {
				"north": {"uv": [8.125, 9.75, 8.25, 10.375], "texture": "#0"},
				"east": {"uv": [8.125, 9.75, 8.25, 10.375], "texture": "#0"},
				"south": {"uv": [8.125, 9.75, 8.25, 10.375], "texture": "#0"},
				"west": {"uv": [8.125, 9.75, 8.25, 10.375], "texture": "#0"},
				"up": {"uv": [8.125, 9.75, 8.25, 9.875], "texture": "#0"},
				"down": {"uv": [8.125, 9.75, 8.25, 9.875], "texture": "#0"}
			}
		},
		{
			"from": [8, 11.25, 8],
			"to": [8.25, 11.75, 8.25],
			"faces": {
				"north": {"uv": [8.25, 10, 8.375, 10.25], "texture": "#0"},
				"east": {"uv": [8.25, 10, 8.375, 10.125], "texture": "#0"},
				"south": {"uv": [8.25, 10, 8.375, 10.25], "texture": "#0"},
				"west": {"uv": [8.25, 10, 8.375, 10.25], "texture": "#0"},
				"up": {"uv": [8.25, 10, 8.375, 10.125], "texture": "#0"},
				"down": {"uv": [8, 9.625, 8.125, 9.75], "texture": "#0"}
			}
		},
		{
			"from": [8, 9.75, 8],
			"to": [8.25, 10.5, 8.25],
			"faces": {
				"north": {"uv": [8.25, 10.625, 8.375, 11], "texture": "#0"},
				"east": {"uv": [8.25, 10.625, 8.375, 11], "texture": "#0"},
				"south": {"uv": [8.25, 10.625, 8.375, 11], "texture": "#0"},
				"west": {"uv": [8.25, 10.625, 8.375, 11], "texture": "#0"},
				"up": {"uv": [8.25, 10.875, 8.375, 11], "texture": "#0"},
				"down": {"uv": [8.25, 10.875, 8.375, 11], "texture": "#0"}
			}
		},
		{
			"from": [7.75, 9.25, 8],
			"to": [8, 10, 8.25],
			"faces": {
				"north": {"uv": [8.375, 10.875, 8.5, 11.25], "texture": "#0"},
				"east": {"uv": [8.375, 10.875, 8.5, 11.25], "texture": "#0"},
				"south": {"uv": [8.375, 10.875, 8.5, 11.25], "texture": "#0"},
				"west": {"uv": [8.375, 10.875, 8.5, 11.25], "texture": "#0"},
				"up": {"uv": [8.375, 10.625, 8.5, 10.75], "texture": "#0"},
				"down": {"uv": [8.25, 10.875, 8.375, 11], "texture": "#0"}
			}
		},
		{
			"from": [7.75, 11.5, 8],
			"to": [8, 11.75, 8.25],
			"faces": {
				"north": {"uv": [8.375, 10, 8.5, 10.125], "texture": "#0"},
				"east": {"uv": [8.25, 10, 8.375, 10.125], "texture": "#0"},
				"south": {"uv": [8.375, 10, 8.5, 10.125], "texture": "#0"},
				"west": {"uv": [8.375, 10, 8.5, 10.125], "texture": "#0"},
				"up": {"uv": [8.375, 10, 8.5, 10.125], "texture": "#0"},
				"down": {"uv": [8.375, 10, 8.5, 10.125], "texture": "#0"}
			}
		},
		{
			"from": [7.75, 10.25, 8],
			"to": [8, 10.5, 8.25],
			"faces": {
				"north": {"uv": [8.375, 10.625, 8.5, 10.75], "texture": "#0"},
				"east": {"uv": [8.25, 10, 8.375, 10.125], "texture": "#0"},
				"south": {"uv": [8.375, 10.625, 8.5, 10.75], "texture": "#0"},
				"west": {"uv": [8.375, 10.625, 8.5, 10.75], "texture": "#0"},
				"up": {"uv": [8.375, 10.625, 8.5, 10.75], "texture": "#0"},
				"down": {"uv": [8.375, 10.625, 8.5, 10.75], "texture": "#0"}
			}
		},
		{
			"from": [7.75, 11.5, 8.5],
			"to": [8, 11.75, 8.75],
			"faces": {
				"north": {"uv": [8.375, 10, 8.5, 10.125], "texture": "#0"},
				"east": {"uv": [8.25, 10, 8.375, 10.125], "texture": "#0"},
				"south": {"uv": [8.375, 10, 8.5, 10.125], "texture": "#0"},
				"west": {"uv": [8.375, 10, 8.5, 10.125], "texture": "#0"},
				"up": {"uv": [8.375, 10, 8.5, 10.125], "texture": "#0"},
				"down": {"uv": [8.375, 10, 8.5, 10.125], "texture": "#0"}
			}
		},
		{
			"from": [7.75, 9.25, 8.5],
			"to": [8, 10, 8.75],
			"faces": {
				"north": {"uv": [8.375, 10.875, 8.5, 11.25], "texture": "#0"},
				"east": {"uv": [8.375, 10.875, 8.5, 11.25], "texture": "#0"},
				"south": {"uv": [8.375, 10.875, 8.5, 11.25], "texture": "#0"},
				"west": {"uv": [8.375, 10.875, 8.5, 11.25], "texture": "#0"},
				"up": {"uv": [8.375, 10.625, 8.5, 10.75], "texture": "#0"},
				"down": {"uv": [8.25, 10.875, 8.375, 11], "texture": "#0"}
			}
		},
		{
			"from": [8, 9.75, 8.5],
			"to": [8.25, 10.5, 8.75],
			"faces": {
				"north": {"uv": [8.25, 10.625, 8.375, 11], "texture": "#0"},
				"east": {"uv": [8.25, 10.625, 8.375, 11], "texture": "#0"},
				"south": {"uv": [8.25, 10.625, 8.375, 11], "texture": "#0"},
				"west": {"uv": [8.25, 10.625, 8.375, 11], "texture": "#0"},
				"up": {"uv": [8.25, 10.875, 8.375, 11], "texture": "#0"},
				"down": {"uv": [8.25, 10.875, 8.375, 11], "texture": "#0"}
			}
		},
		{
			"from": [8, 11.25, 8.5],
			"to": [8.25, 11.75, 8.75],
			"faces": {
				"north": {"uv": [8.25, 10, 8.375, 10.25], "texture": "#0"},
				"east": {"uv": [8.25, 10, 8.375, 10.125], "texture": "#0"},
				"south": {"uv": [8.25, 10, 8.375, 10.25], "texture": "#0"},
				"west": {"uv": [8.25, 10, 8.375, 10.25], "texture": "#0"},
				"up": {"uv": [8.25, 10, 8.375, 10.125], "texture": "#0"},
				"down": {"uv": [8, 9.625, 8.125, 9.75], "texture": "#0"}
			}
		},
		{
			"from": [7.75, 10.25, 8.5],
			"to": [8, 10.5, 8.75],
			"faces": {
				"north": {"uv": [8.375, 10.625, 8.5, 10.75], "texture": "#0"},
				"east": {"uv": [8.25, 10, 8.375, 10.125], "texture": "#0"},
				"south": {"uv": [8.375, 10.625, 8.5, 10.75], "texture": "#0"},
				"west": {"uv": [8.375, 10.625, 8.5, 10.75], "texture": "#0"},
				"up": {"uv": [8.375, 10.625, 8.5, 10.75], "texture": "#0"},
				"down": {"uv": [8.375, 10.625, 8.5, 10.75], "texture": "#0"}
			}
		},
		{
			"from": [8.75, 12, 8],
			"to": [9, 13, 8.75],
			"faces": {
				"north": {"uv": [7.875, 9.375, 8, 9.875], "texture": "#0"},
				"east": {"uv": [7.875, 9.375, 8, 9.875], "texture": "#0"},
				"south": {"uv": [7.875, 9.375, 8, 9.875], "texture": "#0"},
				"west": {"uv": [7.875, 9.375, 8, 9.875], "texture": "#0"},
				"up": {"uv": [7.875, 10.375, 8, 10.5], "texture": "#0"},
				"down": {"uv": [7.875, 10.375, 8, 10.5], "texture": "#0"}
			}
		},
		{
			"from": [8.5, 12.25, 8],
			"to": [8.75, 12.5, 8.75],
			"faces": {
				"north": {"uv": [8, 9.625, 8.125, 9.75], "texture": "#0"},
				"east": {"uv": [8, 9.625, 8.125, 9.75], "texture": "#0"},
				"south": {"uv": [8, 9.625, 8.125, 9.75], "texture": "#0"},
				"west": {"uv": [8, 9.625, 8.125, 9.75], "texture": "#0"},
				"up": {"uv": [8, 9.625, 8.125, 9.75], "texture": "#0"},
				"down": {"uv": [8, 9.625, 8.125, 9.75], "texture": "#0"}
			}
		},
		{
			"from": [8.5, 13, 8],
			"to": [8.75, 13.25, 8.75],
			"faces": {
				"north": {"uv": [8, 9.25, 8.125, 9.375], "texture": "#0"},
				"east": {"uv": [8, 9.25, 8.125, 9.375], "texture": "#0"},
				"south": {"uv": [8, 9.25, 8.125, 9.375], "texture": "#0"},
				"west": {"uv": [8, 9.25, 8.125, 9.375], "texture": "#0"},
				"up": {"uv": [8, 9.25, 8.125, 9.375], "texture": "#0"},
				"down": {"uv": [8, 9.25, 8.125, 9.375], "texture": "#0"}
			}
		},
		{
			"from": [8.25, 8.75, 8.3],
			"to": [9.25, 18.25, 8.425],
			"faces": {
				"north": {"uv": [7.75, 6.75, 8.25, 11.5], "texture": "#0"},
				"east": {"uv": [7.875, 6.75, 7.75, 11.5], "texture": "#0"},
				"south": {"uv": [8.25, 6.75, 7.75, 11.5], "texture": "#0"},
				"west": {"uv": [0, 0, 1, 2.75], "texture": "#missing"},
				"up": {"uv": [7.875, 7.125, 7.75, 7.25], "texture": "#0"},
				"down": {"uv": [0, 0, 1, 1], "texture": "#missing"}
			}
		},
		{
			"from": [8.249, 8.75, 8.17],
			"to": [8.74901, 18.25, 8.545],
			"faces": {
				"north": {"uv": [8, 6.75, 8.25, 11.5], "texture": "#0"},
				"east": {"uv": [8.125, 6.75, 8, 11.5], "texture": "#0"},
				"south": {"uv": [8.25, 6.75, 8, 11.5], "texture": "#0"},
				"west": {"uv": [8.125, 6.75, 8.25, 11.5], "texture": "#0"},
				"up": {"uv": [8, 7.125, 7.875, 7.25], "texture": "#0"},
				"down": {"uv": [0, 0, 1, 1], "texture": "#missing"}
			}
		},
		{
			"from": [8, 18.25, 8.3],
			"to": [9, 23, 8.425],
			"faces": {
				"north": {"uv": [7.875, 4.375, 8.375, 6.75], "texture": "#0"},
				"east": {"uv": [8, 4.375, 7.875, 6.75], "texture": "#0"},
				"south": {"uv": [8.375, 4.375, 7.875, 6.75], "texture": "#0"},
				"west": {"uv": [0, 0, 1, 2.75], "texture": "#missing"},
				"up": {"uv": [7.875, 7.125, 7.75, 7.25], "texture": "#0"},
				"down": {"uv": [8.125, 7.25, 8.25, 7.375], "texture": "#0"}
			}
		},
		{
			"from": [7.999, 18.25, 8.17],
			"to": [8.499, 23, 8.545],
			"faces": {
				"north": {"uv": [8.125, 4.375, 8.375, 6.75], "texture": "#0"},
				"east": {"uv": [8.125, 4.375, 8.25, 6.75], "texture": "#0"},
				"south": {"uv": [8.375, 4.375, 8.125, 6.75], "texture": "#0"},
				"west": {"uv": [8.25, 4.375, 8.375, 6.75], "texture": "#0"},
				"up": {"uv": [8, 7.125, 7.875, 7.25], "texture": "#0"},
				"down": {"uv": [8.125, 7.25, 8.25, 7.375], "texture": "#0"}
			}
		},
		{
			"from": [7.75, 23, 8.3],
			"to": [8.75, 23.5, 8.425],
			"faces": {
				"north": {"uv": [8, 4.125, 8.5, 4.375], "texture": "#0"},
				"east": {"uv": [7.875, 7.125, 7.75, 7.25], "texture": "#0"},
				"south": {"uv": [8.5, 4.125, 8, 4.375], "texture": "#0"},
				"west": {"uv": [0, 0, 1, 2.75], "texture": "#missing"},
				"up": {"uv": [7.875, 7.125, 7.75, 7.25], "texture": "#0"},
				"down": {"uv": [8.125, 7.25, 8.25, 7.375], "texture": "#0"}
			}
		},
		{
			"from": [7.749, 23, 8.17],
			"to": [8.249, 23.5, 8.545],
			"faces": {
				"north": {"uv": [8.25, 4.125, 8.5, 4.375], "texture": "#0"},
				"east": {"uv": [8, 7.125, 7.875, 7.25], "texture": "#0"},
				"south": {"uv": [8.5, 4.125, 8.25, 4.375], "texture": "#0"},
				"west": {"uv": [8.125, 7.25, 8.25, 7.375], "texture": "#0"},
				"up": {"uv": [8, 7.125, 7.875, 7.25], "texture": "#0"},
				"down": {"uv": [8.125, 7.25, 8.25, 7.375], "texture": "#0"}
			}
		},
		{
			"from": [7.5, 23.5, 8.3],
			"to": [8.5, 24, 8.425],
			"faces": {
				"north": {"uv": [8.125, 3.875, 8.625, 4.125], "texture": "#0"},
				"east": {"uv": [7.875, 7.125, 7.75, 7.25], "texture": "#0"},
				"south": {"uv": [8.625, 3.875, 8.125, 4.125], "texture": "#0"},
				"west": {"uv": [0, 0, 1, 2.75], "texture": "#missing"},
				"up": {"uv": [7.875, 7.125, 7.75, 7.25], "texture": "#0"},
				"down": {"uv": [8.125, 7.25, 8.25, 7.375], "texture": "#0"}
			}
		},
		{
			"from": [7.499, 23.5, 8.17],
			"to": [7.999, 24, 8.545],
			"faces": {
				"north": {"uv": [8.375, 3.875, 8.625, 4.125], "texture": "#0"},
				"east": {"uv": [8, 7.125, 7.875, 7.25], "texture": "#0"},
				"south": {"uv": [8.625, 3.875, 8.375, 4.125], "texture": "#0"},
				"west": {"uv": [8.125, 7.25, 8.25, 7.375], "texture": "#0"},
				"up": {"uv": [8, 7.125, 7.875, 7.25], "texture": "#0"},
				"down": {"uv": [8.125, 7.25, 8.25, 7.375], "texture": "#0"}
			}
		},
		{
			"from": [7.5, 24, 8.3],
			"to": [8.25, 24.25, 8.425],
			"faces": {
				"north": {"uv": [8.25, 3.75, 8.625, 3.875], "texture": "#0"},
				"east": {"uv": [7.875, 7.125, 7.75, 7.25], "texture": "#0"},
				"south": {"uv": [8.625, 3.75, 8.25, 3.875], "texture": "#0"},
				"west": {"uv": [0, 0, 1, 2.75], "texture": "#missing"},
				"up": {"uv": [7.875, 7.125, 7.75, 7.25], "texture": "#0"},
				"down": {"uv": [0, 0, 1, 1], "texture": "#missing"}
			}
		},
		{
			"from": [7.499, 24, 8.17],
			"to": [7.749, 24.25, 8.545],
			"faces": {
				"north": {"uv": [8.5, 3.75, 8.625, 3.875], "texture": "#0"},
				"east": {"uv": [8, 7.125, 7.875, 7.25], "texture": "#0"},
				"south": {"uv": [8.625, 3.75, 8.5, 3.875], "texture": "#0"},
				"west": {"uv": [8.125, 7.25, 8.25, 7.375], "texture": "#0"},
				"up": {"uv": [8, 7.125, 7.875, 7.25], "texture": "#0"},
				"down": {"uv": [0, 0, 1, 1], "texture": "#missing"}
			}
		},
		{
			"from": [7.5, 24.25, 8.3],
			"to": [8, 24.5, 8.425],
			"faces": {
				"north": {"uv": [8.375, 3.625, 8.625, 3.75], "texture": "#0"},
				"east": {"uv": [7.875, 7.125, 7.75, 7.25], "texture": "#0"},
				"south": {"uv": [8.625, 3.625, 8.375, 3.75], "texture": "#0"},
				"west": {"uv": [8.5, 4, 8.625, 4.125], "texture": "#0"},
				"up": {"uv": [7.875, 7.125, 7.75, 7.25], "texture": "#0"},
				"down": {"uv": [0, 0, 1, 1], "texture": "#missing"}
			}
		},
		{
			"from": [7.5, 24.5, 8.3],
			"to": [7.75, 24.75, 8.425],
			"faces": {
				"north": {"uv": [8.5, 3.5, 8.625, 3.625], "texture": "#0"},
				"east": {"uv": [8.5, 4, 8.625, 4.125], "texture": "#0"},
				"south": {"uv": [8.5, 3.5, 8.625, 3.625], "texture": "#0"},
				"west": {"uv": [8.5, 4, 8.625, 4.125], "texture": "#0"},
				"up": {"uv": [8.5, 4, 8.625, 4.125], "texture": "#0"},
				"down": {"uv": [0, 0, 1, 1], "texture": "#missing"}
			}
		}
	],
	"display": {
		"thirdperson_righthand": {
			"rotation": [0, 90, 0],
			"translation": [-0.5, 0.25, 3],
			"scale": [1.53, 1.53, 1.53]
		},
		"thirdperson_lefthand": {
			"rotation": [0, -90, 0],
			"translation": [0.5, -0.25, 3],
			"scale": [1.53, 1.53, 1.53]
		},
		"firstperson_righthand": {
			"rotation": [6, 95, 0],
			"translation": [0.25, 0.75, 2.75],
			"scale": [1.31, 1.31, 1.31]
		},
		"firstperson_lefthand": {
			"rotation": [5, -80, 0],
			"translation": [2, 0.75, 2.5],
			"scale": [1.31, 1.31, 1.31]
		},
		"ground": {
			"rotation": [0, 0, -45],
			"translation": [0, 3.3956, 0],
			"scale": [1.5, 1.5, 1.5]
		},
		"gui": {
			"rotation": [0, 0, -45],
			"translation": [-4.75, -4, 0],
			"scale": [-1.2, 1.2, 1.2]
		},
		"head": {
			"rotation": [-180, -180, 63],
			"translation": [-7.5, -17.75, 3.25],
			"scale": [2, 2, 2]
		},
		"fixed": {
			"rotation": [0, 0, 45],
			"translation": [5.75, -6.75, -2],
			"scale": [2, 2, 2.2]
		}
	},
	"groups": [
		{
			"name": "hilt",
			"origin": [8, 8, 8],
			"color": 0,
			"children": [0, 1, 2, 3, 4, 5, 6, 7, 8, 9, 10, 11, 12, 13, 14, 15, 16, 17, 18, 19, 20, 21, 22, 23, 24, 25, 26, 27, 28, 29, 30, 31, 32, 33, 34, 35, 36, 37, 38, 39, 40, 41]
		},
		{
			"name": "blade",
			"origin": [8, 8, 8],
			"color": 0,
			"children": [42, 43, 44, 45, 46, 47, 48, 49, 50, 51, 52, 53]
		}
	]
}