{
	"credit": "Made with Blockbench",
	"textures": {
		"0": "prominent:item/transmog/soul_harvester",
		"particle": "prominent:item/transmog/soul_harvester"
	},
	"elements": [
		{
			"name": "soul_harvester_0",
			"from": [7.5, 9.625, 7.75],
			"to": [7.75, 9.75, 7.875],
			"faces": {
				"north": {"uv": [7, 6.25, 6.75, 6.375], "texture": "#0"},
				"east": {"uv": [6.875, 6.25, 7, 6.375], "texture": "#0"},
				"south": {"uv": [6.75, 6.25, 7, 6.375], "texture": "#0"},
				"west": {"uv": [6.75, 6.25, 6.875, 6.375], "texture": "#0"},
				"up": {"uv": [6.75, 6.25, 7, 6.375], "texture": "#0"},
				"down": {"uv": [6.75, 6.25, 7, 6.375], "texture": "#0"}
			}
		},
		{
			"name": "soul_harvester_1",
			"from": [7.25, 9.375, 7.75],
			"to": [7.625, 9.625, 7.875],
			"faces": {
				"north": {"uv": [6.875, 6.375, 6.5, 6.625], "texture": "#0"},
				"east": {"uv": [6.75, 6.375, 6.875, 6.625], "texture": "#0"},
				"south": {"uv": [6.5, 6.375, 6.875, 6.625], "texture": "#0"},
				"west": {"uv": [6.5, 6.375, 6.625, 6.625], "texture": "#0"},
				"up": {"uv": [6.5, 6.375, 6.875, 6.5], "texture": "#0"},
				"down": {"uv": [6.5, 6.5, 6.875, 6.625], "texture": "#0"}
			}
		},
		{
			"name": "soul_harvester_2",
			"from": [7.125, 6.625, 7.75],
			"to": [7.25, 9.5, 7.875],
			"faces": {
				"north": {"uv": [6.5, 6.5, 6.375, 9.375], "texture": "#0"},
				"east": {"uv": [6.375, 6.5, 6.5, 9.375], "texture": "#0"},
				"south": {"uv": [6.375, 6.5, 6.5, 9.375], "texture": "#0"},
				"west": {"uv": [6.375, 6.5, 6.5, 9.375], "texture": "#0"},
				"up": {"uv": [6.375, 6.5, 6.5, 6.625], "texture": "#0"},
				"down": {"uv": [6.375, 9.25, 6.5, 9.375], "texture": "#0"}
			}
		},
		{
			"name": "soul_harvester_3",
			"from": [7, 8.25, 7.75],
			"to": [7.125, 9.375, 7.875],
			"faces": {
				"north": {"uv": [6.375, 6.625, 6.25, 7.75], "texture": "#0"},
				"east": {"uv": [6.25, 6.625, 6.375, 7.75], "texture": "#0"},
				"south": {"uv": [6.25, 6.625, 6.375, 7.75], "texture": "#0"},
				"west": {"uv": [6.25, 6.625, 6.375, 7.75], "texture": "#0"},
				"up": {"uv": [6.25, 6.625, 6.375, 6.75], "texture": "#0"},
				"down": {"uv": [6.25, 7.625, 6.375, 7.75], "texture": "#0"}
			}
		},
		{
			"name": "soul_harvester_4",
			"from": [7.25, 9.125, 7.75],
			"to": [7.5, 9.375, 7.875],
			"faces": {
				"north": {"uv": [6.75, 6.625, 6.5, 6.875], "texture": "#0"},
				"east": {"uv": [6.625, 6.625, 6.75, 6.875], "texture": "#0"},
				"south": {"uv": [6.5, 6.625, 6.75, 6.875], "texture": "#0"},
				"west": {"uv": [6.5, 6.625, 6.625, 6.875], "texture": "#0"},
				"up": {"uv": [6.5, 6.625, 6.75, 6.75], "texture": "#0"},
				"down": {"uv": [6.5, 6.75, 6.75, 6.875], "texture": "#0"}
			}
		},
		{
			"name": "soul_harvester_5",
			"from": [6.875, 7.75, 7.75],
			"to": [7, 9.125, 7.875],
			"faces": {
				"north": {"uv": [6.25, 6.875, 6.125, 8.25], "texture": "#0"},
				"east": {"uv": [6.125, 6.875, 6.25, 8.25], "texture": "#0"},
				"south": {"uv": [6.125, 6.875, 6.25, 8.25], "texture": "#0"},
				"west": {"uv": [6.125, 6.875, 6.25, 8.25], "texture": "#0"},
				"up": {"uv": [6.125, 6.875, 6.25, 7], "texture": "#0"},
				"down": {"uv": [6.125, 8.125, 6.25, 8.25], "texture": "#0"}
			}
		},
		{
			"name": "soul_harvester_6",
			"from": [7.25, 8.25, 7.75],
			"to": [7.375, 9.125, 7.875],
			"faces": {
				"north": {"uv": [6.625, 6.875, 6.5, 7.75], "texture": "#0"},
				"east": {"uv": [6.5, 6.875, 6.625, 7.75], "texture": "#0"},
				"south": {"uv": [6.5, 6.875, 6.625, 7.75], "texture": "#0"},
				"west": {"uv": [6.5, 6.875, 6.625, 7.75], "texture": "#0"},
				"up": {"uv": [6.5, 6.875, 6.625, 7], "texture": "#0"},
				"down": {"uv": [6.5, 7.625, 6.625, 7.75], "texture": "#0"}
			}
		},
		{
			"name": "soul_harvester_7",
			"from": [6.75, 6.25, 7.75],
			"to": [6.875, 8.75, 7.875],
			"faces": {
				"north": {"uv": [6.125, 7.25, 6, 9.75], "texture": "#0"},
				"east": {"uv": [6, 7.25, 6.125, 9.75], "texture": "#0"},
				"south": {"uv": [6, 7.25, 6.125, 9.75], "texture": "#0"},
				"west": {"uv": [6, 7.25, 6.125, 9.75], "texture": "#0"},
				"up": {"uv": [6, 7.25, 6.125, 7.375], "texture": "#0"},
				"down": {"uv": [6, 9.625, 6.125, 9.75], "texture": "#0"}
			}
		},
		{
			"name": "soul_harvester_8",
			"from": [7, 7.125, 7.7],
			"to": [7.125, 8.25, 7.925],
			"faces": {
				"north": {"uv": [7.125, 7.75, 7, 8.875], "texture": "#0"},
				"east": {"uv": [7, 7.75, 7.125, 8.875], "texture": "#0"},
				"south": {"uv": [7, 7.75, 7.125, 8.875], "texture": "#0"},
				"west": {"uv": [7, 7.75, 7.125, 8.875], "texture": "#0"},
				"up": {"uv": [7, 7.75, 7.125, 7.875], "texture": "#0"},
				"down": {"uv": [7, 8.75, 7.125, 8.875], "texture": "#0"}
			}
		},
		{
			"name": "soul_harvester_9",
			"from": [6.625, 7.75, 7.75],
			"to": [6.75, 8.125, 7.875],
			"faces": {
				"north": {"uv": [6, 7.875, 5.875, 8.25], "texture": "#0"},
				"east": {"uv": [5.875, 7.875, 6, 8.25], "texture": "#0"},
				"south": {"uv": [5.875, 7.875, 6, 8.25], "texture": "#0"},
				"west": {"uv": [5.875, 7.875, 6, 8.25], "texture": "#0"},
				"up": {"uv": [5.875, 7.875, 6, 8], "texture": "#0"},
				"down": {"uv": [5.875, 8.125, 6, 8.25], "texture": "#0"}
			}
		},
		{
			"name": "soul_harvester_10",
			"from": [6.5, 7.75, 7.75],
			"to": [6.625, 7.875, 7.875],
			"faces": {
				"north": {"uv": [5.875, 8.125, 5.75, 8.25], "texture": "#0"},
				"east": {"uv": [5.75, 8.125, 5.875, 8.25], "texture": "#0"},
				"south": {"uv": [5.75, 8.125, 5.875, 8.25], "texture": "#0"},
				"west": {"uv": [5.75, 8.125, 5.875, 8.25], "texture": "#0"},
				"up": {"uv": [5.75, 8.125, 5.875, 8.25], "texture": "#0"},
				"down": {"uv": [5.75, 8.125, 5.875, 8.25], "texture": "#0"}
			}
		},
		{
			"name": "soul_harvester_11",
			"from": [6.875, 5.125, 7.7],
			"to": [7, 7.75, 7.925],
			"faces": {
				"north": {"uv": [7, 8.25, 6.875, 10.875], "texture": "#0"},
				"east": {"uv": [6.875, 8.25, 7, 10.875], "texture": "#0"},
				"south": {"uv": [6.875, 8.25, 7, 10.875], "texture": "#0"},
				"west": {"uv": [6.875, 8.25, 7, 10.875], "texture": "#0"},
				"up": {"uv": [6.875, 8.25, 7, 8.375], "texture": "#0"},
				"down": {"uv": [6.875, 10.75, 7, 10.875], "texture": "#0"}
			}
		},
		{
			"name": "soul_harvester_12",
			"from": [6.625, 6, 7.75],
			"to": [6.75, 7.125, 7.875],
			"faces": {
				"north": {"uv": [6, 8.875, 5.875, 10], "texture": "#0"},
				"east": {"uv": [5.875, 8.875, 6, 10], "texture": "#0"},
				"south": {"uv": [5.875, 8.875, 6, 10], "texture": "#0"},
				"west": {"uv": [5.875, 8.875, 6, 10], "texture": "#0"},
				"up": {"uv": [5.875, 8.875, 6, 9], "texture": "#0"},
				"down": {"uv": [5.875, 9.875, 6, 10], "texture": "#0"}
			}
		},
		{
			"name": "soul_harvester_13",
			"from": [7, 6.125, 7.75],
			"to": [7.125, 7.125, 7.875],
			"faces": {
				"north": {"uv": [6.375, 8.875, 6.25, 9.875], "texture": "#0"},
				"east": {"uv": [6.25, 8.875, 6.375, 9.875], "texture": "#0"},
				"south": {"uv": [6.25, 8.875, 6.375, 9.875], "texture": "#0"},
				"west": {"uv": [6.25, 8.875, 6.375, 9.875], "texture": "#0"},
				"up": {"uv": [6.25, 8.875, 6.375, 9], "texture": "#0"},
				"down": {"uv": [6.25, 9.75, 6.375, 9.875], "texture": "#0"}
			}
		},
		{
			"name": "soul_harvester_14",
			"from": [7.25, 6.5, 7.75],
			"to": [7.375, 6.875, 7.875],
			"faces": {
				"north": {"uv": [6.625, 9.125, 6.5, 9.5], "texture": "#0"},
				"east": {"uv": [6.5, 9.125, 6.625, 9.5], "texture": "#0"},
				"south": {"uv": [6.5, 9.125, 6.625, 9.5], "texture": "#0"},
				"west": {"uv": [6.5, 9.125, 6.625, 9.5], "texture": "#0"},
				"up": {"uv": [6.5, 9.125, 6.625, 9.25], "texture": "#0"},
				"down": {"uv": [6.5, 9.375, 6.625, 9.5], "texture": "#0"}
			}
		},
		{
			"name": "soul_harvester_15",
			"from": [6.5, 5.875, 7.75],
			"to": [6.625, 6.25, 7.875],
			"faces": {
				"north": {"uv": [5.875, 9.75, 5.75, 10.125], "texture": "#0"},
				"east": {"uv": [5.75, 9.75, 5.875, 10.125], "texture": "#0"},
				"south": {"uv": [5.75, 9.75, 5.875, 10.125], "texture": "#0"},
				"west": {"uv": [5.75, 9.75, 5.875, 10.125], "texture": "#0"},
				"up": {"uv": [5.75, 9.75, 5.875, 9.875], "texture": "#0"},
				"down": {"uv": [5.75, 10, 5.875, 10.125], "texture": "#0"}
			}
		},
		{
			"name": "soul_harvester_16",
			"from": [6.75, 5.5, 7.7],
			"to": [6.875, 6.25, 7.925],
			"faces": {
				"north": {"uv": [6.875, 9.75, 6.75, 10.5], "texture": "#0"},
				"east": {"uv": [6.75, 9.75, 6.875, 10.5], "texture": "#0"},
				"south": {"uv": [6.75, 9.75, 6.875, 10.5], "texture": "#0"},
				"west": {"uv": [6.75, 9.75, 6.875, 10.5], "texture": "#0"},
				"up": {"uv": [6.75, 9.75, 6.875, 9.875], "texture": "#0"},
				"down": {"uv": [6.75, 10.375, 6.875, 10.5], "texture": "#0"}
			}
		},
		{
			"name": "soul_harvester_17",
			"from": [7, 4.125, 7.625],
			"to": [7.25, 6.125, 8],
			"faces": {
				"north": {"uv": [7.5, 9.875, 7.25, 11.875], "texture": "#0"},
				"east": {"uv": [7.375, 9.875, 7.5, 11.875], "texture": "#0"},
				"south": {"uv": [7.25, 9.875, 7.5, 11.875], "texture": "#0"},
				"west": {"uv": [7.25, 9.875, 7.375, 11.875], "texture": "#0"},
				"up": {"uv": [7.25, 9.875, 7.5, 10], "texture": "#0"},
				"down": {"uv": [7.25, 11.75, 7.5, 11.875], "texture": "#0"}
			}
		},
		{
			"name": "soul_harvester_18",
			"from": [6.375, 5.625, 7.75],
			"to": [6.5, 6, 7.875],
			"faces": {
				"north": {"uv": [5.75, 10, 5.625, 10.375], "texture": "#0"},
				"east": {"uv": [5.625, 10, 5.75, 10.375], "texture": "#0"},
				"south": {"uv": [5.625, 10, 5.75, 10.375], "texture": "#0"},
				"west": {"uv": [5.625, 10, 5.75, 10.375], "texture": "#0"},
				"up": {"uv": [5.625, 10, 5.75, 10.125], "texture": "#0"},
				"down": {"uv": [5.625, 10.25, 5.75, 10.375], "texture": "#0"}
			}
		},
		{
			"name": "soul_harvester_19",
			"from": [6.625, 5.75, 7.7],
			"to": [6.75, 6, 7.925],
			"faces": {
				"north": {"uv": [6.75, 10, 6.625, 10.25], "texture": "#0"},
				"east": {"uv": [6.625, 10, 6.75, 10.25], "texture": "#0"},
				"south": {"uv": [6.625, 10, 6.75, 10.25], "texture": "#0"},
				"west": {"uv": [6.625, 10, 6.75, 10.25], "texture": "#0"},
				"up": {"uv": [6.625, 10, 6.75, 10.125], "texture": "#0"},
				"down": {"uv": [6.625, 10.125, 6.75, 10.25], "texture": "#0"}
			}
		},
		{
			"name": "soul_harvester_20",
			"from": [6.125, 5.75, 7.75],
			"to": [6.375, 5.875, 7.875],
			"faces": {
				"north": {"uv": [5.625, 10.125, 5.375, 10.25], "texture": "#0"},
				"east": {"uv": [5.5, 10.125, 5.625, 10.25], "texture": "#0"},
				"south": {"uv": [5.375, 10.125, 5.625, 10.25], "texture": "#0"},
				"west": {"uv": [5.375, 10.125, 5.5, 10.25], "texture": "#0"},
				"up": {"uv": [5.375, 10.125, 5.625, 10.25], "texture": "#0"},
				"down": {"uv": [5.375, 10.125, 5.625, 10.25], "texture": "#0"}
			}
		},
		{
			"name": "soul_harvester_21",
			"from": [6.5, 5.75, 7.7],
			"to": [6.625, 5.875, 7.925],
			"faces": {
				"north": {"uv": [6.625, 10.125, 6.5, 10.25], "texture": "#0"},
				"east": {"uv": [6.5, 10.125, 6.625, 10.25], "texture": "#0"},
				"south": {"uv": [6.5, 10.125, 6.625, 10.25], "texture": "#0"},
				"west": {"uv": [6.5, 10.125, 6.625, 10.25], "texture": "#0"},
				"up": {"uv": [6.5, 10.125, 6.625, 10.25], "texture": "#0"},
				"down": {"uv": [6.5, 10.125, 6.625, 10.25], "texture": "#0"}
			}
		},
		{
			"name": "soul_harvester_22",
			"from": [6.25, 5.625, 7.75],
			"to": [6.375, 5.75, 7.875],
			"faces": {
				"north": {"uv": [5.625, 10.25, 5.5, 10.375], "texture": "#0"},
				"east": {"uv": [5.5, 10.25, 5.625, 10.375], "texture": "#0"},
				"south": {"uv": [5.5, 10.25, 5.625, 10.375], "texture": "#0"},
				"west": {"uv": [5.5, 10.25, 5.625, 10.375], "texture": "#0"},
				"up": {"uv": [5.5, 10.25, 5.625, 10.375], "texture": "#0"},
				"down": {"uv": [5.5, 10.25, 5.625, 10.375], "texture": "#0"}
			}
		},
		{
			"name": "soul_harvester_23",
			"from": [6.5, 5.5, 7.75],
			"to": [6.75, 5.75, 7.875],
			"faces": {
				"north": {"uv": [6, 10.25, 5.75, 10.5], "texture": "#0"},
				"east": {"uv": [5.875, 10.25, 6, 10.5], "texture": "#0"},
				"south": {"uv": [5.75, 10.25, 6, 10.5], "texture": "#0"},
				"west": {"uv": [5.75, 10.25, 5.875, 10.5], "texture": "#0"},
				"up": {"uv": [5.75, 10.25, 6, 10.375], "texture": "#0"},
				"down": {"uv": [5.75, 10.375, 6, 10.5], "texture": "#0"}
			}
		},
		{
			"name": "soul_harvester_24",
			"from": [8.625, 5, 7.55],
			"to": [8.875, 5.625, 8.075],
			"faces": {
				"north": {"uv": [9.625, 10.375, 9.375, 11], "texture": "#0"},
				"east": {"uv": [9.5, 10.375, 9.625, 10.5], "texture": "#0"},
				"south": {"uv": [9.375, 10.375, 9.625, 11], "texture": "#0"},
				"west": {"uv": [9.375, 10.375, 9.5, 11], "texture": "#0"},
				"up": {"uv": [9.375, 10.375, 9.625, 11], "texture": "#0"},
				"down": {"uv": [9.375, 10.375, 9.625, 11], "texture": "#0"}
			}
		},
		{
			"name": "soul_harvester_25",
			"from": [6.625, 5.375, 7.75],
			"to": [6.875, 5.5, 7.875],
			"faces": {
				"north": {"uv": [6.125, 10.5, 5.875, 10.625], "texture": "#0"},
				"east": {"uv": [6, 10.5, 6.125, 10.625], "texture": "#0"},
				"south": {"uv": [5.875, 10.5, 6.125, 10.625], "texture": "#0"},
				"west": {"uv": [5.875, 10.5, 6, 10.625], "texture": "#0"},
				"up": {"uv": [5.875, 10.5, 6.125, 10.625], "texture": "#0"},
				"down": {"uv": [5.875, 10.5, 6.125, 10.625], "texture": "#0"}
			}
		},
		{
			"name": "soul_harvester_26",
			"from": [7.25, 5.125, 7.65],
			"to": [8.625, 5.5, 7.975],
			"faces": {
				"north": {"uv": [9.125, 10.5, 7.75, 10.875], "texture": "#0"},
				"east": {"uv": [9, 10.5, 9.125, 10.875], "texture": "#0"},
				"south": {"uv": [7.75, 10.5, 9.125, 10.875], "texture": "#0"},
				"west": {"uv": [7.75, 10.5, 7.875, 10.875], "texture": "#0"},
				"up": {"uv": [7.75, 10.5, 9.125, 10.625], "texture": "#0"},
				"down": {"uv": [7.75, 10.75, 9.125, 10.875], "texture": "#0"}
			}
		},
		{
			"name": "soul_harvester_27",
			"from": [6.75, 4.25, 7.75],
			"to": [6.875, 5.375, 7.875],
			"faces": {
				"north": {"uv": [6.125, 10.625, 6, 11.75], "texture": "#0"},
				"east": {"uv": [6, 10.625, 6.125, 11.75], "texture": "#0"},
				"south": {"uv": [6, 10.625, 6.125, 11.75], "texture": "#0"},
				"west": {"uv": [6, 10.625, 6.125, 11.75], "texture": "#0"},
				"up": {"uv": [6, 10.625, 6.125, 10.75], "texture": "#0"},
				"down": {"uv": [6, 11.625, 6.125, 11.75], "texture": "#0"}
			}
		},
		{
			"name": "soul_harvester_28",
			"from": [6.875, 4.5, 7.75],
			"to": [7, 5.125, 7.875],
			"faces": {
				"north": {"uv": [6.25, 10.875, 6.125, 11.5], "texture": "#0"},
				"east": {"uv": [6.125, 10.875, 6.25, 11.5], "texture": "#0"},
				"south": {"uv": [6.125, 10.875, 6.25, 11.5], "texture": "#0"},
				"west": {"uv": [6.125, 10.875, 6.25, 11.5], "texture": "#0"},
				"up": {"uv": [6.125, 10.875, 6.25, 11], "texture": "#0"},
				"down": {"uv": [6.125, 11.375, 6.25, 11.5], "texture": "#0"}
			}
		},
		{
			"name": "soul_harvester_29",
			"from": [6.625, 4.125, 7.75],
			"to": [6.75, 5, 7.875],
			"faces": {
				"north": {"uv": [6, 11, 5.875, 11.875], "texture": "#0"},
				"east": {"uv": [5.875, 11, 6, 11.875], "texture": "#0"},
				"south": {"uv": [5.875, 11, 6, 11.875], "texture": "#0"},
				"west": {"uv": [5.875, 11, 6, 11.875], "texture": "#0"},
				"up": {"uv": [5.875, 11, 6, 11.125], "texture": "#0"},
				"down": {"uv": [5.875, 11.75, 6, 11.875], "texture": "#0"}
			}
		},
		{
			"name": "soul_harvester_30",
			"from": [6.5, 4.125, 7.75],
			"to": [6.625, 4.5, 7.875],
			"faces": {
				"north": {"uv": [5.875, 11.5, 5.75, 11.875], "texture": "#0"},
				"east": {"uv": [5.75, 11.5, 5.875, 11.875], "texture": "#0"},
				"south": {"uv": [5.75, 11.5, 5.875, 11.875], "texture": "#0"},
				"west": {"uv": [5.75, 11.5, 5.875, 11.875], "texture": "#0"},
				"up": {"uv": [5.75, 11.5, 5.875, 11.625], "texture": "#0"},
				"down": {"uv": [5.75, 11.75, 5.875, 11.875], "texture": "#0"}
			}
		},
		{
			"name": "soul_harvester_31",
			"from": [6.375, 4.125, 7.75],
			"to": [6.5, 4.25, 7.875],
			"faces": {
				"north": {"uv": [5.75, 11.75, 5.625, 11.875], "texture": "#0"},
				"east": {"uv": [5.625, 11.75, 5.75, 11.875], "texture": "#0"},
				"south": {"uv": [5.625, 11.75, 5.75, 11.875], "texture": "#0"},
				"west": {"uv": [5.625, 11.75, 5.75, 11.875], "texture": "#0"},
				"up": {"uv": [5.625, 11.75, 5.75, 11.875], "texture": "#0"},
				"down": {"uv": [5.625, 11.75, 5.75, 11.875], "texture": "#0"}
			}
		}
	],
	"gui_light": "front",
	"display": {
		"thirdperson_righthand": {
			"rotation": [-90, -90, 0],
			"translation": [-0.5, -1.75, -7],
			"scale": [3.25, 3.25, 3]
		},
		"thirdperson_lefthand": {
			"rotation": [-90, 90, 0],
			"translation": [0.25, -1.75, -6.5],
			"scale": [3.25, 3.25, 3]
		},
		"firstperson_righthand": {
			"rotation": [-39, -90, -4],
			"translation": [0.75, 9, 2.75],
			"scale": [2, 2, 1.75]
		},
		"firstperson_lefthand": {
			"rotation": [-39, 90, 1],
			"translation": [1.5, 8.25, 1.75],
			"scale": [2, 2, 1.75]
		},
		"ground": {
			"translation": [0, 12.5, 0],
			"scale": [3.75, 3.75, 2.5]
		},
		"gui": {
			"rotation": [0, 0, -42],
			"translation": [6.25, 2.5, 0],
			"scale": [4, 4, 1]
		},
		"fixed": {
			"rotation": [-180, 0, 138],
			"translation": [-1.25, 1.75, -0.75],
			"scale": [4, 4, 3]
		}
	},
	"groups": [
		{
			"name": "soul_harvester",
			"origin": [8, 8, 8],
			"color": 0,
			"children": [0, 1, 2, 3, 4, 5, 6, 7, 8, 9, 10, 11, 12, 13, 14, 15, 16, 17, 18, 19, 20, 21, 22, 23, 24, 25, 26, 27, 28, 29, 30, 31]
		}
	]
}