{
	"credit": "Made with Blockbench",
	"textures": {
		"0": "prominent:item/transmog/steelsword",
		"particle": "prominent:item/transmog/steelsword"
	},
	"elements": [
		{
			"name": "steelsword_0",
			"from": [8.375, 10.875, 7.8],
			"to": [8.5, 11.375, 7.925],
			"faces": {
				"north": {"uv": [8.5, 4.625, 8.375, 5.125], "texture": "#0"},
				"east": {"uv": [8.375, 4.625, 8.5, 5.125], "texture": "#0"},
				"south": {"uv": [8.375, 4.625, 8.5, 5.125], "texture": "#0"},
				"west": {"uv": [8.375, 4.625, 8.5, 5.125], "texture": "#0"},
				"up": {"uv": [8.375, 4.625, 8.5, 4.75], "texture": "#0"},
				"down": {"uv": [8.375, 5, 8.5, 5.125], "texture": "#0"}
			}
		},
		{
			"name": "steelsword_1",
			"from": [8.25, 10.625, 7.8],
			"to": [8.375, 11, 7.925],
			"faces": {
				"north": {"uv": [8.375, 5, 8.25, 5.375], "texture": "#0"},
				"east": {"uv": [8.25, 5, 8.375, 5.375], "texture": "#0"},
				"south": {"uv": [8.25, 5, 8.375, 5.375], "texture": "#0"},
				"west": {"uv": [8.25, 5, 8.375, 5.375], "texture": "#0"},
				"up": {"uv": [8.25, 5, 8.375, 5.125], "texture": "#0"},
				"down": {"uv": [8.25, 5.25, 8.375, 5.375], "texture": "#0"}
			}
		},
		{
			"name": "steelsword_2",
			"from": [8.5, 10.625, 7.8],
			"to": [8.625, 11, 7.925],
			"faces": {
				"north": {"uv": [8.625, 5, 8.5, 5.375], "texture": "#0"},
				"east": {"uv": [8.5, 5, 8.625, 5.375], "texture": "#0"},
				"south": {"uv": [8.5, 5, 8.625, 5.375], "texture": "#0"},
				"west": {"uv": [8.5, 5, 8.625, 5.375], "texture": "#0"},
				"up": {"uv": [8.5, 5, 8.625, 5.125], "texture": "#0"},
				"down": {"uv": [8.5, 5.25, 8.625, 5.375], "texture": "#0"}
			}
		},
		{
			"name": "steelsword_3",
			"from": [8.375, 6, 7.75],
			"to": [8.5, 10.875, 7.975],
			"faces": {
				"north": {"uv": [7.25, 5.125, 7.125, 10], "texture": "#0"},
				"east": {"uv": [7.125, 5.125, 7.25, 10], "texture": "#0"},
				"south": {"uv": [7.125, 5.125, 7.25, 10], "texture": "#0"},
				"west": {"uv": [7.125, 5.125, 7.25, 10], "texture": "#0"},
				"up": {"uv": [7.125, 5.125, 7.25, 5.25], "texture": "#0"},
				"down": {"uv": [7.125, 9.875, 7.25, 10], "texture": "#0"}
			}
		},
		{
			"name": "steelsword_4",
			"from": [8.25, 5.625, 7.75],
			"to": [8.375, 10.625, 7.975],
			"faces": {
				"north": {"uv": [7.125, 5.375, 7, 10.375], "texture": "#0"},
				"east": {"uv": [7, 5.375, 7.125, 10.375], "texture": "#0"},
				"south": {"uv": [7, 5.375, 7.125, 10.375], "texture": "#0"},
				"west": {"uv": [7, 5.375, 7.125, 10.375], "texture": "#0"},
				"up": {"uv": [7, 5.375, 7.125, 5.5], "texture": "#0"},
				"down": {"uv": [7, 10.25, 7.125, 10.375], "texture": "#0"}
			}
		},
		{
			"name": "steelsword_5",
			"from": [8.5, 5.625, 7.75],
			"to": [8.625, 10.625, 7.975],
			"faces": {
				"north": {"uv": [7.375, 5.375, 7.25, 10.375], "texture": "#0"},
				"east": {"uv": [7.25, 5.375, 7.375, 10.375], "texture": "#0"},
				"south": {"uv": [7.25, 5.375, 7.375, 10.375], "texture": "#0"},
				"west": {"uv": [7.25, 5.375, 7.375, 10.375], "texture": "#0"},
				"up": {"uv": [7.25, 5.375, 7.375, 5.5], "texture": "#0"},
				"down": {"uv": [7.25, 10.25, 7.375, 10.375], "texture": "#0"}
			}
		},
		{
			"name": "steelsword_6",
			"from": [8.125, 5.625, 7.8],
			"to": [8.25, 10.625, 7.925],
			"faces": {
				"north": {"uv": [8.25, 5.375, 8.125, 10.375], "texture": "#0"},
				"east": {"uv": [8.125, 5.375, 8.25, 10.375], "texture": "#0"},
				"south": {"uv": [8.125, 5.375, 8.25, 10.375], "texture": "#0"},
				"west": {"uv": [8.125, 5.375, 8.25, 10.375], "texture": "#0"},
				"up": {"uv": [8.125, 5.375, 8.25, 5.5], "texture": "#0"},
				"down": {"uv": [8.125, 10.25, 8.25, 10.375], "texture": "#0"}
			}
		},
		{
			"name": "steelsword_7",
			"from": [8.625, 5.625, 7.8],
			"to": [8.75, 10.625, 7.925],
			"faces": {
				"north": {"uv": [8.75, 5.375, 8.625, 10.375], "texture": "#0"},
				"east": {"uv": [8.625, 5.375, 8.75, 10.375], "texture": "#0"},
				"south": {"uv": [8.625, 5.375, 8.75, 10.375], "texture": "#0"},
				"west": {"uv": [8.625, 5.375, 8.75, 10.375], "texture": "#0"},
				"up": {"uv": [8.625, 5.375, 8.75, 5.5], "texture": "#0"},
				"down": {"uv": [8.625, 10.25, 8.75, 10.375], "texture": "#0"}
			}
		},
		{
			"name": "steelsword_8",
			"from": [8.375, 4.875, 7.7],
			"to": [8.5, 6, 8.025],
			"faces": {
				"north": {"uv": [10.5, 9.75, 10.375, 10.875], "texture": "#0"},
				"east": {"uv": [10.375, 9.75, 10.5, 10.875], "texture": "#0"},
				"south": {"uv": [10.375, 9.75, 10.5, 10.875], "texture": "#0"},
				"west": {"uv": [10.375, 9.75, 10.5, 10.875], "texture": "#0"},
				"up": {"uv": [10.375, 9.75, 10.5, 9.875], "texture": "#0"},
				"down": {"uv": [10.375, 10.75, 10.5, 10.875], "texture": "#0"}
			}
		},
		{
			"name": "steelsword_9",
			"from": [8.25, 4.875, 7.7],
			"to": [8.375, 5.625, 8.025],
			"faces": {
				"north": {"uv": [10.375, 10.125, 10.25, 10.875], "texture": "#0"},
				"east": {"uv": [10.25, 10.125, 10.375, 10.875], "texture": "#0"},
				"south": {"uv": [10.25, 10.125, 10.375, 10.875], "texture": "#0"},
				"west": {"uv": [10.25, 10.125, 10.375, 10.875], "texture": "#0"},
				"up": {"uv": [10.25, 10.125, 10.375, 10.25], "texture": "#0"},
				"down": {"uv": [10.25, 10.75, 10.375, 10.875], "texture": "#0"}
			}
		},
		{
			"name": "steelsword_10",
			"from": [8.5, 4.875, 7.7],
			"to": [8.625, 5.625, 8.025],
			"faces": {
				"north": {"uv": [10.625, 10.125, 10.5, 10.875], "texture": "#0"},
				"east": {"uv": [10.5, 10.125, 10.625, 10.875], "texture": "#0"},
				"south": {"uv": [10.5, 10.125, 10.625, 10.875], "texture": "#0"},
				"west": {"uv": [10.5, 10.125, 10.625, 10.875], "texture": "#0"},
				"up": {"uv": [10.5, 10.125, 10.625, 10.25], "texture": "#0"},
				"down": {"uv": [10.5, 10.75, 10.625, 10.875], "texture": "#0"}
			}
		},
		{
			"name": "steelsword_11",
			"from": [8.125, 4.875, 7.75],
			"to": [8.25, 5.625, 7.975],
			"faces": {
				"north": {"uv": [7, 10.375, 6.875, 11.125], "texture": "#0"},
				"east": {"uv": [6.875, 10.375, 7, 11.125], "texture": "#0"},
				"south": {"uv": [6.875, 10.375, 7, 11.125], "texture": "#0"},
				"west": {"uv": [6.875, 10.375, 7, 11.125], "texture": "#0"},
				"up": {"uv": [6.875, 10.375, 7, 10.5], "texture": "#0"},
				"down": {"uv": [6.875, 11, 7, 11.125], "texture": "#0"}
			}
		},
		{
			"name": "steelsword_12",
			"from": [8.625, 4.875, 7.75],
			"to": [8.75, 5.625, 7.975],
			"faces": {
				"north": {"uv": [7.5, 10.375, 7.375, 11.125], "texture": "#0"},
				"east": {"uv": [7.375, 10.375, 7.5, 11.125], "texture": "#0"},
				"south": {"uv": [7.375, 10.375, 7.5, 11.125], "texture": "#0"},
				"west": {"uv": [7.375, 10.375, 7.5, 11.125], "texture": "#0"},
				"up": {"uv": [7.375, 10.375, 7.5, 10.5], "texture": "#0"},
				"down": {"uv": [7.375, 11, 7.5, 11.125], "texture": "#0"}
			}
		},
		{
			"name": "steelsword_13",
			"from": [8, 5, 7.8],
			"to": [8.125, 5.625, 7.925],
			"faces": {
				"north": {"uv": [8.125, 10.375, 8, 11], "texture": "#0"},
				"east": {"uv": [8, 10.375, 8.125, 11], "texture": "#0"},
				"south": {"uv": [8, 10.375, 8.125, 11], "texture": "#0"},
				"west": {"uv": [8, 10.375, 8.125, 11], "texture": "#0"},
				"up": {"uv": [8, 10.375, 8.125, 10.5], "texture": "#0"},
				"down": {"uv": [8, 10.875, 8.125, 11], "texture": "#0"}
			}
		},
		{
			"name": "steelsword_14",
			"from": [8.75, 5, 7.8],
			"to": [8.875, 5.625, 7.925],
			"faces": {
				"north": {"uv": [8.875, 10.375, 8.75, 11], "texture": "#0"},
				"east": {"uv": [8.75, 10.375, 8.875, 11], "texture": "#0"},
				"south": {"uv": [8.75, 10.375, 8.875, 11], "texture": "#0"},
				"west": {"uv": [8.75, 10.375, 8.875, 11], "texture": "#0"},
				"up": {"uv": [8.75, 10.375, 8.875, 10.5], "texture": "#0"},
				"down": {"uv": [8.75, 10.875, 8.875, 11], "texture": "#0"}
			}
		},
		{
			"name": "steelsword_15",
			"from": [8, 4.875, 7.75],
			"to": [8.125, 5, 7.975],
			"faces": {
				"north": {"uv": [6.875, 11, 6.75, 11.125], "texture": "#0"},
				"east": {"uv": [6.75, 11, 6.875, 11.125], "texture": "#0"},
				"south": {"uv": [6.75, 11, 6.875, 11.125], "texture": "#0"},
				"west": {"uv": [6.75, 11, 6.875, 11.125], "texture": "#0"},
				"up": {"uv": [6.75, 11, 6.875, 11.125], "texture": "#0"},
				"down": {"uv": [6.75, 11, 6.875, 11.125], "texture": "#0"}
			}
		},
		{
			"name": "steelsword_16",
			"from": [8.75, 4.875, 7.75],
			"to": [8.875, 5, 7.975],
			"faces": {
				"north": {"uv": [7.625, 11, 7.5, 11.125], "texture": "#0"},
				"east": {"uv": [7.5, 11, 7.625, 11.125], "texture": "#0"},
				"south": {"uv": [7.5, 11, 7.625, 11.125], "texture": "#0"},
				"west": {"uv": [7.5, 11, 7.625, 11.125], "texture": "#0"},
				"up": {"uv": [7.5, 11, 7.625, 11.125], "texture": "#0"},
				"down": {"uv": [7.5, 11, 7.625, 11.125], "texture": "#0"}
			}
		},
		{
			"name": "steelsword_17",
			"from": [7.875, 4.875, 7.8],
			"to": [8, 5, 7.925],
			"faces": {
				"north": {"uv": [8, 11, 7.875, 11.125], "texture": "#0"},
				"east": {"uv": [7.875, 11, 8, 11.125], "texture": "#0"},
				"south": {"uv": [7.875, 11, 8, 11.125], "texture": "#0"},
				"west": {"uv": [7.875, 11, 8, 11.125], "texture": "#0"},
				"up": {"uv": [7.875, 11, 8, 11.125], "texture": "#0"},
				"down": {"uv": [7.875, 11, 8, 11.125], "texture": "#0"}
			}
		},
		{
			"name": "steelsword_18",
			"from": [8.875, 4.875, 7.8],
			"to": [9, 5, 7.925],
			"faces": {
				"north": {"uv": [9, 11, 8.875, 11.125], "texture": "#0"},
				"east": {"uv": [8.875, 11, 9, 11.125], "texture": "#0"},
				"south": {"uv": [8.875, 11, 9, 11.125], "texture": "#0"},
				"west": {"uv": [8.875, 11, 9, 11.125], "texture": "#0"},
				"up": {"uv": [8.875, 11, 9, 11.125], "texture": "#0"},
				"down": {"uv": [8.875, 11, 9, 11.125], "texture": "#0"}
			}
		},
		{
			"name": "steelsword_19",
			"from": [7.5, 4.75, 7.65],
			"to": [7.875, 5, 8.075],
			"faces": {
				"north": {"uv": [9.875, 11, 9.5, 11.25], "texture": "#0"},
				"east": {"uv": [9.75, 11, 9.875, 11.25], "texture": "#0"},
				"south": {"uv": [9.5, 11, 9.875, 11.25], "texture": "#0"},
				"west": {"uv": [9.5, 11, 9.625, 11.25], "texture": "#0"},
				"up": {"uv": [9.5, 11, 9.875, 11.125], "texture": "#0"},
				"down": {"uv": [9.5, 11.125, 9.875, 11.25], "texture": "#0"}
			}
		},
		{
			"name": "steelsword_20",
			"from": [9, 4.75, 7.65],
			"to": [9.375, 5, 8.075],
			"faces": {
				"north": {"uv": [11.375, 11, 11, 11.25], "texture": "#0"},
				"east": {"uv": [11.25, 11, 11.375, 11.25], "texture": "#0"},
				"south": {"uv": [11, 11, 11.375, 11.25], "texture": "#0"},
				"west": {"uv": [11, 11, 11.125, 11.25], "texture": "#0"},
				"up": {"uv": [11, 11, 11.375, 11.125], "texture": "#0"},
				"down": {"uv": [11, 11.125, 11.375, 11.25], "texture": "#0"}
			}
		},
		{
			"name": "steelsword_21",
			"from": [7.875, 4.625, 7.65],
			"to": [9, 4.875, 8.075],
			"faces": {
				"north": {"uv": [11, 11.125, 9.875, 11.375], "texture": "#0"},
				"east": {"uv": [10.875, 11.125, 11, 11.375], "texture": "#0"},
				"south": {"uv": [9.875, 11.125, 11, 11.375], "texture": "#0"},
				"west": {"uv": [9.875, 11.125, 10, 11.375], "texture": "#0"},
				"up": {"uv": [9.875, 11.125, 11, 11.25], "texture": "#0"},
				"down": {"uv": [9.875, 11.25, 11, 11.375], "texture": "#0"}
			}
		},
		{
			"name": "steelsword_22",
			"from": [7.75, 4.625, 7.65],
			"to": [7.875, 4.75, 8.075],
			"faces": {
				"north": {"uv": [9.875, 11.25, 9.75, 11.375], "texture": "#0"},
				"east": {"uv": [9.75, 11.25, 9.875, 11.375], "texture": "#0"},
				"south": {"uv": [9.75, 11.25, 9.875, 11.375], "texture": "#0"},
				"west": {"uv": [9.75, 11.25, 9.875, 11.375], "texture": "#0"},
				"up": {"uv": [9.75, 11.25, 9.875, 11.375], "texture": "#0"},
				"down": {"uv": [9.75, 11.25, 9.875, 11.375], "texture": "#0"}
			}
		},
		{
			"name": "steelsword_23",
			"from": [9, 4.625, 7.65],
			"to": [9.125, 4.75, 8.075],
			"faces": {
				"north": {"uv": [11.125, 11.25, 11, 11.375], "texture": "#0"},
				"east": {"uv": [11, 11.25, 11.125, 11.375], "texture": "#0"},
				"south": {"uv": [11, 11.25, 11.125, 11.375], "texture": "#0"},
				"west": {"uv": [11, 11.25, 11.125, 11.375], "texture": "#0"},
				"up": {"uv": [11, 11.25, 11.125, 11.375], "texture": "#0"},
				"down": {"uv": [11, 11.25, 11.125, 11.375], "texture": "#0"}
			}
		},
		{
			"name": "steelsword_24",
			"from": [8.125, 4.5, 7.65],
			"to": [8.75, 4.625, 8.075],
			"faces": {
				"north": {"uv": [10.75, 11.375, 10.125, 11.5], "texture": "#0"},
				"east": {"uv": [10.625, 11.375, 10.75, 11.5], "texture": "#0"},
				"south": {"uv": [10.125, 11.375, 10.75, 11.5], "texture": "#0"},
				"west": {"uv": [10.125, 11.375, 10.25, 11.5], "texture": "#0"},
				"up": {"uv": [10.125, 11.375, 10.75, 11.5], "texture": "#0"},
				"down": {"uv": [10.125, 11.375, 10.75, 11.5], "texture": "#0"}
			}
		},
		{
			"name": "steelsword_25",
			"from": [8.25, 2.375, 7.7],
			"to": [8.625, 4.5, 8.025],
			"faces": {
				"north": {"uv": [8.625, 11.5, 8.25, 13.625], "texture": "#0"},
				"east": {"uv": [8.5, 11.5, 8.625, 13.625], "texture": "#0"},
				"south": {"uv": [8.25, 11.5, 8.625, 13.625], "texture": "#0"},
				"west": {"uv": [8.25, 11.5, 8.375, 13.625], "texture": "#0"},
				"up": {"uv": [8.25, 11.5, 8.625, 11.625], "texture": "#0"},
				"down": {"uv": [8.25, 13.5, 8.625, 13.625], "texture": "#0"}
			}
		},
		{
			"name": "steelsword_26",
			"from": [8.125, 2.125, 7.65],
			"to": [8.75, 2.375, 8.075],
			"faces": {
				"north": {"uv": [8.75, 13.875, 8.125, 14.125], "texture": "#0"},
				"east": {"uv": [8.625, 13.875, 8.75, 14.125], "texture": "#0"},
				"south": {"uv": [8.125, 13.875, 8.75, 14.125], "texture": "#0"},
				"west": {"uv": [8.125, 13.875, 8.25, 14.125], "texture": "#0"},
				"up": {"uv": [8.125, 13.875, 8.75, 14], "texture": "#0"},
				"down": {"uv": [8.125, 14, 8.75, 14.125], "texture": "#0"}
			}
		},
		{
			"name": "steelsword_27",
			"from": [8.25, 2, 7.65],
			"to": [8.625, 2.125, 8.075],
			"faces": {
				"north": {"uv": [8.625, 14.125, 8.25, 14.25], "texture": "#0"},
				"east": {"uv": [8.5, 14.125, 8.625, 14.25], "texture": "#0"},
				"south": {"uv": [8.25, 14.125, 8.625, 14.25], "texture": "#0"},
				"west": {"uv": [8.25, 14.125, 8.375, 14.25], "texture": "#0"},
				"up": {"uv": [8.25, 14.125, 8.625, 14.25], "texture": "#0"},
				"down": {"uv": [8.25, 14.125, 8.625, 14.25], "texture": "#0"}
			}
		}
	],
	"gui_light": "front",
	"display": {
		"thirdperson_righthand": {
			"rotation": [0, 90, 0],
			"translation": [0.25, 9.75, 2.5],
			"scale": [2.7, 2.7, 2.5]
		},
		"thirdperson_lefthand": {
			"rotation": [0, -90, 0],
			"translation": [-0.5, 9.75, 2.5],
			"scale": [2.7, 2.7, 2.5]
		},
		"firstperson_righthand": {
			"rotation": [6, 95, 0],
			"translation": [0, 8, 0.5],
			"scale": [1.6, 1.6, 1.6]
		},
		"firstperson_lefthand": {
			"rotation": [6, -80, 0],
			"translation": [1.5, 7.75, 0],
			"scale": [1.6, 1.6, 1.6]
		},
		"ground": {
			"rotation": [0, 0, -45],
			"translation": [0, 3.3956, 0],
			"scale": [1.5, 1.5, 1.5]
		},
		"gui": {
			"rotation": [0, 0, -45],
			"translation": [2, 3.25, 0],
			"scale": [2.5, 2.5, 2.5]
		},
		"head": {
			"rotation": [0, 0, 45],
			"translation": [0, 19, 0],
			"scale": [2, 2, 2]
		},
		"fixed": {
			"rotation": [0, 0, 45],
			"translation": [-3.75, 3, 0],
			"scale": [2.7, 2.7, 2.7]
		}
	},
	"groups": [
		{
			"name": "steelsword",
			"origin": [8, 8, 8],
			"color": 0,
			"nbt": "{}",
			"children": [0, 1, 2, 3, 4, 5, 6, 7, 8, 9, 10, 11, 12, 13, 14, 15, 16, 17, 18, 19, 20, 21, 22, 23, 24, 25, 26, 27]
		}
	]
}