{
	"credit": "Made with Blockbench",
	"textures": {
		"0": "prominent:item/transmog/sunbreak",
		"particle": "prominent:item/transmog/sunbreak"
	},
	"elements": [
		{
			"from": [7.75, 15.75, 8.75],
			"to": [9, 16.25, 10],
			"faces": {
				"north": {"uv": [7.625, 6.375, 8.25, 6.625], "texture": "#0"},
				"east": {"uv": [7.625, 6.375, 8.25, 6.625], "texture": "#0"},
				"south": {"uv": [7.625, 6.375, 8.25, 6.625], "texture": "#0"},
				"west": {"uv": [7.625, 6.375, 8.25, 6.625], "texture": "#0"},
				"up": {"uv": [8.125, 5.625, 8.25, 5.75], "texture": "#0"},
				"down": {"uv": [8.125, 5.75, 8.25, 5.875], "texture": "#0"}
			}
		},
		{
			"from": [7.75, 12.5, 8.75],
			"to": [9, 13, 10],
			"faces": {
				"north": {"uv": [7.625, 6.375, 8.25, 6.625], "texture": "#0"},
				"east": {"uv": [7.625, 6.375, 8.25, 6.625], "texture": "#0"},
				"south": {"uv": [7.625, 6.375, 8.25, 6.625], "texture": "#0"},
				"west": {"uv": [7.625, 6.375, 8.25, 6.625], "texture": "#0"},
				"up": {"uv": [8.125, 5.625, 8.25, 5.75], "texture": "#0"},
				"down": {"uv": [8.125, 5.75, 8.25, 5.875], "texture": "#0"}
			}
		},
		{
			"from": [7.75, -1.75, 8.75],
			"to": [9, -1, 10],
			"faces": {
				"north": {"uv": [7.625, 15, 8.25, 15.375], "texture": "#0"},
				"east": {"uv": [7.625, 15, 8.25, 15.375], "texture": "#0"},
				"south": {"uv": [7.625, 15, 8.25, 15.375], "texture": "#0"},
				"west": {"uv": [7.625, 15, 8.25, 15.375], "texture": "#0"},
				"up": {"uv": [8.125, 15, 8.25, 15.125], "texture": "#0"},
				"down": {"uv": [8.125, 15.25, 8.25, 15.375], "texture": "#0"}
			}
		},
		{
			"from": [8, -2, 9],
			"to": [8.75, -1.75, 9.75],
			"faces": {
				"north": {"uv": [7.75, 15.375, 8.125, 15.5], "texture": "#0"},
				"east": {"uv": [7.75, 15.375, 8.125, 15.5], "texture": "#0"},
				"south": {"uv": [7.75, 15.375, 8.125, 15.5], "texture": "#0"},
				"west": {"uv": [7.75, 15.375, 8.125, 15.5], "texture": "#0"},
				"up": {"uv": [8.125, 5.625, 8.25, 5.75], "texture": "#missing"},
				"down": {"uv": [8.125, 15.25, 8.25, 15.375], "texture": "#0"}
			}
		},
		{
			"from": [7.75, 18, 8.75],
			"to": [9, 18.5, 10],
			"faces": {
				"north": {"uv": [7.625, 5.25, 8.25, 5.5], "texture": "#0"},
				"east": {"uv": [7.625, 5.25, 8.25, 5.5], "texture": "#0"},
				"south": {"uv": [7.625, 5.25, 8.25, 5.5], "texture": "#0"},
				"west": {"uv": [7.625, 5.25, 8.25, 5.5], "texture": "#0"},
				"up": {"uv": [8.125, 5.625, 8.25, 5.75], "texture": "#0"},
				"down": {"uv": [8.125, 5.75, 8.25, 5.875], "texture": "#0"}
			}
		},
		{
			"from": [7.97, 18.75, 9],
			"to": [8.77, 20.75, 9.75],
			"faces": {
				"north": {"uv": [8.125, 4.125, 7.75, 5.125], "texture": "#0"},
				"east": {"uv": [7.75, 4.125, 8.125, 5.125], "texture": "#0"},
				"south": {"uv": [8.125, 4.125, 7.75, 5.125], "texture": "#0"},
				"west": {"uv": [8.125, 4.125, 7.75, 5.125], "texture": "#0"},
				"up": {"uv": [7.875, 4.125, 7.75, 4.25], "texture": "#0"},
				"down": {"uv": [8.375, 3.25, 8.5, 3.375], "texture": "#0"}
			}
		},
		{
			"from": [7.97, 19, 9.75],
			"to": [8.77, 20.75, 10],
			"faces": {
				"north": {"uv": [8.375, 3.25, 8.5, 3.375], "texture": "#0"},
				"east": {"uv": [8.25, 4.125, 8.125, 5], "texture": "#0"},
				"south": {"uv": [7.75, 4.125, 7.625, 5], "texture": "#0"},
				"west": {"uv": [8.25, 4.125, 8.125, 5], "texture": "#0"},
				"up": {"uv": [7.75, 4.125, 7.625, 4.25], "texture": "#0"},
				"down": {"uv": [7.75, 4.125, 7.625, 4.25], "texture": "#0"}
			}
		},
		{
			"from": [7.97, 19, 8.75],
			"to": [8.77, 20.75, 9],
			"faces": {
				"north": {"uv": [7.75, 4.125, 7.625, 5], "texture": "#0"},
				"east": {"uv": [8.25, 4.125, 8.125, 5], "texture": "#0"},
				"south": {"uv": [7.625, 5.625, 8.25, 5.875], "texture": "#missing"},
				"west": {"uv": [7.75, 4.125, 7.625, 5], "texture": "#0"},
				"up": {"uv": [7.75, 4.125, 7.625, 4.25], "texture": "#0"},
				"down": {"uv": [7.75, 4.125, 7.625, 4.25], "texture": "#0"}
			}
		},
		{
			"from": [8, -1, 9],
			"to": [8.75, 18.75, 9.75],
			"faces": {
				"north": {"uv": [7.75, 5.125, 8.125, 15], "texture": "#0"},
				"east": {"uv": [7.75, 5.125, 8.125, 15], "texture": "#0"},
				"south": {"uv": [7.75, 5.125, 8.125, 15], "texture": "#0"},
				"west": {"uv": [7.75, 5.125, 8.125, 15], "texture": "#0"},
				"up": {"uv": [0, 0, 0.75, 0.75], "texture": "#missing"},
				"down": {"uv": [0, 0, 0.75, 0.75], "texture": "#missing"}
			}
		},
		{
			"from": [7.75, 0, 8.75],
			"to": [9, 0.5, 10],
			"faces": {
				"north": {"uv": [7.625, 6.375, 8.25, 6.625], "texture": "#0"},
				"east": {"uv": [7.625, 6.375, 8.25, 6.625], "texture": "#0"},
				"south": {"uv": [7.625, 6.375, 8.25, 6.625], "texture": "#0"},
				"west": {"uv": [7.625, 6.375, 8.25, 6.625], "texture": "#0"},
				"up": {"uv": [8.125, 5.625, 8.25, 5.75], "texture": "#0"},
				"down": {"uv": [8.125, 5.75, 8.25, 5.875], "texture": "#0"}
			}
		},
		{
			"from": [7.75, -0.75, 8.75],
			"to": [9, -0.25, 10],
			"faces": {
				"north": {"uv": [7.625, 6.375, 8.25, 6.625], "texture": "#0"},
				"east": {"uv": [7.625, 6.375, 8.25, 6.625], "texture": "#0"},
				"south": {"uv": [7.625, 6.375, 8.25, 6.625], "texture": "#0"},
				"west": {"uv": [7.625, 6.375, 8.25, 6.625], "texture": "#0"},
				"up": {"uv": [8.125, 5.625, 8.25, 5.75], "texture": "#0"},
				"down": {"uv": [8.125, 5.75, 8.25, 5.875], "texture": "#0"}
			}
		},
		{
			"from": [8.16, 21.25, 7.74991],
			"to": [8.585, 21.5, 7.99991],
			"faces": {
				"north": {"uv": [7.25, 3.75, 7.125, 3.875], "texture": "#0"},
				"east": {"uv": [7.25, 3.75, 7.125, 3.875], "texture": "#0"},
				"south": {"uv": [7.25, 3.75, 7.125, 3.875], "texture": "#0"},
				"west": {"uv": [7.25, 3.75, 7.125, 3.875], "texture": "#0"},
				"up": {"uv": [7.25, 3.75, 7.125, 3.875], "texture": "#0"},
				"down": {"uv": [7.25, 3.75, 7.125, 3.875], "texture": "#0"}
			}
		},
		{
			"from": [8.16, 21.5, 8.0001],
			"to": [8.585, 21.75, 8.7501],
			"faces": {
				"north": {"uv": [7.25, 3.75, 7.125, 3.875], "texture": "#0"},
				"east": {"uv": [7.25, 3.75, 7.125, 3.875], "texture": "#0"},
				"south": {"uv": [7.25, 3.75, 7.125, 3.875], "texture": "#0"},
				"west": {"uv": [7.25, 3.75, 7.125, 3.875], "texture": "#0"},
				"up": {"uv": [7.25, 3.75, 7.125, 3.875], "texture": "#0"},
				"down": {"uv": [7.25, 3.75, 7.125, 3.875], "texture": "#0"}
			}
		},
		{
			"from": [8.16, 21, 8.7499],
			"to": [8.585, 21.5, 8.9999],
			"faces": {
				"north": {"uv": [7.25, 3.75, 7.125, 3.875], "texture": "#0"},
				"east": {"uv": [7.25, 3.75, 7.125, 3.875], "texture": "#0"},
				"south": {"uv": [7.25, 3.75, 7.125, 3.875], "texture": "#0"},
				"west": {"uv": [7.25, 3.75, 7.125, 3.875], "texture": "#0"},
				"up": {"uv": [7.25, 3.75, 7.125, 3.875], "texture": "#0"},
				"down": {"uv": [7.25, 3.75, 7.125, 3.875], "texture": "#0"}
			}
		},
		{
			"from": [8.16, 20.75, 8.999],
			"to": [8.585, 21, 9.249],
			"faces": {
				"north": {"uv": [7.25, 3.75, 7.125, 3.875], "texture": "#0"},
				"east": {"uv": [7.25, 3.75, 7.125, 3.875], "texture": "#0"},
				"south": {"uv": [7.25, 3.75, 7.125, 3.875], "texture": "#0"},
				"west": {"uv": [7.25, 3.75, 7.125, 3.875], "texture": "#0"},
				"up": {"uv": [7.25, 3.75, 7.125, 3.875], "texture": "#0"},
				"down": {"uv": [7.25, 3.75, 7.125, 3.875], "texture": "#0"}
			}
		},
		{
			"from": [8.19, 20.75, 10.25],
			"to": [8.565, 21, 10.75],
			"faces": {
				"north": {"uv": [8.25, 4.125, 8.375, 4.25], "texture": "#0"},
				"east": {"uv": [8.625, 4, 8.375, 4.125], "texture": "#0"},
				"south": {"uv": [8.5, 4, 8.625, 4.125], "texture": "#0"},
				"west": {"uv": [8.375, 4, 8.625, 4.125], "texture": "#0"},
				"up": {"uv": [8.5, 4, 8.625, 4.125], "texture": "#0"},
				"down": {"uv": [7.25, 11.125, 7.375, 11.25], "rotation": 90, "texture": "#missing"}
			}
		},
		{
			"from": [8.19, 19, 10],
			"to": [8.565, 19.75, 10.25],
			"faces": {
				"north": {"uv": [8.25, 4.125, 8.375, 4.25], "texture": "#0"},
				"east": {"uv": [8.375, 4.625, 8.25, 5], "texture": "#0"},
				"south": {"uv": [8.25, 4.625, 8.375, 4.75], "texture": "#0"},
				"west": {"uv": [8.25, 4.625, 8.375, 5], "texture": "#0"},
				"up": {"uv": [8.25, 4.625, 8.375, 4.75], "texture": "#0"},
				"down": {"uv": [8.375, 5, 8.5, 5.125], "texture": "#0"}
			}
		},
		{
			"from": [8.19, 17.75, 8],
			"to": [8.565, 19.25, 8.25],
			"faces": {
				"north": {"uv": [7.25, 4.875, 7.375, 5.625], "texture": "#0"},
				"east": {"uv": [7.375, 4.875, 7.25, 5.625], "texture": "#0"},
				"south": {"uv": [8.5, 4, 8.625, 4.125], "texture": "#0"},
				"west": {"uv": [7.25, 4.875, 7.375, 5.625], "texture": "#0"},
				"up": {"uv": [8.25, 4.625, 8.375, 4.75], "texture": "#0"},
				"down": {"uv": [8.25, 6.125, 8.125, 6.25], "texture": "#0"}
			}
		},
		{
			"from": [8.19, 18.75, 6.75],
			"to": [8.565, 19.25, 7.25],
			"faces": {
				"north": {"uv": [8.25, 6.125, 8.125, 6.25], "texture": "#0"},
				"east": {"uv": [6.875, 4.875, 6.625, 5.125], "texture": "#0"},
				"south": {"uv": [8.75, 5, 8.875, 5.125], "texture": "#0"},
				"west": {"uv": [6.625, 4.875, 6.875, 5.125], "texture": "#0"},
				"up": {"uv": [9.125, 5.125, 9, 4.875], "texture": "#0"},
				"down": {"uv": [8.25, 6.125, 8.125, 6.25], "texture": "#0"}
			}
		},
		{
			"from": [8.19, 18.5, 7.25],
			"to": [8.565, 19, 7.75],
			"faces": {
				"north": {"uv": [8.25, 6.125, 8.125, 6.25], "texture": "#0"},
				"east": {"uv": [7.125, 5, 6.875, 5.25], "texture": "#0"},
				"south": {"uv": [8.5, 4, 8.625, 4.125], "texture": "#0"},
				"west": {"uv": [6.875, 5, 7.125, 5.25], "texture": "#0"},
				"up": {"uv": [8.75, 5, 9, 5.125], "texture": "#0"},
				"down": {"uv": [8.25, 6.125, 8.125, 6.25], "texture": "#0"}
			}
		},
		{
			"from": [8.19, 18.25, 7.75],
			"to": [8.565, 19, 8],
			"faces": {
				"north": {"uv": [8.25, 6.125, 8.125, 6.25], "texture": "#0"},
				"east": {"uv": [7.25, 5, 7.125, 5.375], "texture": "#0"},
				"south": {"uv": [8.5, 4, 8.625, 4.125], "texture": "#0"},
				"west": {"uv": [7.125, 5, 7.25, 5.375], "texture": "#0"},
				"up": {"uv": [8.625, 5, 8.75, 5.125], "texture": "#0"},
				"down": {"uv": [8.25, 6.125, 8.125, 6.25], "texture": "#0"}
			}
		},
		{
			"from": [8.19, 17.5, 8.25],
			"to": [8.565, 18.25, 8.5],
			"faces": {
				"north": {"uv": [8.25, 6.125, 8.125, 6.25], "texture": "#0"},
				"east": {"uv": [7.5, 5.375, 7.375, 5.75], "texture": "#0"},
				"south": {"uv": [8.5, 4, 8.625, 4.125], "texture": "#0"},
				"west": {"uv": [7.375, 5.375, 7.5, 5.75], "texture": "#0"},
				"up": {"uv": [8.5, 4, 8.625, 4.125], "texture": "#0"},
				"down": {"uv": [8.25, 6.125, 8.125, 6.25], "texture": "#0"}
			}
		},
		{
			"from": [8.19, 16.5, 8.75],
			"to": [8.565, 17, 9],
			"faces": {
				"north": {"uv": [8.25, 6.125, 8.125, 6.25], "texture": "#0"},
				"east": {"uv": [8.125, 6, 8.25, 6.25], "texture": "#0"},
				"south": {"uv": [8.5, 4, 8.625, 4.125], "texture": "#0"},
				"west": {"uv": [8.125, 6, 8.25, 6.25], "texture": "#0"},
				"up": {"uv": [8.5, 4, 8.625, 4.125], "texture": "#0"},
				"down": {"uv": [8.25, 6.125, 8.125, 6.25], "texture": "#0"}
			}
		},
		{
			"from": [8.19, 17, 8.5],
			"to": [8.565, 17.75, 9],
			"faces": {
				"north": {"uv": [8.25, 6.125, 8.125, 6.25], "texture": "#0"},
				"east": {"uv": [7.75, 5.625, 7.5, 6], "texture": "#0"},
				"south": {"uv": [8.5, 4, 8.625, 4.125], "texture": "#0"},
				"west": {"uv": [7.5, 5.625, 7.75, 6], "texture": "#0"},
				"up": {"uv": [8.5, 4, 8.625, 4.125], "texture": "#0"},
				"down": {"uv": [8.25, 6.125, 8.125, 6.25], "texture": "#0"}
			}
		},
		{
			"from": [8.19, 18.75, 8.25],
			"to": [8.565, 19.5, 8.5],
			"faces": {
				"north": {"uv": [8.625, 5, 8.75, 5.125], "texture": "#0"},
				"east": {"uv": [7.5, 4.75, 7.375, 5.125], "texture": "#0"},
				"south": {"uv": [8.375, 5, 8.5, 5.125], "texture": "#0"},
				"west": {"uv": [7.375, 4.75, 7.5, 5.125], "texture": "#0"},
				"up": {"uv": [8.625, 5, 8.75, 5.125], "texture": "#0"},
				"down": {"uv": [8.375, 5, 8.5, 5.125], "texture": "#0"}
			}
		},
		{
			"from": [8.19, 19, 8.5],
			"to": [8.565, 19.75, 8.75],
			"faces": {
				"north": {"uv": [8.625, 5, 8.75, 5.125], "texture": "#0"},
				"east": {"uv": [8.375, 4.625, 8.25, 5], "texture": "#0"},
				"south": {"uv": [8.5, 4, 8.625, 4.125], "texture": "#0"},
				"west": {"uv": [7.5, 4.625, 7.625, 5], "texture": "#0"},
				"up": {"uv": [8.625, 5, 8.75, 5.125], "texture": "#0"},
				"down": {"uv": [8.375, 5, 8.5, 5.125], "texture": "#0"}
			}
		},
		{
			"from": [8.19, 18.75, 10.25],
			"to": [8.565, 19.5, 10.5],
			"faces": {
				"north": {"uv": [8.375, 5, 8.5, 5.125], "texture": "#0"},
				"east": {"uv": [8.5, 4.75, 8.375, 5.125], "texture": "#0"},
				"south": {"uv": [8.5, 4, 8.625, 4.125], "texture": "#0"},
				"west": {"uv": [8.375, 4.75, 8.5, 5.125], "texture": "#0"},
				"up": {"uv": [8.625, 5, 8.75, 5.125], "texture": "#0"},
				"down": {"uv": [8.375, 5, 8.5, 5.125], "texture": "#0"}
			}
		},
		{
			"from": [8.19, 17, 9.75],
			"to": [8.565, 17.75, 10.25],
			"faces": {
				"north": {"uv": [8.25, 4.125, 8.375, 4.25], "texture": "#0"},
				"east": {"uv": [8.375, 5.625, 8.125, 6], "texture": "#0"},
				"south": {"uv": [8.25, 6.125, 8.125, 6.25], "texture": "#0"},
				"west": {"uv": [8.125, 5.625, 8.375, 6], "texture": "#0"},
				"up": {"uv": [8.5, 4, 8.625, 4.125], "texture": "#0"},
				"down": {"uv": [8.25, 6.125, 8.125, 6.25], "texture": "#0"}
			}
		},
		{
			"from": [8.19, 16.5, 9.75],
			"to": [8.565, 17, 10],
			"faces": {
				"north": {"uv": [8.25, 4.125, 8.375, 4.25], "texture": "#0"},
				"east": {"uv": [8.25, 6, 8.125, 6.25], "texture": "#0"},
				"south": {"uv": [8.25, 6.125, 8.125, 6.25], "texture": "#0"},
				"west": {"uv": [8.125, 6, 8.25, 6.25], "texture": "#0"},
				"up": {"uv": [8.5, 4, 8.625, 4.125], "texture": "#0"},
				"down": {"uv": [8.25, 6.125, 8.125, 6.25], "texture": "#0"}
			}
		},
		{
			"from": [8.19, 17.5, 10.25],
			"to": [8.565, 18.25, 10.5],
			"faces": {
				"north": {"uv": [8.25, 4.125, 8.375, 4.25], "texture": "#0"},
				"east": {"uv": [8.5, 5.375, 8.375, 5.75], "texture": "#0"},
				"south": {"uv": [8.25, 6.125, 8.125, 6.25], "texture": "#0"},
				"west": {"uv": [8.375, 5.375, 8.5, 5.75], "texture": "#0"},
				"up": {"uv": [8.5, 4, 8.625, 4.125], "texture": "#0"},
				"down": {"uv": [8.25, 6.125, 8.125, 6.25], "texture": "#0"}
			}
		},
		{
			"from": [8.19, 18.25, 10.75],
			"to": [8.565, 19, 11],
			"faces": {
				"north": {"uv": [8.25, 4.125, 8.375, 4.25], "texture": "#0"},
				"east": {"uv": [8.75, 5, 8.625, 5.375], "texture": "#0"},
				"south": {"uv": [8.25, 6.125, 8.125, 6.25], "texture": "#0"},
				"west": {"uv": [8.625, 5, 8.75, 5.375], "texture": "#0"},
				"up": {"uv": [8.625, 5, 8.75, 5.125], "texture": "#0"},
				"down": {"uv": [8.25, 6.125, 8.125, 6.25], "texture": "#0"}
			}
		},
		{
			"from": [8.19, 18.5, 11],
			"to": [8.565, 19, 11.5],
			"faces": {
				"north": {"uv": [8.25, 4.125, 8.375, 4.25], "texture": "#0"},
				"east": {"uv": [9, 5, 8.75, 5.25], "texture": "#0"},
				"south": {"uv": [8.25, 6.125, 8.125, 6.25], "texture": "#0"},
				"west": {"uv": [8.75, 5, 9, 5.25], "texture": "#0"},
				"up": {"uv": [8.75, 5, 9, 5.125], "texture": "#0"},
				"down": {"uv": [8.25, 6.125, 8.125, 6.25], "texture": "#0"}
			}
		},
		{
			"from": [8.19, 18.75, 11.5],
			"to": [8.565, 19.25, 12],
			"faces": {
				"north": {"uv": [8.75, 5, 8.875, 5.125], "texture": "#0"},
				"east": {"uv": [9.25, 4.875, 9, 5.125], "texture": "#0"},
				"south": {"uv": [8.25, 6.125, 8.125, 6.25], "texture": "#0"},
				"west": {"uv": [9, 4.875, 9.25, 5.125], "texture": "#0"},
				"up": {"uv": [9, 4.875, 9.125, 5.125], "texture": "#0"},
				"down": {"uv": [8.25, 6.125, 8.125, 6.25], "texture": "#0"}
			}
		},
		{
			"from": [8.19, 17.75, 10.5],
			"to": [8.565, 19.25, 10.75],
			"faces": {
				"north": {"uv": [8.25, 4.125, 8.375, 4.25], "texture": "#0"},
				"east": {"uv": [8.625, 4.875, 8.5, 5.625], "texture": "#0"},
				"south": {"uv": [8.5, 4.875, 8.625, 5.625], "texture": "#0"},
				"west": {"uv": [8.5, 4.875, 8.625, 5.625], "texture": "#0"},
				"up": {"uv": [8.625, 5, 8.75, 5.125], "texture": "#0"},
				"down": {"uv": [8.25, 6.125, 8.125, 6.25], "texture": "#0"}
			}
		},
		{
			"from": [8.19, 20.5, 10],
			"to": [8.565, 20.75, 11.25],
			"faces": {
				"north": {"uv": [8.625, 11, 8.75, 11.125], "texture": "#missing"},
				"east": {"uv": [8.875, 4.125, 8.25, 4.25], "texture": "#0"},
				"south": {"uv": [8.5, 4, 8.625, 4.125], "texture": "#0"},
				"west": {"uv": [8.25, 4.125, 8.875, 4.25], "texture": "#0"},
				"up": {"uv": [8.25, 4.125, 8.375, 4.25], "texture": "#0"},
				"down": {"uv": [7.125, 11.5, 7.25, 11.625], "rotation": 90, "texture": "#missing"}
			}
		},
		{
			"from": [8.19, 20.25, 10],
			"to": [8.565, 20.5, 11.25],
			"faces": {
				"north": {"uv": [8.625, 11, 8.75, 11.125], "texture": "#missing"},
				"east": {"uv": [8.875, 4.25, 8.25, 4.375], "texture": "#0"},
				"south": {"uv": [8.5, 4, 8.625, 4.125], "texture": "#0"},
				"west": {"uv": [8.25, 4.25, 8.875, 4.375], "texture": "#0"},
				"up": {"uv": [8.625, 11.125, 8.75, 11.25], "rotation": 270, "texture": "#missing"},
				"down": {"uv": [8.25, 4.25, 8.375, 4.375], "texture": "#0"}
			}
		},
		{
			"from": [8.19, 20, 10.25],
			"to": [8.565, 20.25, 11.75],
			"faces": {
				"north": {"uv": [8.25, 4.25, 8.375, 4.375], "texture": "#0"},
				"east": {"uv": [9.125, 4.375, 8.375, 4.5], "texture": "#0"},
				"south": {"uv": [9, 4.375, 9.125, 4.5], "texture": "#0"},
				"west": {"uv": [8.375, 4.375, 9.125, 4.5], "texture": "#0"},
				"up": {"uv": [9, 4.375, 9.125, 4.5], "texture": "#0"},
				"down": {"uv": [8.25, 4.25, 8.375, 4.375], "texture": "#0"}
			}
		},
		{
			"from": [8.19, 20, 7],
			"to": [8.565, 20.25, 8.5],
			"faces": {
				"north": {"uv": [9, 4.375, 9.125, 4.5], "texture": "#0"},
				"east": {"uv": [7.5, 4.375, 6.75, 4.5], "texture": "#0"},
				"south": {"uv": [8.25, 4.25, 8.375, 4.375], "texture": "#0"},
				"west": {"uv": [6.75, 4.375, 7.5, 4.5], "texture": "#0"},
				"up": {"uv": [9, 4.375, 9.125, 4.5], "texture": "#0"},
				"down": {"uv": [8.25, 4.25, 8.375, 4.375], "texture": "#0"}
			}
		},
		{
			"from": [8.19, 20.75, 8],
			"to": [8.565, 21, 8.5],
			"faces": {
				"north": {"uv": [8.5, 4, 8.625, 4.125], "texture": "#0"},
				"east": {"uv": [7.5, 4, 7.25, 4.125], "texture": "#0"},
				"south": {"uv": [8.25, 4.125, 8.375, 4.25], "texture": "#0"},
				"west": {"uv": [7.25, 4, 7.5, 4.125], "texture": "#0"},
				"up": {"uv": [8.5, 4, 8.625, 4.125], "texture": "#0"},
				"down": {"uv": [7.25, 11.125, 7.375, 11.25], "rotation": 90, "texture": "#missing"}
			}
		},
		{
			"from": [8.19, 20.5, 7.5],
			"to": [8.565, 20.75, 8.75],
			"faces": {
				"north": {"uv": [8.5, 4, 8.625, 4.125], "texture": "#0"},
				"east": {"uv": [7.625, 4.125, 7, 4.25], "texture": "#0"},
				"south": {"uv": [8.625, 11, 8.75, 11.375], "texture": "#missing"},
				"west": {"uv": [7, 4.125, 7.625, 4.25], "texture": "#0"},
				"up": {"uv": [8.25, 4.125, 8.375, 4.25], "texture": "#0"},
				"down": {"uv": [7.125, 11.5, 7.25, 11.625], "rotation": 90, "texture": "#missing"}
			}
		},
		{
			"from": [8.19, 20.25, 7.5],
			"to": [8.565, 20.5, 8.75],
			"faces": {
				"north": {"uv": [8.5, 4, 8.625, 4.125], "texture": "#0"},
				"east": {"uv": [7.625, 4.25, 7, 4.375], "texture": "#0"},
				"south": {"uv": [7.125, 11.375, 7.25, 11.5], "texture": "#missing"},
				"west": {"uv": [7, 4.25, 7.625, 4.375], "texture": "#0"},
				"up": {"uv": [8.625, 11.125, 8.75, 11.25], "rotation": 270, "texture": "#missing"},
				"down": {"uv": [8.25, 4.25, 8.375, 4.375], "texture": "#0"}
			}
		},
		{
			"from": [8.16, 21.25, 10.74991],
			"to": [8.585, 21.5, 10.99991],
			"faces": {
				"north": {"uv": [7.25, 3.75, 7.125, 3.875], "texture": "#0"},
				"east": {"uv": [7.25, 3.75, 7.125, 3.875], "texture": "#0"},
				"south": {"uv": [7.25, 3.75, 7.125, 3.875], "texture": "#0"},
				"west": {"uv": [7.25, 3.75, 7.125, 3.875], "texture": "#0"},
				"up": {"uv": [7.25, 3.75, 7.125, 3.875], "texture": "#0"},
				"down": {"uv": [7.25, 3.75, 7.125, 3.875], "texture": "#0"}
			}
		},
		{
			"from": [8.16, 21.5, 10.0001],
			"to": [8.585, 21.75, 10.7501],
			"faces": {
				"north": {"uv": [7.25, 3.75, 7.125, 3.875], "texture": "#0"},
				"east": {"uv": [7.25, 3.75, 7.125, 3.875], "texture": "#0"},
				"south": {"uv": [7.25, 3.75, 7.125, 3.875], "texture": "#0"},
				"west": {"uv": [7.25, 3.75, 7.125, 3.875], "texture": "#0"},
				"up": {"uv": [7.25, 3.75, 7.125, 3.875], "texture": "#0"},
				"down": {"uv": [7.25, 3.75, 7.125, 3.875], "texture": "#0"}
			}
		},
		{
			"from": [8.16, 21, 9.7502],
			"to": [8.585, 21.5, 10.0002],
			"faces": {
				"north": {"uv": [7.25, 3.75, 7.125, 3.875], "texture": "#0"},
				"east": {"uv": [7.25, 3.75, 7.125, 3.875], "texture": "#0"},
				"south": {"uv": [7.25, 3.75, 7.125, 3.875], "texture": "#0"},
				"west": {"uv": [7.25, 3.75, 7.125, 3.875], "texture": "#0"},
				"up": {"uv": [7.25, 3.75, 7.125, 3.875], "texture": "#0"},
				"down": {"uv": [7.25, 3.75, 7.125, 3.875], "texture": "#0"}
			}
		},
		{
			"from": [8.16, 20.75, 9.5001],
			"to": [8.585, 21, 9.7501],
			"faces": {
				"north": {"uv": [7.25, 3.75, 7.125, 3.875], "texture": "#0"},
				"east": {"uv": [7.25, 3.75, 7.125, 3.875], "texture": "#0"},
				"south": {"uv": [7.25, 3.75, 7.125, 3.875], "texture": "#0"},
				"west": {"uv": [7.25, 3.75, 7.125, 3.875], "texture": "#0"},
				"up": {"uv": [7.25, 3.75, 7.125, 3.875], "texture": "#0"},
				"down": {"uv": [7.25, 3.75, 7.125, 3.875], "texture": "#0"}
			}
		},
		{
			"from": [8.25, 20.75, 9],
			"to": [8.5, 24.5, 9.75],
			"faces": {
				"north": {"uv": [8.125, 2.25, 8, 4.125], "texture": "#0"},
				"east": {"uv": [7.75, 2.25, 8.125, 4.125], "texture": "#0"},
				"south": {"uv": [7.875, 2.25, 7.75, 4.125], "texture": "#0"},
				"west": {"uv": [8.125, 2.25, 7.75, 4.125], "texture": "#0"},
				"up": {"uv": [8.125, 2.25, 7.75, 2.375], "texture": "#0"},
				"down": {"uv": [8.125, 5.75, 8.25, 5.875], "texture": "#missing"}
			}
		},
		{
			"from": [8.31, 21, 8.7501],
			"to": [8.435, 26, 10.0001],
			"faces": {
				"north": {"uv": [7.75, 1.125, 7.875, 1.25], "texture": "#0"},
				"east": {"uv": [7.625, 1.5, 8.25, 4], "texture": "#0"},
				"south": {"uv": [7.625, 1.5, 7.75, 2], "texture": "#0"},
				"west": {"uv": [8.25, 1.5, 7.625, 4], "texture": "#0"},
				"up": {"uv": [7.75, 1.125, 7.875, 1.25], "texture": "#0"},
				"down": {"uv": [8.375, 1.625, 8.5, 1.75], "texture": "#0"}
			}
		},
		{
			"from": [8.31, 26, 9.0001],
			"to": [8.435, 27, 9.7501],
			"faces": {
				"north": {"uv": [7.75, 1.125, 7.875, 1.25], "texture": "#0"},
				"east": {"uv": [7.75, 1, 8.125, 1.5], "texture": "#0"},
				"south": {"uv": [7.625, 1.5, 7.75, 2], "texture": "#0"},
				"west": {"uv": [7.75, 1, 8.125, 1.5], "texture": "#0"},
				"up": {"uv": [7.75, 1.125, 7.875, 1.25], "texture": "#0"},
				"down": {"uv": [8.375, 1.625, 8.5, 1.75], "texture": "#0"}
			}
		},
		{
			"from": [8.31, 27, 9.2501],
			"to": [8.435, 28, 9.5001],
			"faces": {
				"north": {"uv": [7.75, 1.125, 7.875, 1.25], "texture": "#0"},
				"east": {"uv": [7.875, 0.5, 8, 1], "texture": "#0"},
				"south": {"uv": [7.625, 1.5, 7.75, 2], "texture": "#0"},
				"west": {"uv": [7.875, 0.5, 8, 1], "texture": "#0"},
				"up": {"uv": [7.75, 1.125, 7.875, 1.25], "texture": "#0"},
				"down": {"uv": [8.375, 1.625, 8.5, 1.75], "texture": "#0"}
			}
		},
		{
			"from": [8.31, 21.5, 8.0001],
			"to": [8.435, 22.5, 8.7501],
			"faces": {
				"north": {"uv": [7.75, 1.125, 7.875, 1.25], "texture": "#0"},
				"east": {"uv": [7.625, 3.25, 7.25, 3.75], "texture": "#0"},
				"south": {"uv": [7.625, 1.5, 7.75, 2], "texture": "#0"},
				"west": {"uv": [7.25, 3.25, 7.625, 3.75], "texture": "#0"},
				"up": {"uv": [7.75, 1.125, 7.875, 1.25], "texture": "#0"},
				"down": {"uv": [8.375, 1.625, 8.5, 1.75], "texture": "#0"}
			}
		},
		{
			"from": [8.31, 21.25, 7.7501],
			"to": [8.435, 21.75, 8.0001],
			"faces": {
				"north": {"uv": [7.25, 3.625, 7.125, 3.875], "texture": "#0"},
				"east": {"uv": [7.25, 3.625, 7.125, 3.875], "texture": "#0"},
				"south": {"uv": [7.125, 3.625, 7, 3.875], "texture": "#0"},
				"west": {"uv": [7.125, 3.625, 7.25, 3.875], "texture": "#0"},
				"up": {"uv": [7.75, 1.125, 7.875, 1.25], "texture": "#0"},
				"down": {"uv": [8.375, 1.625, 8.5, 1.75], "texture": "#0"}
			}
		},
		{
			"from": [8.31, 22.5, 8.2501],
			"to": [8.435, 23.75, 8.7501],
			"faces": {
				"north": {"uv": [7.75, 1.125, 7.875, 1.25], "texture": "#0"},
				"east": {"uv": [7.625, 2.625, 7.375, 3.25], "texture": "#0"},
				"south": {"uv": [7.625, 1.5, 7.75, 2], "texture": "#0"},
				"west": {"uv": [7.375, 2.625, 7.625, 3.25], "texture": "#0"},
				"up": {"uv": [7.75, 1.125, 7.875, 1.25], "texture": "#0"},
				"down": {"uv": [8.375, 1.625, 8.5, 1.75], "texture": "#0"}
			}
		},
		{
			"from": [8.31, 23.75, 8.5001],
			"to": [8.435, 24.5, 8.7501],
			"faces": {
				"north": {"uv": [7.625, 2.25, 7.5, 2.625], "texture": "#0"},
				"east": {"uv": [7.625, 2.25, 7.5, 2.625], "texture": "#0"},
				"south": {"uv": [7.625, 1.5, 7.75, 2], "texture": "#0"},
				"west": {"uv": [7.625, 2.25, 7.5, 2.625], "texture": "#0"},
				"up": {"uv": [7.75, 1.125, 7.875, 1.25], "texture": "#0"},
				"down": {"uv": [8.375, 1.625, 8.5, 1.75], "texture": "#0"}
			}
		},
		{
			"from": [8.31, 22.5, 10.0001],
			"to": [8.435, 23.75, 10.5001],
			"faces": {
				"north": {"uv": [8.375, 1.625, 8.5, 1.75], "texture": "#0"},
				"east": {"uv": [8.5, 2.625, 8.25, 3.25], "texture": "#0"},
				"south": {"uv": [7.625, 1.5, 7.75, 2], "texture": "#0"},
				"west": {"uv": [8.25, 2.625, 8.5, 3.25], "texture": "#0"},
				"up": {"uv": [7.75, 1.125, 7.875, 1.25], "texture": "#0"},
				"down": {"uv": [8.375, 1.625, 8.5, 1.75], "texture": "#0"}
			}
		},
		{
			"from": [8.31, 21.25, 10.7501],
			"to": [8.435, 21.75, 11.0001],
			"faces": {
				"north": {"uv": [7.25, 3.625, 7.125, 3.875], "texture": "#0"},
				"east": {"uv": [7.25, 3.625, 7.125, 3.875], "texture": "#0"},
				"south": {"uv": [7.125, 3.625, 7.25, 3.875], "texture": "#0"},
				"west": {"uv": [7.125, 3.625, 7.25, 3.875], "texture": "#0"},
				"up": {"uv": [7.75, 1.125, 7.875, 1.25], "texture": "#0"},
				"down": {"uv": [8.375, 1.625, 8.5, 1.75], "texture": "#0"}
			}
		},
		{
			"from": [8.31, 21.5, 10.0001],
			"to": [8.435, 22.5, 10.7501],
			"faces": {
				"north": {"uv": [8.375, 1.625, 8.5, 1.75], "texture": "#0"},
				"east": {"uv": [8.625, 3.25, 8.25, 3.75], "texture": "#0"},
				"south": {"uv": [7.625, 1.5, 7.75, 2], "texture": "#0"},
				"west": {"uv": [8.25, 3.25, 8.625, 3.75], "texture": "#0"},
				"up": {"uv": [7.75, 1.125, 7.875, 1.25], "texture": "#0"},
				"down": {"uv": [8.375, 1.625, 8.5, 1.75], "texture": "#0"}
			}
		},
		{
			"from": [8.31, 23.75, 10.0001],
			"to": [8.435, 24.5, 10.2501],
			"faces": {
				"north": {"uv": [7.625, 2.25, 7.5, 2.625], "texture": "#0"},
				"east": {"uv": [7.625, 2.25, 7.5, 2.625], "texture": "#0"},
				"south": {"uv": [7.625, 1.5, 7.75, 2], "texture": "#0"},
				"west": {"uv": [7.625, 2.25, 7.5, 2.625], "texture": "#0"},
				"up": {"uv": [7.75, 1.125, 7.875, 1.25], "texture": "#0"},
				"down": {"uv": [8.375, 1.625, 8.5, 1.75], "texture": "#0"}
			}
		}
	],
	"display": {
		"thirdperson_righthand": {
			"rotation": [0, -180, 0],
			"translation": [0.75, -4.25, 4],
			"scale": [1.8, 1.8, 1.8]
		},
		"thirdperson_lefthand": {
			"rotation": [0, -180, 0],
			"translation": [-0.5, -4, 3.75],
			"scale": [1.8, 1.8, 1.8]
		},
		"firstperson_righthand": {
			"rotation": [6, -180, 0],
			"translation": [1.5, -6.75, 1],
			"scale": [1.29, 1.29, 1.29]
		},
		"firstperson_lefthand": {
			"rotation": [8, -180, -5],
			"translation": [2.75, -5, -0.5],
			"scale": [1.29, 1.29, 1.29]
		},
		"ground": {
			"rotation": [0, 0, -45],
			"translation": [0, 3.3956, 0],
			"scale": [1.5, 1.5, 1.5]
		},
		"gui": {
			"rotation": [-90, -44, -90],
			"translation": [-4, -3.75, 0],
			"scale": [-1, 1, 1]
		},
		"head": {
			"rotation": [0, 0, 45],
			"translation": [0, 19, 0],
			"scale": [2, 2, 2]
		},
		"fixed": {
			"rotation": [-0.75, 94, 0.75],
			"translation": [-3, -8, -2.25],
			"scale": [2, 2, 2]
		}
	},
	"groups": [
		{
			"name": "handle",
			"origin": [8, 8, 8],
			"color": 0,
			"children": [0, 1, 2, 3, 4, 5, 6, 7, 8, 9, 10, 11, 12, 13, 14, 15, 16, 17, 18, 19, 20, 21, 22, 23, 24, 25, 26, 27, 28, 29, 30, 31, 32, 33, 34, 35, 36, 37, 38, 39, 40, 41, 42, 43, 44]
		},
		{
			"name": "blade",
			"origin": [8, 8, 8],
			"color": 0,
			"children": [45, 46, 47, 48, 49, 50, 51, 52, 53, 54, 55, 56]
		}
	]
}