{
	"credit": "Made with Blockbench",
	"textures": {
		"0": "prominent:item/transmog/thunderbringer",
		"1": "prominent:item/transmog/lightningtest",
		"particle": "prominent:item/transmog/thunderbringer"
	},
	"elements": [
		{
			"name": "thunderbringer_0",
			"from": [8.125, 11, 7.7],
			"to": [8.75, 11.125, 7.825],
			"faces": {
				"north": {"uv": [8.75, 4.875, 8.125, 5], "texture": "#0"},
				"east": {"uv": [8.625, 4.875, 8.75, 5], "texture": "#0"},
				"south": {"uv": [8.125, 4.875, 8.75, 5], "texture": "#0"},
				"west": {"uv": [8.125, 4.875, 8.25, 5], "texture": "#0"},
				"up": {"uv": [8.125, 4.875, 8.75, 5], "texture": "#0"},
				"down": {"uv": [8.125, 4.875, 8.75, 5], "texture": "#0"}
			}
		},
		{
			"name": "thunderbringer_1",
			"from": [8.25, 10.625, 7.65],
			"to": [8.5, 11, 7.875],
			"faces": {
				"north": {"uv": [7, 5, 6.75, 5.375], "texture": "#0"},
				"east": {"uv": [6.875, 5, 7, 5.375], "texture": "#0"},
				"south": {"uv": [6.75, 5, 7, 5.375], "texture": "#0"},
				"west": {"uv": [6.75, 5, 6.875, 5.375], "texture": "#0"},
				"up": {"uv": [6.75, 5, 7, 5.125], "texture": "#0"},
				"down": {"uv": [6.75, 5.25, 7, 5.375], "texture": "#0"}
			}
		},
		{
			"name": "thunderbringer_2",
			"from": [8.5, 10.875, 7.65],
			"to": [8.625, 11, 7.875],
			"faces": {
				"north": {"uv": [7.125, 5, 7, 5.125], "texture": "#0"},
				"east": {"uv": [7, 5, 7.125, 5.125], "texture": "#0"},
				"south": {"uv": [7, 5, 7.125, 5.125], "texture": "#0"},
				"west": {"uv": [7, 5, 7.125, 5.125], "texture": "#0"},
				"up": {"uv": [7, 5, 7.125, 5.125], "texture": "#0"},
				"down": {"uv": [7, 5, 7.125, 5.125], "texture": "#0"}
			}
		},
		{
			"name": "thunderbringer_3",
			"from": [8, 10.875, 7.7],
			"to": [8.25, 11, 7.825],
			"faces": {
				"north": {"uv": [8.25, 5, 8, 5.125], "texture": "#0"},
				"east": {"uv": [8.125, 5, 8.25, 5.125], "texture": "#0"},
				"south": {"uv": [8, 5, 8.25, 5.125], "texture": "#0"},
				"west": {"uv": [8, 5, 8.125, 5.125], "texture": "#0"},
				"up": {"uv": [8, 5, 8.25, 5.125], "texture": "#0"},
				"down": {"uv": [8, 5, 8.25, 5.125], "texture": "#0"}
			}
		},
		{
			"name": "thunderbringer_4",
			"from": [8.125, 9.5, 7.65],
			"to": [8.25, 10.875, 7.875],
			"faces": {
				"north": {"uv": [6.75, 5.125, 6.625, 6.5], "texture": "#0"},
				"east": {"uv": [6.625, 5.125, 6.75, 6.5], "texture": "#0"},
				"south": {"uv": [6.625, 5.125, 6.75, 6.5], "texture": "#0"},
				"west": {"uv": [6.625, 5.125, 6.75, 6.5], "texture": "#0"},
				"up": {"uv": [6.625, 5.125, 6.75, 5.25], "texture": "#0"},
				"down": {"uv": [6.625, 6.375, 6.75, 6.5], "texture": "#0"}
			}
		},
		{
			"name": "thunderbringer_5",
			"from": [7.875, 10.625, 7.7],
			"to": [8.125, 10.875, 7.825],
			"faces": {
				"north": {"uv": [8.125, 5.125, 7.875, 5.375], "texture": "#0"},
				"east": {"uv": [8, 5.125, 8.125, 5.375], "texture": "#0"},
				"south": {"uv": [7.875, 5.125, 8.125, 5.375], "texture": "#0"},
				"west": {"uv": [7.875, 5.125, 8, 5.375], "texture": "#0"},
				"up": {"uv": [7.875, 5.125, 8.125, 5.25], "texture": "#0"},
				"down": {"uv": [7.875, 5.25, 8.125, 5.375], "texture": "#0"}
			}
		},
		{
			"name": "thunderbringer_6",
			"from": [8, 9.5, 7.65],
			"to": [8.125, 10.625, 7.875],
			"faces": {
				"north": {"uv": [6.625, 5.375, 6.5, 6.5], "texture": "#0"},
				"east": {"uv": [6.5, 5.375, 6.625, 6.5], "texture": "#0"},
				"south": {"uv": [6.5, 5.375, 6.625, 6.5], "texture": "#0"},
				"west": {"uv": [6.5, 5.375, 6.625, 6.5], "texture": "#0"},
				"up": {"uv": [6.5, 5.375, 6.625, 5.5], "texture": "#0"},
				"down": {"uv": [6.5, 6.375, 6.625, 6.5], "texture": "#0"}
			}
		},
		{
			"name": "thunderbringer_7",
			"from": [8.25, 10.25, 7.65],
			"to": [8.375, 10.625, 7.875],
			"faces": {
				"north": {"uv": [6.875, 5.375, 6.75, 5.75], "texture": "#0"},
				"east": {"uv": [6.75, 5.375, 6.875, 5.75], "texture": "#0"},
				"south": {"uv": [6.75, 5.375, 6.875, 5.75], "texture": "#0"},
				"west": {"uv": [6.75, 5.375, 6.875, 5.75], "texture": "#0"},
				"up": {"uv": [6.75, 5.375, 6.875, 5.5], "texture": "#0"},
				"down": {"uv": [6.75, 5.625, 6.875, 5.75], "texture": "#0"}
			}
		},
		{
			"name": "thunderbringer_8",
			"from": [7.75, 10.5, 7.7],
			"to": [8, 10.625, 7.825],
			"faces": {
				"north": {"uv": [8, 5.375, 7.75, 5.5], "texture": "#0"},
				"east": {"uv": [7.875, 5.375, 8, 5.5], "texture": "#0"},
				"south": {"uv": [7.75, 5.375, 8, 5.5], "texture": "#0"},
				"west": {"uv": [7.75, 5.375, 7.875, 5.5], "texture": "#0"},
				"up": {"uv": [7.75, 5.375, 8, 5.5], "texture": "#0"},
				"down": {"uv": [7.75, 5.375, 8, 5.5], "texture": "#0"}
			}
		},
		{
			"name": "thunderbringer_9",
			"from": [7.875, 5.25, 7.65],
			"to": [8, 10.5, 7.875],
			"faces": {
				"north": {"uv": [6.5, 5.5, 6.375, 10.75], "texture": "#0"},
				"east": {"uv": [6.375, 5.5, 6.5, 10.75], "texture": "#0"},
				"south": {"uv": [6.375, 5.5, 6.5, 10.75], "texture": "#0"},
				"west": {"uv": [6.375, 5.5, 6.5, 10.75], "texture": "#0"},
				"up": {"uv": [6.375, 5.5, 6.5, 5.625], "texture": "#0"},
				"down": {"uv": [6.375, 10.625, 6.5, 10.75], "texture": "#0"}
			}
		},
		{
			"name": "thunderbringer_10",
			"from": [7.75, 9.875, 7.7],
			"to": [7.875, 10.5, 7.825],
			"faces": {
				"north": {"uv": [7.875, 5.5, 7.75, 6.125], "texture": "#0"},
				"east": {"uv": [7.75, 5.5, 7.875, 6.125], "texture": "#0"},
				"south": {"uv": [7.75, 5.5, 7.875, 6.125], "texture": "#0"},
				"west": {"uv": [7.75, 5.5, 7.875, 6.125], "texture": "#0"},
				"up": {"uv": [7.75, 5.5, 7.875, 5.625], "texture": "#0"},
				"down": {"uv": [7.75, 6, 7.875, 6.125], "texture": "#0"}
			}
		},
		{
			"name": "thunderbringer_11",
			"from": [7.625, 9, 7.7],
			"to": [7.75, 10.25, 7.825],
			"faces": {
				"north": {"uv": [7.75, 5.75, 7.625, 7], "texture": "#0"},
				"east": {"uv": [7.625, 5.75, 7.75, 7], "texture": "#0"},
				"south": {"uv": [7.625, 5.75, 7.75, 7], "texture": "#0"},
				"west": {"uv": [7.625, 5.75, 7.75, 7], "texture": "#0"},
				"up": {"uv": [7.625, 5.75, 7.75, 5.875], "texture": "#0"},
				"down": {"uv": [7.625, 6.875, 7.75, 7], "texture": "#0"}
			}
		},
		{
			"name": "thunderbringer_12",
			"from": [7.75, 5.25, 7.65],
			"to": [7.875, 9.875, 7.875],
			"faces": {
				"north": {"uv": [6.375, 6.125, 6.25, 10.75], "texture": "#0"},
				"east": {"uv": [6.25, 6.125, 6.375, 10.75], "texture": "#0"},
				"south": {"uv": [6.25, 6.125, 6.375, 10.75], "texture": "#0"},
				"west": {"uv": [6.25, 6.125, 6.375, 10.75], "texture": "#0"},
				"up": {"uv": [6.25, 6.125, 6.375, 6.25], "texture": "#0"},
				"down": {"uv": [6.25, 10.625, 6.375, 10.75], "texture": "#0"}
			}
		},
		{
			"name": "thunderbringer_13",
			"from": [7.5, 8.125, 7.7],
			"to": [7.625, 9.75, 7.825],
			"faces": {
				"north": {"uv": [7.625, 6.25, 7.5, 7.875], "texture": "#0"},
				"east": {"uv": [7.5, 6.25, 7.625, 7.875], "texture": "#0"},
				"south": {"uv": [7.5, 6.25, 7.625, 7.875], "texture": "#0"},
				"west": {"uv": [7.5, 6.25, 7.625, 7.875], "texture": "#0"},
				"up": {"uv": [7.5, 6.25, 7.625, 6.375], "texture": "#0"},
				"down": {"uv": [7.5, 7.75, 7.625, 7.875], "texture": "#0"}
			}
		},
		{
			"name": "thunderbringer_14",
			"from": [8, 6.375, 7.7],
			"to": [8.125, 9.5, 7.825],
			"faces": {
				"north": {"uv": [8.125, 6.5, 8, 9.625], "texture": "#0"},
				"east": {"uv": [8, 6.5, 8.125, 9.625], "texture": "#0"},
				"south": {"uv": [8, 6.5, 8.125, 9.625], "texture": "#0"},
				"west": {"uv": [8, 6.5, 8.125, 9.625], "texture": "#0"},
				"up": {"uv": [8, 6.5, 8.125, 6.625], "texture": "#0"},
				"down": {"uv": [8, 9.5, 8.125, 9.625], "texture": "#0"}
			}
		},
		{
			"name": "thunderbringer_15",
			"from": [7.625, 5.875, 7.65],
			"to": [7.75, 9, 7.875],
			"faces": {
				"north": {"uv": [6.25, 7, 6.125, 10.125], "texture": "#0"},
				"east": {"uv": [6.125, 7, 6.25, 10.125], "texture": "#0"},
				"south": {"uv": [6.125, 7, 6.25, 10.125], "texture": "#0"},
				"west": {"uv": [6.125, 7, 6.25, 10.125], "texture": "#0"},
				"up": {"uv": [6.125, 7, 6.25, 7.125], "texture": "#0"},
				"down": {"uv": [6.125, 10, 6.25, 10.125], "texture": "#0"}
			}
		},
		{
			"name": "thunderbringer_16",
			"from": [7.375, 7.5, 7.7],
			"to": [7.5, 8.875, 7.825],
			"faces": {
				"north": {"uv": [7.5, 7.125, 7.375, 8.5], "texture": "#0"},
				"east": {"uv": [7.375, 7.125, 7.5, 8.5], "texture": "#0"},
				"south": {"uv": [7.375, 7.125, 7.5, 8.5], "texture": "#0"},
				"west": {"uv": [7.375, 7.125, 7.5, 8.5], "texture": "#0"},
				"up": {"uv": [7.375, 7.125, 7.5, 7.25], "texture": "#0"},
				"down": {"uv": [7.375, 8.375, 7.5, 8.5], "texture": "#0"}
			}
		},
		{
			"name": "thunderbringer_17",
			"from": [7.5, 5.875, 7.65],
			"to": [7.625, 8.125, 7.875],
			"faces": {
				"north": {"uv": [6.125, 7.875, 6, 10.125], "texture": "#0"},
				"east": {"uv": [6, 7.875, 6.125, 10.125], "texture": "#0"},
				"south": {"uv": [6, 7.875, 6.125, 10.125], "texture": "#0"},
				"west": {"uv": [6, 7.875, 6.125, 10.125], "texture": "#0"},
				"up": {"uv": [6, 7.875, 6.125, 8], "texture": "#0"},
				"down": {"uv": [6, 10, 6.125, 10.125], "texture": "#0"}
			}
		},
		{
			"name": "thunderbringer_18",
			"from": [7.25, 6.25, 7.7],
			"to": [7.375, 8.125, 7.825],
			"faces": {
				"north": {"uv": [7.375, 7.875, 7.25, 9.75], "texture": "#0"},
				"east": {"uv": [7.25, 7.875, 7.375, 9.75], "texture": "#0"},
				"south": {"uv": [7.25, 7.875, 7.375, 9.75], "texture": "#0"},
				"west": {"uv": [7.25, 7.875, 7.375, 9.75], "texture": "#0"},
				"up": {"uv": [7.25, 7.875, 7.375, 8], "texture": "#0"},
				"down": {"uv": [7.25, 9.625, 7.375, 9.75], "texture": "#0"}
			}
		},
		{
			"name": "thunderbringer_19",
			"from": [7.375, 6.125, 7.65],
			"to": [7.5, 7.5, 7.875],
			"faces": {
				"north": {"uv": [6, 8.5, 5.875, 9.875], "texture": "#0"},
				"east": {"uv": [5.875, 8.5, 6, 9.875], "texture": "#0"},
				"south": {"uv": [5.875, 8.5, 6, 9.875], "texture": "#0"},
				"west": {"uv": [5.875, 8.5, 6, 9.875], "texture": "#0"},
				"up": {"uv": [5.875, 8.5, 6, 8.625], "texture": "#0"},
				"down": {"uv": [5.875, 9.75, 6, 9.875], "texture": "#0"}
			}
		},
		{
			"name": "thunderbringer_20",
			"from": [7.125, 6.125, 7.7],
			"to": [7.25, 7.5, 7.825],
			"faces": {
				"north": {"uv": [7.25, 8.5, 7.125, 9.875], "texture": "#0"},
				"east": {"uv": [7.125, 8.5, 7.25, 9.875], "texture": "#0"},
				"south": {"uv": [7.125, 8.5, 7.25, 9.875], "texture": "#0"},
				"west": {"uv": [7.125, 8.5, 7.25, 9.875], "texture": "#0"},
				"up": {"uv": [7.125, 8.5, 7.25, 8.625], "texture": "#0"},
				"down": {"uv": [7.125, 9.75, 7.25, 9.875], "texture": "#0"}
			}
		},
		{
			"name": "thunderbringer_21",
			"from": [8, 5.375, 7.65],
			"to": [8.125, 6.375, 7.875],
			"faces": {
				"north": {"uv": [6.625, 9.625, 6.5, 10.625], "texture": "#0"},
				"east": {"uv": [6.5, 9.625, 6.625, 10.625], "texture": "#0"},
				"south": {"uv": [6.5, 9.625, 6.625, 10.625], "texture": "#0"},
				"west": {"uv": [6.5, 9.625, 6.625, 10.625], "texture": "#0"},
				"up": {"uv": [6.5, 9.625, 6.625, 9.75], "texture": "#0"},
				"down": {"uv": [6.5, 10.5, 6.625, 10.625], "texture": "#0"}
			}
		},
		{
			"name": "thunderbringer_22",
			"from": [8.125, 6.25, 7.7],
			"to": [8.25, 6.375, 7.825],
			"faces": {
				"north": {"uv": [8.25, 9.625, 8.125, 9.75], "texture": "#0"},
				"east": {"uv": [8.125, 9.625, 8.25, 9.75], "texture": "#0"},
				"south": {"uv": [8.125, 9.625, 8.25, 9.75], "texture": "#0"},
				"west": {"uv": [8.125, 9.625, 8.25, 9.75], "texture": "#0"},
				"up": {"uv": [8.125, 9.625, 8.25, 9.75], "texture": "#0"},
				"down": {"uv": [8.125, 9.625, 8.25, 9.75], "texture": "#0"}
			}
		},
		{
			"name": "thunderbringer_23",
			"from": [8.125, 5.75, 7.65],
			"to": [8.25, 6.25, 7.875],
			"faces": {
				"north": {"uv": [6.75, 9.75, 6.625, 10.25], "texture": "#0"},
				"east": {"uv": [6.625, 9.75, 6.75, 10.25], "texture": "#0"},
				"south": {"uv": [6.625, 9.75, 6.75, 10.25], "texture": "#0"},
				"west": {"uv": [6.625, 9.75, 6.75, 10.25], "texture": "#0"},
				"up": {"uv": [6.625, 9.75, 6.75, 9.875], "texture": "#0"},
				"down": {"uv": [6.625, 10.125, 6.75, 10.25], "texture": "#0"}
			}
		},
		{
			"name": "thunderbringer_24",
			"from": [8.25, 6.125, 7.7],
			"to": [8.5, 6.25, 7.825],
			"faces": {
				"north": {"uv": [8.5, 9.75, 8.25, 9.875], "texture": "#0"},
				"east": {"uv": [8.375, 9.75, 8.5, 9.875], "texture": "#0"},
				"south": {"uv": [8.25, 9.75, 8.5, 9.875], "texture": "#0"},
				"west": {"uv": [8.25, 9.75, 8.375, 9.875], "texture": "#0"},
				"up": {"uv": [8.25, 9.75, 8.5, 9.875], "texture": "#0"},
				"down": {"uv": [8.25, 9.75, 8.5, 9.875], "texture": "#0"}
			}
		},
		{
			"name": "thunderbringer_25",
			"from": [8.25, 6, 7.65],
			"to": [8.5, 6.125, 7.875],
			"faces": {
				"north": {"uv": [7, 9.875, 6.75, 10], "texture": "#0"},
				"east": {"uv": [6.875, 9.875, 7, 10], "texture": "#0"},
				"south": {"uv": [6.75, 9.875, 7, 10], "texture": "#0"},
				"west": {"uv": [6.75, 9.875, 6.875, 10], "texture": "#0"},
				"up": {"uv": [6.75, 9.875, 7, 10], "texture": "#0"},
				"down": {"uv": [6.75, 9.875, 7, 10], "texture": "#0"}
			}
		},
		{
			"name": "thunderbringer_26",
			"from": [8.25, 5.875, 7.65],
			"to": [8.375, 6, 7.875],
			"faces": {
				"north": {"uv": [6.875, 10, 6.75, 10.125], "texture": "#0"},
				"east": {"uv": [6.75, 10, 6.875, 10.125], "texture": "#0"},
				"south": {"uv": [6.75, 10, 6.875, 10.125], "texture": "#0"},
				"west": {"uv": [6.75, 10, 6.875, 10.125], "texture": "#0"},
				"up": {"uv": [6.75, 10, 6.875, 10.125], "texture": "#0"},
				"down": {"uv": [6.75, 10, 6.875, 10.125], "texture": "#0"}
			}
		},
		{
			"name": "thunderbringer_27",
			"from": [7.625, 5.5, 7.7],
			"to": [7.75, 5.875, 7.825],
			"faces": {
				"north": {"uv": [7.75, 10.125, 7.625, 10.5], "texture": "#0"},
				"east": {"uv": [7.625, 10.125, 7.75, 10.5], "texture": "#0"},
				"south": {"uv": [7.625, 10.125, 7.75, 10.5], "texture": "#0"},
				"west": {"uv": [7.625, 10.125, 7.75, 10.5], "texture": "#0"},
				"up": {"uv": [7.625, 10.125, 7.75, 10.25], "texture": "#0"},
				"down": {"uv": [7.625, 10.375, 7.75, 10.5], "texture": "#0"}
			}
		},
		{
			"name": "thunderbringer_28",
			"from": [7.625, 5.125, 7.65],
			"to": [7.75, 5.5, 7.875],
			"faces": {
				"north": {"uv": [6.25, 10.5, 6.125, 10.875], "texture": "#0"},
				"east": {"uv": [6.125, 10.5, 6.25, 10.875], "texture": "#0"},
				"south": {"uv": [6.125, 10.5, 6.25, 10.875], "texture": "#0"},
				"west": {"uv": [6.125, 10.5, 6.25, 10.875], "texture": "#0"},
				"up": {"uv": [6.125, 10.5, 6.25, 10.625], "texture": "#0"},
				"down": {"uv": [6.125, 10.75, 6.25, 10.875], "texture": "#0"}
			}
		},
		{
			"name": "thunderbringer_29",
			"from": [7.5, 5.25, 7.7],
			"to": [7.625, 5.5, 7.825],
			"faces": {
				"north": {"uv": [7.625, 10.5, 7.5, 10.75], "texture": "#0"},
				"east": {"uv": [7.5, 10.5, 7.625, 10.75], "texture": "#0"},
				"south": {"uv": [7.5, 10.5, 7.625, 10.75], "texture": "#0"},
				"west": {"uv": [7.5, 10.5, 7.625, 10.75], "texture": "#0"},
				"up": {"uv": [7.5, 10.5, 7.625, 10.625], "texture": "#0"},
				"down": {"uv": [7.5, 10.625, 7.625, 10.75], "texture": "#0"}
			}
		},
		{
			"name": "thunderbringer_30",
			"from": [8.125, 5.25, 7.5],
			"to": [8.625, 5.5, 8.025],
			"faces": {
				"north": {"uv": [9.625, 10.5, 9.125, 10.75], "texture": "#0"},
				"east": {"uv": [9.5, 10.5, 9.625, 10.75], "texture": "#0"},
				"south": {"uv": [9.125, 10.5, 9.625, 10.75], "texture": "#0"},
				"west": {"uv": [9.125, 10.5, 9.25, 10.75], "texture": "#0"},
				"up": {"uv": [9.125, 10.5, 9.625, 10.625], "texture": "#0"},
				"down": {"uv": [9.125, 10.625, 9.625, 10.75], "texture": "#0"}
			}
		},
		{
			"name": "thunderbringer_31",
			"from": [8, 5, 7.5],
			"to": [8.125, 5.375, 8.025],
			"faces": {
				"north": {"uv": [9.125, 10.625, 9, 11], "texture": "#0"},
				"east": {"uv": [9, 10.625, 9.125, 11], "texture": "#0"},
				"south": {"uv": [9, 10.625, 9.125, 11], "texture": "#0"},
				"west": {"uv": [9, 10.625, 9.125, 11], "texture": "#0"},
				"up": {"uv": [9, 10.625, 9.125, 10.75], "texture": "#0"},
				"down": {"uv": [9, 10.875, 9.125, 11], "texture": "#0"}
			}
		},
		{
			"name": "thunderbringer_32",
			"from": [7.5, 5.125, 7.65],
			"to": [7.625, 5.25, 7.875],
			"faces": {
				"north": {"uv": [6.125, 10.75, 6, 10.875], "texture": "#0"},
				"east": {"uv": [6, 10.75, 6.125, 10.875], "texture": "#0"},
				"south": {"uv": [6, 10.75, 6.125, 10.875], "texture": "#0"},
				"west": {"uv": [6, 10.75, 6.125, 10.875], "texture": "#0"},
				"up": {"uv": [6, 10.75, 6.125, 10.875], "texture": "#0"},
				"down": {"uv": [6, 10.75, 6.125, 10.875], "texture": "#0"}
			}
		},
		{
			"name": "thunderbringer_33",
			"from": [7.375, 5.125, 7.7],
			"to": [7.5, 5.25, 7.825],
			"faces": {
				"north": {"uv": [7.5, 10.75, 7.375, 10.875], "texture": "#0"},
				"east": {"uv": [7.375, 10.75, 7.5, 10.875], "texture": "#0"},
				"south": {"uv": [7.375, 10.75, 7.5, 10.875], "texture": "#0"},
				"west": {"uv": [7.375, 10.75, 7.5, 10.875], "texture": "#0"},
				"up": {"uv": [7.375, 10.75, 7.5, 10.875], "texture": "#0"},
				"down": {"uv": [7.375, 10.75, 7.5, 10.875], "texture": "#0"}
			}
		},
		{
			"name": "thunderbringer_34",
			"from": [7.75, 4.875, 7.5],
			"to": [8, 5.25, 8.025],
			"faces": {
				"north": {"uv": [9, 10.75, 8.75, 11.125], "texture": "#0"},
				"east": {"uv": [8.875, 10.75, 9, 11.125], "texture": "#0"},
				"south": {"uv": [8.75, 10.75, 9, 11.125], "texture": "#0"},
				"west": {"uv": [8.75, 10.75, 8.875, 11.125], "texture": "#0"},
				"up": {"uv": [8.75, 10.75, 9, 10.875], "texture": "#0"},
				"down": {"uv": [8.75, 11, 9, 11.125], "texture": "#0"}
			}
		},
		{
			"name": "thunderbringer_35",
			"from": [8.125, 5.125, 7.5],
			"to": [8.25, 5.25, 8.025],
			"faces": {
				"north": {"uv": [9.25, 10.75, 9.125, 10.875], "texture": "#0"},
				"east": {"uv": [9.125, 10.75, 9.25, 10.875], "texture": "#0"},
				"south": {"uv": [9.125, 10.75, 9.25, 10.875], "texture": "#0"},
				"west": {"uv": [9.125, 10.75, 9.25, 10.875], "texture": "#0"},
				"up": {"uv": [9.125, 10.75, 9.25, 10.875], "texture": "#0"},
				"down": {"uv": [9.125, 10.75, 9.25, 10.875], "texture": "#0"}
			}
		},
		{
			"name": "thunderbringer_36",
			"from": [7.375, 5, 7.65],
			"to": [7.5, 5.125, 7.875],
			"faces": {
				"north": {"uv": [6, 10.875, 5.875, 11], "texture": "#0"},
				"east": {"uv": [5.875, 10.875, 6, 11], "texture": "#0"},
				"south": {"uv": [5.875, 10.875, 6, 11], "texture": "#0"},
				"west": {"uv": [5.875, 10.875, 6, 11], "texture": "#0"},
				"up": {"uv": [5.875, 10.875, 6, 11], "texture": "#0"},
				"down": {"uv": [5.875, 10.875, 6, 11], "texture": "#0"}
			}
		},
		{
			"name": "thunderbringer_37",
			"from": [7.5, 4.75, 7.5],
			"to": [7.75, 5.125, 8.025],
			"faces": {
				"north": {"uv": [8.75, 10.875, 8.5, 11.25], "texture": "#0"},
				"east": {"uv": [8.625, 10.875, 8.75, 11.25], "texture": "#0"},
				"south": {"uv": [8.5, 10.875, 8.75, 11.25], "texture": "#0"},
				"west": {"uv": [8.5, 10.875, 8.625, 11.25], "texture": "#0"},
				"up": {"uv": [8.5, 10.875, 8.75, 11], "texture": "#0"},
				"down": {"uv": [8.5, 11.125, 8.75, 11.25], "texture": "#0"}
			}
		},
		{
			"name": "thunderbringer_38",
			"from": [8.25, 4.875, 7.4],
			"to": [8.625, 5.125, 8.125],
			"faces": {
				"north": {"uv": [10.125, 10.875, 9.75, 11.125], "texture": "#0"},
				"east": {"uv": [10, 10.875, 10.125, 11.125], "texture": "#0"},
				"south": {"uv": [9.75, 10.875, 10.125, 11.125], "texture": "#0"},
				"west": {"uv": [9.75, 10.875, 9.875, 11.125], "texture": "#0"},
				"up": {"uv": [9.75, 10.875, 10.125, 11], "texture": "#0"},
				"down": {"uv": [9.75, 11, 10.125, 11.125], "texture": "#0"}
			}
		},
		{
			"name": "thunderbringer_39",
			"from": [7.375, 4.625, 7.5],
			"to": [7.5, 5, 8.025],
			"faces": {
				"north": {"uv": [8.5, 11, 8.375, 11.375], "texture": "#0"},
				"east": {"uv": [8.375, 11, 8.5, 11.375], "texture": "#0"},
				"south": {"uv": [8.375, 11, 8.5, 11.375], "texture": "#0"},
				"west": {"uv": [8.375, 11, 8.5, 11.375], "texture": "#0"},
				"up": {"uv": [8.375, 11, 8.5, 11.125], "texture": "#0"},
				"down": {"uv": [8.375, 11.25, 8.5, 11.375], "texture": "#0"}
			}
		},
		{
			"name": "thunderbringer_40",
			"from": [8, 4.75, 7.4],
			"to": [8.25, 5, 8.125],
			"faces": {
				"north": {"uv": [9.75, 11, 9.5, 11.25], "texture": "#0"},
				"east": {"uv": [9.625, 11, 9.75, 11.25], "texture": "#0"},
				"south": {"uv": [9.5, 11, 9.75, 11.25], "texture": "#0"},
				"west": {"uv": [9.5, 11, 9.625, 11.25], "texture": "#0"},
				"up": {"uv": [9.5, 11, 9.75, 11.125], "texture": "#0"},
				"down": {"uv": [9.5, 11.125, 9.75, 11.25], "texture": "#0"}
			}
		},
		{
			"name": "thunderbringer_41",
			"from": [7.25, 4.5, 7.5],
			"to": [7.375, 4.875, 8.025],
			"faces": {
				"north": {"uv": [8.375, 11.125, 8.25, 11.5], "texture": "#0"},
				"east": {"uv": [8.25, 11.125, 8.375, 11.5], "texture": "#0"},
				"south": {"uv": [8.25, 11.125, 8.375, 11.5], "texture": "#0"},
				"west": {"uv": [8.25, 11.125, 8.375, 11.5], "texture": "#0"},
				"up": {"uv": [8.25, 11.125, 8.375, 11.25], "texture": "#0"},
				"down": {"uv": [8.25, 11.375, 8.375, 11.5], "texture": "#0"}
			}
		},
		{
			"name": "thunderbringer_42",
			"from": [7.75, 4.625, 7.4],
			"to": [8, 4.875, 8.125],
			"faces": {
				"north": {"uv": [9.5, 11.125, 9.25, 11.375], "texture": "#0"},
				"east": {"uv": [9.375, 11.125, 9.5, 11.375], "texture": "#0"},
				"south": {"uv": [9.25, 11.125, 9.5, 11.375], "texture": "#0"},
				"west": {"uv": [9.25, 11.125, 9.375, 11.375], "texture": "#0"},
				"up": {"uv": [9.25, 11.125, 9.5, 11.25], "texture": "#0"},
				"down": {"uv": [9.25, 11.25, 9.5, 11.375], "texture": "#0"}
			}
		},
		{
			"name": "thunderbringer_43",
			"from": [8.25, 4.75, 7.4],
			"to": [8.375, 4.875, 8.125],
			"faces": {
				"north": {"uv": [9.875, 11.125, 9.75, 11.25], "texture": "#0"},
				"east": {"uv": [9.75, 11.125, 9.875, 11.25], "texture": "#0"},
				"south": {"uv": [9.75, 11.125, 9.875, 11.25], "texture": "#0"},
				"west": {"uv": [9.75, 11.125, 9.875, 11.25], "texture": "#0"},
				"up": {"uv": [9.75, 11.125, 9.875, 11.25], "texture": "#0"},
				"down": {"uv": [9.75, 11.125, 9.875, 11.25], "texture": "#0"}
			}
		},
		{
			"name": "thunderbringer_44",
			"from": [7.5, 4.5, 7.4],
			"to": [7.75, 4.75, 8.125],
			"faces": {
				"north": {"uv": [9.25, 11.25, 9, 11.5], "texture": "#0"},
				"east": {"uv": [9.125, 11.25, 9.25, 11.5], "texture": "#0"},
				"south": {"uv": [9, 11.25, 9.25, 11.5], "texture": "#0"},
				"west": {"uv": [9, 11.25, 9.125, 11.5], "texture": "#0"},
				"up": {"uv": [9, 11.25, 9.25, 11.375], "texture": "#0"},
				"down": {"uv": [9, 11.375, 9.25, 11.5], "texture": "#0"}
			}
		},
		{
			"name": "thunderbringer_45",
			"from": [8, 4.625, 7.4],
			"to": [8.125, 4.75, 8.125],
			"faces": {
				"north": {"uv": [9.625, 11.25, 9.5, 11.375], "texture": "#0"},
				"east": {"uv": [9.5, 11.25, 9.625, 11.375], "texture": "#0"},
				"south": {"uv": [9.5, 11.25, 9.625, 11.375], "texture": "#0"},
				"west": {"uv": [9.5, 11.25, 9.625, 11.375], "texture": "#0"},
				"up": {"uv": [9.5, 11.25, 9.625, 11.375], "texture": "#0"},
				"down": {"uv": [9.5, 11.25, 9.625, 11.375], "texture": "#0"}
			}
		},
		{
			"name": "thunderbringer_46",
			"from": [8.125, 4.5, 7.5],
			"to": [8.625, 4.75, 8.025],
			"faces": {
				"north": {"uv": [10.625, 11.25, 10.125, 11.5], "texture": "#0"},
				"east": {"uv": [10.5, 11.25, 10.625, 11.5], "texture": "#0"},
				"south": {"uv": [10.125, 11.25, 10.625, 11.5], "texture": "#0"},
				"west": {"uv": [10.125, 11.25, 10.25, 11.5], "texture": "#0"},
				"up": {"uv": [10.125, 11.25, 10.625, 11.375], "texture": "#0"},
				"down": {"uv": [10.125, 11.375, 10.625, 11.5], "texture": "#0"}
			}
		},
		{
			"name": "thunderbringer_47",
			"from": [7.375, 4.25, 7.4],
			"to": [7.5, 4.625, 8.125],
			"faces": {
				"north": {"uv": [9, 11.375, 8.875, 11.75], "texture": "#0"},
				"east": {"uv": [8.875, 11.375, 9, 11.75], "texture": "#0"},
				"south": {"uv": [8.875, 11.375, 9, 11.75], "texture": "#0"},
				"west": {"uv": [8.875, 11.375, 9, 11.75], "texture": "#0"},
				"up": {"uv": [8.875, 11.375, 9, 11.5], "texture": "#0"},
				"down": {"uv": [8.875, 11.625, 9, 11.75], "texture": "#0"}
			}
		},
		{
			"name": "thunderbringer_48",
			"from": [7.75, 4.5, 7.4],
			"to": [7.875, 4.625, 8.125],
			"faces": {
				"north": {"uv": [9.375, 11.375, 9.25, 11.5], "texture": "#0"},
				"east": {"uv": [9.25, 11.375, 9.375, 11.5], "texture": "#0"},
				"south": {"uv": [9.25, 11.375, 9.375, 11.5], "texture": "#0"},
				"west": {"uv": [9.25, 11.375, 9.375, 11.5], "texture": "#0"},
				"up": {"uv": [9.25, 11.375, 9.375, 11.5], "texture": "#0"},
				"down": {"uv": [9.25, 11.375, 9.375, 11.5], "texture": "#0"}
			}
		},
		{
			"name": "thunderbringer_49",
			"from": [7.875, 4.375, 7.5],
			"to": [8.125, 4.625, 8.025],
			"faces": {
				"north": {"uv": [10.125, 11.375, 9.875, 11.625], "texture": "#0"},
				"east": {"uv": [10, 11.375, 10.125, 11.625], "texture": "#0"},
				"south": {"uv": [9.875, 11.375, 10.125, 11.625], "texture": "#0"},
				"west": {"uv": [9.875, 11.375, 10, 11.625], "texture": "#0"},
				"up": {"uv": [9.875, 11.375, 10.125, 11.5], "texture": "#0"},
				"down": {"uv": [9.875, 11.5, 10.125, 11.625], "texture": "#0"}
			}
		},
		{
			"name": "thunderbringer_50",
			"from": [7.5, 4.375, 7.4],
			"to": [7.625, 4.5, 8.125],
			"faces": {
				"north": {"uv": [9.125, 11.5, 9, 11.625], "texture": "#0"},
				"east": {"uv": [9, 11.5, 9.125, 11.625], "texture": "#0"},
				"south": {"uv": [9, 11.5, 9.125, 11.625], "texture": "#0"},
				"west": {"uv": [9, 11.5, 9.125, 11.625], "texture": "#0"},
				"up": {"uv": [9, 11.5, 9.125, 11.625], "texture": "#0"},
				"down": {"uv": [9, 11.5, 9.125, 11.625], "texture": "#0"}
			}
		},
		{
			"name": "thunderbringer_51",
			"from": [7.625, 4.25, 7.5],
			"to": [7.875, 4.5, 8.025],
			"faces": {
				"north": {"uv": [9.875, 11.5, 9.625, 11.75], "texture": "#0"},
				"east": {"uv": [9.75, 11.5, 9.875, 11.75], "texture": "#0"},
				"south": {"uv": [9.625, 11.5, 9.875, 11.75], "texture": "#0"},
				"west": {"uv": [9.625, 11.5, 9.75, 11.75], "texture": "#0"},
				"up": {"uv": [9.625, 11.5, 9.875, 11.625], "texture": "#0"},
				"down": {"uv": [9.625, 11.625, 9.875, 11.75], "texture": "#0"}
			}
		},
		{
			"name": "thunderbringer_52",
			"from": [8.125, 4.375, 7.5],
			"to": [8.25, 4.5, 8.025],
			"faces": {
				"north": {"uv": [10.25, 11.5, 10.125, 11.625], "texture": "#0"},
				"east": {"uv": [10.125, 11.5, 10.25, 11.625], "texture": "#0"},
				"south": {"uv": [10.125, 11.5, 10.25, 11.625], "texture": "#0"},
				"west": {"uv": [10.125, 11.5, 10.25, 11.625], "texture": "#0"},
				"up": {"uv": [10.125, 11.5, 10.25, 11.625], "texture": "#0"},
				"down": {"uv": [10.125, 11.5, 10.25, 11.625], "texture": "#0"}
			}
		},
		{
			"name": "thunderbringer_53",
			"from": [8.375, 4.375, 7.5],
			"to": [8.625, 4.5, 8.025],
			"faces": {
				"north": {"uv": [10.625, 11.5, 10.375, 11.625], "texture": "#0"},
				"east": {"uv": [10.5, 11.5, 10.625, 11.625], "texture": "#0"},
				"south": {"uv": [10.375, 11.5, 10.625, 11.625], "texture": "#0"},
				"west": {"uv": [10.375, 11.5, 10.5, 11.625], "texture": "#0"},
				"up": {"uv": [10.375, 11.5, 10.625, 11.625], "texture": "#0"},
				"down": {"uv": [10.375, 11.5, 10.625, 11.625], "texture": "#0"}
			}
		},
		{
			"name": "thunderbringer_54",
			"from": [8, 1.875, 7.6],
			"to": [8.125, 4.375, 7.925],
			"faces": {
				"north": {"uv": [8.125, 11.625, 8, 14.125], "texture": "#0"},
				"east": {"uv": [8, 11.625, 8.125, 14.125], "texture": "#0"},
				"south": {"uv": [8, 11.625, 8.125, 14.125], "texture": "#0"},
				"west": {"uv": [8, 11.625, 8.125, 14.125], "texture": "#0"},
				"up": {"uv": [8, 11.625, 8.125, 11.75], "texture": "#0"},
				"down": {"uv": [8, 14, 8.125, 14.125], "texture": "#0"}
			}
		},
		{
			"name": "thunderbringer_55",
			"from": [7.5, 4.125, 7.5],
			"to": [7.625, 4.375, 8.025],
			"faces": {
				"north": {"uv": [9.625, 11.625, 9.5, 11.875], "texture": "#0"},
				"east": {"uv": [9.5, 11.625, 9.625, 11.875], "texture": "#0"},
				"south": {"uv": [9.5, 11.625, 9.625, 11.875], "texture": "#0"},
				"west": {"uv": [9.5, 11.625, 9.625, 11.875], "texture": "#0"},
				"up": {"uv": [9.5, 11.625, 9.625, 11.75], "texture": "#0"},
				"down": {"uv": [9.5, 11.75, 9.625, 11.875], "texture": "#0"}
			}
		},
		{
			"name": "thunderbringer_56",
			"from": [7.875, 4.25, 7.5],
			"to": [8, 4.375, 8.025],
			"faces": {
				"north": {"uv": [10, 11.625, 9.875, 11.75], "texture": "#0"},
				"east": {"uv": [9.875, 11.625, 10, 11.75], "texture": "#0"},
				"south": {"uv": [9.875, 11.625, 10, 11.75], "texture": "#0"},
				"west": {"uv": [9.875, 11.625, 10, 11.75], "texture": "#0"},
				"up": {"uv": [9.875, 11.625, 10, 11.75], "texture": "#0"},
				"down": {"uv": [9.875, 11.625, 10, 11.75], "texture": "#0"}
			}
		},
		{
			"name": "thunderbringer_57",
			"from": [7.75, 1.875, 7.6],
			"to": [8, 4.25, 7.925],
			"faces": {
				"north": {"uv": [8, 11.75, 7.75, 14.125], "texture": "#0"},
				"east": {"uv": [7.875, 11.75, 8, 14.125], "texture": "#0"},
				"south": {"uv": [7.75, 11.75, 8, 14.125], "texture": "#0"},
				"west": {"uv": [7.75, 11.75, 7.875, 14.125], "texture": "#0"},
				"up": {"uv": [7.75, 11.75, 8, 11.875], "texture": "#0"},
				"down": {"uv": [7.75, 14, 8, 14.125], "texture": "#0"}
			}
		},
		{
			"name": "thunderbringer_58",
			"from": [7.625, 4.125, 7.5],
			"to": [7.75, 4.25, 8.025],
			"faces": {
				"north": {"uv": [9.75, 11.75, 9.625, 11.875], "texture": "#0"},
				"east": {"uv": [9.625, 11.75, 9.75, 11.875], "texture": "#0"},
				"south": {"uv": [9.625, 11.75, 9.75, 11.875], "texture": "#0"},
				"west": {"uv": [9.625, 11.75, 9.75, 11.875], "texture": "#0"},
				"up": {"uv": [9.625, 11.75, 9.75, 11.875], "texture": "#0"},
				"down": {"uv": [9.625, 11.75, 9.75, 11.875], "texture": "#0"}
			}
		},
		{
			"name": "thunderbringer_59",
			"from": [7.625, 1.5, 7.5],
			"to": [8.25, 1.875, 8.025],
			"faces": {
				"north": {"uv": [8.25, 14.375, 7.625, 14.75], "texture": "#0"},
				"east": {"uv": [8.125, 14.375, 8.25, 14.75], "texture": "#0"},
				"south": {"uv": [7.625, 14.375, 8.25, 14.75], "texture": "#0"},
				"west": {"uv": [7.625, 14.375, 7.75, 14.75], "texture": "#0"},
				"up": {"uv": [7.625, 14.375, 8.25, 14.5], "texture": "#0"},
				"down": {"uv": [7.625, 14.625, 8.25, 14.75], "texture": "#0"}
			}
		},
		{
			"name": "thunderbringer_60",
			"from": [7.75, 1.125, 7.6],
			"to": [8.125, 1.375, 7.925],
			"faces": {
				"north": {"uv": [8.125, 14.875, 7.75, 15.125], "texture": "#0"},
				"east": {"uv": [8, 14.875, 8.125, 15.125], "texture": "#0"},
				"south": {"uv": [7.75, 14.875, 8.125, 15.125], "texture": "#0"},
				"west": {"uv": [7.75, 14.875, 7.875, 15.125], "texture": "#0"},
				"up": {"uv": [7.75, 14.875, 8.125, 15], "texture": "#0"},
				"down": {"uv": [7.75, 15, 8.125, 15.125], "texture": "#0"}
			}
		},
		{
			"name": "thunderbringer_61",
			"from": [7.875, 0.875, 7.7],
			"to": [8, 1.125, 7.825],
			"faces": {
				"north": {"uv": [8, 15.125, 7.875, 15.375], "texture": "#0"},
				"east": {"uv": [7.875, 15.125, 8, 15.375], "texture": "#0"},
				"south": {"uv": [7.875, 15.125, 8, 15.375], "texture": "#0"},
				"west": {"uv": [7.875, 15.125, 8, 15.375], "texture": "#0"},
				"up": {"uv": [7.875, 15.125, 8, 15.25], "texture": "#0"},
				"down": {"uv": [7.875, 15.25, 8, 15.375], "texture": "#0"}
			}
		},
		{
			"from": [3.7, 1.5, 7],
			"to": [7.95, 11.5, 7],
			"rotation": {"angle": 22.5, "axis": "y", "origin": [8, 1.5, 7]},
			"faces": {
				"north": {"uv": [8, 0, 16, 16], "texture": "#1"}
			}
		},
		{
			"from": [7.95, 1.5, 7],
			"to": [12.2, 11.5, 7],
			"rotation": {"angle": -22.5, "axis": "y", "origin": [8, 1.5, 7]},
			"faces": {
				"north": {"uv": [0, 0, 8, 16], "texture": "#1"}
			}
		},
		{
			"from": [8.05, 1.5, 8.8],
			"to": [12.3, 11.5, 8.8],
			"rotation": {"angle": 22.5, "axis": "y", "origin": [8, 1.5, 8.8]},
			"faces": {
				"south": {"uv": [8, 0, 16, 16], "texture": "#1"}
			}
		},
		{
			"from": [3.8, 1.5, 8.8],
			"to": [8.05, 11.5, 8.8],
			"rotation": {"angle": -22.5, "axis": "y", "origin": [8, 1.5, 8.8]},
			"faces": {
				"south": {"uv": [0, 0, 8, 16], "texture": "#1"}
			}
		}
	],
	"gui_light": "front",
	"display": {
		"thirdperson_righthand": {
			"rotation": [0, -90, 0],
			"translation": [-0.75, 10, 1.25],
			"scale": [2.5, 2.5, 2.5]
		},
		"thirdperson_lefthand": {
			"rotation": [0, 90, 0],
			"translation": [0.25, 13, 1.5],
			"scale": [3.5, 3.5, 2.5]
		},
		"firstperson_righthand": {
			"rotation": [0, -90, -4],
			"translation": [0.75, 7.25, 1.5],
			"scale": [2, 2, 1.75]
		},
		"firstperson_lefthand": {
			"rotation": [0, 90, 1],
			"translation": [1.5, 6.75, 0.5],
			"scale": [2, 2, 1.75]
		},
		"ground": {
			"translation": [0, 11.5, 0],
			"scale": [2.5, 2.5, 2.5]
		},
		"gui": {
			"rotation": [0, 0, -42],
			"translation": [2.75, 3.75, 0],
			"scale": [2.5, 2.5, 1]
		},
		"fixed": {
			"rotation": [-180, 0, 138],
			"translation": [-3.75, 4.25, -0.75],
			"scale": [4, 4, 3]
		}
	},
	"groups": [
		{
			"name": "thunderbringer",
			"origin": [8, 8, 8],
			"color": 0,
			"children": [
				0,
				1,
				2,
				3,
				4,
				5,
				6,
				7,
				8,
				9,
				10,
				11,
				12,
				13,
				14,
				15,
				16,
				17,
				18,
				19,
				20,
				21,
				22,
				23,
				24,
				25,
				26,
				27,
				28,
				29,
				30,
				31,
				32,
				33,
				34,
				35,
				36,
				37,
				38,
				39,
				40,
				41,
				42,
				43,
				44,
				45,
				46,
				47,
				48,
				49,
				50,
				51,
				52,
				53,
				54,
				55,
				56,
				57,
				58,
				59,
				60,
				61
			]
		},
		62,
		63,
		64,
		65
	]
}