{
    "id": "tiered:uncommon_tool_3",
    "verifiers": [
        {
            "tag": "c:axes"
        },
        {
            "tag": "c:pickaxes"
        },
        {
            "tag": "c:shovels"
        },
        {
            "tag": "c:hoes"
        },
        {
            "id": "oxidized:rose_gold_pickaxe"
        },
        {
            "id": "oxidized:rose_gold_axe"
        },
        {
            "id": "oxidized:rose_gold_hoe"
        }
    ],
    "weight": 35,
    "style": {
        "color": "dark_green"
    },
    "attributes": [
        {
            "type": "tiered:generic.dig_speed",
            "modifier": {
                "name": "tiered:uncommon_tool_3",
                "operation": "MULTIPLY_BASE",
                "amount": -0.05
            },
            "optional_equipment_slots": [
                "MAINHAND"
            ]
        },
        {
            "type": "generic.movement_speed",
            "modifier": {
                "name": "tiered:uncommon_tool_3",
                "operation": "MULTIPLY_BASE",
                "amount": 0.02
            },
            "optional_equipment_slots": [
                "MAINHAND"
            ]
        }
    ]
}