{
  "pools": [
    {
      "bonus_rolls": 0.0,
      "conditions": [
        {
          "chance": 0.7,
          "condition": "minecraft:random_chance"
        }
      ],
      "entries": [
        {
          "type": "minecraft:item",
          "functions": [
            {
              "add": false,
              "count": {
                "type": "minecraft:uniform",
                "max": 16.0,
                "min": 4.0
              },
              "function": "minecraft:set_count"
            }
          ],
          "name": "minecraft:cod"
        },
        {
          "type": "minecraft:item",
          "functions": [
            {
              "add": false,
              "count": {
                "type": "minecraft:uniform",
                "max": 16.0,
                "min": 4.0
              },
              "function": "minecraft:set_count"
            }
          ],
          "name": "minecraft:salmon"
        },
        {
          "type": "minecraft:item",
          "functions": [
            {
              "add": false,
              "count": {
                "type": "minecraft:uniform",
                "max": 16.0,
                "min": 4.0
              },
              "function": "minecraft:set_count"
            }
          ],
          "name": "minecraft:rotten_flesh"
        },
        {
          "type": "minecraft:item",
          "functions": [
            {
              "add": false,
              "count": {
                "type": "minecraft:uniform",
                "max": 10.0,
                "min": 2.0
              },
              "function": "minecraft:set_count"
            }
          ],
          "name": "minecraft:bone"
        },
        {
          "type": "minecraft:item",
          "functions": [
            {
              "add": false,
              "count": {
                "type": "minecraft:uniform",
                "max": 16.0,
                "min": 4.0
              },
              "function": "minecraft:set_count"
            }
          ],
          "name": "minecraft:paper"
        },
        {
          "type": "minecraft:item",
          "functions": [
            {
              "add": false,
              "count": {
                "type": "minecraft:uniform",
                "max": 16.0,
                "min": 4.0
              },
              "function": "minecraft:set_count"
            }
          ],
          "name": "minecraft:sugar_cane"
        },
        {
          "type": "minecraft:item",
          "functions": [
            {
              "add": false,
              "count": {
                "type": "minecraft:uniform",
                "max": 16.0,
                "min": 4.0
              },
              "function": "minecraft:set_count"
            }
          ],
          "name": "minecraft:wheat"
        },
        {
          "type": "minecraft:item",
          "functions": [
            {
              "add": false,
              "count": {
                "type": "minecraft:uniform",
                "max": 16.0,
                "min": 4.0
              },
              "function": "minecraft:set_count"
            }
          ],
          "name": "minecraft:book"
        },
        {
          "type": "minecraft:item",
          "functions": [
            {
              "add": false,
              "count": {
                "type": "minecraft:uniform",
                "max": 16.0,
                "min": 4.0
              },
              "function": "minecraft:set_count"
            }
          ],
          "name": "minecraft:sugar"
        },
        {
          "type": "minecraft:item",
          "functions": [
            {
              "add": false,
              "count": {
                "type": "minecraft:uniform",
                "max": 16.0,
                "min": 4.0
              },
              "function": "minecraft:set_count"
            }
          ],
          "name": "minecraft:coal"
        },
        {
          "type": "minecraft:loot_table",
          "name": "artifacts:chests/campsite_barrel/tnt"
        },
        {
          "type": "minecraft:loot_table",
          "name": "artifacts:chests/campsite_barrel/cobwebs"
        },
        {
          "type": "minecraft:loot_table",
          "name": "artifacts:chests/campsite_barrel/ores"
        },
        {
          "type": "minecraft:loot_table",
          "name": "artifacts:chests/campsite_barrel/ingots"
        },
        {
          "type": "minecraft:loot_table",
          "name": "artifacts:chests/campsite_barrel/gems"
        },
        {
          "type": "minecraft:loot_table",
          "name": "artifacts:chests/campsite_barrel/crops"
        },
        {
          "type": "minecraft:loot_table",
          "name": "artifacts:chests/campsite_barrel/food"
        },
        {
          "type": "minecraft:loot_table",
          "name": "artifacts:chests/campsite_barrel/cobblestone"
        },
        {
          "type": "minecraft:loot_table",
          "name": "artifacts:chests/campsite_barrel/rails"
        },
        {
          "type": "minecraft:loot_table",
          "name": "artifacts:chests/campsite_barrel/minecarts"
        }
      ],
      "rolls": 1.0
    }
  ],
  "random_sequence": "artifacts:chests/campsite_barrel"
}