{
  "type": "minecraft:chest",
  "pools": [
    {
      "bonus_rolls": 0.0,
      "entries": [
        {
          "type": "minecraft:item",
          "name": "artifacts:aqua_dashers"
        },
        {
          "type": "minecraft:item",
          "name": "artifacts:onion_ring"
        },
        {
          "type": "minecraft:item",
          "name": "artifacts:running_shoes"
        },
        {
          "type": "minecraft:item",
          "name": "artifacts:bunny_hoppers"
        },
        {
          "type": "minecraft:item",
          "name": "artifacts:vampiric_glove"
        }
      ],
      "rolls": 1.0
    }
  ],
  "random_sequence": "artifacts:inject/archaeology/ocean_ruin_warm"
}