{
  "type": "minecraft:chest",
  "pools": [
    {
      "bonus_rolls": 0.0,
      "entries": [
        {
          "type": "minecraft:item",
          "name": "artifacts:rooted_boots"
        },
        {
          "type": "minecraft:item",
          "name": "artifacts:pickaxe_heater"
        },
        {
          "type": "minecraft:item",
          "name": "artifacts:aqua_dashers"
        },
        {
          "type": "minecraft:item",
          "name": "artifacts:snowshoes"
        },
        {
          "type": "minecraft:item",
          "name": "artifacts:steadfast_spikes"
        },
        {
          "type": "minecraft:item",
          "name": "artifacts:villager_hat"
        },
        {
          "type": "minecraft:item",
          "name": "artifacts:cloud_in_a_bottle"
        },
        {
          "type": "minecraft:item",
          "name": "artifacts:pocket_piston"
        },
        {
          "type": "minecraft:item",
          "name": "artifacts:whoopee_cushion"
        },
        {
          "type": "minecraft:item",
          "name": "artifacts:flame_pendant"
        },
        {
          "type": "minecraft:item",
          "name": "artifacts:thorn_pendant"
        }
      ],
      "rolls": 1.0
    }
  ],
  "random_sequence": "artifacts:inject/archaeology/trail_ruins_rare"
}