{
  "type": "minecraft:chest",
  "pools": [
    {
      "bonus_rolls": 0.0,
      "conditions": [
        {
          "condition": "artifacts:artifact_rarity_adjusted_chance",
          "default_probability": 0.2
        }
      ],
      "entries": [
        {
          "type": "minecraft:item",
          "name": "artifacts:cross_necklace"
        },
        {
          "type": "minecraft:item",
          "name": "artifacts:antidote_vessel"
        },
        {
          "type": "minecraft:item",
          "name": "artifacts:charm_of_sinking"
        }
      ],
      "rolls": 1.0
    }
  ],
  "random_sequence": "artifacts:inject/chests/village/village_temple"
}