{
  "type": "minecraft:chest",
  "pools": [
    {
      "bonus_rolls": 0.0,
      "conditions": [
        {
          "condition": "artifacts:artifact_rarity_adjusted_chance",
          "default_probability": 0.08
        }
      ],
      "entries": [
        {
          "type": "minecraft:item",
          "name": "artifacts:villager_hat"
        },
        {
          "type": "minecraft:item",
          "name": "artifacts:snowshoes"
        }
      ],
      "rolls": 1.0
    }
  ],
  "random_sequence": "artifacts:inject/chests/village/village_taiga_house"
}