{
	"credit": "Made with Blockbench",
	"texture_size": [64, 64],
	"textures": {
		"1": "log_and_axe"
	},
	"elements": [
		{
			"from": [0, 0, 0],
			"to": [16, 16, 16],
			"rotation": {"angle": 0, "axis": "y", "origin": [0, 0, -1]},
			"faces": {
				"north": {"uv": [0, 0, 4, 4], "texture": "#1"},
				"east": {"uv": [0, 4, 4, 8], "texture": "#1"},
				"south": {"uv": [4, 0, 8, 4], "texture": "#1"},
				"west": {"uv": [4, 4, 8, 8], "texture": "#1"},
				"up": {"uv": [4, 12, 0, 8], "texture": "#1"},
				"down": {"uv": [12, 0, 8, 4], "texture": "#1"}
			}
		},
		{
			"name": "bloody_iron_axe_0",
			"from": [-8, 14, 7.5],
			"to": [-7, 22, 8.5],
			"rotation": {"angle": 22.5, "axis": "z", "origin": [-1, 45, 7.5]},
			"faces": {
				"north": {"uv": [10.75, 10.5, 10.5, 8.5], "texture": "#1"},
				"east": {"uv": [10.5, 10.5, 10.75, 8.5], "texture": "#1"},
				"south": {"uv": [10.5, 10.5, 10.75, 8.5], "texture": "#1"},
				"west": {"uv": [10.5, 10.5, 10.75, 8.5], "texture": "#1"},
				"up": {"uv": [10.75, 10.25, 10.5, 10.5], "rotation": 180, "texture": "#1"},
				"down": {"uv": [10.75, 8.5, 10.5, 8.75], "rotation": 180, "texture": "#1"}
			}
		},
		{
			"name": "bloody_iron_axe_1",
			"from": [-9, 15, 7.5],
			"to": [-8, 19, 8.5],
			"rotation": {"angle": 22.5, "axis": "z", "origin": [-1, 45, 7.5]},
			"faces": {
				"north": {"uv": [10.5, 9.75, 10.25, 8.75], "texture": "#1"},
				"east": {"uv": [10.25, 9.75, 10.5, 8.75], "texture": "#1"},
				"south": {"uv": [10.25, 9.75, 10.5, 8.75], "texture": "#1"},
				"west": {"uv": [10.25, 9.75, 10.5, 8.75], "texture": "#1"},
				"up": {"uv": [10.5, 9.5, 10.25, 9.75], "rotation": 180, "texture": "#1"},
				"down": {"uv": [10.5, 8.75, 10.25, 9], "rotation": 180, "texture": "#1"}
			}
		},
		{
			"name": "bloody_iron_axe_2",
			"from": [-7, 15, 7.5],
			"to": [-6, 21, 8.5],
			"rotation": {"angle": 22.5, "axis": "z", "origin": [-1, 45, 7.5]},
			"faces": {
				"north": {"uv": [11, 10.25, 10.75, 8.75], "texture": "#1"},
				"east": {"uv": [10.75, 10.25, 11, 8.75], "texture": "#1"},
				"south": {"uv": [10.75, 10.25, 11, 8.75], "texture": "#1"},
				"west": {"uv": [10.75, 10.25, 11, 8.75], "texture": "#1"},
				"up": {"uv": [11, 10, 10.75, 10.25], "rotation": 180, "texture": "#1"},
				"down": {"uv": [11, 8.75, 10.75, 9], "rotation": 180, "texture": "#1"}
			}
		},
		{
			"name": "bloody_iron_axe_3",
			"from": [-4, 15, 7.5],
			"to": [-2, 17, 8.5],
			"rotation": {"angle": 22.5, "axis": "z", "origin": [-1, 45, 7.5]},
			"faces": {
				"north": {"uv": [12, 9.25, 11.5, 8.75], "texture": "#1"},
				"east": {"uv": [11.75, 9.25, 12, 8.75], "texture": "#1"},
				"south": {"uv": [11.5, 9.25, 12, 8.75], "texture": "#1"},
				"west": {"uv": [11.5, 9.25, 11.75, 8.75], "texture": "#1"},
				"up": {"uv": [12, 9, 11.5, 9.25], "rotation": 180, "texture": "#1"},
				"down": {"uv": [12, 8.75, 11.5, 9], "rotation": 180, "texture": "#1"}
			}
		},
		{
			"name": "bloody_iron_axe_4",
			"from": [-10, 16, 7.5],
			"to": [-9, 19, 8.5],
			"rotation": {"angle": 22.5, "axis": "z", "origin": [-1, 45, 7.5]},
			"faces": {
				"north": {"uv": [10.25, 9.75, 10, 9], "texture": "#1"},
				"east": {"uv": [10, 9.75, 10.25, 9], "texture": "#1"},
				"south": {"uv": [10, 9.75, 10.25, 9], "texture": "#1"},
				"west": {"uv": [10, 9.75, 10.25, 9], "texture": "#1"},
				"up": {"uv": [10.25, 9.5, 10, 9.75], "rotation": 180, "texture": "#1"},
				"down": {"uv": [10.25, 9, 10, 9.25], "rotation": 180, "texture": "#1"}
			}
		},
		{
			"name": "bloody_iron_axe_5",
			"from": [-6, 16, 7.5],
			"to": [-4, 20, 8.5],
			"rotation": {"angle": 22.5, "axis": "z", "origin": [-1, 45, 7.5]},
			"faces": {
				"north": {"uv": [11.5, 10, 11, 9], "texture": "#1"},
				"east": {"uv": [11.25, 10, 11.5, 9], "texture": "#1"},
				"south": {"uv": [11, 10, 11.5, 9], "texture": "#1"},
				"west": {"uv": [11, 10, 11.25, 9], "texture": "#1"},
				"up": {"uv": [11.5, 9.75, 11, 10], "rotation": 180, "texture": "#1"},
				"down": {"uv": [11.5, 9, 11, 9.25], "rotation": 180, "texture": "#1"}
			}
		},
		{
			"name": "bloody_iron_axe_6",
			"from": [-11, 17, 7.5],
			"to": [-10, 19, 8.5],
			"rotation": {"angle": 22.5, "axis": "z", "origin": [-1, 45, 7.5]},
			"faces": {
				"north": {"uv": [10, 9.75, 9.75, 9.25], "texture": "#1"},
				"east": {"uv": [9.75, 9.75, 10, 9.25], "texture": "#1"},
				"south": {"uv": [9.75, 9.75, 10, 9.25], "texture": "#1"},
				"west": {"uv": [9.75, 9.75, 10, 9.25], "texture": "#1"},
				"up": {"uv": [10, 9.5, 9.75, 9.75], "rotation": 180, "texture": "#1"},
				"down": {"uv": [10, 9.25, 9.75, 9.5], "rotation": 180, "texture": "#1"}
			}
		},
		{
			"name": "bloody_iron_axe_7",
			"from": [-4, 17, 7.5],
			"to": [-3, 21, 8.5],
			"rotation": {"angle": 22.5, "axis": "z", "origin": [-1, 45, 7.5]},
			"faces": {
				"north": {"uv": [11.75, 10.25, 11.5, 9.25], "texture": "#1"},
				"east": {"uv": [11.5, 10.25, 11.75, 9.25], "texture": "#1"},
				"south": {"uv": [11.5, 10.25, 11.75, 9.25], "texture": "#1"},
				"west": {"uv": [11.5, 10.25, 11.75, 9.25], "texture": "#1"},
				"up": {"uv": [11.75, 10, 11.5, 10.25], "rotation": 180, "texture": "#1"},
				"down": {"uv": [11.75, 9.25, 11.5, 9.5], "rotation": 180, "texture": "#1"}
			}
		},
		{
			"name": "bloody_iron_axe_8",
			"from": [-3, 19, 7.5],
			"to": [-2, 21, 8.5],
			"rotation": {"angle": 22.5, "axis": "z", "origin": [-1, 45, 7.5]},
			"faces": {
				"north": {"uv": [12, 10.25, 11.75, 9.75], "texture": "#1"},
				"east": {"uv": [11.75, 10.25, 12, 9.75], "texture": "#1"},
				"south": {"uv": [11.75, 10.25, 12, 9.75], "texture": "#1"},
				"west": {"uv": [11.75, 10.25, 12, 9.75], "texture": "#1"},
				"up": {"uv": [12, 10, 11.75, 10.25], "rotation": 180, "texture": "#1"},
				"down": {"uv": [12, 9.75, 11.75, 10], "rotation": 180, "texture": "#1"}
			}
		},
		{
			"name": "bloody_iron_axe_9",
			"from": [-9, 20, 7.5],
			"to": [-8, 23, 8.5],
			"rotation": {"angle": 22.5, "axis": "z", "origin": [-1, 45, 7.5]},
			"faces": {
				"north": {"uv": [10.5, 10.75, 10.25, 10], "texture": "#1"},
				"east": {"uv": [10.25, 10.75, 10.5, 10], "texture": "#1"},
				"south": {"uv": [10.25, 10.75, 10.5, 10], "texture": "#1"},
				"west": {"uv": [10.25, 10.75, 10.5, 10], "texture": "#1"},
				"up": {"uv": [10.5, 10.5, 10.25, 10.75], "rotation": 180, "texture": "#1"},
				"down": {"uv": [10.5, 10, 10.25, 10.25], "rotation": 180, "texture": "#1"}
			}
		},
		{
			"name": "bloody_iron_axe_10",
			"from": [-5, 20, 7.5],
			"to": [-4, 21, 8.5],
			"rotation": {"angle": 22.5, "axis": "z", "origin": [-1, 45, 7.5]},
			"faces": {
				"north": {"uv": [11.5, 10.25, 11.25, 10], "texture": "#1"},
				"east": {"uv": [11.25, 10.25, 11.5, 10], "texture": "#1"},
				"south": {"uv": [11.25, 10.25, 11.5, 10], "texture": "#1"},
				"west": {"uv": [11.25, 10.25, 11.5, 10], "texture": "#1"},
				"up": {"uv": [11.5, 10, 11.25, 10.25], "rotation": 180, "texture": "#1"},
				"down": {"uv": [11.5, 10, 11.25, 10.25], "rotation": 180, "texture": "#1"}
			}
		},
		{
			"name": "bloody_iron_axe_11",
			"from": [-10, 21, 7.5],
			"to": [-9, 24, 8.5],
			"rotation": {"angle": 22.5, "axis": "z", "origin": [-1, 45, 7.5]},
			"faces": {
				"north": {"uv": [10.25, 11, 10, 10.25], "texture": "#1"},
				"east": {"uv": [10, 11, 10.25, 10.25], "texture": "#1"},
				"south": {"uv": [10, 11, 10.25, 10.25], "texture": "#1"},
				"west": {"uv": [10, 11, 10.25, 10.25], "texture": "#1"},
				"up": {"uv": [10.25, 10.75, 10, 11], "rotation": 180, "texture": "#1"},
				"down": {"uv": [10.25, 10.25, 10, 10.5], "rotation": 180, "texture": "#1"}
			}
		},
		{
			"name": "bloody_iron_axe_12",
			"from": [-11, 22, 7.5],
			"to": [-10, 25, 8.5],
			"rotation": {"angle": 22.5, "axis": "z", "origin": [-1, 45, 7.5]},
			"faces": {
				"north": {"uv": [10, 11.25, 9.75, 10.5], "texture": "#1"},
				"east": {"uv": [9.75, 11.25, 10, 10.5], "texture": "#1"},
				"south": {"uv": [9.75, 11.25, 10, 10.5], "texture": "#1"},
				"west": {"uv": [9.75, 11.25, 10, 10.5], "texture": "#1"},
				"up": {"uv": [10, 11, 9.75, 11.25], "rotation": 180, "texture": "#1"},
				"down": {"uv": [10, 10.5, 9.75, 10.75], "rotation": 180, "texture": "#1"}
			}
		},
		{
			"name": "bloody_iron_axe_13",
			"from": [-12, 23, 7.5],
			"to": [-11, 26, 8.5],
			"rotation": {"angle": 22.5, "axis": "z", "origin": [-1, 45, 7.5]},
			"faces": {
				"north": {"uv": [9.75, 11.5, 9.5, 10.75], "texture": "#1"},
				"east": {"uv": [9.5, 11.5, 9.75, 10.75], "texture": "#1"},
				"south": {"uv": [9.5, 11.5, 9.75, 10.75], "texture": "#1"},
				"west": {"uv": [9.5, 11.5, 9.75, 10.75], "texture": "#1"},
				"up": {"uv": [9.75, 11.25, 9.5, 11.5], "rotation": 180, "texture": "#1"},
				"down": {"uv": [9.75, 10.75, 9.5, 11], "rotation": 180, "texture": "#1"}
			}
		},
		{
			"name": "bloody_iron_axe_14",
			"from": [-13, 24, 7.5],
			"to": [-12, 27, 8.5],
			"rotation": {"angle": 22.5, "axis": "z", "origin": [-1, 45, 7.5]},
			"faces": {
				"north": {"uv": [9.5, 11.75, 9.25, 11], "texture": "#1"},
				"east": {"uv": [9.25, 11.75, 9.5, 11], "texture": "#1"},
				"south": {"uv": [9.25, 11.75, 9.5, 11], "texture": "#1"},
				"west": {"uv": [9.25, 11.75, 9.5, 11], "texture": "#1"},
				"up": {"uv": [9.5, 11.5, 9.25, 11.75], "rotation": 180, "texture": "#1"},
				"down": {"uv": [9.5, 11, 9.25, 11.25], "rotation": 180, "texture": "#1"}
			}
		},
		{
			"name": "bloody_iron_axe_15",
			"from": [-14, 25, 7.5],
			"to": [-13, 28, 8.5],
			"rotation": {"angle": 22.5, "axis": "z", "origin": [-1, 45, 7.5]},
			"faces": {
				"north": {"uv": [9.25, 12, 9, 11.25], "texture": "#1"},
				"east": {"uv": [9, 12, 9.25, 11.25], "texture": "#1"},
				"south": {"uv": [9, 12, 9.25, 11.25], "texture": "#1"},
				"west": {"uv": [9, 12, 9.25, 11.25], "texture": "#1"},
				"up": {"uv": [9.25, 11.75, 9, 12], "rotation": 180, "texture": "#1"},
				"down": {"uv": [9.25, 11.25, 9, 11.5], "rotation": 180, "texture": "#1"}
			}
		},
		{
			"name": "bloody_iron_axe_16",
			"from": [-15, 26, 7.5],
			"to": [-14, 29, 8.5],
			"rotation": {"angle": 22.5, "axis": "z", "origin": [-1, 45, 7.5]},
			"faces": {
				"north": {"uv": [9, 12.25, 8.75, 11.5], "texture": "#1"},
				"east": {"uv": [8.75, 12.25, 9, 11.5], "texture": "#1"},
				"south": {"uv": [8.75, 12.25, 9, 11.5], "texture": "#1"},
				"west": {"uv": [8.75, 12.25, 9, 11.5], "texture": "#1"},
				"up": {"uv": [9, 12, 8.75, 12.25], "rotation": 180, "texture": "#1"},
				"down": {"uv": [9, 11.5, 8.75, 11.75], "rotation": 180, "texture": "#1"}
			}
		},
		{
			"name": "bloody_iron_axe_17",
			"from": [-16, 27, 7.5],
			"to": [-15, 29, 8.5],
			"rotation": {"angle": 22.5, "axis": "z", "origin": [-1, 45, 7.5]},
			"faces": {
				"north": {"uv": [8.75, 12.25, 8.5, 11.75], "texture": "#1"},
				"east": {"uv": [8.5, 12.25, 8.75, 11.75], "texture": "#1"},
				"south": {"uv": [8.5, 12.25, 8.75, 11.75], "texture": "#1"},
				"west": {"uv": [8.5, 12.25, 8.75, 11.75], "texture": "#1"},
				"up": {"uv": [8.75, 12, 8.5, 12.25], "rotation": 180, "texture": "#1"},
				"down": {"uv": [8.75, 11.75, 8.5, 12], "rotation": 180, "texture": "#1"}
			}
		}
	],
	"display": {
		"thirdperson_righthand": {
			"rotation": [-30, 90, 0],
			"translation": [0, -1.25, -0.25],
			"scale": [0.3, 0.3, 0.3]
		},
		"thirdperson_lefthand": {
			"rotation": [-30, 90, 0],
			"translation": [0, -1.25, -0.25],
			"scale": [0.3, 0.3, 0.3]
		},
		"firstperson_righthand": {
			"rotation": [-30, 90, 0],
			"translation": [0, 0.25, 0.5],
			"scale": [0.3, 0.3, 0.3]
		},
		"firstperson_lefthand": {
			"rotation": [-30, 90, 0],
			"translation": [0, 0.25, 0.5],
			"scale": [0.3, 0.3, 0.3]
		},
		"ground": {
			"rotation": [-30, 90, 0],
			"translation": [0, 0.25, 0.5],
			"scale": [0.3, 0.3, 0.3]
		},
		"gui": {
			"rotation": [21, 147, 0],
			"translation": [-0.75, -0.75, 0],
			"scale": [0.6, 0.6, 0.6]
		},
		"fixed": {
			"rotation": [0, -90, 0],
			"translation": [0, 0, -6.25]
		}
	},
	"groups": [
		0,
		{
			"name": "axe",
			"origin": [8, 8, 8],
			"color": 0,
			"children": [1, 2, 3, 4, 5, 6, 7, 8, 9, 10, 11, 12, 13, 14, 15, 16, 17, 18]
		}
	]
}