{
	"credit": "Made with Blockbench",
	"texture_size": [32, 32],
	"textures": {
		"0": "red_animated_lantern"
	},
	"elements": [
		{
			"from": [5, 1, 5],
			"to": [11, 8, 11],
			"rotation": {"angle": 0, "axis": "y", "origin": [8, 9, 8]},
			"faces": {
				"north": {"uv": [0, 0, 3, 3.5], "texture": "#0"},
				"east": {"uv": [3, 0, 6, 3.5], "texture": "#0"},
				"south": {"uv": [0, 3.5, 3, 7], "texture": "#0"},
				"west": {"uv": [3, 3.5, 6, 7], "texture": "#0"},
				"up": {"uv": [9, 3, 6, 0], "texture": "#0"},
				"down": {"uv": [9, 3, 6, 6], "texture": "#0"}
			}
		},
		{
			"from": [6, 8, 6],
			"to": [10, 10, 10],
			"rotation": {"angle": 0, "axis": "y", "origin": [8, 9, 8]},
			"faces": {
				"north": {"uv": [2, 7, 4, 8], "texture": "#0"},
				"east": {"uv": [4, 7, 6, 8], "texture": "#0"},
				"south": {"uv": [2, 8, 4, 9], "texture": "#0"},
				"west": {"uv": [4, 8, 6, 9], "texture": "#0"},
				"up": {"uv": [8, 8, 6, 6], "texture": "#0"},
				"down": {"uv": [2, 7, 0, 9], "texture": "#0"}
			}
		},
		{
			"from": [8, 10, 6.5],
			"to": [8, 12, 9.5],
			"rotation": {"angle": 45, "axis": "y", "origin": [8, 10, 8]},
			"faces": {
				"north": {"uv": [0, 0, 0, 1], "texture": "#0"},
				"east": {"uv": [7.5, 8, 6, 9], "texture": "#0"},
				"south": {"uv": [0, 0, 0, 1], "texture": "#0"},
				"west": {"uv": [9.5, 6, 8, 7], "texture": "#0"},
				"up": {"uv": [0, 0, 0, 1.5], "texture": "#0"},
				"down": {"uv": [0, 1.5, 0, 0], "texture": "#0"}
			}
		},
		{
			"from": [8, 14, 6.5],
			"to": [8, 16, 9.5],
			"rotation": {"angle": 45, "axis": "y", "origin": [8, 20, 8]},
			"faces": {
				"north": {"uv": [0, 1, 0, 0], "texture": "#0"},
				"east": {"uv": [9.5, 7, 8, 6], "texture": "#0"},
				"south": {"uv": [0, 1, 0, 0], "texture": "#0"},
				"west": {"uv": [9.5, 7, 8, 6], "texture": "#0"},
				"up": {"uv": [0, 0, 0, 1.5], "texture": "#0"},
				"down": {"uv": [0, 1.5, 0, 0], "texture": "#0"}
			}
		},
		{
			"from": [8, 11, 6.5],
			"to": [8, 13, 9.5],
			"rotation": {"angle": -45, "axis": "y", "origin": [8, 15, 8]},
			"faces": {
				"north": {"uv": [0, 0, 0, 1], "rotation": 180, "texture": "#0"},
				"east": {"uv": [9.5, 7, 8, 8], "rotation": 180, "texture": "#0"},
				"south": {"uv": [0, 0, 0, 1], "rotation": 180, "texture": "#0"},
				"west": {"uv": [9, 8, 7.5, 9], "rotation": 180, "texture": "#0"},
				"up": {"uv": [0, 1.5, 0, 0], "texture": "#0"},
				"down": {"uv": [0, 0, 0, 1.5], "texture": "#0"}
			}
		},
		{
			"from": [8, 13, 6.5],
			"to": [8, 15, 9.5],
			"rotation": {"angle": -45, "axis": "y", "origin": [8, 9, 8]},
			"faces": {
				"north": {"uv": [0, 0, 0, 1], "texture": "#0"},
				"east": {"uv": [9.5, 7, 8, 8], "texture": "#0"},
				"south": {"uv": [0, 0, 0, 1], "texture": "#0"},
				"west": {"uv": [9.5, 7, 8, 8], "texture": "#0"},
				"up": {"uv": [0, 0, 0, 1.5], "texture": "#0"},
				"down": {"uv": [0, 1.5, 0, 0], "texture": "#0"}
			}
		}
	],
	"display": {
		"thirdperson_righthand": {
			"translation": [0, 0.75, -1.5],
			"scale": [0.56, 0.56, 0.56]
		},
		"thirdperson_lefthand": {
			"translation": [0, 0.75, -1.5],
			"scale": [0.56, 0.56, 0.56]
		},
		"ground": {
			"translation": [0, 1, 0],
			"scale": [0.58, 0.58, 0.61]
		},
		"gui": {
			"rotation": [12, 52, 0],
			"translation": [0, 2.25, 0],
			"scale": [1.33, 1.33, 1.33]
		}
	}
}