{
	"credit": "Made with Blockbench",
	"texture_size": [64, 64],
	"textures": {
		"2": "horror_element_mod:block/impaled_skeleton"
	},
	"elements": [
		{
			"name": "spear",
			"from": [7, 8.6, -15.001],
			"to": [9, 10.6, 0.999],
			"rotation": {"angle": 0, "axis": "x", "origin": [8, 9.6, -7.001]},
			"faces": {
				"north": {"uv": [14.25, 12, 13.75, 12.5], "rotation": 180, "texture": "#2"},
				"east": {"uv": [15.5, 12, 16, 16], "rotation": 270, "texture": "#2"},
				"south": {"uv": [14.25, 12.5, 13.75, 12], "texture": "#2"},
				"west": {"uv": [15.5, 12, 16, 16], "rotation": 90, "texture": "#2"},
				"up": {"uv": [15.5, 12, 16, 16], "rotation": 180, "texture": "#2"},
				"down": {"uv": [15.5, 12, 16, 16], "texture": "#2"}
			}
		},
		{
			"name": "spear",
			"from": [7, 8.6, 0.999],
			"to": [9, 10.6, 16.999],
			"rotation": {"angle": 0, "axis": "y", "origin": [8, 9.6, 8.999]},
			"faces": {
				"north": {"uv": [14.25, 12, 13.75, 12.5], "rotation": 180, "texture": "#2"},
				"east": {"uv": [15.5, 12, 16, 16], "rotation": 270, "texture": "#2"},
				"south": {"uv": [14.25, 12.5, 13.75, 12], "texture": "#2"},
				"west": {"uv": [15.5, 12, 16, 16], "rotation": 90, "texture": "#2"},
				"up": {"uv": [15.5, 12, 16, 16], "rotation": 180, "texture": "#2"},
				"down": {"uv": [15.5, 12, 16, 16], "texture": "#2"}
			}
		},
		{
			"name": "spear",
			"from": [7, 8.6, 16.999],
			"to": [9, 10.6, 29.999],
			"rotation": {"angle": 0, "axis": "y", "origin": [8, 9.6, 24.999]},
			"faces": {
				"north": {"uv": [14.25, 12, 13.75, 12.5], "rotation": 180, "texture": "#2"},
				"east": {"uv": [15.5, 12, 16, 15.25], "rotation": 270, "texture": "#2"},
				"south": {"uv": [14.25, 12.5, 13.75, 12], "texture": "#2"},
				"west": {"uv": [15.5, 12, 16, 15.25], "rotation": 90, "texture": "#2"},
				"up": {"uv": [15.5, 12, 16, 15.25], "rotation": 180, "texture": "#2"},
				"down": {"uv": [15.5, 12, 16, 15.25], "texture": "#2"}
			}
		},
		{
			"name": "spear",
			"from": [7.5, 9.1, 29.999],
			"to": [8.5, 10.1, 31.999],
			"rotation": {"angle": 0, "axis": "y", "origin": [8, 9.6, 26.999]},
			"faces": {
				"north": {"uv": [14.25, 12, 13.75, 12.5], "rotation": 180, "texture": "#2"},
				"east": {"uv": [13.75, 12, 14, 12.5], "rotation": 270, "texture": "#2"},
				"south": {"uv": [14, 12.25, 13.75, 12], "texture": "#2"},
				"west": {"uv": [13.75, 12, 14, 12.5], "rotation": 90, "texture": "#2"},
				"up": {"uv": [13.75, 12, 14, 12.5], "rotation": 180, "texture": "#2"},
				"down": {"uv": [13.75, 12, 14, 12.5], "texture": "#2"}
			}
		},
		{
			"name": "spine",
			"from": [4.5, 2.1, 12.899],
			"to": [11.5, 13.1, 15.899],
			"rotation": {"angle": 0, "axis": "y", "origin": [8, 7.6, 14.4]},
			"faces": {
				"north": {"uv": [5, 8, 7, 5], "rotation": 180, "texture": "#2"},
				"east": {"uv": [4, 5, 5, 8], "texture": "#2"},
				"south": {"uv": [10, 5, 8, 8], "texture": "#2"},
				"west": {"uv": [7, 5, 7.75, 8], "texture": "#2"},
				"up": {"uv": [5, 4, 7, 5], "texture": "#2"},
				"down": {"uv": [7, 4, 9, 5], "rotation": 180, "texture": "#2"}
			}
		},
		{
			"name": "spineIN",
			"from": [11.5, 2.1, 12.899],
			"to": [4.5, 13.1, 15.899],
			"rotation": {"angle": 0, "axis": "y", "origin": [15, 7.6, 14.4]},
			"faces": {
				"north": {"uv": [7, 8, 5, 5], "rotation": 180, "texture": "#2"},
				"east": {"uv": [7.75, 5, 7, 8], "texture": "#2"},
				"south": {"uv": [8, 5, 10, 8], "texture": "#2"},
				"west": {"uv": [4.75, 5, 4, 8], "texture": "#2"},
				"up": {"uv": [5, 4, 7, 5], "texture": "#2"},
				"down": {"uv": [9, 4, 7, 5], "rotation": 180, "texture": "#2"}
			}
		},
		{
			"name": "head",
			"from": [3.95, 12.001, 7.7],
			"to": [11.95, 20.001, 15.7],
			"rotation": {"angle": -22.5, "axis": "x", "origin": [7.95, 16.126, 12.0125]},
			"faces": {
				"north": {"uv": [2, 2, 4, 4], "texture": "#2"},
				"east": {"uv": [0, 2, 2, 4], "texture": "#2"},
				"south": {"uv": [6, 2, 8, 4], "texture": "#2"},
				"west": {"uv": [4, 2, 6, 4], "texture": "#2"},
				"up": {"uv": [4, 2, 2, 0], "texture": "#2"},
				"down": {"uv": [6, 0, 4, 2], "texture": "#2"}
			}
		},
		{
			"name": "headIN",
			"from": [11.95, 12.001, 7.7],
			"to": [3.95, 20.001, 15.7],
			"rotation": {"angle": -22.5, "axis": "x", "origin": [7.95, 16.126, 12.0125]},
			"faces": {
				"north": {"uv": [4, 2, 2, 4], "texture": "#2"},
				"east": {"uv": [6, 2, 4, 4], "texture": "#2"},
				"south": {"uv": [8, 2, 6, 4], "texture": "#2"},
				"west": {"uv": [2, 2, 0, 4], "texture": "#2"},
				"up": {"uv": [2, 2, 4, 0], "texture": "#2"},
				"down": {"uv": [4, 0, 6, 2], "texture": "#2"}
			}
		},
		{
			"name": "headmid",
			"from": [4.95, 12.751, 9.45],
			"to": [10.95, 19.751, 15.2],
			"rotation": {"angle": -22.5, "axis": "x", "origin": [7.95, 16.126, 12.0125]},
			"faces": {
				"north": {"uv": [9.5, 2, 11, 3.75], "texture": "#2"},
				"east": {"uv": [8.25, 2, 9.5, 3.75], "texture": "#2"},
				"south": {"uv": [12.25, 2, 13.75, 3.75], "texture": "#2"},
				"west": {"uv": [11, 2, 12.25, 3.75], "texture": "#2"},
				"up": {"uv": [11, 2, 9.5, 0.75], "texture": "#2"},
				"down": {"uv": [12.5, 0.75, 11, 2], "texture": "#2"}
			}
		},
		{
			"name": "arm",
			"from": [0.77414, 0.025, 3.48152],
			"to": [2.77414, 2.025, 15.48152],
			"rotation": {"angle": 22.5, "axis": "y", "origin": [1.77414, 1.025, 3.48152]},
			"faces": {
				"north": {"uv": [1, 4, 1.5, 4.5], "rotation": 270, "texture": "#2"},
				"east": {"uv": [2, 4.5, 1.5, 7.5], "rotation": 270, "texture": "#2"},
				"south": {"uv": [0.5, 4.5, 1, 4], "rotation": 270, "texture": "#2"},
				"west": {"uv": [1, 4.5, 0.5, 7.5], "rotation": 90, "texture": "#2"},
				"up": {"uv": [1.5, 4.5, 1, 7.5], "rotation": 180, "texture": "#2"},
				"down": {"uv": [0.5, 4.5, 0, 7.5], "texture": "#2"}
			}
		},
		{
			"name": "arm",
			"from": [13.27414, 0.025, 3.48152],
			"to": [15.27414, 2.025, 15.48152],
			"rotation": {"angle": -22.5, "axis": "y", "origin": [14.27414, 1.025, 3.48152]},
			"faces": {
				"north": {"uv": [1, 4, 1.5, 4.5], "rotation": 90, "texture": "#2"},
				"east": {"uv": [1, 4.5, 0.5, 7.5], "rotation": 270, "texture": "#2"},
				"south": {"uv": [0.5, 4.5, 1, 4], "rotation": 90, "texture": "#2"},
				"west": {"uv": [2, 4.5, 1.5, 7.5], "rotation": 90, "texture": "#2"},
				"up": {"uv": [0.5, 4.5, 0, 7.5], "rotation": 180, "texture": "#2"},
				"down": {"uv": [1.5, 4.5, 1, 7.5], "texture": "#2"}
			}
		},
		{
			"name": "arm",
			"from": [6.27414, 8.625, 3.48152],
			"to": [8.27414, 10.625, 15.48152],
			"rotation": {"angle": -22.5, "axis": "y", "origin": [7.27414, 9.625, 3.48152]},
			"faces": {
				"north": {"uv": [1, 4, 1.5, 4.5], "rotation": 90, "texture": "#2"},
				"east": {"uv": [1, 4.5, 0.5, 7.5], "rotation": 270, "texture": "#2"},
				"south": {"uv": [0.5, 4.5, 1, 4], "rotation": 90, "texture": "#2"},
				"west": {"uv": [2, 4.5, 1.5, 7.5], "rotation": 90, "texture": "#2"},
				"up": {"uv": [0.5, 4.5, 0, 7.5], "rotation": 180, "texture": "#2"},
				"down": {"uv": [1.5, 4.5, 1, 7.5], "texture": "#2"}
			}
		},
		{
			"name": "arm",
			"from": [7.67414, 8.62, 3.48152],
			"to": [9.67414, 10.62, 15.48152],
			"rotation": {"angle": 22.5, "axis": "y", "origin": [8.67414, 9.625, 3.48152]},
			"faces": {
				"north": {"uv": [1, 4, 1.5, 4.5], "rotation": 270, "texture": "#2"},
				"east": {"uv": [2, 4.5, 1.5, 7.5], "rotation": 270, "texture": "#2"},
				"south": {"uv": [0.5, 4.5, 1, 4], "rotation": 270, "texture": "#2"},
				"west": {"uv": [1, 4.5, 0.5, 7.5], "rotation": 90, "texture": "#2"},
				"up": {"uv": [1.5, 4.5, 1, 7.5], "rotation": 180, "texture": "#2"},
				"down": {"uv": [0.5, 4.5, 0, 7.5], "texture": "#2"}
			}
		}
	],
	"gui_light": "front",
	"display": {
		"ground": {
			"translation": [0, 4, 0],
			"scale": [0.38, 0.38, 0.38]
		},
		"gui": {
			"rotation": [0, -146, 0],
			"translation": [0, -1.5, 0],
			"scale": [0.6, 0.6, 0.6]
		}
	},
	"groups": [
		{
			"name": "group",
			"origin": [8, 8, 8],
			"color": 0,
			"children": [
				{
					"name": "skeleton",
					"origin": [0, 12, 0],
					"color": 0,
					"children": [
						{
							"name": "body",
							"origin": [0, 24, 0],
							"color": 0,
							"children": [
								{
									"name": "head",
									"origin": [0, 24, 0],
									"color": 0,
									"children": [
										{
											"name": "hat",
											"origin": [0, 24, 0],
											"color": 0,
											"children": []
										}
									]
								},
								{
									"name": "rightArm",
									"origin": [5, 22, 0],
									"color": 0,
									"children": [
										{
											"name": "rightItem",
											"origin": [6, 15, 1],
											"color": 0,
											"children": []
										}
									]
								},
								{
									"name": "leftArm",
									"origin": [-5, 22, 0],
									"color": 0,
									"shade": false,
									"children": [
										{
											"name": "leftItem",
											"origin": [-6, 15, 1],
											"color": 0,
											"children": []
										}
									]
								},
								{
									"name": "rightLeg",
									"origin": [2, 12, 0],
									"color": 0,
									"children": []
								},
								{
									"name": "rightLeg",
									"origin": [2, 12, 0],
									"color": 0,
									"children": []
								}
							]
						}
					]
				},
				{
					"name": "spear",
					"origin": [0, 0, 0],
					"color": 0,
					"children": [0, 1, 2, 3]
				}
			]
		},
		{
			"name": "Body",
			"origin": [8, 8, 8],
			"color": 0,
			"children": [4, 5]
		},
		{
			"name": "Skull",
			"origin": [8, 8, 8],
			"color": 0,
			"children": [6, 7, 8]
		},
		9,
		10,
		11,
		12
	]
}