{
	"credit": "Made with Blockbench",
	"texture_size": [32, 32],
	"textures": {
		"1": "horror_element_mod:block/slashed_skull",
		"particle": "horror_element_mod:block/slashed_skull"
	},
	"elements": [
		{
			"from": [4, 0.01, 4],
			"to": [12, 0.01, 5],
			"faces": {
				"north": {"uv": [4, 0, 8, 4], "texture": "#1"},
				"east": {"uv": [4, 4, 8, 8], "texture": "#1"},
				"south": {"uv": [0, 0, 4, 4], "texture": "#1"},
				"west": {"uv": [0, 4, 4, 8], "texture": "#1"},
				"up": {"uv": [12, 0.5, 8, 0], "rotation": 180, "texture": "#1"},
				"down": {"uv": [12, 0, 8, 0.5], "rotation": 180, "texture": "#1"}
			}
		},
		{
			"from": [11, 0.01, 5],
			"to": [12, 0.01, 11],
			"faces": {
				"north": {"uv": [4, 0, 8, 4], "texture": "#1"},
				"east": {"uv": [4, 4, 8, 8], "texture": "#1"},
				"south": {"uv": [0, 0, 4, 4], "texture": "#1"},
				"west": {"uv": [0, 4, 4, 8], "texture": "#1"},
				"up": {"uv": [12, 3.5, 11.5, 0.5], "rotation": 180, "texture": "#1"},
				"down": {"uv": [8.5, 0.5, 8, 3.5], "rotation": 180, "texture": "#1"}
			}
		},
		{
			"from": [4, 0.01, 5],
			"to": [5, 0.01, 11],
			"faces": {
				"north": {"uv": [4, 0, 8, 4], "texture": "#1"},
				"east": {"uv": [4, 4, 8, 8], "texture": "#1"},
				"south": {"uv": [0, 0, 4, 4], "texture": "#1"},
				"west": {"uv": [0, 4, 4, 8], "texture": "#1"},
				"up": {"uv": [8.5, 3.5, 8, 0.5], "rotation": 180, "texture": "#1"},
				"down": {"uv": [12, 0.5, 11.5, 3.5], "rotation": 180, "texture": "#1"}
			}
		},
		{
			"from": [4, 0.01, 11],
			"to": [12, 0.01, 12],
			"faces": {
				"north": {"uv": [4, 0, 8, 4], "texture": "#1"},
				"east": {"uv": [4, 4, 8, 8], "texture": "#1"},
				"south": {"uv": [0, 0, 4, 4], "texture": "#1"},
				"west": {"uv": [0, 4, 4, 8], "texture": "#1"},
				"up": {"uv": [12, 4, 8, 3.5], "rotation": 180, "texture": "#1"},
				"down": {"uv": [12, 3.5, 8, 4], "rotation": 180, "texture": "#1"}
			}
		},
		{
			"from": [4, 3, 12],
			"to": [12, 8, 12],
			"faces": {
				"north": {"uv": [4, 0, 0, 2.5], "texture": "#1"},
				"east": {"uv": [4, 4, 8, 8], "texture": "#1"},
				"south": {"uv": [0, 0, 4, 2.5], "texture": "#1"},
				"west": {"uv": [0, 4, 4, 8], "texture": "#1"},
				"up": {"uv": [4, 12, 0, 8], "rotation": 180, "texture": "#1"},
				"down": {"uv": [12, 0, 8, 4], "rotation": 180, "texture": "#1"}
			}
		},
		{
			"from": [4, 0, 12],
			"to": [12, 2, 12],
			"faces": {
				"north": {"uv": [4, 3, 0, 4], "texture": "#1"},
				"east": {"uv": [4, 4, 8, 8], "texture": "#1"},
				"south": {"uv": [0, 3, 4, 4], "texture": "#1"},
				"west": {"uv": [0, 4, 4, 8], "texture": "#1"},
				"up": {"uv": [4, 12, 0, 8], "rotation": 180, "texture": "#1"},
				"down": {"uv": [12, 0, 8, 4], "rotation": 180, "texture": "#1"}
			}
		},
		{
			"from": [4, 3, 4],
			"to": [4, 8, 12],
			"faces": {
				"north": {"uv": [4, 0, 8, 4], "texture": "#1"},
				"east": {"uv": [4, 4, 0, 6.5], "texture": "#1"},
				"south": {"uv": [0, 0, 4, 4], "texture": "#1"},
				"west": {"uv": [0, 4, 4, 6.5], "texture": "#1"},
				"up": {"uv": [4, 12, 0, 8], "rotation": 180, "texture": "#1"},
				"down": {"uv": [12, 0, 8, 4], "rotation": 180, "texture": "#1"}
			}
		},
		{
			"from": [4, 2, 4],
			"to": [4, 3, 7],
			"faces": {
				"north": {"uv": [4, 0, 8, 4], "texture": "#1"},
				"east": {"uv": [1.5, 6.5, 0, 7], "texture": "#1"},
				"south": {"uv": [0, 0, 4, 4], "texture": "#1"},
				"west": {"uv": [0, 6.5, 1.5, 7], "texture": "#1"},
				"up": {"uv": [4, 12, 0, 8], "rotation": 180, "texture": "#1"},
				"down": {"uv": [12, 0, 8, 4], "rotation": 180, "texture": "#1"}
			}
		},
		{
			"from": [4, 1, 8],
			"to": [4, 2, 12],
			"faces": {
				"north": {"uv": [4, 0, 8, 4], "texture": "#1"},
				"east": {"uv": [4, 7, 2, 7.5], "texture": "#1"},
				"south": {"uv": [0, 0, 4, 4], "texture": "#1"},
				"west": {"uv": [2, 7, 4, 7.5], "texture": "#1"},
				"up": {"uv": [4, 12, 0, 8], "rotation": 180, "texture": "#1"},
				"down": {"uv": [12, 0, 8, 4], "rotation": 180, "texture": "#1"}
			}
		},
		{
			"from": [12, 2, 4],
			"to": [12, 3, 7],
			"faces": {
				"north": {"uv": [4, 0, 8, 4], "texture": "#1"},
				"east": {"uv": [6.5, 6.5, 8, 7], "texture": "#1"},
				"south": {"uv": [0, 0, 4, 4], "texture": "#1"},
				"west": {"uv": [8, 6.5, 6.5, 7], "texture": "#1"},
				"up": {"uv": [4, 12, 0, 8], "rotation": 180, "texture": "#1"},
				"down": {"uv": [12, 0, 8, 4], "rotation": 180, "texture": "#1"}
			}
		},
		{
			"from": [12, 3, 4],
			"to": [12, 8, 12],
			"faces": {
				"north": {"uv": [4, 0, 8, 4], "texture": "#1"},
				"east": {"uv": [4, 4, 8, 6.5], "texture": "#1"},
				"south": {"uv": [0, 0, 4, 4], "texture": "#1"},
				"west": {"uv": [8, 4, 4, 6.5], "texture": "#1"},
				"up": {"uv": [4, 12, 0, 8], "rotation": 180, "texture": "#1"},
				"down": {"uv": [12, 0, 8, 4], "rotation": 180, "texture": "#1"}
			}
		},
		{
			"from": [12, 0, 4],
			"to": [12, 1, 12],
			"faces": {
				"north": {"uv": [4, 0, 8, 4], "texture": "#1"},
				"east": {"uv": [4, 7.5, 8, 8], "texture": "#1"},
				"south": {"uv": [0, 0, 4, 4], "texture": "#1"},
				"west": {"uv": [8, 7.5, 4, 8], "texture": "#1"},
				"up": {"uv": [4, 12, 0, 8], "rotation": 180, "texture": "#1"},
				"down": {"uv": [12, 0, 8, 4], "rotation": 180, "texture": "#1"}
			}
		},
		{
			"from": [12, 1, 8],
			"to": [12, 2, 12],
			"faces": {
				"north": {"uv": [4, 0, 8, 4], "texture": "#1"},
				"east": {"uv": [4, 7, 6, 7.5], "texture": "#1"},
				"south": {"uv": [0, 0, 4, 4], "texture": "#1"},
				"west": {"uv": [6, 7, 4, 7.5], "texture": "#1"},
				"up": {"uv": [4, 12, 0, 8], "rotation": 180, "texture": "#1"},
				"down": {"uv": [12, 0, 8, 4], "rotation": 180, "texture": "#1"}
			}
		},
		{
			"from": [4, 0, 4],
			"to": [4, 1, 12],
			"faces": {
				"north": {"uv": [4, 0, 8, 4], "texture": "#1"},
				"east": {"uv": [4, 7.5, 0, 8], "texture": "#1"},
				"south": {"uv": [0, 0, 4, 4], "texture": "#1"},
				"west": {"uv": [0, 7.5, 4, 8], "texture": "#1"},
				"up": {"uv": [4, 12, 0, 8], "rotation": 180, "texture": "#1"},
				"down": {"uv": [12, 0, 8, 4], "rotation": 180, "texture": "#1"}
			}
		},
		{
			"from": [4, 8, 4],
			"to": [12, 8, 12],
			"faces": {
				"north": {"uv": [4, 0, 8, 4], "texture": "#1"},
				"east": {"uv": [4, 4, 8, 8], "texture": "#1"},
				"south": {"uv": [0, 0, 4, 4], "texture": "#1"},
				"west": {"uv": [0, 4, 4, 8], "texture": "#1"},
				"up": {"uv": [4, 12, 0, 8], "rotation": 180, "texture": "#1"},
				"down": {"uv": [4, 8, 0, 12], "rotation": 180, "texture": "#1"}
			}
		},
		{
			"from": [4, 5, 4],
			"to": [12, 8, 4],
			"faces": {
				"north": {"uv": [4, 0, 8, 1.5], "texture": "#1"},
				"east": {"uv": [4, 4, 8, 8], "texture": "#1"},
				"south": {"uv": [4, 0, 8, 1.5], "texture": "#1"},
				"west": {"uv": [0, 4, 4, 8], "texture": "#1"},
				"up": {"uv": [4, 12, 0, 8], "rotation": 180, "texture": "#1"},
				"down": {"uv": [12, 0, 8, 4], "rotation": 180, "texture": "#1"}
			}
		},
		{
			"from": [7, 3, 4],
			"to": [9, 5, 4],
			"faces": {
				"north": {"uv": [5.5, 1.5, 6.5, 2.5], "texture": "#1"},
				"east": {"uv": [4, 4, 8, 8], "texture": "#1"},
				"south": {"uv": [5.5, 1.5, 6.5, 2.5], "texture": "#1"},
				"west": {"uv": [0, 4, 4, 8], "texture": "#1"},
				"up": {"uv": [4, 12, 0, 8], "rotation": 180, "texture": "#1"},
				"down": {"uv": [12, 0, 8, 4], "rotation": 180, "texture": "#1"}
			}
		},
		{
			"from": [11, 3, 4],
			"to": [12, 5, 4],
			"faces": {
				"north": {"uv": [4, 1.5, 4.5, 2.5], "rotation": 180, "texture": "#1"},
				"east": {"uv": [4, 4, 8, 8], "texture": "#1"},
				"south": {"uv": [4, 1.5, 4.5, 2.5], "texture": "#1"},
				"west": {"uv": [0, 4, 4, 8], "texture": "#1"},
				"up": {"uv": [4, 12, 0, 8], "rotation": 180, "texture": "#1"},
				"down": {"uv": [12, 0, 8, 4], "rotation": 180, "texture": "#1"}
			}
		},
		{
			"from": [4, 3, 4],
			"to": [5, 5, 4],
			"faces": {
				"north": {"uv": [7.5, 1.5, 8, 2.5], "texture": "#1"},
				"east": {"uv": [4, 4, 8, 8], "texture": "#1"},
				"south": {"uv": [7.5, 2, 8, 3], "texture": "#1"},
				"west": {"uv": [0, 4, 4, 8], "texture": "#1"},
				"up": {"uv": [4, 12, 0, 8], "rotation": 180, "texture": "#1"},
				"down": {"uv": [12, 0, 8, 4], "rotation": 180, "texture": "#1"}
			}
		},
		{
			"from": [4, 2, 4],
			"to": [7, 3, 4],
			"faces": {
				"north": {"uv": [6.5, 2.5, 8, 3], "texture": "#1"},
				"east": {"uv": [4, 4, 8, 8], "texture": "#1"},
				"south": {"uv": [4, 2.5, 5.5, 3], "texture": "#1"},
				"west": {"uv": [0, 4, 4, 8], "texture": "#1"},
				"up": {"uv": [4, 12, 0, 8], "rotation": 180, "texture": "#1"},
				"down": {"uv": [12, 0, 8, 4], "rotation": 180, "texture": "#1"}
			}
		},
		{
			"from": [9, 2, 4],
			"to": [12, 3, 4],
			"faces": {
				"north": {"uv": [4, 2.5, 5.5, 3], "texture": "#1"},
				"east": {"uv": [4, 4, 8, 8], "texture": "#1"},
				"south": {"uv": [6.5, 2.5, 8, 3], "texture": "#1"},
				"west": {"uv": [0, 4, 4, 8], "texture": "#1"},
				"up": {"uv": [4, 12, 0, 8], "rotation": 180, "texture": "#1"},
				"down": {"uv": [12, 0, 8, 4], "rotation": 180, "texture": "#1"}
			}
		},
		{
			"from": [4, 0, 4],
			"to": [12, 1, 4],
			"faces": {
				"north": {"uv": [4, 3.5, 8, 4], "texture": "#1"},
				"east": {"uv": [4, 4, 8, 8], "texture": "#1"},
				"south": {"uv": [4, 3.5, 8, 4], "texture": "#1"},
				"west": {"uv": [0, 4, 4, 8], "texture": "#1"},
				"up": {"uv": [4, 12, 0, 8], "rotation": 180, "texture": "#1"},
				"down": {"uv": [12, 0, 8, 4], "rotation": 180, "texture": "#1"}
			}
		},
		{
			"from": [6, 1, 4],
			"to": [10, 2, 4],
			"faces": {
				"north": {"uv": [5, 3, 7, 3.5], "texture": "#1"},
				"east": {"uv": [4, 4, 8, 8], "texture": "#1"},
				"south": {"uv": [5, 3, 7, 3.5], "texture": "#1"},
				"west": {"uv": [0, 4, 4, 8], "texture": "#1"},
				"up": {"uv": [4, 12, 0, 8], "rotation": 180, "texture": "#1"},
				"down": {"uv": [12, 0, 8, 4], "rotation": 180, "texture": "#1"}
			}
		},
		{
			"from": [8.001, 6.001, 4.076],
			"to": [8.999, 7.999, 8.074],
			"rotation": {"angle": 0, "axis": "y", "origin": [0, 6, -0.925]},
			"faces": {
				"north": {"uv": [6.5, 12, 7, 13], "texture": "#1"},
				"east": {"uv": [8.5, 12, 6.5, 13], "texture": "#1"},
				"south": {"uv": [8, 12.5, 8.5, 13], "texture": "#1"},
				"west": {"uv": [6.5, 12, 8.5, 13], "texture": "#1"},
				"up": {"uv": [7, 12.5, 6.5, 12], "rotation": 180, "texture": "#1"},
				"down": {"uv": [8.5, 12.5, 6.5, 13], "rotation": 180, "texture": "#1"}
			}
		},
		{
			"from": [7.999, 6.999, 5.074],
			"to": [9.001, 9.001, 9.076],
			"rotation": {"angle": 0, "axis": "y", "origin": [0, 7, 0.075]},
			"faces": {
				"north": {"uv": [7, 11.5, 7.5, 12.5], "texture": "#1"},
				"east": {"uv": [9, 11.5, 7, 12.5], "texture": "#1"},
				"south": {"uv": [8.5, 12, 9, 12.5], "texture": "#1"},
				"west": {"uv": [7, 11.5, 9, 12.5], "texture": "#1"},
				"up": {"uv": [7.5, 12, 7, 11.5], "rotation": 180, "texture": "#1"},
				"down": {"uv": [9, 12, 8.5, 12.5], "rotation": 180, "texture": "#1"}
			}
		},
		{
			"from": [8.001, 8.001, 6.076],
			"to": [8.999, 9.999, 10.074],
			"rotation": {"angle": 0, "axis": "y", "origin": [0, 8, 1.075]},
			"faces": {
				"north": {"uv": [7.5, 11, 8, 12], "texture": "#1"},
				"east": {"uv": [9.5, 11, 7.5, 12], "texture": "#1"},
				"south": {"uv": [9, 11.5, 9.5, 12], "texture": "#1"},
				"west": {"uv": [7.5, 11, 9.5, 12], "texture": "#1"},
				"up": {"uv": [8, 11.5, 7.5, 11], "rotation": 180, "texture": "#1"},
				"down": {"uv": [9.5, 11.5, 9, 12], "rotation": 180, "texture": "#1"}
			}
		},
		{
			"from": [7.999, 8.999, 7.074],
			"to": [9.001, 11.001, 11.076],
			"rotation": {"angle": 0, "axis": "y", "origin": [0, 9, 2.075]},
			"faces": {
				"north": {"uv": [8, 10.5, 8.5, 11.5], "texture": "#1"},
				"east": {"uv": [10, 10.5, 8, 11.5], "texture": "#1"},
				"south": {"uv": [9.5, 11, 10, 11.5], "texture": "#1"},
				"west": {"uv": [8, 10.5, 10, 11.5], "texture": "#1"},
				"up": {"uv": [8.5, 11, 8, 10.5], "rotation": 180, "texture": "#1"},
				"down": {"uv": [10, 11, 9.5, 11.5], "rotation": 180, "texture": "#1"}
			}
		},
		{
			"from": [8.001, 10.001, 8.076],
			"to": [8.999, 11.999, 12.074],
			"rotation": {"angle": 0, "axis": "y", "origin": [0, 10, 3.075]},
			"faces": {
				"north": {"uv": [8.5, 10, 9, 11], "texture": "#1"},
				"east": {"uv": [10.5, 10, 8.5, 11], "texture": "#1"},
				"south": {"uv": [10, 10.5, 10.5, 11], "texture": "#1"},
				"west": {"uv": [8.5, 10, 10.5, 11], "texture": "#1"},
				"up": {"uv": [9, 10.5, 8.5, 10], "rotation": 270, "texture": "#1"},
				"down": {"uv": [10.5, 10.5, 10, 11], "rotation": 180, "texture": "#1"}
			}
		},
		{
			"from": [7.999, 10.999, 9.074],
			"to": [9.001, 13.001, 13.076],
			"rotation": {"angle": 0, "axis": "y", "origin": [0, 11, 4.075]},
			"faces": {
				"north": {"uv": [9, 9.5, 9.5, 10.5], "texture": "#1"},
				"east": {"uv": [11, 9.5, 9, 10.5], "texture": "#1"},
				"south": {"uv": [10.5, 10, 11, 10.5], "texture": "#1"},
				"west": {"uv": [9, 9.5, 11, 10.5], "texture": "#1"},
				"up": {"uv": [9.5, 10, 9, 9.5], "rotation": 180, "texture": "#1"},
				"down": {"uv": [11, 10, 10.5, 10.5], "rotation": 180, "texture": "#1"}
			}
		},
		{
			"from": [8.001, 12.001, 10.076],
			"to": [8.999, 12.999, 14.074],
			"rotation": {"angle": 0, "axis": "y", "origin": [0, 12, 5.075]},
			"faces": {
				"north": {"uv": [12, 7, 12.5, 8], "texture": "#1"},
				"east": {"uv": [11.5, 9.5, 11, 10], "texture": "#1"},
				"south": {"uv": [11, 9.5, 11.5, 10], "texture": "#1"},
				"west": {"uv": [9.5, 9.5, 11.5, 10], "texture": "#1"},
				"up": {"uv": [11.5, 10, 11, 9.5], "rotation": 180, "texture": "#1"},
				"down": {"uv": [11.5, 9.5, 11, 10], "rotation": 180, "texture": "#1"}
			}
		},
		{
			"from": [7.999, 12.999, 10.074],
			"to": [9.001, 14.001, 11.076],
			"rotation": {"angle": 0, "axis": "y", "origin": [0, 13, 4.075]},
			"faces": {
				"north": {"uv": [9.5, 9, 10, 9.5], "texture": "#1"},
				"east": {"uv": [10, 9, 9.5, 9.5], "texture": "#1"},
				"south": {"uv": [12, 12, 16, 16], "texture": "#1"},
				"west": {"uv": [9.5, 9, 10, 9.5], "texture": "#1"},
				"up": {"uv": [10, 9.5, 9.5, 9], "rotation": 180, "texture": "#1"},
				"down": {"uv": [16, 12, 12, 16], "rotation": 180, "texture": "#1"}
			}
		},
		{
			"from": [7.999, 12.999, 11.074],
			"to": [9.001, 15.001, 13.076],
			"rotation": {"angle": 0, "axis": "y", "origin": [0, 13, 4.075]},
			"faces": {
				"north": {"uv": [10, 8.5, 10.5, 9.5], "texture": "#1"},
				"east": {"uv": [11, 8.5, 10, 9.5], "texture": "#1"},
				"south": {"uv": [10.5, 9, 11, 9.5], "texture": "#1"},
				"west": {"uv": [10, 8.5, 11, 9.5], "texture": "#1"},
				"up": {"uv": [10.5, 9, 10, 8.5], "rotation": 270, "texture": "#1"},
				"down": {"uv": [16, 12, 12, 16], "rotation": 180, "texture": "#1"}
			}
		},
		{
			"from": [8.001, 16.001, 14.076],
			"to": [8.999, 17.999, 16.074],
			"rotation": {"angle": 0, "axis": "y", "origin": [0, 16, 7.075]},
			"faces": {
				"north": {"uv": [11.5, 7, 12, 8], "texture": "#1"},
				"east": {"uv": [12.5, 7, 11.5, 8], "texture": "#1"},
				"south": {"uv": [12, 7, 12.5, 8], "texture": "#1"},
				"west": {"uv": [11.5, 7, 12.5, 8], "texture": "#1"},
				"up": {"uv": [12.5, 7.5, 11.5, 7], "rotation": 270, "texture": "#1"},
				"down": {"uv": [12.5, 7.5, 12, 8], "rotation": 180, "texture": "#1"}
			}
		},
		{
			"from": [7.999, 14.999, 13.074],
			"to": [9.001, 17.001, 15.076],
			"rotation": {"angle": 0, "axis": "y", "origin": [0, 15, 6.075]},
			"faces": {
				"north": {"uv": [11, 7.5, 11.5, 8.5], "texture": "#1"},
				"east": {"uv": [12, 7.5, 11, 8.5], "texture": "#1"},
				"south": {"uv": [11.5, 8, 12, 8.5], "texture": "#1"},
				"west": {"uv": [11, 7.5, 12, 8.5], "texture": "#1"},
				"up": {"uv": [11.5, 8, 11, 7.5], "rotation": 180, "texture": "#1"},
				"down": {"uv": [12, 8, 11.5, 8.5], "rotation": 180, "texture": "#1"}
			}
		},
		{
			"from": [8.001, 14.001, 12.076],
			"to": [8.999, 15.999, 14.074],
			"rotation": {"angle": 0, "axis": "y", "origin": [0, 14, 5.075]},
			"faces": {
				"north": {"uv": [10.5, 8, 11, 9], "texture": "#1"},
				"east": {"uv": [11.5, 8, 10.5, 9], "texture": "#1"},
				"south": {"uv": [11, 8.5, 11.5, 9], "texture": "#1"},
				"west": {"uv": [10.5, 8, 11.5, 9], "texture": "#1"},
				"up": {"uv": [11, 8.5, 10.5, 8], "rotation": 180, "texture": "#1"},
				"down": {"uv": [11.5, 8.5, 11, 9], "rotation": 180, "texture": "#1"}
			}
		},
		{
			"from": [4.5, 0.5, 5.5],
			"to": [11.5, 7.5, 11.5],
			"faces": {
				"north": {"uv": [13.5, 12, 13, 14], "texture": "#1"},
				"east": {"uv": [14, 12, 16, 16], "rotation": 90, "texture": "#1"},
				"south": {"uv": [12.25, 14, 13.75, 16], "texture": "#1"},
				"west": {"uv": [14.5, 12, 16, 16], "rotation": 270, "texture": "#1"},
				"up": {"uv": [16, 16, 14, 12], "rotation": 180, "texture": "#1"},
				"down": {"uv": [16, 12, 14.5, 16], "rotation": 180, "texture": "#1"}
			}
		}
	],
	"display": {
		"thirdperson_righthand": {
			"translation": [0, 1.25, 0],
			"scale": [0.6, 0.6, 0.6]
		},
		"thirdperson_lefthand": {
			"translation": [0, 0.5, 0],
			"scale": [0.6, 0.6, 0.61]
		},
		"firstperson_righthand": {
			"rotation": [1, 109, 4],
			"translation": [0.75, 7.5, 0.75],
			"scale": [0.74, 0.74, 0.74]
		},
		"firstperson_lefthand": {
			"rotation": [1, 109, 4],
			"translation": [0.75, 7.5, 0.75],
			"scale": [0.74, 0.74, 0.74]
		},
		"ground": {
			"translation": [0, 3.25, 0],
			"scale": [0.75, 0.75, 0.75]
		},
		"gui": {
			"rotation": [25, -136, 0],
			"translation": [0.25, -0.75, 0],
			"scale": [0.77, 0.77, 0.77]
		},
		"head": {
			"translation": [0, 7.5, 0],
			"scale": [1.85, 1.85, 1.85]
		},
		"fixed": {
			"rotation": [-90, 0, 0],
			"translation": [0, 0, -30],
			"scale": [4, 4, 4]
		}
	},
	"groups": [
		{
			"name": "Skull",
			"origin": [8, 8, 8],
			"color": 0,
			"children": [0, 1, 2, 3, 4, 5, 6, 7, 8, 9, 10, 11, 12, 13, 14, 15, 16, 17, 18, 19, 20, 21, 22]
		},
		{
			"name": "sword",
			"origin": [0, 0, 0],
			"color": 0,
			"children": [23, 24, 25, 26, 27, 28, 29, 30, 31, 32, 33, 34]
		},
		35
	]
}