{
  "type": "minecraft:chest",
  "pools": [
    {
      "bonus_rolls": 0.0,
      "conditions": [
        {
          "condition": "artifacts:artifact_rarity_adjusted_chance",
          "default_probability": 0.2
        }
      ],
      "entries": [
        {
          "type": "minecraft:item",
          "name": "artifacts:flame_pendant",
          "weight": 2
        },
        {
          "type": "minecraft:item",
          "name": "artifacts:thorn_pendant",
          "weight": 2
        },
        {
          "type": "minecraft:item",
          "name": "artifacts:whoopee_cushion",
          "weight": 2
        },
        {
          "type": "minecraft:item",
          "name": "artifacts:charm_of_sinking",
          "weight": 2
        },
        {
          "type": "minecraft:item",
          "name": "artifacts:shock_pendant"
        },
        {
          "type": "minecraft:item",
          "name": "artifacts:umbrella"
        },
        {
          "type": "minecraft:item",
          "name": "artifacts:scarf_of_invisibility"
        },
        {
          "type": "minecraft:item",
          "name": "artifacts:universal_attractor"
        },
        {
          "type": "minecraft:item",
          "name": "artifacts:vampiric_glove"
        },
        {
          "type": "minecraft:item",
          "name": "artifacts:onion_ring"
        }
      ],
      "rolls": 1.0
    }
  ],
  "random_sequence": "artifacts:inject/chests/desert_pyramid"
}