{
  "type": "minecraft:chest",
  "pools": [
    {
      "bonus_rolls": 0.0,
      "conditions": [
        {
          "condition": "artifacts:artifact_rarity_adjusted_chance",
          "default_probability": 0.3
        }
      ],
      "entries": [
        {
          "type": "minecraft:item",
          "name": "artifacts:chorus_totem",
          "weight": 6
        },
        {
          "type": "minecraft:item",
          "name": "artifacts:helium_flamingo",
          "weight": 4
        },
        {
          "type": "minecraft:item",
          "name": "artifacts:crystal_heart"
        },
        {
          "type": "minecraft:item",
          "name": "artifacts:cloud_in_a_bottle"
        }
      ],
      "rolls": 1.0
    }
  ],
  "random_sequence": "artifacts:inject/chests/end_city_treasure"
}