{
  "type": "minecraft:chest",
  "pools": [
    {
      "bonus_rolls": 0.0,
      "conditions": [
        {
          "condition": "artifacts:artifact_rarity_adjusted_chance",
          "default_probability": 0.15
        }
      ],
      "entries": [
        {
          "type": "minecraft:item",
          "name": "artifacts:cross_necklace"
        },
        {
          "type": "minecraft:item",
          "name": "artifacts:night_vision_goggles"
        },
        {
          "type": "minecraft:item",
          "name": "artifacts:pocket_piston"
        },
        {
          "type": "minecraft:item",
          "name": "artifacts:running_shoes"
        },
        {
          "type": "minecraft:item",
          "name": "artifacts:cowboy_hat"
        },
        {
          "type": "minecraft:loot_table",
          "name": "artifacts:items/drinking_hat"
        }
      ],
      "rolls": 1.0
    }
  ],
  "random_sequence": "artifacts:inject/chests/nether_bridge"
}