{
  "type": "minecraft:chest",
  "pools": [
    {
      "bonus_rolls": 0.0,
      "conditions": [
        {
          "condition": "artifacts:artifact_rarity_adjusted_chance",
          "default_probability": 0.4
        }
      ],
      "entries": [
        {
          "type": "minecraft:item",
          "name": "artifacts:chorus_totem",
          "weight": 2
        },
        {
          "type": "minecraft:loot_table",
          "name": "artifacts:artifact"
        }
      ],
      "rolls": 1.0
    }
  ],
  "random_sequence": "artifacts:inject/chests/woodland_mansion"
}