{
  "pools": [
    {
      "bonus_rolls": 0.0,
      "conditions": [
        {
          "condition": "artifacts:config_value_chance",
          "config": "entity_equipment"
        }
      ],
      "entries": [
        {
          "type": "minecraft:item",
          "name": "artifacts:fire_gauntlet"
        },
        {
          "type": "minecraft:item",
          "name": "artifacts:antidote_vessel"
        }
      ],
      "rolls": 1.0
    }
  ],
  "random_sequence": "artifacts:entity_equipment/wither_skeleton"
}