{
	"format_version": "1.21.6",
	"credit": "Made with Blockbench",
	"texture_size": [32, 32],
	"textures": {
		"0": "block/stone_bricks",
		"1": "block/quartz_block_bottom",
		"2": "archon:block/pedestal_top",
		"3": "archon:block/pedestal_side",
		"4": "archon:block/pedestal_bottom",
		"particle": "block/quartz_block_bottom"
	},
	"elements": [
		{
			"from": [3, 0, 3],
			"to": [13, 2, 13],
			"faces": {
				"north": {"uv": [3, 14, 13, 16], "texture": "#3"},
				"east": {"uv": [3, 14, 13, 16], "texture": "#3"},
				"south": {"uv": [3, 14, 13, 16], "texture": "#3"},
				"west": {"uv": [3, 14, 13, 16], "texture": "#3"},
				"up": {"uv": [3, 3, 13, 13], "texture": "#4"},
				"down": {"uv": [3, 3, 13, 13], "texture": "#4"}
			}
		},
		{
			"from": [0, 12, 0],
			"to": [16, 16, 16],
			"faces": {
				"north": {"uv": [0, 0, 16, 4], "texture": "#3"},
				"east": {"uv": [0, 0, 16, 4], "texture": "#3"},
				"south": {"uv": [0, 0, 16, 4], "texture": "#3"},
				"west": {"uv": [0, 0, 16, 4], "texture": "#3"},
				"up": {"uv": [16, 16, 0, 0], "texture": "#2"},
				"down": {"uv": [8, 8, 0, 16], "texture": "#1"}
			}
		},
		{
			"from": [5, 2, 5],
			"to": [11, 12, 11],
			"faces": {
				"north": {"uv": [5, 4, 11, 14], "texture": "#3"},
				"east": {"uv": [5, 4, 11, 14], "texture": "#3"},
				"south": {"uv": [5, 4, 11, 14], "texture": "#3"},
				"west": {"uv": [5, 4, 11, 14], "texture": "#3"},
				"up": {"uv": [0, 0, 6, 6], "texture": "#0"},
				"down": {"uv": [0, 0, 6, 6], "texture": "#0"}
			}
		}
	],
	"display": {
		"thirdperson_righthand": {
			"translation": [0, -1, 0],
			"scale": [0.5, 0.5, 0.5]
		},
		"thirdperson_lefthand": {
			"translation": [0, -1, 0],
			"scale": [0.5, 0.5, 0.5]
		},
		"firstperson_righthand": {
			"translation": [1, 1.25, 0.25],
			"scale": [0.5, 0.5, 0.5]
		},
		"firstperson_lefthand": {
			"translation": [0, 1.25, 0.25],
			"scale": [0.5, 0.5, 0.5]
		},
		"ground": {
			"translation": [0, -0.75, 0],
			"scale": [0.5, 0.5, 0.5]
		},
		"gui": {
			"rotation": [20.75, -32.75, 0],
			"translation": [0, -1, 0],
			"scale": [0.6, 0.6, 0.6]
		}
	}
}