{
    "credit": "Made with Blockbench",
    "textures": {
        "0": "minecells:item/3d/assassins_dagger"
    },
    "elements": [
        {
            "name": "assassins_dagger_blade_0",
            "from": [8, 2, 7.5],
            "to": [9, 10, 8.5],
            "rotation": { "angle": 0, "axis": "y", "origin": [16, 0, 0] },
            "faces": {
                "north": { "uv": [1, 1, 2, 9], "texture": "#0" },
                "east": { "uv": [2, 1, 1, 9], "texture": "#0" },
                "south": { "uv": [2, 1, 1, 9], "texture": "#0" },
                "west": { "uv": [2, 1, 1, 9], "texture": "#0" },
                "up": { "uv": [2, 1, 1, 2], "texture": "#0" }
            }
        },
        {
            "name": "assassins_dagger_blade_1",
            "from": [6.95, 1.975, 7.45],
            "to": [9.05, 2.975, 8.55],
            "rotation": { "angle": 0, "axis": "y", "origin": [16, 0, 0] },
            "faces": {
                "north": { "uv": [9, 15, 7, 16], "texture": "#0" },
                "east": { "uv": [10, 15, 9, 16], "texture": "#0" },
                "south": { "uv": [12, 15, 10, 16], "texture": "#0" },
                "west": { "uv": [7, 15, 6, 16], "texture": "#0" },
                "up": { "uv": [7, 15, 9, 14], "texture": "#0" },
                "down": { "uv": [9, 14, 11, 15], "texture": "#0" }
            }
        },
        {
            "name": "assassins_dagger_blade_1",
            "from": [8, 8, 8],
            "to": [10, 11, 8],
            "rotation": { "angle": 0, "axis": "y", "origin": [16, 0, 0] },
            "faces": {
                "north": { "uv": [0, 0, 2, 3], "texture": "#0" },
                "south": { "uv": [2, 0, 0, 3], "texture": "#0" }
            }
        },
        {
            "name": "assassins_dagger_blade_2",
            "from": [5.95, 6.65, 8],
            "to": [7.95, 8.65, 8],
            "rotation": { "angle": 22.5, "axis": "z", "origin": [8, 9, 8] },
            "faces": {
                "north": { "uv": [4, 0, 6, 2], "texture": "#0" },
                "south": { "uv": [6, 0, 4, 2], "texture": "#0" }
            }
        },
        {
            "name": "assassins_dagger_blade_1",
            "from": [9, 3, 7.5],
            "to": [10, 8, 8.5],
            "rotation": { "angle": 0, "axis": "y", "origin": [16, 0, 0] },
            "faces": {
                "north": { "uv": [0, 3, 1, 8], "texture": "#0" },
                "east": { "uv": [1, 3, 0, 8], "texture": "#0" },
                "south": { "uv": [1, 3, 0, 8], "texture": "#0" },
                "up": { "uv": [1, 3, 0, 4], "texture": "#0" },
                "down": { "uv": [1, 7, 0, 8], "texture": "#0" }
            }
        },
        {
            "name": "assassins_dagger_blade_2",
            "from": [7, 2, 7.5],
            "to": [8, 8, 8.5],
            "rotation": { "angle": 0, "axis": "y", "origin": [16, 0, 0] },
            "faces": {
                "north": { "uv": [2, 3, 3, 9], "texture": "#0" },
                "south": { "uv": [3, 3, 2, 9], "texture": "#0" },
                "west": { "uv": [3, 3, 2, 9], "texture": "#0" },
                "up": { "uv": [3, 3, 2, 4], "texture": "#0" }
            }
        },
        {
            "name": "assassins_dagger_blade_3",
            "from": [7.475, -1, 7.475],
            "to": [8.525, 2, 8.525],
            "rotation": { "angle": -22.5, "axis": "z", "origin": [9, 2, 8] },
            "faces": {
                "north": { "uv": [2, 13, 1, 16], "texture": "#0" },
                "east": { "uv": [3, 13, 2, 16], "texture": "#0" },
                "south": { "uv": [4, 13, 3, 16], "texture": "#0" },
                "west": { "uv": [1, 13, 0, 16], "texture": "#0" },
                "down": { "uv": [2, 12, 3, 13], "texture": "#0" }
            }
        }
    ],
    "gui_light": "front",
    "display": {
        "thirdperson_righthand": {
            "rotation": [-25, 90, 0],
            "translation": [0, 4, -2]
        },
        "thirdperson_lefthand": {
            "rotation": [-25, -90, 0],
            "translation": [0, 4, -2]
        },
        "firstperson_righthand": {
            "rotation": [0, 90, -50],
            "translation": [2, 4.35, -0.5],
            "scale": [0.68, 0.68, 0.68]
        },
        "firstperson_lefthand": {
            "rotation": [0, -90, 50],
            "translation": [2, 4.35, -0.5],
            "scale": [0.68, 0.68, 0.68]
        },
        "ground": {
            "translation": [0, 2, 0],
            "scale": [0.5, 0.5, 0.5]
        },
        "gui": {
            "rotation": [0, 158, 34],
            "translation": [2, 3.25, 0],
            "scale": [1.33, 1.33, 1.33]
        },
        "fixed": {
            "translation": [0, 3, 0]
        }
    },
    "groups": [
        {
            "name": "assassins_dagger_blade",
            "origin": [8, 8, 8],
            "color": 0,
            "children": [0, 1, 2, 3, 4, 5, 6]
        }
    ]
}
