{
	"credit": "Made with Blockbench",
	"texture_size": [32, 32],
	"textures": {
		"0": "minecells:item/3d/balanced_blade",
		"particle": "minecells:item/3d/balanced_blade"
	},
	"elements": [
		{
			"name": "balanced_blade_blade_0",
			"from": [11, 7, 7.5],
			"to": [12, 14, 8.5],
			"rotation": {"angle": 0, "axis": "y", "origin": [17, 0, 0]},
			"faces": {
				"north": {"uv": [0.5, 1, 1, 4.5], "texture": "#0"},
				"east": {"uv": [1, 1, 0.5, 4.5], "texture": "#0"},
				"south": {"uv": [1, 1, 0.5, 4.5], "texture": "#0"},
				"west": {"uv": [1, 1, 0.5, 4.5], "texture": "#0"},
				"up": {"uv": [1, 1, 0.5, 1.5], "texture": "#0"},
				"down": {"uv": [1, 4, 0.5, 4.5], "texture": "#0"}
			}
		},
		{
			"name": "balanced_blade_blade_1",
			"from": [10, 5, 7.5],
			"to": [11, 13, 8.5],
			"rotation": {"angle": 0, "axis": "y", "origin": [17, 0, 0]},
			"faces": {
				"north": {"uv": [1, 1.5, 1.5, 5.5], "texture": "#0"},
				"east": {"uv": [1.5, 1.5, 1, 5.5], "texture": "#0"},
				"south": {"uv": [1.5, 1.5, 1, 5.5], "texture": "#0"},
				"west": {"uv": [1.5, 1.5, 1, 5.5], "texture": "#0"},
				"up": {"uv": [1.5, 1.5, 1, 2], "texture": "#0"},
				"down": {"uv": [1.5, 5, 1, 5.5], "texture": "#0"}
			}
		},
		{
			"name": "balanced_blade_blade_2",
			"from": [8, 3, 7.5],
			"to": [10, 12, 8.5],
			"rotation": {"angle": 0, "axis": "y", "origin": [17, 0, 0]},
			"faces": {
				"north": {"uv": [1.5, 2, 2.5, 6.5], "texture": "#0"},
				"east": {"uv": [2, 2, 1.5, 6.5], "texture": "#0"},
				"south": {"uv": [2.5, 2, 1.5, 6.5], "texture": "#0"},
				"west": {"uv": [2.5, 2, 2, 6.5], "texture": "#0"},
				"up": {"uv": [2.5, 2, 1.5, 2.5], "texture": "#0"},
				"down": {"uv": [2.5, 6, 1.5, 6.5], "texture": "#0"}
			}
		},
		{
			"name": "balanced_blade_blade_3",
			"from": [8, 1, 8],
			"to": [13, 16, 8],
			"rotation": {"angle": 0, "axis": "y", "origin": [17, 0, 0]},
			"faces": {
				"north": {"uv": [0, 0, 2.5, 7.5], "texture": "#0"},
				"east": {"uv": [2, 2, 1.5, 6.5], "texture": "#0"},
				"south": {"uv": [2.5, 0, 0, 7.5], "texture": "#0"},
				"west": {"uv": [2.5, 2, 2, 6.5], "texture": "#0"},
				"up": {"uv": [2.5, 2, 1.5, 2.5], "texture": "#0"},
				"down": {"uv": [2.5, 6, 1.5, 6.5], "texture": "#0"}
			}
		},
		{
			"name": "balanced_blade_blade_3",
			"from": [7, 1, 7.5],
			"to": [8, 6, 8.5],
			"rotation": {"angle": 0, "axis": "y", "origin": [17, 0, 0]},
			"faces": {
				"north": {"uv": [2.5, 5, 3, 7.5], "texture": "#0"},
				"east": {"uv": [3, 5, 2.5, 7.5], "texture": "#0"},
				"south": {"uv": [3, 5, 2.5, 7.5], "texture": "#0"},
				"west": {"uv": [3, 5, 2.5, 7.5], "texture": "#0"},
				"up": {"uv": [3, 5, 2.5, 5.5], "texture": "#0"},
				"down": {"uv": [3, 7, 2.5, 7.5], "texture": "#0"}
			}
		},
		{
			"name": "balanced_blade_blade_4",
			"from": [8, 2, 7.5],
			"to": [9, 3, 8.5],
			"rotation": {"angle": 0, "axis": "y", "origin": [17, 0, 0]},
			"faces": {
				"north": {"uv": [2, 6.5, 2.5, 7], "texture": "#0"},
				"east": {"uv": [2.5, 6.5, 2, 7], "texture": "#0"},
				"south": {"uv": [2.5, 6.5, 2, 7], "texture": "#0"},
				"west": {"uv": [2.5, 6.5, 2, 7], "texture": "#0"},
				"up": {"uv": [2.5, 6.5, 2, 7], "texture": "#0"},
				"down": {"uv": [2.5, 6.5, 2, 7], "texture": "#0"}
			}
		},
		{
			"name": "balanced_blade_blade_5",
			"from": [6, 1, 7.5],
			"to": [7, 3, 8.5],
			"rotation": {"angle": 0, "axis": "y", "origin": [17, 0, 0]},
			"faces": {
				"north": {"uv": [3, 6.5, 3.5, 7.5], "texture": "#0"},
				"east": {"uv": [3.5, 6.5, 3, 7.5], "texture": "#0"},
				"south": {"uv": [3.5, 6.5, 3, 7.5], "texture": "#0"},
				"west": {"uv": [3.5, 6.5, 3, 7.5], "texture": "#0"},
				"up": {"uv": [3.5, 6.5, 3, 7], "texture": "#0"},
				"down": {"uv": [3.5, 7, 3, 7.5], "texture": "#0"}
			}
		},
		{
			"from": [3.75, 0.5, 7],
			"to": [9.75, 2.5, 9],
			"rotation": {"angle": -22.5, "axis": "z", "origin": [5.5, 1, 8]},
			"faces": {
				"north": {"uv": [4, 3, 7, 4], "texture": "#0"},
				"east": {"uv": [3, 1, 4, 2], "texture": "#0"},
				"south": {"uv": [4, 1, 7, 2], "texture": "#0"},
				"west": {"uv": [7, 1, 8, 2], "texture": "#0"},
				"up": {"uv": [7, 3, 4, 2], "texture": "#0"},
				"down": {"uv": [7, 0, 4, 1], "texture": "#0"}
			}
		},
		{
			"from": [6, -5.25, 7.5],
			"to": [8, -0.25, 8.5],
			"rotation": {"angle": -45, "axis": "z", "origin": [7.75, 0.75, 8]},
			"faces": {
				"north": {"uv": [5.5, 5.5, 6.5, 8], "texture": "#0"},
				"east": {"uv": [5, 5.5, 5.5, 8], "texture": "#0"},
				"south": {"uv": [7, 5.5, 8, 8], "texture": "#0"},
				"west": {"uv": [6.5, 5.5, 7, 8], "texture": "#0"},
				"up": {"uv": [6.5, 5.5, 5.5, 5], "texture": "#0"},
				"down": {"uv": [7.5, 5, 6.5, 5.5], "texture": "#0"}
			}
		},
		{
			"from": [4, 1, 9],
			"to": [14, 11, 9],
			"rotation": {"angle": 45, "axis": "x", "origin": [9, 7, 8]},
			"faces": {
				"north": {"uv": [11, 0, 16, 5], "rotation": 180, "texture": "#0"},
				"east": {"uv": [0, 0, 5, 0], "rotation": 90, "texture": "#0"},
				"south": {"uv": [11, 0, 16, 5], "texture": "#0"},
				"west": {"uv": [0, 0, 5, 0], "rotation": 270, "texture": "#0"},
				"up": {"uv": [0, 0, 5, 0], "texture": "#0"},
				"down": {"uv": [0, 0, 5, 0], "rotation": 180, "texture": "#0"}
			}
		},
		{
			"from": [1, -2, 8],
			"to": [17, 14, 8],
			"rotation": {"angle": 22.5, "axis": "y", "origin": [9, 7, 8]},
			"faces": {
				"north": {"uv": [8, 8, 16, 16], "rotation": 180, "texture": "#0"},
				"east": {"uv": [0, 0, 5, 0], "rotation": 90, "texture": "#0"},
				"south": {"uv": [8, 8, 16, 16], "texture": "#0"},
				"west": {"uv": [0, 0, 5, 0], "rotation": 270, "texture": "#0"},
				"up": {"uv": [0, 0, 5, 0], "texture": "#0"},
				"down": {"uv": [0, 0, 5, 0], "rotation": 180, "texture": "#0"}
			}
		}
	],
	"gui_light": "front",
	"display": {
		"thirdperson_righthand": {
			"rotation": [0, 90, 55],
			"translation": [0, 7.5, 7.5]
		},
		"thirdperson_lefthand": {
			"rotation": [0, -90, -55],
			"translation": [0, 7.5, 7.5]
		},
		"firstperson_righthand": {
			"rotation": [0, 90, 10],
			"translation": [1.5, 5.25, 1.5],
			"scale": [0.68, 0.68, 0.68]
		},
		"firstperson_lefthand": {
			"rotation": [0, -90, -10],
			"translation": [1.5, 5.25, 1.5],
			"scale": [0.68, 0.68, 0.68]
		},
		"ground": {
			"translation": [0, 2, 0],
			"scale": [0.5, 0.5, 0.5]
		},
		"gui": {
			"rotation": [12, -146, -21],
			"translation": [-0.75, 2, 0]
		},
		"fixed": {
			"translation": [0, 2, 0]
		}
	},
	"groups": [
		{
			"name": "balanced_blade_blade",
			"origin": [8, 8, 8],
			"color": 0,
			"children": [0, 1, 2, 3, 4, 5, 6]
		},
		7,
		8,
		9,
		10
	]
}