{
	"credit": "Made with Blockbench",
	"texture_size": [64, 64],
	"textures": {
		"1": "minecells:item/3d/blood_sword"
	},
	"elements": [
		{
			"from": [3.5, 3, 6.5],
			"to": [9.5, 5, 9.5],
			"rotation": {"angle": -22.5, "axis": "z", "origin": [6.5, 4.5, 8]},
			"faces": {
				"north": {"uv": [0.75, 4.75, 2.25, 5.25], "texture": "#1"},
				"east": {"uv": [0, 4.75, 0.75, 5.25], "texture": "#1"},
				"south": {"uv": [3, 4.75, 4.5, 5.25], "texture": "#1"},
				"west": {"uv": [2.25, 4.75, 3, 5.25], "texture": "#1"},
				"up": {"uv": [2.25, 4.75, 0.75, 4], "texture": "#1"},
				"down": {"uv": [3.75, 4, 2.25, 4.75], "texture": "#1"}
			}
		},
		{
			"from": [5.5, -1.75, 7.5],
			"to": [7.5, 3.25, 8.5],
			"rotation": {"angle": -45, "axis": "z", "origin": [8, 4, 8]},
			"faces": {
				"north": {"uv": [0.25, 5.5, 0.75, 6.75], "texture": "#1"},
				"east": {"uv": [0, 5.5, 0.25, 6.75], "texture": "#1"},
				"south": {"uv": [1, 5.5, 1.5, 6.75], "texture": "#1"},
				"west": {"uv": [0.75, 5.5, 1, 6.75], "texture": "#1"},
				"down": {"uv": [1.25, 5.25, 0.75, 5.5], "texture": "#1"}
			}
		},
		{
			"from": [2, 12, 0],
			"to": [18, 12, 16],
			"rotation": {"angle": -45, "axis": "x", "origin": [10, 12, 8]},
			"faces": {
				"up": {"uv": [4, 10.75, 0, 6.75], "texture": "#1"},
				"down": {"uv": [8, 6.75, 4, 10.75], "texture": "#1"}
			}
		},
		{
			"from": [-1, 14, 7],
			"to": [3, 17, 7],
			"rotation": {"angle": 22.5, "axis": "z", "origin": [1, 15.5, 6]},
			"faces": {
				"north": {"uv": [0, 10.75, 1, 11.5], "texture": "#1"},
				"south": {"uv": [1, 10.75, 2, 11.5], "texture": "#1"}
			}
		},
		{
			"from": [-3, 7, 11],
			"to": [1, 10, 11],
			"rotation": {"angle": 45, "axis": "z", "origin": [-2, 10.5, 9]},
			"faces": {
				"north": {"uv": [0, 11.5, 1, 12.25], "texture": "#1"},
				"south": {"uv": [1, 11.5, 2, 12.25], "texture": "#1"}
			}
		},
		{
			"name": "blood_sword_blade_0",
			"from": [5.75, 16.75, 7.5],
			"to": [8.75, 18.75, 8.5],
			"rotation": {"angle": 0, "axis": "y", "origin": [16, 0, 0]},
			"faces": {
				"north": {"uv": [1.25, 0.25, 2, 0.75], "texture": "#1"},
				"east": {"uv": [1.5, 0.25, 1.25, 0.75], "texture": "#1"},
				"south": {"uv": [2, 0.25, 1.25, 0.75], "texture": "#1"},
				"west": {"uv": [2, 0.25, 1.75, 0.75], "texture": "#1"},
				"up": {"uv": [2, 0.25, 1.25, 0.5], "texture": "#1"},
				"down": {"uv": [2, 0.5, 1.25, 0.75], "texture": "#1"}
			}
		},
		{
			"name": "blood_sword_blade_1",
			"from": [3.75, 17.75, 7.5],
			"to": [5.75, 19.75, 8.5],
			"rotation": {"angle": 0, "axis": "y", "origin": [16, 0, 0]},
			"faces": {
				"north": {"uv": [2, 0, 2.5, 0.5], "texture": "#1"},
				"east": {"uv": [2.25, 0, 2, 0.5], "texture": "#1"},
				"south": {"uv": [2.5, 0, 2, 0.5], "texture": "#1"},
				"west": {"uv": [2.5, 0, 2.25, 0.5], "texture": "#1"},
				"up": {"uv": [2.5, 0, 2, 0.25], "texture": "#1"},
				"down": {"uv": [2.5, 0.25, 2, 0.5], "texture": "#1"}
			}
		},
		{
			"name": "blood_sword_blade_2",
			"from": [1.75, 18.75, 7.5],
			"to": [3.75, 19.75, 8.5],
			"rotation": {"angle": 0, "axis": "y", "origin": [16, 0, 0]},
			"faces": {
				"north": {"uv": [2.5, 0, 3, 0.25], "texture": "#1"},
				"south": {"uv": [3, 0, 2.5, 0.25], "texture": "#1"},
				"west": {"uv": [3, 0, 2.75, 0.25], "texture": "#1"},
				"up": {"uv": [3, 0, 2.5, 0.25], "texture": "#1"},
				"down": {"uv": [3, 0, 2.5, 0.25], "texture": "#1"}
			}
		},
		{
			"name": "blood_sword_blade_3",
			"from": [8.75, 3.75, 7.5],
			"to": [10.75, 17.75, 8.5],
			"rotation": {"angle": 0, "axis": "y", "origin": [16, 0, 0]},
			"faces": {
				"north": {"uv": [0.75, 0.5, 1.25, 4], "texture": "#1"},
				"east": {"uv": [1, 0.5, 0.75, 4], "texture": "#1"},
				"south": {"uv": [1.25, 0.5, 0.75, 4], "texture": "#1"},
				"west": {"uv": [1.25, 0.5, 1, 4], "texture": "#1"},
				"up": {"uv": [1.25, 0.5, 0.75, 0.75], "texture": "#1"},
				"down": {"uv": [1.25, 3.75, 0.75, 4], "texture": "#1"}
			}
		},
		{
			"name": "blood_sword_blade_4",
			"from": [10.75, 4.75, 7.5],
			"to": [11.75, 16.75, 8.5],
			"rotation": {"angle": 0, "axis": "y", "origin": [16, 0, 0]},
			"faces": {
				"north": {"uv": [0.5, 0.75, 0.75, 3.75], "texture": "#1"},
				"east": {"uv": [0.75, 0.75, 0.5, 3.75], "texture": "#1"},
				"south": {"uv": [0.75, 0.75, 0.5, 3.75], "texture": "#1"},
				"up": {"uv": [0.75, 0.75, 0.5, 1], "texture": "#1"},
				"down": {"uv": [0.75, 3.5, 0.5, 3.75], "texture": "#1"}
			}
		},
		{
			"name": "blood_sword_blade_5",
			"from": [11.75, 5.75, 7.5],
			"to": [12.75, 14.75, 8.5],
			"rotation": {"angle": 0, "axis": "y", "origin": [16, 0, 0]},
			"faces": {
				"north": {"uv": [0.25, 1.25, 0.5, 3.5], "texture": "#1"},
				"east": {"uv": [0.25, 1.25, 0.5, 3.5], "texture": "#1"},
				"south": {"uv": [0.25, 1.25, 0.5, 3.5], "texture": "#1"},
				"up": {"uv": [0.25, 1.25, 0.5, 1.5], "texture": "#1"},
				"down": {"uv": [0.25, 3.25, 0.5, 3.5], "texture": "#1"}
			}
		},
		{
			"name": "blood_sword_blade_6",
			"from": [6.75, 15.75, 7.5],
			"to": [8.75, 16.75, 8.5],
			"rotation": {"angle": 0, "axis": "y", "origin": [16, 0, 0]},
			"faces": {
				"north": {"uv": [1.25, 0.75, 1.75, 1], "texture": "#1"},
				"south": {"uv": [1.75, 0.75, 1.25, 1], "texture": "#1"},
				"west": {"uv": [1.75, 0.75, 1.5, 1], "texture": "#1"},
				"down": {"uv": [1.75, 0.75, 1.25, 1], "texture": "#1"}
			}
		},
		{
			"name": "blood_sword_blade_7",
			"from": [7.75, 13.75, 7.5],
			"to": [8.75, 15.75, 8.5],
			"rotation": {"angle": 0, "axis": "y", "origin": [16, 0, 0]},
			"faces": {
				"north": {"uv": [1.25, 1, 1.5, 1.5], "texture": "#1"},
				"south": {"uv": [1.5, 1, 1.25, 1.5], "texture": "#1"},
				"west": {"uv": [1.5, 1, 1.25, 1.5], "texture": "#1"},
				"down": {"uv": [1.5, 1.25, 1.25, 1.5], "texture": "#1"}
			}
		},
		{
			"name": "blood_sword_blade_9",
			"from": [7.75, 3.75, 7.5],
			"to": [8.75, 9.75, 8.5],
			"rotation": {"angle": 0, "axis": "y", "origin": [16, 0, 0]},
			"faces": {
				"north": {"uv": [1.25, 2.5, 1.5, 4], "texture": "#1"},
				"south": {"uv": [1.5, 2.5, 1.25, 4], "texture": "#1"},
				"west": {"uv": [1.5, 2.5, 1.25, 4], "texture": "#1"},
				"up": {"uv": [1.5, 2.5, 1.25, 2.75], "texture": "#1"}
			}
		},
		{
			"name": "blood_sword_blade_10",
			"from": [6.75, 3.75, 7.5],
			"to": [7.75, 7.75, 8.5],
			"rotation": {"angle": 0, "axis": "y", "origin": [16, 0, 0]},
			"faces": {
				"north": {"uv": [1.5, 3, 1.75, 4], "texture": "#1"},
				"south": {"uv": [1.75, 3, 1.5, 4], "texture": "#1"},
				"west": {"uv": [1.75, 3, 1.5, 4], "texture": "#1"},
				"up": {"uv": [1.75, 3, 1.5, 3.25], "texture": "#1"}
			}
		},
		{
			"name": "blood_sword_blade_11",
			"from": [5.75, 3.75, 7.5],
			"to": [6.75, 6.75, 8.5],
			"rotation": {"angle": 0, "axis": "y", "origin": [16, 0, 0]},
			"faces": {
				"north": {"uv": [1.75, 3.25, 2, 4], "texture": "#1"},
				"south": {"uv": [2, 3.25, 1.75, 4], "texture": "#1"},
				"west": {"uv": [2, 3.25, 1.75, 4], "texture": "#1"},
				"up": {"uv": [2, 3.25, 1.75, 3.5], "texture": "#1"}
			}
		},
		{
			"name": "blood_sword_blade_12",
			"from": [4.75, 4.75, 7.5],
			"to": [5.75, 5.75, 8.5],
			"rotation": {"angle": 0, "axis": "y", "origin": [16, 0, 0]},
			"faces": {
				"north": {"uv": [2, 3.5, 2.25, 3.75], "texture": "#1"},
				"south": {"uv": [2.25, 3.5, 2, 3.75], "texture": "#1"},
				"up": {"uv": [2.25, 3.5, 2, 3.75], "texture": "#1"}
			}
		},
		{
			"from": [1.75, 3.75, 8],
			"to": [13.75, 19.75, 8],
			"faces": {
				"north": {"uv": [0, 0, 3, 4], "texture": "#1"},
				"south": {"uv": [3, 0, 0, 4], "texture": "#1"}
			}
		}
	],
	"gui_light": "front",
	"display": {
		"thirdperson_righthand": {
			"rotation": [0, 90, 55],
			"translation": [0, 5.5, 4]
		},
		"thirdperson_lefthand": {
			"rotation": [0, -90, -55],
			"translation": [0, 5.5, 4]
		},
		"firstperson_righthand": {
			"rotation": [0, 80, 15],
			"translation": [2.5, 2.5, 0.8],
			"scale": [0.68, 0.68, 0.68]
		},
		"firstperson_lefthand": {
			"rotation": [0, -100, -15],
			"translation": [2.5, 2.5, 0.8],
			"scale": [0.68, 0.68, 0.68]
		},
		"ground": {
			"translation": [0, 2, 0],
			"scale": [0.5, 0.5, 0.5]
		},
		"gui": {
			"rotation": [0, -35, -20],
			"translation": [-0.25, -3, 0],
			"scale": [0.8, 0.8, 0.8]
		},
		"fixed": {
			"translation": [0, -2.5, 0]
		}
	},
	"groups": [
		0,
		1,
		2,
		3,
		4,
		{
			"name": "blood_sword_blade",
			"origin": [8, 8, 8],
			"color": 0,
			"children": [5, 6, 7, 8, 9, 10, 11, 12, 13, 14, 15, 16]
		},
		17
	]
}