{
	"credit": "Made with Blockbench",
	"texture_size": [64, 64],
	"textures": {
		"0": "minecells:item/3d/broadsword",
		"particle": "minecells:item/3d/broadsword"
	},
	"elements": [
		{
			"from": [7, -11, 7],
			"to": [9, -3, 9],
			"rotation": {"angle": 0, "axis": "y", "origin": [0, 0, 16]},
			"faces": {
				"north": {"uv": [7.5, 3.5, 8, 5.5], "texture": "#0"},
				"east": {"uv": [9, 3.5, 9.5, 5.5], "texture": "#0"},
				"south": {"uv": [8.5, 3.5, 9, 5.5], "texture": "#0"},
				"west": {"uv": [8, 3.5, 8.5, 5.5], "texture": "#0"},
				"up": {"uv": [8.5, 3.5, 8, 3], "rotation": 270, "texture": "#0"},
				"down": {"uv": [9, 3, 8.5, 3.5], "rotation": 90, "texture": "#0"}
			}
		},
		{
			"from": [2, -3, 6],
			"to": [14, -1, 10],
			"rotation": {"angle": 0, "axis": "y", "origin": [0, 0, 16]},
			"faces": {
				"north": {"uv": [2.5, 7.75, 5.5, 8.25], "texture": "#0"},
				"east": {"uv": [9.5, 7.75, 10.5, 8.25], "texture": "#0"},
				"south": {"uv": [6.5, 7.75, 9.5, 8.25], "texture": "#0"},
				"west": {"uv": [5.5, 7.75, 6.5, 8.25], "texture": "#0"},
				"up": {"uv": [6.5, 7.75, 5.5, 4.75], "rotation": 270, "texture": "#0"},
				"down": {"uv": [7.5, 4.75, 6.5, 7.75], "rotation": 90, "texture": "#0"}
			}
		},
		{
			"from": [3.5, -1, 7],
			"to": [12.5, 21, 9],
			"rotation": {"angle": 0, "axis": "y", "origin": [0, 0, 16]},
			"faces": {
				"north": {"uv": [0, 2.25, 2.25, 7.75], "texture": "#0"},
				"east": {"uv": [5, 2.25, 5.5, 7.75], "texture": "#0"},
				"south": {"uv": [2.75, 2.25, 5, 7.75], "texture": "#0"},
				"west": {"uv": [2.25, 2.25, 2.75, 7.75], "texture": "#0"},
				"up": {"uv": [2.75, 2.25, 2.25, 0], "rotation": 270, "texture": "#0"},
				"down": {"uv": [3.25, 0, 2.75, 2.25], "rotation": 90, "texture": "#0"}
			}
		},
		{
			"from": [4.82, 17.82, 6.99],
			"to": [11.18, 24.18, 9.01],
			"rotation": {"angle": -45, "axis": "z", "origin": [8, 21, 8]},
			"faces": {
				"north": {"uv": [5.5, 1.5, 7, 3], "texture": "#0"},
				"east": {"uv": [9, 1.5, 9.5, 3], "texture": "#0"},
				"south": {"uv": [7.5, 1.5, 9, 3], "texture": "#0"},
				"west": {"uv": [7, 1.5, 7.5, 3], "texture": "#0"},
				"up": {"uv": [7.5, 1.5, 7, 0], "rotation": 270, "texture": "#0"},
				"down": {"uv": [8, 0, 7.5, 1.5], "rotation": 90, "texture": "#0"}
			}
		}
	],
	"gui_light": "front",
	"display": {
		"thirdperson_righthand": {
			"rotation": [0, -90, 20],
			"translation": [0, 13, -2.5]
		},
		"thirdperson_lefthand": {
			"rotation": [0, 90, -20],
			"translation": [0, 13, -2.5]
		},
		"firstperson_righthand": {
			"rotation": [0, -90, -10],
			"translation": [3, 5, 1],
			"scale": [0.68, 0.68, 0.68]
		},
		"firstperson_lefthand": {
			"rotation": [0, -90, -10],
			"translation": [3, 5, 1],
			"scale": [0.68, 0.68, 0.68]
		},
		"ground": {
			"translation": [0, 6, 0],
			"scale": [0.5, 0.5, 0.5]
		},
		"gui": {
			"rotation": [26, -38, -39],
			"translation": [0.5, 0.25, 0],
			"scale": [0.7, 0.7, 0.7]
		},
		"fixed": {
			"translation": [0, 0.5, 0],
			"scale": [0.5, 0.5, 0.5]
		}
	}
}