{
	"credit": "Made with Blockbench",
	"textures": {
		"0": "minecells:item/3d/crowbar"
	},
	"elements": [
		{
			"from": [7, 4, 7],
			"to": [8, 16, 9],
			"faces": {
				"north": {"uv": [2, 2, 3, 14], "texture": "#0"},
				"east": {"uv": [0, 2, 2, 14], "texture": "#0"},
				"south": {"uv": [5, 2, 6, 14], "texture": "#0"},
				"west": {"uv": [3, 2, 5, 14], "texture": "#0"},
				"up": {"uv": [3, 2, 2, 0], "texture": "#0"},
				"down": {"uv": [4, 0, 3, 2], "texture": "#0"}
			}
		},
		{
			"from": [7, 1, 7],
			"to": [8, 4, 9],
			"rotation": {"angle": 45, "axis": "z", "origin": [7, 4, 8]},
			"faces": {
				"north": {"uv": [8, 2, 9, 5], "texture": "#0"},
				"east": {"uv": [6, 2, 8, 5], "texture": "#0"},
				"south": {"uv": [11, 2, 12, 5], "texture": "#0"},
				"west": {"uv": [9, 2, 11, 5], "texture": "#0"},
				"up": {"uv": [9, 2, 8, 0], "texture": "#0"},
				"down": {"uv": [10, 0, 9, 2], "texture": "#0"}
			}
		},
		{
			"from": [7, 16, 7],
			"to": [8, 19, 9],
			"rotation": {"angle": 45, "axis": "z", "origin": [8, 16, 8]},
			"faces": {
				"north": {"uv": [8, 9, 9, 12], "texture": "#0"},
				"east": {"uv": [6, 9, 8, 12], "texture": "#0"},
				"south": {"uv": [11, 9, 12, 12], "texture": "#0"},
				"west": {"uv": [9, 9, 11, 12], "texture": "#0"},
				"up": {"uv": [9, 9, 8, 7], "texture": "#0"},
				"down": {"uv": [10, 7, 9, 9], "texture": "#0"}
			}
		},
		{
			"from": [5, 19, 6.75],
			"to": [8, 19, 7.75],
			"rotation": {"angle": 45, "axis": "z", "origin": [8, 16, 8]},
			"faces": {
				"north": {"uv": [6, 7, 9, 7], "texture": "#0"},
				"east": {"uv": [5, 7, 6, 7], "texture": "#0"},
				"south": {"uv": [10, 7, 13, 7], "texture": "#0"},
				"west": {"uv": [9, 7, 10, 7], "texture": "#0"},
				"up": {"uv": [9, 7, 6, 6], "texture": "#0"},
				"down": {"uv": [12, 6, 9, 7], "texture": "#0"}
			}
		},
		{
			"from": [5, 19, 8.25],
			"to": [8, 19, 9.25],
			"rotation": {"angle": 45, "axis": "z", "origin": [8, 16, 8]},
			"faces": {
				"north": {"uv": [6, 6, 9, 6], "texture": "#0"},
				"east": {"uv": [5, 6, 6, 6], "texture": "#0"},
				"south": {"uv": [10, 6, 13, 6], "texture": "#0"},
				"west": {"uv": [9, 6, 10, 6], "texture": "#0"},
				"up": {"uv": [9, 6, 6, 5], "texture": "#0"},
				"down": {"uv": [12, 5, 9, 6], "texture": "#0"}
			}
		}
	],
	"display": {
		"thirdperson_righthand": {
			"rotation": [0, -90, -20],
			"translation": [0, 3, 3]
		},
		"thirdperson_lefthand": {
			"rotation": [0, 90, 20],
			"translation": [0, 3, 3]
		},
		"firstperson_righthand": {
			"rotation": [0, -90, -10],
			"translation": [2, 2.25, 1],
			"scale": [0.68, 0.68, 0.68]
		},
		"firstperson_lefthand": {
			"rotation": [0, 90, 10],
			"translation": [2, 2.25, 1],
			"scale": [0.68, 0.68, 0.68]
		},
		"ground": {
			"translation": [0, 2, 0],
			"scale": [0.5, 0.5, 0.5]
		},
		"gui": {
			"rotation": [24, -148, 50],
			"translation": [-1.5, -1.5, 0]
		},
		"fixed": {
			"translation": [0, -1.75, 0]
		}
	}
}