{
    "credit": "Made with Blockbench",
    "texture_size": [32, 32],
    "textures": {
        "0": "minecells:item/3d/cursed_sword"
    },
    "elements": [
        {
            "name": "cursed_sword_blade_0",
            "from": [7.5, 7, 7.5],
            "to": [8.5, 30, 8.5],
            "rotation": { "angle": 0, "axis": "y", "origin": [0, 0, 7.5] },
            "faces": {
                "north": { "uv": [3, 1, 2.5, 12.5], "texture": "#0" },
                "east": { "uv": [2.5, 1, 3, 10.5], "texture": "#0" },
                "south": { "uv": [2.5, 1, 3, 12.5], "texture": "#0" },
                "west": { "uv": [2.5, 1, 3, 10.5], "texture": "#0" },
                "up": { "uv": [2.5, 1, 3, 1.5], "texture": "#0" }
            }
        },
        {
            "name": "cursed_sword_blade_1",
            "from": [5.5, 19, 6.5],
            "to": [10.5, 24, 9.5],
            "rotation": { "angle": 0, "axis": "y", "origin": [0, 0, 7.5] },
            "faces": {
                "north": { "uv": [9.5, 1.5, 12, 4], "texture": "#0" },
                "east": { "uv": [8, 1.5, 9.5, 4], "texture": "#0" },
                "south": { "uv": [13.5, 1.5, 16, 4], "texture": "#0" },
                "west": { "uv": [12, 1.5, 13.5, 4], "texture": "#0" },
                "up": { "uv": [12, 1.5, 9.5, 0], "texture": "#0" },
                "down": { "uv": [14.5, 0, 12, 1.5], "texture": "#0" }
            }
        },
        {
            "name": "cursed_sword_blade_1",
            "from": [2.5, 7, 8],
            "to": [13.5, 32, 8],
            "rotation": { "angle": 0, "axis": "y", "origin": [0, 0, 7.5] },
            "faces": {
                "north": { "uv": [5.5, 0, 0, 12.5], "texture": "#0" },
                "south": { "uv": [0, 0, 5.5, 12.5], "texture": "#0" }
            }
        },
        {
            "name": "cursed_sword_blade_1",
            "from": [6.5, 7, 7.5],
            "to": [7.5, 28, 8.5],
            "rotation": { "angle": 0, "axis": "y", "origin": [0, 0, 7.5] },
            "faces": {
                "north": { "uv": [2.5, 2, 2, 12.5], "texture": "#0" },
                "south": { "uv": [2, 2, 2.5, 12.5], "texture": "#0" },
                "west": { "uv": [2, 2, 2.5, 12.5], "texture": "#0" },
                "up": { "uv": [2, 2, 2.5, 2.5], "texture": "#0" }
            }
        },
        {
            "name": "cursed_sword_blade_2",
            "from": [8.5, 7, 7.5],
            "to": [9.5, 28, 8.5],
            "rotation": { "angle": 0, "axis": "y", "origin": [0, 0, 7.5] },
            "faces": {
                "north": { "uv": [3.5, 2, 3, 12.5], "texture": "#0" },
                "east": { "uv": [3, 2, 3.5, 12.5], "texture": "#0" },
                "south": { "uv": [3, 2, 3.5, 12.5], "texture": "#0" },
                "up": { "uv": [3, 2, 3.5, 2.5], "texture": "#0" }
            }
        },
        {
            "name": "cursed_sword_blade_3",
            "from": [5.5, 18, 7.5],
            "to": [6.5, 26, 8.5],
            "rotation": { "angle": 0, "axis": "y", "origin": [0, 0, 7.5] },
            "faces": {
                "north": { "uv": [2, 3, 1.5, 7], "texture": "#0" },
                "south": { "uv": [1.5, 3, 2, 7], "texture": "#0" },
                "west": { "uv": [1.5, 3, 2, 7], "texture": "#0" },
                "up": { "uv": [1.5, 3, 2, 3.5], "texture": "#0" },
                "down": { "uv": [1.5, 6.5, 2, 7], "texture": "#0" }
            }
        },
        {
            "name": "cursed_sword_blade_4",
            "from": [9.5, 18, 7.5],
            "to": [10.5, 26, 8.5],
            "rotation": { "angle": 0, "axis": "y", "origin": [0, 0, 7.5] },
            "faces": {
                "north": { "uv": [4, 3, 3.5, 7], "texture": "#0" },
                "east": { "uv": [3.5, 3, 4, 7], "texture": "#0" },
                "south": { "uv": [3.5, 3, 4, 7], "texture": "#0" },
                "up": { "uv": [3.5, 3, 4, 3.5], "texture": "#0" },
                "down": { "uv": [3.5, 6.5, 4, 7], "texture": "#0" }
            }
        },
        {
            "name": "cursed_sword_blade_5",
            "from": [4.5, 19, 7.5],
            "to": [5.5, 24, 8.5],
            "rotation": { "angle": 0, "axis": "y", "origin": [0, 0, 7.5] },
            "faces": {
                "north": { "uv": [1.5, 4, 1, 6.5], "texture": "#0" },
                "south": { "uv": [1, 4, 1.5, 6.5], "texture": "#0" },
                "west": { "uv": [1, 4, 1.5, 6.5], "texture": "#0" },
                "up": { "uv": [1, 4, 1.5, 4.5], "texture": "#0" },
                "down": { "uv": [1, 6, 1.5, 6.5], "texture": "#0" }
            }
        },
        {
            "name": "cursed_sword_blade_6",
            "from": [10.5, 19, 7.5],
            "to": [11.5, 24, 8.5],
            "rotation": { "angle": 0, "axis": "y", "origin": [0, 0, 7.5] },
            "faces": {
                "north": { "uv": [4.5, 4, 4, 6.5], "texture": "#0" },
                "east": { "uv": [4, 4, 4.5, 6.5], "texture": "#0" },
                "south": { "uv": [4, 4, 4.5, 6.5], "texture": "#0" },
                "up": { "uv": [4, 4, 4.5, 4.5], "texture": "#0" },
                "down": { "uv": [4, 6, 4.5, 6.5], "texture": "#0" }
            }
        },
        {
            "name": "cursed_sword_blade_7",
            "from": [3.5, 20, 7.5],
            "to": [4.5, 22, 8.5],
            "rotation": { "angle": 0, "axis": "y", "origin": [0, 0, 7.5] },
            "faces": {
                "north": { "uv": [1, 5, 0.5, 6], "texture": "#0" },
                "south": { "uv": [0.5, 5, 1, 6], "texture": "#0" },
                "west": { "uv": [0.5, 5, 1, 6], "texture": "#0" },
                "up": { "uv": [0.5, 5, 1, 5.5], "texture": "#0" },
                "down": { "uv": [0.5, 5.5, 1, 6], "texture": "#0" }
            }
        },
        {
            "name": "cursed_sword_blade_8",
            "from": [11.5, 20, 7.5],
            "to": [12.5, 22, 8.5],
            "rotation": { "angle": 0, "axis": "y", "origin": [0, 0, 7.5] },
            "faces": {
                "north": { "uv": [5, 5, 4.5, 6], "texture": "#0" },
                "east": { "uv": [4.5, 5, 5, 6], "texture": "#0" },
                "south": { "uv": [4.5, 5, 5, 6], "texture": "#0" },
                "up": { "uv": [4.5, 5, 5, 5.5], "texture": "#0" },
                "down": { "uv": [4.5, 5.5, 5, 6], "texture": "#0" }
            }
        },
        {
            "from": [5.5, 5, 6.5],
            "to": [10.5, 7, 9.5],
            "rotation": { "angle": 0, "axis": "y", "origin": [0, -1, 7.5] },
            "faces": {
                "north": { "uv": [9.5, 5.5, 12, 6.5], "texture": "#0" },
                "east": { "uv": [8, 5.5, 9.5, 6.5], "texture": "#0" },
                "south": { "uv": [13.5, 5.5, 16, 6.5], "texture": "#0" },
                "west": { "uv": [12, 5.5, 13.5, 6.5], "texture": "#0" },
                "up": { "uv": [12, 5.5, 9.5, 4], "texture": "#0" },
                "down": { "uv": [14.5, 4, 12, 5.5], "texture": "#0" }
            }
        },
        {
            "from": [0.5, 2, 8],
            "to": [15.5, 7, 8],
            "rotation": { "angle": 0, "axis": "y", "origin": [0, -1, 7.5] },
            "faces": {
                "north": { "uv": [0, 13.5, 7.5, 16], "texture": "#0" },
                "south": { "uv": [0, 13.5, 7.5, 16], "texture": "#0" }
            }
        },
        {
            "from": [7, 1, 7],
            "to": [9, 5, 9],
            "rotation": { "angle": 0, "axis": "y", "origin": [0, -1, 7.5] },
            "faces": {
                "north": { "uv": [13, 7.5, 14, 9.5], "texture": "#0" },
                "east": { "uv": [12, 7.5, 13, 9.5], "texture": "#0" },
                "south": { "uv": [15, 7.5, 16, 9.5], "texture": "#0" },
                "west": { "uv": [14, 7.5, 15, 9.5], "texture": "#0" },
                "down": { "uv": [15, 6.5, 14, 7.5], "texture": "#0" }
            }
        },
        {
            "from": [6.25, -1.75, 6.5],
            "to": [9.25, 1.25, 9.5],
            "rotation": { "angle": -45, "axis": "z", "origin": [8, -0.5, 8] },
            "faces": {
                "north": { "uv": [11.5, 11, 13, 12.5], "texture": "#0" },
                "east": { "uv": [10, 11, 11.5, 12.5], "texture": "#0" },
                "south": { "uv": [14.5, 11, 16, 12.5], "texture": "#0" },
                "west": { "uv": [13, 11, 14.5, 12.5], "texture": "#0" },
                "up": { "uv": [13, 11, 11.5, 9.5], "texture": "#0" },
                "down": { "uv": [14.5, 9.5, 13, 11], "texture": "#0" }
            }
        }
    ],
    "gui_light": "front",
    "display": {
        "thirdperson_righthand": {
            "rotation": [-45, 90, 55],
            "translation": [0, 5.25, 2.25]
        },
        "thirdperson_lefthand": {
            "rotation": [-45, -90, -55],
            "translation": [0, 5.25, 2.25]
        },
        "firstperson_righthand": {
            "rotation": [0, -80, 0],
            "translation": [1.13, 3.5, 1.13],
            "scale": [0.68, 0.68, 0.68]
        },
        "firstperson_lefthand": {
            "rotation": [0, -80, 0],
            "translation": [1.13, 3.5, 1.13],
            "scale": [0.68, 0.68, 0.68]
        },
        "ground": {
            "translation": [0, 2, 0],
            "scale": [0.5, 0.5, 0.5]
        },
        "gui": {
            "rotation": [0, -35, -45],
            "translation": [-2.25, -3.25, 0],
            "scale": [0.66, 0.66, 0.66]
        },
        "fixed": {
            "translation": [0, -4, -0.25],
            "scale": [0.6, 0.6, 0.6]
        }
    },
    "groups": [
        {
            "name": "cursed_sword_blade",
            "origin": [8, 8, 8],
            "color": 0,
            "children": [0, 1, 2, 3, 4, 5, 6, 7, 8, 9, 10, 11, 12, 13, 14]
        }
    ]
}
