{
	"credit": "Made with Blockbench",
	"texture_size": [64, 64],
	"textures": {
		"0": "minecells:item/3d/the_flint"
	},
	"elements": [
		{
			"from": [7, -4, 7],
			"to": [9, 20, 9],
			"rotation": {"angle": 0, "axis": "y", "origin": [8, 21.5, 8]},
			"faces": {
				"north": {"uv": [7.5, 4.5, 8, 10.5], "texture": "#0"},
				"east": {"uv": [7, 4.5, 7.5, 10.5], "texture": "#0"},
				"south": {"uv": [8.5, 4.5, 9, 10.5], "texture": "#0"},
				"west": {"uv": [8, 4.5, 8.5, 10.5], "texture": "#0"},
				"up": {"uv": [8, 4.5, 7.5, 4], "texture": "#0"},
				"down": {"uv": [8.5, 4, 8, 4.5], "texture": "#0"}
			}
		},
		{
			"from": [7, 20, 8],
			"to": [9, 23, 8],
			"rotation": {"angle": 45, "axis": "y", "origin": [8, 21.5, 8]},
			"faces": {
				"north": {"uv": [8, 2.5, 8.5, 3.25], "texture": "#0"},
				"south": {"uv": [8.5, 2.5, 8, 3.25], "texture": "#0"}
			}
		},
		{
			"from": [7, 20, 8],
			"to": [9, 23, 8],
			"rotation": {"angle": -45, "axis": "y", "origin": [8, 21.5, 8]},
			"faces": {
				"north": {"uv": [8.5, 2.5, 8, 3.25], "texture": "#0"},
				"south": {"uv": [8, 2.5, 8.5, 3.25], "texture": "#0"}
			}
		},
		{
			"from": [5, 12, 5.5],
			"to": [11, 18, 13.5],
			"rotation": {"angle": 0, "axis": "y", "origin": [8, 21.5, 7.5]},
			"faces": {
				"east": {"uv": [0.5, 2.5, 2.5, 4], "texture": "#0"},
				"south": {"uv": [6, 2.5, 7.5, 4], "texture": "#0"},
				"west": {"uv": [4, 2.5, 6, 4], "texture": "#0"},
				"up": {"uv": [4, 2.5, 2.5, 0.5], "texture": "#0"},
				"down": {"uv": [5.5, 0.5, 4, 2.5], "texture": "#0"}
			}
		},
		{
			"from": [4.5, 11.5, 5],
			"to": [11.5, 18.5, 7],
			"rotation": {"angle": 0, "axis": "y", "origin": [8, 21.5, 7.5]},
			"faces": {
				"north": {"uv": [6, 0.5, 7.75, 2.25], "texture": "#0"},
				"east": {"uv": [5.5, 0.5, 6, 2.25], "texture": "#0"},
				"south": {"uv": [8.25, 0.5, 10, 2.25], "texture": "#0"},
				"west": {"uv": [7.75, 0.5, 8.25, 2.25], "texture": "#0"},
				"up": {"uv": [7.75, 0.5, 6, 0], "texture": "#0"},
				"down": {"uv": [9.5, 0, 7.75, 0.5], "texture": "#0"}
			}
		},
		{
			"from": [4.5, 10.5, 3],
			"to": [11.5, 12.5, 6],
			"rotation": {"angle": 0, "axis": "y", "origin": [8, 21.5, 7.5]},
			"faces": {
				"east": {"uv": [10, 0.75, 10.75, 1.25], "texture": "#0"},
				"west": {"uv": [12.5, 0.75, 13.25, 1.25], "texture": "#0"}
			}
		},
		{
			"from": [5, 11.25, -2],
			"to": [11, 18.25, 5],
			"rotation": {"angle": -22.5, "axis": "x", "origin": [8, 18.25, 5]},
			"faces": {
				"north": {"uv": [1.75, 10.75, 3.25, 12.5], "texture": "#0"},
				"east": {"uv": [0, 10.75, 1.75, 12.5], "texture": "#0"},
				"west": {"uv": [3.25, 10.75, 5, 12.5], "texture": "#0"},
				"up": {"uv": [3.25, 10.75, 1.75, 9], "texture": "#0"}
			}
		},
		{
			"from": [5, 12.25, -5],
			"to": [11, 17.25, -1],
			"rotation": {"angle": -22.5, "axis": "x", "origin": [8, 18.25, 5]},
			"faces": {
				"north": {"uv": [1, 14, 2.5, 15.25], "texture": "#0"},
				"east": {"uv": [0, 14, 1, 15.25], "texture": "#0"},
				"south": {"uv": [3.5, 14, 5, 15.25], "texture": "#0"},
				"west": {"uv": [2.5, 14, 3.5, 15.25], "texture": "#0"},
				"up": {"uv": [2.5, 14, 1, 13], "texture": "#0"}
			}
		},
		{
			"from": [6, 12, -1.75],
			"to": [10, 18, 5.25],
			"rotation": {"angle": -22.5, "axis": "x", "origin": [8, 18.25, 5]},
			"faces": {
				"north": {"uv": [1.75, 5.75, 2.75, 7.25], "texture": "#0"},
				"east": {"uv": [0, 5.75, 1.75, 7.25], "texture": "#0"},
				"west": {"uv": [2.75, 5.75, 4.5, 7.25], "texture": "#0"},
				"down": {"uv": [3.75, 4, 2.75, 5.75], "texture": "#0"}
			}
		},
		{
			"from": [6, 13, -4.75],
			"to": [10, 17, -1.75],
			"rotation": {"angle": -22.5, "axis": "x", "origin": [8, 18.25, 5]},
			"faces": {
				"north": {"uv": [0.75, 8, 1.75, 9], "texture": "#0"},
				"east": {"uv": [0, 8, 0.75, 9], "texture": "#0"},
				"west": {"uv": [1.75, 8, 2.5, 9], "texture": "#0"},
				"down": {"uv": [2.75, 7.25, 1.75, 8], "texture": "#0"}
			}
		}
	],
	"gui_light": "front",
	"display": {
		"thirdperson_righthand": {
			"translation": [0, 5, 2]
		},
		"thirdperson_lefthand": {
			"translation": [0, 5, 2]
		},
		"firstperson_righthand": {
			"rotation": [10, 0, 0],
			"translation": [3, 2.5, 1],
			"scale": [0.68, 0.68, 0.68]
		},
		"firstperson_lefthand": {
			"rotation": [10, 0, 0],
			"translation": [3, 2.5, 1],
			"scale": [0.68, 0.68, 0.68]
		},
		"ground": {
			"translation": [0, 3, 0],
			"scale": [0.5, 0.5, 0.5]
		},
		"gui": {
			"rotation": [50, 145, -35],
			"translation": [1, -0.5, 0],
			"scale": [0.7, 0.7, 0.7]
		},
		"fixed": {
			"rotation": [0, 90, 0],
			"translation": [0.5, -0.75, 0],
			"scale": [0.7, 0.7, 0.7]
		}
	},
	"groups": [
		0,
		1,
		2,
		3,
		4,
		5,
		{
			"name": "group",
			"origin": [8, 17, 5],
			"color": 0,
			"children": [6, 7, 8, 9]
		}
	]
}