{
	"credit": "Made with Blockbench",
	"texture_size": [64, 64],
	"textures": {
		"0": "minecells:item/3d/frost_blast",
		"particle": "minecells:item/3d/frost_blast"
	},
	"elements": [
		{
			"from": [6, 5, 2],
			"to": [10, 9, 6],
			"rotation": {"angle": 0, "axis": "y", "origin": [8, 7, 6]},
			"faces": {
				"north": {"uv": [8, 14, 10, 16], "texture": "#0"},
				"east": {"uv": [6, 14, 8, 16], "texture": "#0"},
				"south": {"uv": [12, 14, 14, 16], "texture": "#0"},
				"west": {"uv": [10, 14, 12, 16], "texture": "#0"},
				"up": {"uv": [10, 14, 8, 12], "texture": "#0"},
				"down": {"uv": [12, 12, 10, 14], "texture": "#0"}
			}
		},
		{
			"from": [6.5, 5.5, 6],
			"to": [9.5, 8.5, 9],
			"rotation": {"angle": 0, "axis": "y", "origin": [8, 7, 6]},
			"faces": {
				"north": {"uv": [1.5, 14.5, 3, 16], "texture": "#0"},
				"east": {"uv": [0, 14.5, 1.5, 16], "texture": "#0"},
				"south": {"uv": [4.5, 14.5, 6, 16], "texture": "#0"},
				"west": {"uv": [3, 14.5, 4.5, 16], "texture": "#0"},
				"up": {"uv": [3, 14.5, 1.5, 13], "texture": "#0"},
				"down": {"uv": [4.5, 13, 3, 14.5], "texture": "#0"}
			}
		},
		{
			"from": [6.5, 5.5, 1],
			"to": [9.5, 8.5, 2],
			"rotation": {"angle": 0, "axis": "y", "origin": [8, 7, 6]},
			"faces": {
				"north": {"uv": [12.5, 8, 14, 9.5], "texture": "#0"},
				"east": {"uv": [12, 8, 12.5, 9.5], "texture": "#0"},
				"south": {"uv": [14.5, 8, 16, 9.5], "texture": "#0"},
				"west": {"uv": [14, 8, 14.5, 9.5], "texture": "#0"},
				"up": {"uv": [14, 8, 12.5, 7.5], "texture": "#0"},
				"down": {"uv": [15.5, 7.5, 14, 8], "texture": "#0"}
			}
		},
		{
			"from": [7, 6, 9],
			"to": [9, 8, 12],
			"rotation": {"angle": 0, "axis": "y", "origin": [8, 7, 6]},
			"faces": {
				"north": {"uv": [12.5, 11, 13.5, 12], "texture": "#0"},
				"east": {"uv": [12.5, 11, 11, 12], "texture": "#0"},
				"south": {"uv": [15, 11, 16, 12], "texture": "#0"},
				"west": {"uv": [13.5, 11, 15, 12], "texture": "#0"},
				"up": {"uv": [13.5, 11, 12.5, 9.5], "texture": "#0"},
				"down": {"uv": [14.5, 9.5, 13.5, 11], "texture": "#0"}
			}
		},
		{
			"from": [8, 2, 1],
			"to": [8, 13, 15],
			"rotation": {"angle": 0, "axis": "y", "origin": [8, 7, 6]},
			"faces": {
				"north": {"uv": [7, 10, 7, 16], "texture": "#0"},
				"east": {"uv": [0, 0, 7, 5.5], "texture": "#0"},
				"south": {"uv": [14, 10, 14, 16], "texture": "#0"},
				"west": {"uv": [7, 0, 0, 5.5], "texture": "#0"},
				"up": {"uv": [7, 10, 7, 3], "texture": "#0"},
				"down": {"uv": [7, 3, 7, 10], "texture": "#0"}
			}
		},
		{
			"from": [2, 7, 1],
			"to": [14, 7, 14],
			"rotation": {"angle": 0, "axis": "z", "origin": [8, 7, 8]},
			"faces": {
				"north": {"uv": [0, 23, 6, 23], "texture": "#0"},
				"east": {"uv": [-7, 23, 0, 23], "texture": "#0"},
				"south": {"uv": [13, 23, 19, 23], "texture": "#0"},
				"west": {"uv": [6, 23, 13, 23], "texture": "#0"},
				"up": {"uv": [6, 12, 0, 5.5], "texture": "#0"},
				"down": {"uv": [6, 5.5, 0, 12], "texture": "#0"}
			}
		},
		{
			"from": [2.5, 7, 2],
			"to": [13.5, 7, 11],
			"rotation": {"angle": -45, "axis": "z", "origin": [8, 7, 6]},
			"faces": {
				"north": {"uv": [0, 30, 6, 30], "texture": "#0"},
				"east": {"uv": [-7, 30, 0, 30], "texture": "#0"},
				"south": {"uv": [13, 30, 19, 30], "texture": "#0"},
				"west": {"uv": [6, 30, 13, 30], "texture": "#0"},
				"up": {"uv": [11.5, 10, 6, 5.5], "texture": "#0"},
				"down": {"uv": [11.5, 5.5, 6, 10], "texture": "#0"}
			}
		},
		{
			"from": [8, 1.75, 1],
			"to": [8, 12.75, 14],
			"rotation": {"angle": -45, "axis": "z", "origin": [8, 7, 6]},
			"faces": {
				"north": {"uv": [22, 7, 22, 14], "texture": "#0"},
				"east": {"uv": [7, 0, 13.5, 5.5], "texture": "#0"},
				"south": {"uv": [29, 7, 29, 14], "texture": "#0"},
				"west": {"uv": [13.5, 0, 7, 5.5], "texture": "#0"},
				"up": {"uv": [22, 7, 22, 0], "texture": "#0"},
				"down": {"uv": [22, 0, 22, 7], "texture": "#0"}
			}
		}
	],
	"gui_light": "front",
	"display": {
		"thirdperson_righthand": {
			"translation": [-0.25, -0.25, 2.5]
		},
		"thirdperson_lefthand": {
			"translation": [0.25, -0.25, 2.5]
		},
		"firstperson_righthand": {
			"rotation": [25, -10, 10],
			"translation": [1, 3, 2],
			"scale": [0.68, 0.68, 0.68]
		},
		"firstperson_lefthand": {
			"rotation": [25, -10, 10],
			"translation": [1, 3, 2],
			"scale": [0.68, 0.68, 0.68]
		},
		"ground": {
			"translation": [0, 2, 0],
			"scale": [0.5, 0.5, 0.5]
		},
		"gui": {
			"rotation": [45, -140, 15],
			"translation": [-0.75, 1.75, 0],
			"scale": [1.2, 1.2, 1.2]
		},
		"fixed": {
			"rotation": [0, 90, 0],
			"translation": [0, 0, -0.25]
		}
	}
}