{
	"credit": "Made with Blockbench",
	"texture_size": [32, 32],
	"textures": {
		"0": "minecells:item/3d/hattoris_katana"
	},
	"elements": [
		{
			"from": [6, 0, 6.5],
			"to": [9, 3, 9.5],
			"rotation": {"angle": 0, "axis": "y", "origin": [7.5, 1.5, 8]},
			"faces": {
				"north": {"uv": [5.5, 8.5, 7, 10], "texture": "#0"},
				"east": {"uv": [4, 8.5, 5.5, 10], "texture": "#0"},
				"south": {"uv": [8.5, 8.5, 10, 10], "texture": "#0"},
				"west": {"uv": [7, 8.5, 8.5, 10], "texture": "#0"},
				"up": {"uv": [7, 8.5, 5.5, 7], "texture": "#0"},
				"down": {"uv": [8.5, 7, 7, 8.5], "texture": "#0"}
			}
		},
		{
			"from": [2, 0, 8],
			"to": [13, 3, 8],
			"faces": {
				"north": {"uv": [10.5, 14.5, 16, 16], "texture": "#0"},
				"south": {"uv": [10.5, 14.5, 16, 16], "texture": "#0"}
			}
		},
		{
			"from": [6.5, -5, 7.5],
			"to": [8.5, 0, 8.5],
			"faces": {
				"north": {"uv": [12.5, 0.5, 13.5, 3], "texture": "#0"},
				"east": {"uv": [12, 0.5, 12.5, 3], "texture": "#0"},
				"south": {"uv": [14, 0.5, 15, 3], "texture": "#0"},
				"west": {"uv": [13.5, 0.5, 14, 3], "texture": "#0"}
			}
		},
		{
			"from": [5, -7, 7],
			"to": [8, -4, 9],
			"rotation": {"angle": 45, "axis": "z", "origin": [7.5, -4.5, 8]},
			"faces": {
				"north": {"uv": [5, 11, 6.5, 12.5], "texture": "#0"},
				"east": {"uv": [4, 11, 5, 12.5], "texture": "#0"},
				"south": {"uv": [7.5, 11, 9, 12.5], "texture": "#0"},
				"west": {"uv": [6.5, 11, 7.5, 12.5], "texture": "#0"},
				"up": {"uv": [6.5, 11, 5, 10], "texture": "#0"},
				"down": {"uv": [8, 10, 6.5, 11], "texture": "#0"}
			}
		},
		{
			"from": [6, 3, 7.5],
			"to": [8, 24, 8.5],
			"faces": {
				"north": {"uv": [1.5, 4, 2.5, 14.5], "texture": "#0"},
				"east": {"uv": [1, 4, 1.5, 14.5], "texture": "#0"},
				"south": {"uv": [3, 4, 4, 14.5], "texture": "#0"},
				"west": {"uv": [2.5, 4, 3, 14.5], "texture": "#0"},
				"up": {"uv": [2.5, 4, 1.5, 3.5], "texture": "#0"}
			}
		},
		{
			"from": [8, 3, 8],
			"to": [9, 24, 8],
			"faces": {
				"north": {"uv": [0, 4, 0.5, 14.5], "texture": "#0"},
				"south": {"uv": [0.5, 4, 1, 14.5], "texture": "#0"}
			}
		},
		{
			"from": [6, -1, 7],
			"to": [9, 0, 9],
			"faces": {
				"north": {"uv": [5, 13.5, 6.5, 14], "texture": "#0"},
				"east": {"uv": [4, 13.5, 5, 14], "texture": "#0"},
				"south": {"uv": [7.5, 13.5, 9, 14], "texture": "#0"},
				"west": {"uv": [6.5, 13.5, 7.5, 14], "texture": "#0"},
				"down": {"uv": [8, 12.5, 6.5, 13.5], "texture": "#0"}
			}
		},
		{
			"from": [-5, -7, 7.025],
			"to": [7, 0, 7.025],
			"rotation": {"angle": -22.5, "axis": "z", "origin": [6, 0, 7]},
			"faces": {
				"north": {"uv": [0, 0, 6, 3.5], "texture": "#0"},
				"south": {"uv": [6, 0, 12, 3.5], "texture": "#0"}
			}
		},
		{
			"from": [-5.5, -7, 9],
			"to": [6.5, 0, 9],
			"rotation": {"angle": 45, "axis": "y", "origin": [6.5, 0, 9]},
			"faces": {
				"north": {"uv": [4, 3.5, 10, 7], "texture": "#0"},
				"south": {"uv": [10, 3.5, 16, 7], "texture": "#0"}
			}
		},
		{
			"from": [5, 24, 8],
			"to": [8, 28, 8],
			"faces": {
				"north": {"uv": [9, 10, 10.5, 12], "texture": "#0"},
				"south": {"uv": [12.5, 10, 14, 12], "texture": "#0"}
			}
		},
		{
			"from": [4, 26, 7.5],
			"to": [6, 27, 8.5],
			"faces": {
				"north": {"uv": [10, 10.5, 11, 11], "texture": "#0"},
				"east": {"uv": [10.5, 10.5, 11, 11], "texture": "#0"},
				"south": {"uv": [11, 10.5, 10, 11], "texture": "#0"},
				"west": {"uv": [10.5, 10.5, 11, 11], "texture": "#0"},
				"up": {"uv": [11, 11, 10, 10.5], "texture": "#0"},
				"down": {"uv": [11, 10.5, 10, 11], "texture": "#0"}
			}
		},
		{
			"from": [3, 27, 7.5],
			"to": [5, 28, 8.5],
			"faces": {
				"north": {"uv": [10.5, 10, 11.5, 10.5], "texture": "#0"},
				"east": {"uv": [11, 10, 11.5, 10.5], "texture": "#0"},
				"south": {"uv": [11.5, 10, 10.5, 10.5], "texture": "#0"},
				"west": {"uv": [11, 10, 11.5, 10.5], "texture": "#0"},
				"up": {"uv": [11.5, 10.5, 10.5, 10], "texture": "#0"},
				"down": {"uv": [11.5, 10, 10.5, 10.5], "texture": "#0"}
			}
		},
		{
			"from": [5, 23, 7.5],
			"to": [7, 26, 8.5],
			"faces": {
				"north": {"uv": [9.5, 11, 10.5, 12.5], "texture": "#0"},
				"east": {"uv": [9.5, 11, 10, 12.5], "texture": "#0"},
				"south": {"uv": [10.5, 11, 9.5, 12.5], "texture": "#0"},
				"west": {"uv": [10, 11, 10.5, 12.5], "texture": "#0"},
				"up": {"uv": [10.5, 11.5, 9.5, 11], "texture": "#0"},
				"down": {"uv": [10.5, 12, 9.5, 12.5], "texture": "#0"}
			}
		}
	],
	"gui_light": "front",
	"display": {
		"thirdperson_righthand": {
			"rotation": [0, 110, 0],
			"translation": [-0.25, 11.5, 0.75]
		},
		"thirdperson_lefthand": {
			"rotation": [0, -80, 0],
			"translation": [-0.25, 11.5, 0.75]
		},
		"firstperson_righthand": {
			"rotation": [0, 90, 10],
			"translation": [1, 4.5, 1],
			"scale": [0.68, 0.68, 0.68]
		},
		"firstperson_lefthand": {
			"rotation": [0, -90, -10],
			"translation": [1, 4.5, 1],
			"scale": [0.68, 0.68, 0.68]
		},
		"ground": {
			"translation": [0, 4, 0],
			"scale": [0.5, 0.5, 0.5]
		},
		"gui": {
			"rotation": [25, 150, 25],
			"translation": [-0.75, -0.25, 0],
			"scale": [0.6, 0.6, 0.6]
		},
		"fixed": {
			"translation": [0, -1.25, 0],
			"scale": [0.5, 0.5, 0.5]
		}
	}
}