{
	"credit": "Made with Blockbench",
	"texture_size": [32, 32],
	"textures": {
		"0": "minecells:item/3d/nutcracker"
	},
	"elements": [
		{
			"from": [7, -15, 7],
			"to": [9, 5, 9],
			"faces": {
				"north": {"uv": [1, 1, 2, 11], "texture": "#0"},
				"east": {"uv": [0, 1, 1, 11], "texture": "#0"},
				"south": {"uv": [1, 1, 2, 11], "texture": "#0"},
				"west": {"uv": [0, 1, 1, 11], "texture": "#0"},
				"down": {"uv": [3, 0, 2, 1], "texture": "#0"}
			}
		},
		{
			"from": [7, 15, 7],
			"to": [9, 19, 9],
			"faces": {
				"north": {"uv": [1, 14, 2, 16], "texture": "#0"},
				"east": {"uv": [0, 14, 1, 16], "texture": "#0"},
				"south": {"uv": [1, 14, 2, 16], "texture": "#0"},
				"west": {"uv": [0, 14, 1, 16], "texture": "#0"},
				"up": {"uv": [2, 14, 1, 13], "texture": "#0"}
			}
		},
		{
			"from": [3, 5, 0],
			"to": [13, 15, 16],
			"faces": {
				"north": {"uv": [8, 5, 13, 10], "texture": "#0"},
				"east": {"uv": [8, 0, 16, 5], "texture": "#0"},
				"south": {"uv": [8, 5, 13, 10], "texture": "#0"},
				"west": {"uv": [8, 0, 16, 5], "texture": "#0"},
				"up": {"uv": [8, 8, 3, 0], "texture": "#0"},
				"down": {"uv": [8, 8, 3, 16], "texture": "#0"}
			}
		}
	],
	"gui_light": "front",
	"display": {
		"thirdperson_righthand": {
			"translation": [0, 13.5, 2]
		},
		"thirdperson_lefthand": {
			"translation": [0, 13.5, 2]
		},
		"firstperson_righthand": {
			"rotation": [5, -20, 0],
			"translation": [3.5, 8, 1],
			"scale": [0.68, 0.68, 0.68]
		},
		"firstperson_lefthand": {
			"rotation": [5, -20, 0],
			"translation": [3.5, 8, 1],
			"scale": [0.68, 0.68, 0.68]
		},
		"ground": {
			"translation": [0, 8, 0],
			"scale": [0.5, 0.5, 0.5]
		},
		"gui": {
			"rotation": [60, 35, -35],
			"translation": [0.5, 1.5, 0],
			"scale": [0.5, 0.5, 0.5]
		},
		"fixed": {
			"rotation": [0, 90, 0],
			"translation": [0, 3.75, 0],
			"scale": [0.6, 0.6, 0.6]
		}
	}
}