{
	"credit": "Made with Blockbench",
	"texture_size": [32, 32],
	"textures": {
		"0": "minecells:item/3d/phaser",
		"particle": "minecells:item/3d/phaser"
	},
	"elements": [
		{
			"from": [7, 9, 6.025],
			"to": [11, 13, 10.025],
			"rotation": {"angle": 0, "axis": "y", "origin": [0, 0, 16]},
			"faces": {
				"north": {"uv": [2, 7, 4, 9], "texture": "#0"},
				"east": {"uv": [0, 7, 2, 9], "texture": "#0"},
				"south": {"uv": [6, 7, 8, 9], "texture": "#0"},
				"west": {"uv": [4, 7, 6, 9], "texture": "#0"},
				"up": {"uv": [4, 7, 2, 5], "texture": "#0"},
				"down": {"uv": [6, 5, 4, 7], "texture": "#0"}
			}
		},
		{
			"from": [8, 3, 6],
			"to": [10, 9, 10],
			"rotation": {"angle": -22.5, "axis": "z", "origin": [9, 9, 8]},
			"faces": {
				"north": {"uv": [8, 9, 9, 12], "texture": "#0"},
				"east": {"uv": [6, 9, 8, 12], "texture": "#0"},
				"south": {"uv": [11, 9, 12, 12], "texture": "#0"},
				"west": {"uv": [9, 9, 11, 12], "texture": "#0"},
				"up": {"uv": [9, 9, 8, 7], "texture": "#0"},
				"down": {"uv": [10, 7, 9, 9], "texture": "#0"}
			}
		},
		{
			"from": [7.775, -2.175, 8.5],
			"to": [9.775, 3.825, 10.5],
			"rotation": {"angle": 22.5, "axis": "z", "origin": [6.775, 2.825, 8]},
			"faces": {
				"north": {"uv": [12, 12, 13, 15], "texture": "#0"},
				"east": {"uv": [11, 12, 12, 15], "texture": "#0"},
				"south": {"uv": [14, 12, 15, 15], "texture": "#0"},
				"west": {"uv": [13, 12, 14, 15], "texture": "#0"},
				"up": {"uv": [13, 12, 12, 11], "texture": "#0"},
				"down": {"uv": [14, 11, 13, 12], "texture": "#0"}
			}
		},
		{
			"from": [5.275, -2.675, 5.975],
			"to": [7.275, 3.325, 7.975],
			"rotation": {"angle": -45, "axis": "z", "origin": [6.775, 2.825, 8]},
			"faces": {
				"north": {"uv": [1, 10, 2, 13], "texture": "#0"},
				"east": {"uv": [0, 10, 1, 13], "texture": "#0"},
				"south": {"uv": [3, 10, 4, 13], "texture": "#0"},
				"west": {"uv": [2, 10, 3, 13], "texture": "#0"},
				"up": {"uv": [2, 10, 1, 9], "texture": "#0"},
				"down": {"uv": [3, 9, 2, 10], "texture": "#0"}
			}
		},
		{
			"from": [3, 7.5, 10],
			"to": [9, 9.5, 12],
			"rotation": {"angle": 22.5, "axis": "z", "origin": [9, 8.5, 8]},
			"faces": {
				"north": {"uv": [9, 4, 12, 5], "texture": "#0"},
				"east": {"uv": [8, 4, 9, 5], "texture": "#0"},
				"south": {"uv": [13, 4, 16, 5], "texture": "#0"},
				"west": {"uv": [12, 4, 13, 5], "texture": "#0"},
				"up": {"uv": [12, 4, 9, 3], "texture": "#0"},
				"down": {"uv": [15, 3, 12, 4], "texture": "#0"}
			}
		},
		{
			"from": [7.5, 3, 4],
			"to": [9.5, 9, 6],
			"rotation": {"angle": 45, "axis": "z", "origin": [9, 9, 8]},
			"faces": {
				"north": {"uv": [4, 13, 5, 16], "texture": "#0"},
				"east": {"uv": [3, 13, 4, 16], "texture": "#0"},
				"south": {"uv": [6, 13, 7, 16], "texture": "#0"},
				"west": {"uv": [5, 13, 6, 16], "texture": "#0"},
				"up": {"uv": [5, 13, 4, 12], "texture": "#0"},
				"down": {"uv": [6, 12, 5, 13], "texture": "#0"}
			}
		},
		{
			"from": [0, 3, 8.25],
			"to": [8, 13, 8.25],
			"rotation": {"angle": 0, "axis": "z", "origin": [9, 9, 8]},
			"faces": {
				"north": {"uv": [0, 0, 4, 5], "texture": "#0"},
				"east": {"uv": [0, 0, 0, 5], "texture": "#0"},
				"south": {"uv": [4, 0, 8, 5], "texture": "#0"},
				"west": {"uv": [4, 0, 4, 5], "texture": "#0"},
				"up": {"uv": [4, 0, 0, 0], "texture": "#0"},
				"down": {"uv": [8, 0, 4, 0], "texture": "#0"}
			}
		},
		{
			"from": [-1.15, 5.1, 11.25],
			"to": [7.85, 9.1, 11.25],
			"rotation": {"angle": 0, "axis": "z", "origin": [9, 8.5, 8]},
			"faces": {
				"north": {"uv": [6, 5, 10.5, 7], "texture": "#0"},
				"east": {"uv": [6, 5, 6, 7], "texture": "#0"},
				"south": {"uv": [10.5, 5, 15, 7], "texture": "#0"},
				"west": {"uv": [10.5, 5, 10.5, 7], "texture": "#0"},
				"up": {"uv": [10.5, 5, 6, 5], "texture": "#0"},
				"down": {"uv": [15, 5, 10.5, 5], "texture": "#0"}
			}
		},
		{
			"from": [-1.75, -1.5, 7.25],
			"to": [6.25, 4.5, 7.25],
			"rotation": {"angle": 0, "axis": "z", "origin": [9, 9, 8]},
			"faces": {
				"north": {"uv": [8, 0, 12, 3], "texture": "#0"},
				"east": {"uv": [8, 0, 8, 3], "texture": "#0"},
				"south": {"uv": [12, 0, 16, 3], "texture": "#0"},
				"west": {"uv": [12, 0, 12, 3], "texture": "#0"},
				"up": {"uv": [12, 0, 8, 0], "texture": "#0"},
				"down": {"uv": [16, 0, 12, 0], "texture": "#0"}
			}
		}
	],
	"gui_light": "front",
	"display": {
		"thirdperson_righthand": {
			"rotation": [0, 90, 0],
			"translation": [0, -0.75, -2.5],
			"scale": [0.5, 0.5, 0.5]
		},
		"thirdperson_lefthand": {
			"rotation": [0, -90, 0],
			"translation": [0, -0.75, -2.5],
			"scale": [0.5, 0.5, 0.5]
		},
		"firstperson_righthand": {
			"rotation": [-15, 80, 30],
			"translation": [1.5, 4, 0],
			"scale": [0.68, 0.68, 0.68]
		},
		"firstperson_lefthand": {
			"rotation": [-15, -110, -30],
			"translation": [1.5, 4, 0],
			"scale": [0.68, 0.68, 0.68]
		},
		"ground": {
			"translation": [0, 2, 0],
			"scale": [0.5, 0.5, 0.5]
		},
		"gui": {
			"rotation": [0, -33, 0],
			"translation": [1.5, 2.25, 0]
		},
		"fixed": {
			"rotation": [0, 180, 0],
			"translation": [-3.25, 2.5, 0]
		}
	}
}