{
	"credit": "Made with Blockbench",
	"texture_size": [32, 32],
	"textures": {
		"0": "minecells:item/3d/spite_sword",
		"particle": "minecells:item/3d/spite_sword"
	},
	"elements": [
		{
			"name": "spite_sword_blade_0",
			"from": [7.5, 2, 7.5],
			"to": [8.5, 19, 8.5],
			"rotation": {"angle": 0, "axis": "y", "origin": [-8, 0, -8]},
			"faces": {
				"north": {"uv": [2, 0.5, 1.5, 9], "texture": "#0"},
				"east": {"uv": [1.5, 0.5, 2, 9], "texture": "#0"},
				"south": {"uv": [1.5, 0.5, 2, 9], "texture": "#0"},
				"west": {"uv": [1.5, 0.5, 2, 9], "texture": "#0"},
				"up": {"uv": [1.5, 0.5, 2, 1], "texture": "#0"},
				"down": {"uv": [1.5, 8.5, 2, 9], "texture": "#0"}
			}
		},
		{
			"name": "spite_sword_blade_1",
			"from": [4.5, 2, 8],
			"to": [11.5, 20, 8],
			"rotation": {"angle": 0, "axis": "y", "origin": [-8, 0, -8]},
			"faces": {
				"north": {"uv": [3.5, 0, 0, 9], "texture": "#0"},
				"east": {"uv": [1.5, 0.5, 2, 9], "texture": "#0"},
				"south": {"uv": [0, 0, 3.5, 9], "texture": "#0"},
				"west": {"uv": [1.5, 0.5, 2, 9], "texture": "#0"},
				"up": {"uv": [1.5, 0.5, 2, 1], "texture": "#0"},
				"down": {"uv": [1.5, 8.5, 2, 9], "texture": "#0"}
			}
		},
		{
			"name": "spite_sword_blade_1",
			"from": [6.5, 2, 7.5],
			"to": [7.5, 18, 8.5],
			"rotation": {"angle": 0, "axis": "y", "origin": [-8, 0, -8]},
			"faces": {
				"north": {"uv": [1.5, 1, 1, 9], "texture": "#0"},
				"east": {"uv": [1, 1, 1.5, 9], "texture": "#0"},
				"south": {"uv": [1, 1, 1.5, 9], "texture": "#0"},
				"west": {"uv": [1, 1, 1.5, 9], "texture": "#0"},
				"up": {"uv": [1, 1, 1.5, 1.5], "texture": "#0"},
				"down": {"uv": [1, 8.5, 1.5, 9], "texture": "#0"}
			}
		},
		{
			"name": "spite_sword_blade_2",
			"from": [8.5, 2, 7.5],
			"to": [9.5, 18, 8.5],
			"rotation": {"angle": 0, "axis": "y", "origin": [-8, 0, -8]},
			"faces": {
				"north": {"uv": [2.5, 1, 2, 9], "texture": "#0"},
				"east": {"uv": [2, 1, 2.5, 9], "texture": "#0"},
				"south": {"uv": [2, 1, 2.5, 9], "texture": "#0"},
				"west": {"uv": [2, 1, 2.5, 9], "texture": "#0"},
				"up": {"uv": [2, 1, 2.5, 1.5], "texture": "#0"},
				"down": {"uv": [2, 8.5, 2.5, 9], "texture": "#0"}
			}
		},
		{
			"name": "spite_sword_blade_3",
			"from": [5.5, 12, 7.5],
			"to": [6.5, 16, 8.5],
			"rotation": {"angle": 0, "axis": "y", "origin": [-8, 0, -8]},
			"faces": {
				"north": {"uv": [1, 2, 0.5, 4], "texture": "#0"},
				"east": {"uv": [0.5, 2, 1, 4], "texture": "#0"},
				"south": {"uv": [0.5, 2, 1, 4], "texture": "#0"},
				"west": {"uv": [0.5, 2, 1, 4], "texture": "#0"},
				"up": {"uv": [0.5, 2, 1, 2.5], "texture": "#0"},
				"down": {"uv": [0.5, 3.5, 1, 4], "texture": "#0"}
			}
		},
		{
			"name": "spite_sword_blade_4",
			"from": [9.5, 12, 7.5],
			"to": [10.5, 16, 8.5],
			"rotation": {"angle": 0, "axis": "y", "origin": [-8, 0, -8]},
			"faces": {
				"north": {"uv": [3, 2, 2.5, 4], "texture": "#0"},
				"east": {"uv": [2.5, 2, 3, 4], "texture": "#0"},
				"south": {"uv": [2.5, 2, 3, 4], "texture": "#0"},
				"west": {"uv": [2.5, 2, 3, 4], "texture": "#0"},
				"up": {"uv": [2.5, 2, 3, 2.5], "texture": "#0"},
				"down": {"uv": [2.5, 3.5, 3, 4], "texture": "#0"}
			}
		},
		{
			"from": [5, 4, 7],
			"to": [11, 6, 9],
			"faces": {
				"north": {"uv": [1, 10, 4, 11], "texture": "#0"},
				"east": {"uv": [0, 10, 1, 11], "texture": "#0"},
				"south": {"uv": [5, 10, 8, 11], "texture": "#0"},
				"west": {"uv": [4, 10, 5, 11], "texture": "#0"},
				"up": {"uv": [4, 10, 1, 9], "texture": "#0"},
				"down": {"uv": [7, 9, 4, 10], "texture": "#0"}
			}
		},
		{
			"from": [6.5, 3.5, 6.5],
			"to": [9.5, 6.5, 9.5],
			"rotation": {"angle": 45, "axis": "z", "origin": [8, 5, 8]},
			"faces": {
				"north": {"uv": [5, 5.5, 6.5, 7], "texture": "#0"},
				"east": {"uv": [3.5, 5.5, 5, 7], "texture": "#0"},
				"south": {"uv": [8, 5.5, 9.5, 7], "texture": "#0"},
				"west": {"uv": [6.5, 5.5, 8, 7], "texture": "#0"},
				"up": {"uv": [6.5, 5.5, 5, 4], "texture": "#0"},
				"down": {"uv": [8, 4, 6.5, 5.5], "texture": "#0"}
			}
		},
		{
			"from": [7, -1.5, 7],
			"to": [9, 4.5, 9],
			"rotation": {"angle": 0, "axis": "z", "origin": [8, 5, 8]},
			"faces": {
				"north": {"uv": [4.5, 1, 5.5, 4], "texture": "#0"},
				"east": {"uv": [3.5, 1, 4.5, 4], "texture": "#0"},
				"south": {"uv": [6.5, 1, 7.5, 4], "texture": "#0"},
				"west": {"uv": [5.5, 1, 6.5, 4], "texture": "#0"},
				"up": {"uv": [5.5, 1, 4.5, 0], "texture": "#0"},
				"down": {"uv": [6.5, 0, 5.5, 1], "texture": "#0"}
			}
		}
	],
	"gui_light": "front",
	"display": {
		"thirdperson_righthand": {
			"rotation": [0, 90, 0],
			"translation": [0, 6, 1.25]
		},
		"thirdperson_lefthand": {
			"rotation": [0, -90, 0],
			"translation": [0, 6, 1.25]
		},
		"firstperson_righthand": {
			"rotation": [0, -90, -10],
			"translation": [1.13, 3.2, 1.13],
			"scale": [0.68, 0.68, 0.68]
		},
		"firstperson_lefthand": {
			"rotation": [0, -90, -10],
			"translation": [1.13, 3.2, 1.13],
			"scale": [0.68, 0.68, 0.68]
		},
		"ground": {
			"translation": [0, 2, 0],
			"scale": [0.5, 0.5, 0.5]
		},
		"gui": {
			"rotation": [-30, 15, 40],
			"translation": [0.5, -0.5, 0],
			"scale": [0.9, 0.9, 0.9]
		},
		"fixed": {
			"translation": [0, -1, -0.25],
			"scale": [0.8, 0.8, 0.8]
		}
	},
	"groups": [
		{
			"name": "spite_sword_blade",
			"origin": [8, 8, 8],
			"color": 0,
			"children": [0, 1, 2, 3, 4, 5, 6, 7, 8]
		}
	]
}