{
	"credit": "Made with Blockbench",
	"texture_size": [64, 64],
	"textures": {
		"0": "minecells:item/3d/tentacle",
		"particle": "minecells:item/3d/tentacle"
	},
	"elements": [
		{
			"from": [5.5, 0, 6],
			"to": [10.5, 8, 11],
			"rotation": {"angle": 0, "axis": "y", "origin": [8, 0, 5]},
			"faces": {
				"north": {"uv": [1.25, 5.25, 2.5, 7.25], "texture": "#0"},
				"east": {"uv": [0, 5.25, 1.25, 7.25], "texture": "#0"},
				"south": {"uv": [3.75, 5.25, 5, 7.25], "texture": "#0"},
				"west": {"uv": [2.5, 5.25, 3.75, 7.25], "texture": "#0"},
				"up": {"uv": [2.5, 5.25, 1.25, 4], "texture": "#0"},
				"down": {"uv": [3.75, 4, 2.5, 5.25], "texture": "#0"}
			}
		},
		{
			"from": [5, -10, 6],
			"to": [11, 0, 12],
			"rotation": {"angle": -45, "axis": "x", "origin": [8, 0, 6]},
			"faces": {
				"north": {"uv": [1.5, 1.5, 3, 4], "texture": "#0"},
				"east": {"uv": [0, 1.5, 1.5, 4], "texture": "#0"},
				"south": {"uv": [4.5, 1.5, 6, 4], "texture": "#0"},
				"west": {"uv": [3, 1.5, 4.5, 4], "texture": "#0"},
				"up": {"uv": [3, 1.5, 1.5, 0], "texture": "#0"},
				"down": {"uv": [4.5, 0, 3, 1.5], "texture": "#0"}
			}
		},
		{
			"from": [6, 8, 7],
			"to": [10, 16, 11],
			"rotation": {"angle": 22.5, "axis": "x", "origin": [8, 8, 7]},
			"faces": {
				"north": {"uv": [6, 4, 7, 6], "texture": "#0"},
				"east": {"uv": [5, 4, 6, 6], "texture": "#0"},
				"south": {"uv": [8, 4, 9, 6], "texture": "#0"},
				"west": {"uv": [7, 4, 8, 6], "texture": "#0"},
				"up": {"uv": [7, 4, 6, 3], "texture": "#0"},
				"down": {"uv": [8, 3, 7, 4], "texture": "#0"}
			}
		},
		{
			"from": [6.5, 14, 10.25],
			"to": [9.5, 22, 13.25],
			"rotation": {"angle": -22.5, "axis": "x", "origin": [8.5, 14, 13.25]},
			"faces": {
				"north": {"uv": [6.75, 0.75, 7.5, 2.75], "texture": "#0"},
				"east": {"uv": [6, 0.75, 6.75, 2.75], "texture": "#0"},
				"south": {"uv": [8.25, 0.75, 9, 2.75], "texture": "#0"},
				"west": {"uv": [7.5, 0.75, 8.25, 2.75], "texture": "#0"},
				"up": {"uv": [7.5, 0.75, 6.75, 0], "texture": "#0"},
				"down": {"uv": [8.25, 0, 7.5, 0.75], "texture": "#0"}
			}
		}
	],
	"display": {
		"thirdperson_righthand": {
			"rotation": [-45, 0, 0],
			"translation": [0, 2, -7]
		},
		"thirdperson_lefthand": {
			"rotation": [-45, 0, 0],
			"translation": [0, 2, -7]
		},
		"firstperson_righthand": {
			"rotation": [-30, 15, 0],
			"translation": [1, 3, 1],
			"scale": [0.68, 0.68, 0.68]
		},
		"firstperson_lefthand": {
			"rotation": [-30, 15, 0],
			"translation": [1, 3, 1],
			"scale": [0.68, 0.68, 0.68]
		},
		"ground": {
			"translation": [0, 4.75, 0],
			"scale": [0.5, 0.5, 0.5]
		},
		"gui": {
			"rotation": [40, 148, -38],
			"translation": [-1.75, -0.25, 0],
			"scale": [0.6, 0.6, 0.6]
		},
		"fixed": {
			"rotation": [0, 90, 0],
			"translation": [-2.5, 0, 0],
			"scale": [0.7, 0.7, 0.7]
		}
	}
}