{
  "pools": [
    {
      "bonus_rolls": 0.0,
      "entries": [
        {
          "type": "minecraft:item",
          "functions": [
            {
              "add": false,
              "count": {
                "type": "minecraft:uniform",
                "max": 64.0,
                "min": 16.0
              },
              "function": "minecraft:set_count"
            }
          ],
          "name": "minecraft:cobblestone"
        },
        {
          "type": "minecraft:item",
          "functions": [
            {
              "add": false,
              "count": {
                "type": "minecraft:uniform",
                "max": 64.0,
                "min": 16.0
              },
              "function": "minecraft:set_count"
            }
          ],
          "name": "minecraft:cobbled_deepslate"
        }
      ],
      "rolls": 3.0
    }
  ],
  "random_sequence": "artifacts:chests/campsite_barrel/cobblestone"
}