{
  "feature": "artifacts:campsite",
  "placement": [
    {
      "type": "artifacts:campsite_count"
    },
    {
      "type": "minecraft:in_square"
    },
    {
      "type": "artifacts:campsite_height_range"
    },
    {
      "type": "minecraft:environment_scan",
      "allowed_search_condition": {
        "type": "minecraft:matching_blocks",
        "blocks": "minecraft:air"
      },
      "direction_of_search": "down",
      "max_steps": 8,
      "target_condition": {
        "type": "minecraft:solid"
      }
    },
    {
      "type": "minecraft:random_offset",
      "xz_spread": 0,
      "y_spread": 1
    },
    {
      "type": "artifacts:ceiling_height_filter",
      "max_height": 6
    },
    {
      "type": "minecraft:biome"
    }
  ]
}