{
    "id": "tiered:common_staffwand_2",
    "verifiers": [
        {
            "tag": "wizards:staves"
        },
        {
            "tag": "wizards:wands"
        },
        {
            "tag": "paladins:staves"
        },
        {
            "tag": "paladins:wands"
        }
    ],
    "weight": 50,
    "style": {
        "color": "gray"
    },
    "attributes": [
        {
            "type": "spell_power:haste",
            "modifier": {
                "name": "tiered:common_staffwand_2",
                "operation": "MULTIPLY_BASE",
                "amount": -0.05
            },
            "optional_equipment_slots": [
                "MAINHAND",
                "OFFHAND"
            ]
        },
        {
            "type": "tiered:generic.durable",
            "modifier": {
                "name": "tiered:common_staffwand_2",
                "operation": "MULTIPLY_BASE",
                "amount": -0.1
            },
            "optional_equipment_slots": [
                "MAINHAND",
                "OFFHAND"
            ]
        }
    ]
}