{
    "id": "tiered:epic_staffwand_1",
    "verifiers": [
        {
            "tag": "wizards:staves"
        },
        {
            "tag": "wizards:wands"
        },
        {
            "tag": "paladins:staves"
        },
        {
            "tag": "paladins:wands"
        }
    ],
    "weight": 8,
    "style": {
        "color": "dark_purple"
    },
    "attributes": [
        {
            "type": "spell_power:critical_damage",
            "modifier": {
                "name": "tiered:epic_staffwand_1",
                "operation": "MULTIPLY_BASE",
                "amount": 0.05
            },
            "optional_equipment_slots": [
                "MAINHAND",
                "OFFHAND"
            ]
        },
        {
            "type": "spell_power:critical_chance",
            "modifier": {
                "name": "tiered:epic_staffwand_1",
                "operation": "MULTIPLY_BASE",
                "amount": 0.075
            },
            "optional_equipment_slots": [
                "MAINHAND",
                "OFFHAND"
            ]
        }
    ]
}