{
    "id": "tiered:epic_ranged_1",
    "verifiers": [
        {
            "tag": "c:bows"
        },
        {
            "tag": "c:crossbows"
        }
    ],
    "weight": 10,
    "style": {
        "color": "dark_purple"
    },
    "attributes": [
        {
            "type": "tiered:generic.range_attack_damage",
            "modifier": {
                "name": "tiered:epic_ranged_1",
                "operation": "MULTIPLY_BASE",
                "amount": 0.2
            },
            "optional_equipment_slots": [
                "MAINHAND"
            ]
        },
        {
            "type": "tiered:generic.crit_chance",
            "modifier": {
                "name": "tiered:epic_ranged_1",
                "operation": "MULTIPLY_BASE",
                "amount": 0.15
            },
            "optional_equipment_slots": [
                "MAINHAND"
            ]
        },
        {
            "type": "tiered:generic.durable",
            "modifier": {
                "name": "tiered:epic_ranged_1",
                "operation": "MULTIPLY_BASE",
                "amount": 0.20
            },
            "optional_equipment_slots": [
                "MAINHAND"
            ]
        }
    ]
}