{
    "id": "tiered:legendary_ranged_1",
    "verifiers": [
        {
            "tag": "c:bows"
        },
        {
            "tag": "c:crossbows"
        }
    ],
    "weight": 5,
    "style": {
        "color": "gold"
    },
    "attributes": [
        {
            "type": "tiered:generic.range_attack_damage",
            "modifier": {
                "name": "tiered:legendary_ranged_1",
                "operation": "MULTIPLY_BASE",
                "amount": 0.3
            },
            "optional_equipment_slots": [
                "MAINHAND"
            ]
        },
        {
            "type": "tiered:generic.crit_chance",
            "modifier": {
                "name": "tiered:legendary_ranged_1",
                "operation": "MULTIPLY_BASE",
                "amount": 0.2
            },
            "optional_equipment_slots": [
                "MAINHAND"
            ]
        },
        {
            "type": "tiered:generic.durable",
            "modifier": {
                "name": "tiered:legendary_ranged_1",
                "operation": "MULTIPLY_BASE",
                "amount": 0.3
            },
            "optional_equipment_slots": [
                "MAINHAND"
            ]
        }
    ]
}