{
    "id": "tiered:common_melee_1",
    "verifiers": [
        {
            "tag": "c:swords"
        }
    ],
    "weight": 50,
    "style": {
        "color": "gray"
    },
    "attributes": [
        {
            "type": "generic.attack_damage",
            "modifier": {
                "name": "tiered:common_melee_1",
                "operation": "MULTIPLY_BASE",
                "amount": -0.1
            },
            "optional_equipment_slots": [
                "MAINHAND"
            ]
        },
        {
            "type": "tiered:generic.crit_chance",
            "modifier": {
                "name": "tiered:common_melee_1",
                "operation": "MULTIPLY_BASE",
                "amount": -0.1
            },
            "optional_equipment_slots": [
                "MAINHAND"
            ]
        },
        {
            "type": "tiered:generic.durable",
            "modifier": {
                "name": "tiered:common_melee_1",
                "operation": "MULTIPLY_BASE",
                "amount": -0.1
            },
            "optional_equipment_slots": [
                "MAINHAND"
            ]
        }
    ]
}