{
    "id": "tiered:rare_melee_3",
    "verifiers": [
        {
            "tag": "c:swords"
        }
    ],
    "weight": 20,
    "style": {
        "color": "blue"
    },
    "attributes": [
        {
            "type": "tiered:generic.crit_chance",
            "modifier": {
                "name": "tiered:rare_melee_3",
                "operation": "MULTIPLY_BASE",
                "amount": 0.05
            },
            "optional_equipment_slots": [
                "MAINHAND"
            ]
        },
        {
            "type": "tiered:generic.durable",
            "modifier": {
                "name": "tiered:rare_melee_3",
                "operation": "MULTIPLY_BASE",
                "amount": 0.1
            },
            "optional_equipment_slots": [
                "MAINHAND"
            ]
        }
    ]
}