{
    "id": "tiered:uncommon_melee_3",
    "verifiers": [
        {
            "tag": "c:swords"
        }
    ],
    "weight": 35,
    "style": {
        "color": "dark_green"
    },
    "attributes": [
        {
            "type": "generic.attack_damage",
            "modifier": {
                "name": "tiered:uncommon_melee_3",
                "operation": "MULTIPLY_BASE",
                "amount": 0.05
            },
            "optional_equipment_slots": [
                "MAINHAND"
            ]
        },
        {
            "type": "generic.luck",
            "modifier": {
                "name": "tiered:uncommon_melee_3",
                "operation": "ADDITION",
                "amount": -1
            },
            "optional_equipment_slots": [
                "MAINHAND"
            ]
        }
    ]
}