{
	"format_version": "1.21.6",
	"credit": "Made with Blockbench",
	"textures": {
		"3": "archon:item/breezy_harvester"
	},
	"elements": [
		{
			"name": "sh3_0",
			"from": [6.75, 6.625, 8],
			"to": [6.875, 7, 8.125],
			"rotation": {"angle": 0, "axis": "y", "origin": [8.5, 4, 8]},
			"faces": {
				"north": {"uv": [6.875, 4, 6.75, 4.375], "texture": "#3"},
				"east": {"uv": [6.75, 4, 6.875, 4.375], "texture": "#3"},
				"south": {"uv": [6.75, 4, 6.875, 4.375], "texture": "#3"},
				"west": {"uv": [6.75, 4, 6.875, 4.375], "texture": "#3"},
				"up": {"uv": [6.75, 4, 6.875, 4.125], "texture": "#3"}
			}
		},
		{
			"name": "sh3_1",
			"from": [6.625, 6.5, 8],
			"to": [6.75, 6.875, 8.125],
			"rotation": {"angle": 0, "axis": "y", "origin": [8.5, 4, 8]},
			"faces": {
				"north": {"uv": [6.75, 4.125, 6.625, 4.5], "texture": "#3"},
				"south": {"uv": [6.625, 4.125, 6.75, 4.5], "texture": "#3"},
				"west": {"uv": [6.625, 4.125, 6.75, 4.5], "texture": "#3"},
				"up": {"uv": [6.625, 4.125, 6.75, 4.25], "texture": "#3"}
			}
		},
		{
			"name": "sh3_2",
			"from": [6.5, 4.625, 8],
			"to": [6.625, 6.75, 8.125],
			"rotation": {"angle": 0, "axis": "y", "origin": [8.5, 4, 8]},
			"faces": {
				"north": {"uv": [6.625, 4.25, 6.5, 6.375], "texture": "#3"},
				"south": {"uv": [6.5, 4.25, 6.625, 6.375], "texture": "#3"},
				"west": {"uv": [6.5, 4.25, 6.625, 6.375], "texture": "#3"},
				"up": {"uv": [6.5, 4.25, 6.625, 4.375], "texture": "#3"},
				"down": {"uv": [6.5, 6.25, 6.625, 6.375], "texture": "#3"}
			}
		},
		{
			"name": "sh3_3",
			"from": [6.875, 6.625, 8],
			"to": [7, 6.75, 8.125],
			"rotation": {"angle": 0, "axis": "y", "origin": [8.5, 4, 8]},
			"faces": {
				"north": {"uv": [7, 4.25, 6.875, 4.375], "texture": "#3"},
				"east": {"uv": [6.875, 4.25, 7, 4.375], "texture": "#3"},
				"south": {"uv": [6.875, 4.25, 7, 4.375], "texture": "#3"},
				"up": {"uv": [6.875, 4.25, 7, 4.375], "texture": "#3"}
			}
		},
		{
			"name": "sh3_4",
			"from": [6.375, 5.125, 8],
			"to": [6.5, 6.5, 8.125],
			"rotation": {"angle": 0, "axis": "y", "origin": [8.5, 4, 8]},
			"faces": {
				"north": {"uv": [6.5, 4.5, 6.375, 5.875], "texture": "#3"},
				"south": {"uv": [6.375, 4.5, 6.5, 5.875], "texture": "#3"},
				"west": {"uv": [6.375, 4.5, 6.5, 5.875], "texture": "#3"},
				"up": {"uv": [6.375, 4.5, 6.5, 4.625], "texture": "#3"},
				"down": {"uv": [6.375, 5.75, 6.5, 5.875], "texture": "#3"}
			}
		},
		{
			"name": "sh3_5",
			"from": [8.75, 6.375, 8],
			"to": [9, 6.5, 8.125],
			"rotation": {"angle": 0, "axis": "y", "origin": [8.5, 4, 8]},
			"faces": {
				"north": {"uv": [9, 4.5, 8.75, 4.625], "texture": "#3"},
				"east": {"uv": [8.875, 4.5, 9, 4.625], "texture": "#3"},
				"south": {"uv": [8.75, 4.5, 9, 4.625], "texture": "#3"},
				"up": {"uv": [8.75, 4.5, 9, 4.625], "texture": "#3"}
			}
		},
		{
			"name": "sh3_6",
			"from": [7.25, 6.25, 8],
			"to": [7.375, 6.375, 8.125],
			"rotation": {"angle": 0, "axis": "y", "origin": [8.5, 4, 8]},
			"faces": {
				"north": {"uv": [7.375, 4.625, 7.25, 4.75], "texture": "#3"},
				"south": {"uv": [7.25, 4.625, 7.375, 4.75], "texture": "#3"}
			}
		},
		{
			"name": "sh3_7",
			"from": [7.75, 6.25, 8],
			"to": [7.875, 6.375, 8.125],
			"rotation": {"angle": 0, "axis": "y", "origin": [8.5, 4, 8]},
			"faces": {
				"north": {"uv": [7.875, 4.625, 7.75, 4.75], "texture": "#3"},
				"south": {"uv": [7.75, 4.625, 7.875, 4.75], "texture": "#3"}
			}
		},
		{
			"name": "sh3_8",
			"from": [9, 6.25, 8],
			"to": [9.25, 6.375, 8.125],
			"rotation": {"angle": 0, "axis": "y", "origin": [8.5, 4, 8]},
			"faces": {
				"north": {"uv": [9.25, 4.625, 9, 4.75], "texture": "#3"},
				"east": {"uv": [9.125, 4.625, 9.25, 4.75], "texture": "#3"},
				"south": {"uv": [9, 4.625, 9.25, 4.75], "texture": "#3"},
				"up": {"uv": [9, 4.625, 9.25, 4.75], "texture": "#3"}
			}
		},
		{
			"name": "sh3_9",
			"from": [7.5, 6, 8],
			"to": [7.625, 6.25, 8.125],
			"rotation": {"angle": 0, "axis": "y", "origin": [8.5, 4, 8]},
			"faces": {
				"north": {"uv": [7.625, 4.75, 7.5, 5], "texture": "#3"},
				"south": {"uv": [7.5, 4.75, 7.625, 5], "texture": "#3"}
			}
		},
		{
			"name": "sh3_10",
			"from": [7.875, 6, 8],
			"to": [8, 6.25, 8.125],
			"rotation": {"angle": 0, "axis": "y", "origin": [8.5, 4, 8]},
			"faces": {
				"north": {"uv": [8, 4.75, 7.875, 5], "texture": "#3"},
				"south": {"uv": [7.875, 4.75, 8, 5], "texture": "#3"}
			}
		},
		{
			"name": "sh3_11",
			"from": [9.25, 6.125, 8],
			"to": [9.5, 6.25, 8.125],
			"rotation": {"angle": 0, "axis": "y", "origin": [8.5, 4, 8]},
			"faces": {
				"north": {"uv": [9.5, 4.75, 9.25, 4.875], "texture": "#3"},
				"east": {"uv": [9.375, 4.75, 9.5, 4.875], "texture": "#3"},
				"south": {"uv": [9.25, 4.75, 9.5, 4.875], "texture": "#3"},
				"up": {"uv": [9.25, 4.75, 9.5, 4.875], "texture": "#3"},
				"down": {"uv": [9.25, 4.75, 9.5, 4.875], "texture": "#3"}
			}
		},
		{
			"name": "sh3_12",
			"from": [9.125, 6, 8],
			"to": [9.25, 6.125, 8.125],
			"rotation": {"angle": 0, "axis": "y", "origin": [8.5, 4, 8]},
			"faces": {
				"north": {"uv": [9.25, 4.875, 9.125, 5], "texture": "#3"},
				"east": {"uv": [9.125, 4.875, 9.25, 5], "texture": "#3"},
				"south": {"uv": [9.125, 4.875, 9.25, 5], "texture": "#3"},
				"down": {"uv": [9.125, 4.875, 9.25, 5], "texture": "#3"}
			}
		},
		{
			"name": "sh3_13",
			"from": [7.25, 5.875, 8],
			"to": [7.375, 6, 8.125],
			"rotation": {"angle": 0, "axis": "y", "origin": [8.5, 4, 8]},
			"faces": {
				"north": {"uv": [7.375, 5, 7.25, 5.125], "texture": "#3"},
				"south": {"uv": [7.25, 5, 7.375, 5.125], "texture": "#3"}
			}
		},
		{
			"name": "sh3_14",
			"from": [7.75, 5.875, 8],
			"to": [7.875, 6, 8.125],
			"rotation": {"angle": 0, "axis": "y", "origin": [8.5, 4, 8]},
			"faces": {
				"north": {"uv": [7.875, 5, 7.75, 5.125], "texture": "#3"},
				"south": {"uv": [7.75, 5, 7.875, 5.125], "texture": "#3"}
			}
		},
		{
			"name": "sh3_15",
			"from": [8.125, 5, 7.8],
			"to": [8.75, 5.25, 8.325],
			"rotation": {"angle": 0, "axis": "y", "origin": [8.5, 4, 8]},
			"faces": {
				"north": {"uv": [8.75, 5.75, 8.125, 6], "texture": "#3"},
				"east": {"uv": [8.625, 5.75, 8.75, 6], "texture": "#3"},
				"south": {"uv": [8.125, 5.75, 8.75, 6], "texture": "#3"},
				"west": {"uv": [8.125, 5.75, 8.25, 6], "texture": "#3"},
				"up": {"uv": [8.125, 5.75, 8.75, 5.875], "texture": "#3"},
				"down": {"uv": [8.125, 5.875, 8.75, 6], "texture": "#3"}
			}
		},
		{
			"name": "sh3_16",
			"from": [6.625, 4.375, 8],
			"to": [6.75, 5.125, 8.125],
			"rotation": {"angle": 0, "axis": "y", "origin": [8.5, 4, 8]},
			"faces": {
				"north": {"uv": [6.75, 5.875, 6.625, 6.625], "texture": "#3"},
				"south": {"uv": [6.625, 5.875, 6.75, 6.625], "texture": "#3"},
				"west": {"uv": [6.625, 5.875, 6.75, 6.625], "texture": "#3"},
				"down": {"uv": [6.625, 6.5, 6.75, 6.625], "texture": "#3"}
			}
		},
		{
			"name": "sh3_17",
			"from": [6.75, 4.125, 8],
			"to": [6.875, 4.625, 8.125],
			"rotation": {"angle": 0, "axis": "y", "origin": [8.5, 4, 8]},
			"faces": {
				"north": {"uv": [6.875, 6.375, 6.75, 6.875], "texture": "#3"},
				"south": {"uv": [6.75, 6.375, 6.875, 6.875], "texture": "#3"},
				"west": {"uv": [6.75, 6.375, 6.875, 6.875], "texture": "#3"},
				"down": {"uv": [6.75, 6.75, 6.875, 6.875], "texture": "#3"}
			}
		},
		{
			"name": "sh3_18",
			"from": [6.875, 4, 8],
			"to": [7, 4.375, 8.125],
			"rotation": {"angle": 0, "axis": "y", "origin": [8.5, 4, 8]},
			"faces": {
				"north": {"uv": [7, 6.625, 6.875, 7], "texture": "#3"},
				"east": {"uv": [6.875, 6.625, 7, 7], "texture": "#3"},
				"south": {"uv": [6.875, 6.625, 7, 7], "texture": "#3"},
				"west": {"uv": [6.875, 6.625, 7, 7], "texture": "#3"},
				"down": {"uv": [6.875, 6.875, 7, 7], "texture": "#3"}
			}
		},
		{
			"name": "sh3_19",
			"from": [7, 4, 8],
			"to": [7.125, 4.125, 8.125],
			"rotation": {"angle": 0, "axis": "y", "origin": [8.5, 4, 8]},
			"faces": {
				"north": {"uv": [7.125, 6.875, 7, 7], "texture": "#3"},
				"east": {"uv": [7, 6.875, 7.125, 7], "texture": "#3"},
				"south": {"uv": [7, 6.875, 7.125, 7], "texture": "#3"},
				"up": {"uv": [7, 6.875, 7.125, 7], "texture": "#3"},
				"down": {"uv": [7, 6.875, 7.125, 7], "texture": "#3"}
			}
		},
		{
			"name": "sh3_20",
			"from": [8.125, 2.375, 7.8],
			"to": [8.75, 2.625, 8.325],
			"rotation": {"angle": 0, "axis": "y", "origin": [8.5, 4, 8]},
			"faces": {
				"north": {"uv": [8.75, 8.375, 8.125, 8.625], "texture": "#3"},
				"east": {"uv": [8.625, 8.375, 8.75, 8.625], "texture": "#3"},
				"south": {"uv": [8.125, 8.375, 8.75, 8.625], "texture": "#3"},
				"west": {"uv": [8.125, 8.375, 8.25, 8.625], "texture": "#3"},
				"up": {"uv": [8.125, 8.375, 8.75, 8.5], "texture": "#3"},
				"down": {"uv": [8.125, 8.5, 8.75, 8.625], "texture": "#3"}
			}
		},
		{
			"name": "sh1_0",
			"from": [6.75, 5.375, 7.95],
			"to": [7.25, 6.625, 8.175],
			"rotation": {"angle": 0, "axis": "y", "origin": [8.5, 4, 8]},
			"faces": {
				"north": {"uv": [7.25, 4.375, 6.75, 5.625], "texture": "#3"},
				"east": {"uv": [7.125, 4.375, 7.25, 5.625], "texture": "#3"},
				"south": {"uv": [6.75, 4.375, 7.25, 5.625], "texture": "#3"},
				"west": {"uv": [6.75, 4.375, 6.875, 5.625], "texture": "#3"},
				"up": {"uv": [6.75, 4.375, 7.25, 4.5], "texture": "#3"},
				"down": {"uv": [6.75, 5.5, 7.25, 5.625], "texture": "#3"}
			}
		},
		{
			"name": "sh1_1",
			"from": [7.25, 6.375, 7.95],
			"to": [7.5, 6.625, 8.175],
			"rotation": {"angle": 0, "axis": "y", "origin": [8.5, 4, 8]},
			"faces": {
				"north": {"uv": [7.5, 4.375, 7.25, 4.625], "texture": "#3"},
				"east": {"uv": [7.375, 4.375, 7.5, 4.625], "texture": "#3"},
				"south": {"uv": [7.25, 4.375, 7.5, 4.625], "texture": "#3"},
				"up": {"uv": [7.25, 4.375, 7.5, 4.5], "texture": "#3"},
				"down": {"uv": [7.25, 4.5, 7.5, 4.625], "texture": "#3"}
			}
		},
		{
			"name": "sh1_2",
			"from": [7.875, 6.25, 7.95],
			"to": [8.125, 6.625, 8.175],
			"rotation": {"angle": 0, "axis": "y", "origin": [8.5, 4, 8]},
			"faces": {
				"north": {"uv": [8.125, 4.375, 7.875, 4.75], "texture": "#3"},
				"south": {"uv": [7.875, 4.375, 8.125, 4.75], "texture": "#3"},
				"west": {"uv": [7.875, 4.375, 8, 4.75], "texture": "#3"},
				"up": {"uv": [7.875, 4.375, 8.125, 4.5], "texture": "#3"},
				"down": {"uv": [7.875, 4.625, 8.125, 4.75], "texture": "#3"}
			}
		},
		{
			"name": "sh1_3",
			"from": [6.625, 5.125, 7.95],
			"to": [6.75, 6.5, 8.175],
			"rotation": {"angle": 0, "axis": "y", "origin": [8.5, 4, 8]},
			"faces": {
				"north": {"uv": [6.75, 4.5, 6.625, 5.875], "texture": "#3"},
				"south": {"uv": [6.625, 4.5, 6.75, 5.875], "texture": "#3"},
				"west": {"uv": [6.625, 4.5, 6.75, 5.875], "texture": "#3"},
				"up": {"uv": [6.625, 4.5, 6.75, 4.625], "texture": "#3"},
				"down": {"uv": [6.625, 5.75, 6.75, 5.875], "texture": "#3"}
			}
		},
		{
			"name": "sh1_4",
			"from": [7.5, 6.25, 7.95],
			"to": [7.75, 6.5, 8.175],
			"rotation": {"angle": 0, "axis": "y", "origin": [8.5, 4, 8]},
			"faces": {
				"north": {"uv": [7.75, 4.5, 7.5, 4.75], "texture": "#3"},
				"east": {"uv": [7.625, 4.5, 7.75, 4.75], "texture": "#3"},
				"south": {"uv": [7.5, 4.5, 7.75, 4.75], "texture": "#3"},
				"up": {"uv": [7.5, 4.5, 7.75, 4.625], "texture": "#3"},
				"down": {"uv": [7.5, 4.625, 7.75, 4.75], "texture": "#3"}
			}
		},
		{
			"name": "sh1_5",
			"from": [7.75, 6.375, 7.95],
			"to": [7.875, 6.5, 8.175],
			"rotation": {"angle": 0, "axis": "y", "origin": [8.5, 4, 8]},
			"faces": {
				"north": {"uv": [7.875, 4.5, 7.75, 4.625], "texture": "#3"},
				"south": {"uv": [7.75, 4.5, 7.875, 4.625], "texture": "#3"},
				"up": {"uv": [7.75, 4.5, 7.875, 4.625], "texture": "#3"},
				"down": {"uv": [7.75, 4.5, 7.875, 4.625], "texture": "#3"}
			}
		},
		{
			"name": "sh1_6",
			"from": [7.375, 5.625, 7.95],
			"to": [7.5, 6.375, 8.175],
			"rotation": {"angle": 0, "axis": "y", "origin": [8.5, 4, 8]},
			"faces": {
				"north": {"uv": [7.5, 4.625, 7.375, 5.375], "texture": "#3"},
				"east": {"uv": [7.375, 4.625, 7.5, 5.375], "texture": "#3"},
				"south": {"uv": [7.375, 4.625, 7.5, 5.375], "texture": "#3"},
				"west": {"uv": [7.375, 4.625, 7.5, 5.375], "texture": "#3"},
				"down": {"uv": [7.375, 5.25, 7.5, 5.375], "texture": "#3"}
			}
		},
		{
			"name": "sh1_7",
			"from": [8.75, 5.875, 7.95],
			"to": [9, 6.375, 8.175],
			"rotation": {"angle": 0, "axis": "y", "origin": [8.5, 4, 8]},
			"faces": {
				"north": {"uv": [9, 4.625, 8.75, 5.125], "texture": "#3"},
				"east": {"uv": [8.875, 4.625, 9, 5.125], "texture": "#3"},
				"south": {"uv": [8.75, 4.625, 9, 5.125], "texture": "#3"},
				"up": {"uv": [8.75, 4.625, 9, 4.75], "texture": "#3"},
				"down": {"uv": [8.75, 5, 9, 5.125], "texture": "#3"}
			}
		},
		{
			"name": "sh1_8",
			"from": [7.25, 6, 7.95],
			"to": [7.375, 6.25, 8.175],
			"rotation": {"angle": 0, "axis": "y", "origin": [8.5, 4, 8]},
			"faces": {
				"north": {"uv": [7.375, 4.75, 7.25, 5], "texture": "#3"},
				"south": {"uv": [7.25, 4.75, 7.375, 5], "texture": "#3"},
				"up": {"uv": [7.25, 4.75, 7.375, 4.875], "texture": "#3"},
				"down": {"uv": [7.25, 4.875, 7.375, 5], "texture": "#3"}
			}
		},
		{
			"name": "sh1_9",
			"from": [7.625, 6, 7.95],
			"to": [7.875, 6.25, 8.175],
			"rotation": {"angle": 0, "axis": "y", "origin": [8.5, 4, 8]},
			"faces": {
				"north": {"uv": [7.875, 4.75, 7.625, 5], "texture": "#3"},
				"east": {"uv": [7.75, 4.75, 7.875, 5], "texture": "#3"},
				"south": {"uv": [7.625, 4.75, 7.875, 5], "texture": "#3"},
				"west": {"uv": [7.625, 4.75, 7.75, 5], "texture": "#3"},
				"up": {"uv": [7.625, 4.75, 7.875, 4.875], "texture": "#3"},
				"down": {"uv": [7.625, 4.875, 7.875, 5], "texture": "#3"}
			}
		},
		{
			"name": "sh1_10",
			"from": [8, 5.5, 7.95],
			"to": [8.125, 6.25, 8.175],
			"rotation": {"angle": 0, "axis": "y", "origin": [8.5, 4, 8]},
			"faces": {
				"north": {"uv": [8.125, 4.75, 8, 5.5], "texture": "#3"},
				"south": {"uv": [8, 4.75, 8.125, 5.5], "texture": "#3"},
				"west": {"uv": [8, 4.75, 8.125, 5.5], "texture": "#3"},
				"down": {"uv": [8, 5.375, 8.125, 5.5], "texture": "#3"}
			}
		},
		{
			"name": "sh1_11",
			"from": [9, 6.125, 7.95],
			"to": [9.25, 6.25, 8.175],
			"rotation": {"angle": 0, "axis": "y", "origin": [8.5, 4, 8]},
			"faces": {
				"north": {"uv": [9.25, 4.75, 9, 4.875], "texture": "#3"},
				"east": {"uv": [9.125, 4.75, 9.25, 4.875], "texture": "#3"},
				"south": {"uv": [9, 4.75, 9.25, 4.875], "texture": "#3"},
				"up": {"uv": [9, 4.75, 9.25, 4.875], "texture": "#3"},
				"down": {"uv": [9, 4.75, 9.25, 4.875], "texture": "#3"}
			}
		},
		{
			"name": "sh1_12",
			"from": [9, 6, 7.95],
			"to": [9.125, 6.125, 8.175],
			"rotation": {"angle": 0, "axis": "y", "origin": [8.5, 4, 8]},
			"faces": {
				"north": {"uv": [9.125, 4.875, 9, 5], "texture": "#3"},
				"east": {"uv": [9, 4.875, 9.125, 5], "texture": "#3"},
				"south": {"uv": [9, 4.875, 9.125, 5], "texture": "#3"},
				"down": {"uv": [9, 4.875, 9.125, 5], "texture": "#3"}
			}
		},
		{
			"name": "sh1_13",
			"from": [7.5, 5.75, 7.95],
			"to": [7.75, 6, 8.175],
			"rotation": {"angle": 0, "axis": "y", "origin": [8.5, 4, 8]},
			"faces": {
				"north": {"uv": [7.75, 5, 7.5, 5.25], "texture": "#3"},
				"east": {"uv": [7.625, 5, 7.75, 5.25], "texture": "#3"},
				"south": {"uv": [7.5, 5, 7.75, 5.25], "texture": "#3"},
				"up": {"uv": [7.5, 5, 7.75, 5.125], "texture": "#3"},
				"down": {"uv": [7.5, 5.125, 7.75, 5.25], "texture": "#3"}
			}
		},
		{
			"name": "sh1_14",
			"from": [7.875, 5.625, 7.95],
			"to": [8, 6, 8.175],
			"rotation": {"angle": 0, "axis": "y", "origin": [8.5, 4, 8]},
			"faces": {
				"north": {"uv": [8, 5, 7.875, 5.375], "texture": "#3"},
				"south": {"uv": [7.875, 5, 8, 5.375], "texture": "#3"},
				"west": {"uv": [7.875, 5, 8, 5.375], "texture": "#3"},
				"up": {"uv": [7.875, 5, 8, 5.125], "texture": "#3"},
				"down": {"uv": [7.875, 5.25, 8, 5.375], "texture": "#3"}
			}
		},
		{
			"name": "sh1_15",
			"from": [7.25, 5.625, 7.95],
			"to": [7.375, 5.875, 8.175],
			"rotation": {"angle": 0, "axis": "y", "origin": [8.5, 4, 8]},
			"faces": {
				"north": {"uv": [7.375, 5.125, 7.25, 5.375], "texture": "#3"},
				"south": {"uv": [7.25, 5.125, 7.375, 5.375], "texture": "#3"},
				"up": {"uv": [7.25, 5.125, 7.375, 5.25], "texture": "#3"},
				"down": {"uv": [7.25, 5.25, 7.375, 5.375], "texture": "#3"}
			}
		},
		{
			"name": "sh1_16",
			"from": [7.75, 5.75, 7.95],
			"to": [7.875, 5.875, 8.175],
			"rotation": {"angle": 0, "axis": "y", "origin": [8.5, 4, 8]},
			"faces": {
				"north": {"uv": [7.875, 5.125, 7.75, 5.25], "texture": "#3"},
				"south": {"uv": [7.75, 5.125, 7.875, 5.25], "texture": "#3"},
				"up": {"uv": [7.75, 5.125, 7.875, 5.25], "texture": "#3"},
				"down": {"uv": [7.75, 5.125, 7.875, 5.25], "texture": "#3"}
			}
		},
		{
			"name": "sh1_17",
			"from": [8.75, 5.625, 7.95],
			"to": [8.875, 5.875, 8.175],
			"rotation": {"angle": 0, "axis": "y", "origin": [8.5, 4, 8]},
			"faces": {
				"north": {"uv": [8.875, 5.125, 8.75, 5.375], "texture": "#3"},
				"east": {"uv": [8.75, 5.125, 8.875, 5.375], "texture": "#3"},
				"south": {"uv": [8.75, 5.125, 8.875, 5.375], "texture": "#3"},
				"down": {"uv": [8.75, 5.25, 8.875, 5.375], "texture": "#3"}
			}
		},
		{
			"name": "sh1_18",
			"from": [6.75, 5.125, 7.95],
			"to": [7.125, 5.375, 8.175],
			"rotation": {"angle": 0, "axis": "y", "origin": [8.5, 4, 8]},
			"faces": {
				"north": {"uv": [7.125, 5.625, 6.75, 5.875], "texture": "#3"},
				"east": {"uv": [7, 5.625, 7.125, 5.875], "texture": "#3"},
				"south": {"uv": [6.75, 5.625, 7.125, 5.875], "texture": "#3"},
				"down": {"uv": [6.75, 5.75, 7.125, 5.875], "texture": "#3"}
			}
		},
		{
			"name": "sh1_19",
			"from": [8.25, 5.25, 7.9],
			"to": [8.625, 5.375, 8.225],
			"rotation": {"angle": 0, "axis": "y", "origin": [8.5, 4, 8]},
			"faces": {
				"north": {"uv": [8.625, 5.625, 8.25, 5.75], "texture": "#3"},
				"east": {"uv": [8.5, 5.625, 8.625, 5.75], "texture": "#3"},
				"south": {"uv": [8.25, 5.625, 8.625, 5.75], "texture": "#3"},
				"west": {"uv": [8.25, 5.625, 8.375, 5.75], "texture": "#3"}
			}
		},
		{
			"name": "sh1_20",
			"from": [6.75, 4.625, 7.95],
			"to": [7, 5.125, 8.175],
			"rotation": {"angle": 0, "axis": "y", "origin": [8.5, 4, 8]},
			"faces": {
				"north": {"uv": [7, 5.875, 6.75, 6.375], "texture": "#3"},
				"east": {"uv": [6.875, 5.875, 7, 6.375], "texture": "#3"},
				"south": {"uv": [6.75, 5.875, 7, 6.375], "texture": "#3"},
				"west": {"uv": [6.75, 5.875, 6.875, 6.375], "texture": "#3"},
				"down": {"uv": [6.75, 6.25, 7, 6.375], "texture": "#3"}
			}
		},
		{
			"name": "sh1_21",
			"from": [8.25, 2.625, 7.9],
			"to": [8.625, 5, 8.225],
			"rotation": {"angle": 0, "axis": "y", "origin": [8.5, 4, 8]},
			"faces": {
				"north": {"uv": [8.625, 6, 8.25, 8.375], "texture": "#3"},
				"east": {"uv": [8.5, 6, 8.625, 8.375], "texture": "#3"},
				"south": {"uv": [8.25, 6, 8.625, 8.375], "texture": "#3"},
				"west": {"uv": [8.25, 6, 8.375, 8.375], "texture": "#3"}
			}
		},
		{
			"name": "sh1_22",
			"from": [6.875, 4.375, 7.95],
			"to": [7, 4.625, 8.175],
			"rotation": {"angle": 0, "axis": "y", "origin": [8.5, 4, 8]},
			"faces": {
				"north": {"uv": [7, 6.375, 6.875, 6.625], "texture": "#3"},
				"east": {"uv": [6.875, 6.375, 7, 6.625], "texture": "#3"},
				"south": {"uv": [6.875, 6.375, 7, 6.625], "texture": "#3"},
				"west": {"uv": [6.875, 6.375, 7, 6.625], "texture": "#3"},
				"down": {"uv": [6.875, 6.5, 7, 6.625], "texture": "#3"}
			}
		},
		{
			"name": "sh1_23",
			"from": [8.25, 2, 7.9],
			"to": [8.625, 2.375, 8.225],
			"rotation": {"angle": 0, "axis": "y", "origin": [8.5, 4, 8]},
			"faces": {
				"north": {"uv": [8.625, 8.625, 8.25, 9], "texture": "#3"},
				"east": {"uv": [8.5, 8.625, 8.625, 9], "texture": "#3"},
				"south": {"uv": [8.25, 8.625, 8.625, 9], "texture": "#3"},
				"west": {"uv": [8.25, 8.625, 8.375, 9], "texture": "#3"},
				"down": {"uv": [8.25, 8.875, 8.625, 9], "texture": "#3"}
			}
		},
		{
			"name": "sh1_24",
			"from": [8.125, 0.75, 7.9],
			"to": [8.25, 2.125, 8.225],
			"rotation": {"angle": 0, "axis": "y", "origin": [8.5, 4, 8]},
			"faces": {
				"north": {"uv": [8.25, 8.875, 8.125, 10.25], "texture": "#3"},
				"east": {"uv": [8.125, 8.875, 8.25, 10.25], "texture": "#3"},
				"south": {"uv": [8.125, 8.875, 8.25, 10.25], "texture": "#3"},
				"west": {"uv": [8.125, 8.875, 8.25, 10.25], "texture": "#3"},
				"up": {"uv": [8.125, 8.875, 8.25, 9], "texture": "#3"},
				"down": {"uv": [8.125, 10.125, 8.25, 10.25], "texture": "#3"}
			}
		},
		{
			"name": "sh1_25",
			"from": [8.25, 1.375, 7.9],
			"to": [8.5, 2, 8.225],
			"rotation": {"angle": 0, "axis": "y", "origin": [8.5, 4, 8]},
			"faces": {
				"north": {"uv": [8.5, 9, 8.25, 9.625], "texture": "#3"},
				"east": {"uv": [8.375, 9, 8.5, 9.625], "texture": "#3"},
				"south": {"uv": [8.25, 9, 8.5, 9.625], "texture": "#3"},
				"down": {"uv": [8.25, 9.5, 8.5, 9.625], "texture": "#3"}
			}
		},
		{
			"name": "sh1_26",
			"from": [8, 0.75, 7.9],
			"to": [8.125, 1.5, 8.225],
			"rotation": {"angle": 0, "axis": "y", "origin": [8.5, 4, 8]},
			"faces": {
				"north": {"uv": [8.125, 9.5, 8, 10.25], "texture": "#3"},
				"south": {"uv": [8, 9.5, 8.125, 10.25], "texture": "#3"},
				"west": {"uv": [8, 9.5, 8.125, 10.25], "texture": "#3"},
				"up": {"uv": [8, 9.5, 8.125, 9.625], "texture": "#3"},
				"down": {"uv": [8, 10.125, 8.125, 10.25], "texture": "#3"}
			}
		},
		{
			"name": "sh1_27",
			"from": [8.25, 1, 7.9],
			"to": [8.375, 1.375, 8.225],
			"rotation": {"angle": 0, "axis": "y", "origin": [8.5, 4, 8]},
			"faces": {
				"north": {"uv": [8.375, 9.625, 8.25, 10], "texture": "#3"},
				"east": {"uv": [8.25, 9.625, 8.375, 10], "texture": "#3"},
				"south": {"uv": [8.25, 9.625, 8.375, 10], "texture": "#3"},
				"down": {"uv": [8.25, 9.875, 8.375, 10], "texture": "#3"}
			}
		},
		{
			"name": "sh1_28",
			"from": [7.875, 0.75, 7.9],
			"to": [8, 1.25, 8.225],
			"rotation": {"angle": 0, "axis": "y", "origin": [8.5, 4, 8]},
			"faces": {
				"north": {"uv": [8, 9.75, 7.875, 10.25], "texture": "#3"},
				"south": {"uv": [7.875, 9.75, 8, 10.25], "texture": "#3"},
				"west": {"uv": [7.875, 9.75, 8, 10.25], "texture": "#3"},
				"up": {"uv": [7.875, 9.75, 8, 9.875], "texture": "#3"},
				"down": {"uv": [7.875, 10.125, 8, 10.25], "texture": "#3"}
			}
		},
		{
			"name": "sh1_29",
			"from": [7.75, 0.75, 7.9],
			"to": [7.875, 1.125, 8.225],
			"rotation": {"angle": 0, "axis": "y", "origin": [8.5, 4, 8]},
			"faces": {
				"north": {"uv": [7.875, 9.875, 7.75, 10.25], "texture": "#3"},
				"south": {"uv": [7.75, 9.875, 7.875, 10.25], "texture": "#3"},
				"west": {"uv": [7.75, 9.875, 7.875, 10.25], "texture": "#3"},
				"up": {"uv": [7.75, 9.875, 7.875, 10], "texture": "#3"},
				"down": {"uv": [7.75, 10.125, 7.875, 10.25], "texture": "#3"}
			}
		},
		{
			"name": "sh2_0",
			"from": [8.125, 5.375, 7.8],
			"to": [8.75, 6.75, 8.325],
			"rotation": {"angle": 0, "axis": "y", "origin": [8.5, 4, 8]},
			"faces": {
				"north": {"uv": [8.75, 4.25, 8.125, 5.625], "texture": "#3"},
				"east": {"uv": [8.625, 4.25, 8.75, 5.625], "texture": "#3"},
				"south": {"uv": [8.125, 4.25, 8.75, 5.625], "texture": "#3"},
				"west": {"uv": [8.125, 4.25, 8.25, 5.625], "texture": "#3"},
				"up": {"uv": [8.125, 4.25, 8.75, 4.375], "texture": "#3"},
				"down": {"uv": [8.125, 5.5, 8.75, 5.625], "texture": "#3"}
			}
		}
	],
	"gui_light": "front",
	"display": {
		"thirdperson_righthand": {
			"rotation": [0, -90, 0],
			"translation": [0, 11, -0.25],
			"scale": [3, 3, 3]
		},
		"thirdperson_lefthand": {
			"rotation": [0, 90, 0],
			"translation": [0, 11, -0.25],
			"scale": [3, 3, 3]
		},
		"firstperson_righthand": {
			"rotation": [8, -82, 0],
			"translation": [0, 13.25, 2],
			"scale": [2, 2, 2]
		},
		"firstperson_lefthand": {
			"rotation": [8, 94, 0],
			"translation": [0, 13.25, 2],
			"scale": [2, 2, 2]
		},
		"ground": {
			"translation": [0, 7, 0.5],
			"scale": [2, 2, 2]
		},
		"gui": {
			"rotation": [0, 0, -44],
			"translation": [8, 8.25, 0],
			"scale": [3, 3, 1.8]
		},
		"head": {
			"rotation": [0, 0, 144],
			"translation": [-5.5, -38.25, 3.75],
			"scale": [4, 4, 4]
		},
		"fixed": {
			"rotation": [0, 179, -45],
			"translation": [-11.25, 11, -0.75],
			"scale": [4, 4, 4]
		}
	},
	"groups": [
		{
			"name": "sh3",
			"origin": [8, 8, 8],
			"color": 0,
			"children": [0, 1, 2, 3, 4, 5, 6, 7, 8, 9, 10, 11, 12, 13, 14, 15, 16, 17, 18, 19, 20]
		},
		{
			"name": "sh1",
			"origin": [8, 8, 8],
			"color": 0,
			"children": [21, 22, 23, 24, 25, 26, 27, 28, 29, 30, 31, 32, 33, 34, 35, 36, 37, 38, 39, 40, 41, 42, 43, 44, 45, 46, 47, 48, 49, 50]
		},
		{
			"name": "sh2",
			"origin": [8, 8, 8],
			"color": 0,
			"children": [51]
		}
	]
}