{
	"credit": "Made with Blockbench",
	"textures": {
		"0": "archon:item/earth_wand",
		"particle": "archon:item/earth_wand"
	},
	"elements": [
		{
			"name": "ew_0",
			"from": [7.75, 9.75, 7.9],
			"to": [8.25, 10, 8.25],
			"rotation": {"angle": 0, "axis": "y", "origin": [0, -2, 8]},
			"faces": {
				"north": {"uv": [8.25, 4, 7.75, 4.25], "texture": "#0"},
				"east": {"uv": [8, 4, 8.25, 4.25], "texture": "#0"},
				"south": {"uv": [7.75, 4, 8.25, 4.25], "texture": "#0"},
				"west": {"uv": [7.75, 4, 8, 4.25], "texture": "#0"},
				"up": {"uv": [7.75, 4, 8.25, 4.25], "texture": "#0"}
			}
		},
		{
			"name": "ew_1",
			"from": [7.5, 9.25, 7.9],
			"to": [7.75, 9.75, 8.25],
			"rotation": {"angle": 0, "axis": "y", "origin": [0, -2, 8]},
			"faces": {
				"north": {"uv": [7.75, 4.25, 7.5, 4.75], "texture": "#0"},
				"south": {"uv": [7.5, 4.25, 7.75, 4.75], "texture": "#0"},
				"west": {"uv": [7.5, 4.25, 7.75, 4.75], "texture": "#0"},
				"up": {"uv": [7.5, 4.25, 7.75, 4.5], "texture": "#0"},
				"down": {"uv": [7.5, 4.5, 7.75, 4.75], "texture": "#0"}
			}
		},
		{
			"name": "ew_2",
			"from": [8.25, 9.25, 7.9],
			"to": [8.5, 9.75, 8.25],
			"rotation": {"angle": 0, "axis": "y", "origin": [0, -2, 8]},
			"faces": {
				"north": {"uv": [8.5, 4.25, 8.25, 4.75], "texture": "#0"},
				"east": {"uv": [8.25, 4.25, 8.5, 4.75], "texture": "#0"},
				"south": {"uv": [8.25, 4.25, 8.5, 4.75], "texture": "#0"},
				"up": {"uv": [8.25, 4.25, 8.5, 4.5], "texture": "#0"},
				"down": {"uv": [8.25, 4.5, 8.5, 4.75], "texture": "#0"}
			}
		},
		{
			"name": "ew_3",
			"from": [7.75, 5.5, 7.9],
			"to": [8.25, 9.25, 8.25],
			"rotation": {"angle": 0, "axis": "y", "origin": [0, -2, 8]},
			"faces": {
				"north": {"uv": [8.25, 4.75, 7.75, 8.5], "texture": "#0"},
				"east": {"uv": [8, 4.75, 8.25, 8.5], "texture": "#0"},
				"south": {"uv": [7.75, 4.75, 8.25, 8.5], "texture": "#0"},
				"west": {"uv": [7.75, 4.75, 8, 8.5], "texture": "#0"}
			}
		},
		{
			"name": "ew_4",
			"from": [7.75, 3.25, 7.9],
			"to": [8.25, 5.25, 8.25],
			"rotation": {"angle": 0, "axis": "y", "origin": [0, -2, 8]},
			"faces": {
				"north": {"uv": [8.25, 8.75, 7.75, 10.75], "texture": "#0"},
				"east": {"uv": [8, 8.75, 8.25, 10.75], "texture": "#0"},
				"south": {"uv": [7.75, 8.75, 8.25, 10.75], "texture": "#0"},
				"west": {"uv": [7.75, 8.75, 8, 10.75], "texture": "#0"}
			}
		},
		{
			"name": "ew_5",
			"from": [7.75, 2.75, 7.9],
			"to": [8.25, 3, 8.25],
			"rotation": {"angle": 0, "axis": "y", "origin": [0, -2, 8]},
			"faces": {
				"north": {"uv": [8.25, 11, 7.75, 11.25], "texture": "#0"},
				"south": {"uv": [7.75, 11, 8.25, 11.25], "texture": "#0"}
			}
		},
		{
			"name": "ew2_0",
			"from": [7.75, 9.25, 7.8],
			"to": [8.25, 9.75, 8.35],
			"rotation": {"angle": 0, "axis": "y", "origin": [0, -2, 8]},
			"faces": {
				"north": {"uv": [8.25, 4.25, 7.75, 4.75], "texture": "#0"},
				"east": {"uv": [8, 4.25, 8.25, 4.75], "texture": "#0"},
				"south": {"uv": [7.75, 4.25, 8.25, 4.75], "texture": "#0"},
				"west": {"uv": [7.75, 4.25, 8, 4.75], "texture": "#0"},
				"up": {"uv": [7.75, 4.25, 8.25, 4.5], "texture": "#0"},
				"down": {"uv": [7.75, 4.5, 8.25, 4.75], "texture": "#0"}
			}
		},
		{
			"name": "ew2_1",
			"from": [8.25, 7, 8.1],
			"to": [8.5, 7.5, 8.25],
			"rotation": {"angle": 0, "axis": "y", "origin": [0, -2, 8]},
			"faces": {
				"north": {"uv": [8.5, 6.5, 8.25, 7], "texture": "#0"},
				"east": {"uv": [8.25, 6.5, 8.5, 7], "texture": "#0"},
				"south": {"uv": [8.25, 6.5, 8.5, 7], "texture": "#0"},
				"up": {"uv": [8.25, 6.5, 8.5, 6.75], "texture": "#0"},
				"down": {"uv": [8.25, 6.75, 8.5, 7], "texture": "#0"}
			}
		},
		{
			"name": "ew2_2",
			"from": [8.5, 6.75, 8.1],
			"to": [8.75, 7.25, 8.25],
			"rotation": {"angle": 0, "axis": "y", "origin": [0, -2, 8]},
			"faces": {
				"north": {"uv": [8.75, 6.75, 8.5, 7.25], "texture": "#0"},
				"east": {"uv": [8.5, 6.75, 8.75, 7.25], "texture": "#0"},
				"south": {"uv": [8.5, 6.75, 8.75, 7.25], "texture": "#0"},
				"west": {"uv": [8.5, 6.75, 8.75, 7.25], "texture": "#0"},
				"up": {"uv": [8.5, 6.75, 8.75, 7], "texture": "#0"},
				"down": {"uv": [8.5, 7, 8.75, 7.25], "texture": "#0"}
			}
		},
		{
			"name": "ew2_3",
			"from": [7.5, 5.25, 7.7],
			"to": [8.5, 5.5, 8.45],
			"rotation": {"angle": 0, "axis": "y", "origin": [0, -2, 8]},
			"faces": {
				"north": {"uv": [8.5, 8.5, 7.5, 8.75], "texture": "#0"},
				"east": {"uv": [8.25, 8.5, 8.5, 8.75], "texture": "#0"},
				"south": {"uv": [7.5, 8.5, 8.5, 8.75], "texture": "#0"},
				"west": {"uv": [7.5, 8.5, 7.75, 8.75], "texture": "#0"},
				"up": {"uv": [7.5, 8.5, 8.5, 8.75], "texture": "#0"},
				"down": {"uv": [7.5, 8.5, 8.5, 8.75], "texture": "#0"}
			}
		},
		{
			"name": "ew2_4",
			"from": [7.75, 3, 7.8],
			"to": [8.25, 3.25, 8.35],
			"rotation": {"angle": 0, "axis": "y", "origin": [0, -2, 8]},
			"faces": {
				"north": {"uv": [8.25, 10.75, 7.75, 11], "texture": "#0"},
				"east": {"uv": [8, 10.75, 8.25, 11], "texture": "#0"},
				"south": {"uv": [7.75, 10.75, 8.25, 11], "texture": "#0"},
				"west": {"uv": [7.75, 10.75, 8, 11], "texture": "#0"},
				"up": {"uv": [7.75, 10.75, 8.25, 11], "texture": "#0"},
				"down": {"uv": [7.75, 10.75, 8.25, 11], "texture": "#0"}
			}
		},
		{
			"name": "ew2_5",
			"from": [7.5, 2.75, 7.8],
			"to": [7.75, 3, 8.35],
			"rotation": {"angle": 0, "axis": "y", "origin": [0, -2, 8]},
			"faces": {
				"north": {"uv": [7.75, 11, 7.5, 11.25], "texture": "#0"},
				"east": {"uv": [7.5, 11, 7.75, 11.25], "texture": "#0"},
				"south": {"uv": [7.5, 11, 7.75, 11.25], "texture": "#0"},
				"west": {"uv": [7.5, 11, 7.75, 11.25], "texture": "#0"},
				"up": {"uv": [7.5, 11, 7.75, 11.25], "texture": "#0"},
				"down": {"uv": [7.5, 11, 7.75, 11.25], "texture": "#0"}
			}
		},
		{
			"name": "ew2_6",
			"from": [8.25, 2.75, 7.8],
			"to": [8.5, 3, 8.35],
			"rotation": {"angle": 0, "axis": "y", "origin": [0, -2, 8]},
			"faces": {
				"north": {"uv": [8.5, 11, 8.25, 11.25], "texture": "#0"},
				"east": {"uv": [8.25, 11, 8.5, 11.25], "texture": "#0"},
				"south": {"uv": [8.25, 11, 8.5, 11.25], "texture": "#0"},
				"west": {"uv": [8.25, 11, 8.5, 11.25], "texture": "#0"},
				"up": {"uv": [8.25, 11, 8.5, 11.25], "texture": "#0"},
				"down": {"uv": [8.25, 11, 8.5, 11.25], "texture": "#0"}
			}
		},
		{
			"name": "ew2_7",
			"from": [7.75, 2.5, 7.8],
			"to": [8.25, 2.75, 8.35],
			"rotation": {"angle": 0, "axis": "y", "origin": [0, -2, 8]},
			"faces": {
				"north": {"uv": [8.25, 11.25, 7.75, 11.5], "texture": "#0"},
				"east": {"uv": [8, 11.25, 8.25, 11.5], "texture": "#0"},
				"south": {"uv": [7.75, 11.25, 8.25, 11.5], "texture": "#0"},
				"west": {"uv": [7.75, 11.25, 8, 11.5], "texture": "#0"},
				"up": {"uv": [7.75, 11.25, 8.25, 11.5], "texture": "#0"},
				"down": {"uv": [7.75, 11.25, 8.25, 11.5], "texture": "#0"}
			}
		}
	],
	"gui_light": "front",
	"display": {
		"thirdperson_righthand": {
			"rotation": [0, 90, -4],
			"translation": [-0.25, 7.5, 0.5],
			"scale": [2.5, 2.5, 2.5]
		},
		"thirdperson_lefthand": {
			"rotation": [0, 90, -4],
			"translation": [-0.25, 7.5, 0.5],
			"scale": [2.5, 2.5, 2.5]
		},
		"firstperson_righthand": {
			"rotation": [8, 90, 0],
			"translation": [0, 8.25, 1.25],
			"scale": [1.8, 1.8, 1.8]
		},
		"firstperson_lefthand": {
			"rotation": [8, -90, 0],
			"translation": [0, 8, 1.25],
			"scale": [1.8, 1.8, 1.8]
		},
		"ground": {
			"translation": [0, 7, 0.5],
			"scale": [2, 2, 2]
		},
		"gui": {
			"rotation": [0, 0, -43],
			"translation": [3.5, 3.75, 0],
			"scale": [2.9, 2.9, 2.9]
		},
		"head": {
			"rotation": [0, 0, 144],
			"translation": [-2, -15.75, 3.75],
			"scale": [4, 4, 3.75]
		},
		"fixed": {
			"rotation": [0, 179, -45],
			"translation": [-5.75, 6.75, -0.75],
			"scale": [4, 4, 4]
		}
	},
	"groups": [
		{
			"name": "ew",
			"origin": [8, 8, 8],
			"color": 0,
			"children": [0, 1, 2, 3, 4, 5]
		},
		{
			"name": "ew2",
			"origin": [8, 8, 8],
			"color": 0,
			"children": [6, 7, 8, 9, 10, 11, 12, 13]
		}
	]
}