{
	"format_version": "1.21.6",
	"credit": "Made with Blockbench",
	"textures": {
		"3": "archon:item/ender_blade"
	},
	"elements": [
		{
			"name": "eb1_0",
			"from": [7.875, 6.5, 7.95],
			"to": [8, 11.75, 8.175],
			"rotation": {"angle": 0, "axis": "y", "origin": [0, 0, 8]},
			"faces": {
				"north": {"uv": [8, 4.25, 7.875, 9.5], "texture": "#3"},
				"east": {"uv": [7.875, 4.25, 8, 9.5], "texture": "#3"},
				"south": {"uv": [7.875, 4.25, 8, 9.5], "texture": "#3"},
				"west": {"uv": [7.875, 4.25, 8, 9.5], "texture": "#3"},
				"up": {"uv": [7.875, 4.25, 8, 4.375], "texture": "#3"},
				"down": {"uv": [7.875, 9.375, 8, 9.5], "texture": "#3"}
			}
		},
		{
			"name": "eb1_1",
			"from": [7.75, 6, 7.95],
			"to": [7.875, 11.25, 8.175],
			"rotation": {"angle": 0, "axis": "y", "origin": [0, 0, 8]},
			"faces": {
				"north": {"uv": [7.875, 4.75, 7.75, 10], "texture": "#3"},
				"east": {"uv": [7.75, 4.75, 7.875, 10], "texture": "#3"},
				"south": {"uv": [7.75, 4.75, 7.875, 10], "texture": "#3"},
				"west": {"uv": [7.75, 4.75, 7.875, 10], "texture": "#3"},
				"up": {"uv": [7.75, 4.75, 7.875, 4.875], "texture": "#3"},
				"down": {"uv": [7.75, 9.875, 7.875, 10], "texture": "#3"}
			}
		},
		{
			"name": "eb1_2",
			"from": [8, 6, 7.95],
			"to": [8.125, 11.25, 8.175],
			"rotation": {"angle": 0, "axis": "y", "origin": [0, 0, 8]},
			"faces": {
				"north": {"uv": [8.125, 4.75, 8, 10], "texture": "#3"},
				"east": {"uv": [8, 4.75, 8.125, 10], "texture": "#3"},
				"south": {"uv": [8, 4.75, 8.125, 10], "texture": "#3"},
				"west": {"uv": [8, 4.75, 8.125, 10], "texture": "#3"},
				"up": {"uv": [8, 4.75, 8.125, 4.875], "texture": "#3"},
				"down": {"uv": [8, 9.875, 8.125, 10], "texture": "#3"}
			}
		},
		{
			"name": "eb1_3",
			"from": [7.625, 5.5, 7.95],
			"to": [7.75, 5.875, 8.175],
			"rotation": {"angle": 0, "axis": "y", "origin": [0, 0, 8]},
			"faces": {
				"north": {"uv": [7.75, 10.125, 7.625, 10.5], "texture": "#3"},
				"east": {"uv": [7.625, 10.125, 7.75, 10.5], "texture": "#3"},
				"south": {"uv": [7.625, 10.125, 7.75, 10.5], "texture": "#3"},
				"west": {"uv": [7.625, 10.125, 7.75, 10.5], "texture": "#3"},
				"up": {"uv": [7.625, 10.125, 7.75, 10.25], "texture": "#3"},
				"down": {"uv": [7.625, 10.375, 7.75, 10.5], "texture": "#3"}
			}
		},
		{
			"name": "eb1_4",
			"from": [8.125, 5.5, 7.95],
			"to": [8.25, 5.875, 8.175],
			"rotation": {"angle": 0, "axis": "y", "origin": [0, 0, 8]},
			"faces": {
				"north": {"uv": [8.25, 10.125, 8.125, 10.5], "texture": "#3"},
				"east": {"uv": [8.125, 10.125, 8.25, 10.5], "texture": "#3"},
				"south": {"uv": [8.125, 10.125, 8.25, 10.5], "texture": "#3"},
				"west": {"uv": [8.125, 10.125, 8.25, 10.5], "texture": "#3"},
				"up": {"uv": [8.125, 10.125, 8.25, 10.25], "texture": "#3"},
				"down": {"uv": [8.125, 10.375, 8.25, 10.5], "texture": "#3"}
			}
		},
		{
			"name": "eb1_5",
			"from": [7.5, 5.375, 7.95],
			"to": [7.625, 5.5, 8.175],
			"rotation": {"angle": 0, "axis": "y", "origin": [0, 0, 8]},
			"faces": {
				"north": {"uv": [7.625, 10.5, 7.5, 10.625], "texture": "#3"},
				"east": {"uv": [7.5, 10.5, 7.625, 10.625], "texture": "#3"},
				"south": {"uv": [7.5, 10.5, 7.625, 10.625], "texture": "#3"},
				"west": {"uv": [7.5, 10.5, 7.625, 10.625], "texture": "#3"},
				"up": {"uv": [7.5, 10.5, 7.625, 10.625], "texture": "#3"},
				"down": {"uv": [7.5, 10.5, 7.625, 10.625], "texture": "#3"}
			}
		},
		{
			"name": "eb1_6",
			"from": [8.25, 5.375, 7.95],
			"to": [8.375, 5.5, 8.175],
			"rotation": {"angle": 0, "axis": "y", "origin": [0, 0, 8]},
			"faces": {
				"north": {"uv": [8.375, 10.5, 8.25, 10.625], "texture": "#3"},
				"east": {"uv": [8.25, 10.5, 8.375, 10.625], "texture": "#3"},
				"south": {"uv": [8.25, 10.5, 8.375, 10.625], "texture": "#3"},
				"west": {"uv": [8.25, 10.5, 8.375, 10.625], "texture": "#3"},
				"up": {"uv": [8.25, 10.5, 8.375, 10.625], "texture": "#3"},
				"down": {"uv": [8.25, 10.5, 8.375, 10.625], "texture": "#3"}
			}
		},
		{
			"name": "eb1_7",
			"from": [7.75, 4.625, 7.85],
			"to": [8.125, 5.25, 8.275],
			"rotation": {"angle": 0, "axis": "y", "origin": [0, 0, 8]},
			"faces": {
				"north": {"uv": [8.125, 10.75, 7.75, 11.375], "texture": "#3"},
				"east": {"uv": [8, 10.75, 8.125, 11.375], "texture": "#3"},
				"south": {"uv": [7.75, 10.75, 8.125, 11.375], "texture": "#3"},
				"west": {"uv": [7.75, 10.75, 7.875, 11.375], "texture": "#3"},
				"up": {"uv": [7.75, 10.75, 8.125, 10.875], "texture": "#3"},
				"down": {"uv": [7.75, 11.25, 8.125, 11.375], "texture": "#3"}
			}
		},
		{
			"name": "eb1_8",
			"from": [7.625, 4.75, 7.85],
			"to": [7.75, 5.125, 8.275],
			"rotation": {"angle": 0, "axis": "y", "origin": [0, 0, 8]},
			"faces": {
				"north": {"uv": [7.75, 10.875, 7.625, 11.25], "texture": "#3"},
				"east": {"uv": [7.625, 10.875, 7.75, 11.25], "texture": "#3"},
				"south": {"uv": [7.625, 10.875, 7.75, 11.25], "texture": "#3"},
				"west": {"uv": [7.625, 10.875, 7.75, 11.25], "texture": "#3"},
				"up": {"uv": [7.625, 10.875, 7.75, 11], "texture": "#3"},
				"down": {"uv": [7.625, 11.125, 7.75, 11.25], "texture": "#3"}
			}
		},
		{
			"name": "eb1_9",
			"from": [8.125, 4.75, 7.85],
			"to": [8.25, 5.125, 8.275],
			"rotation": {"angle": 0, "axis": "y", "origin": [0, 0, 8]},
			"faces": {
				"north": {"uv": [8.25, 10.875, 8.125, 11.25], "texture": "#3"},
				"east": {"uv": [8.125, 10.875, 8.25, 11.25], "texture": "#3"},
				"south": {"uv": [8.125, 10.875, 8.25, 11.25], "texture": "#3"},
				"west": {"uv": [8.125, 10.875, 8.25, 11.25], "texture": "#3"},
				"up": {"uv": [8.125, 10.875, 8.25, 11], "texture": "#3"},
				"down": {"uv": [8.125, 11.125, 8.25, 11.25], "texture": "#3"}
			}
		},
		{
			"name": "eb1_10",
			"from": [7.125, 4.625, 7.9],
			"to": [7.25, 5, 8.225],
			"rotation": {"angle": 0, "axis": "y", "origin": [0, 0, 8]},
			"faces": {
				"north": {"uv": [7.25, 11, 7.125, 11.375], "texture": "#3"},
				"east": {"uv": [7.125, 11, 7.25, 11.375], "texture": "#3"},
				"south": {"uv": [7.125, 11, 7.25, 11.375], "texture": "#3"},
				"west": {"uv": [7.125, 11, 7.25, 11.375], "texture": "#3"},
				"up": {"uv": [7.125, 11, 7.25, 11.125], "texture": "#3"},
				"down": {"uv": [7.125, 11.25, 7.25, 11.375], "texture": "#3"}
			}
		},
		{
			"name": "eb1_11",
			"from": [8.625, 4.625, 7.9],
			"to": [8.75, 5, 8.225],
			"rotation": {"angle": 0, "axis": "y", "origin": [0, 0, 8]},
			"faces": {
				"north": {"uv": [8.75, 11, 8.625, 11.375], "texture": "#3"},
				"east": {"uv": [8.625, 11, 8.75, 11.375], "texture": "#3"},
				"south": {"uv": [8.625, 11, 8.75, 11.375], "texture": "#3"},
				"west": {"uv": [8.625, 11, 8.75, 11.375], "texture": "#3"},
				"up": {"uv": [8.625, 11, 8.75, 11.125], "texture": "#3"},
				"down": {"uv": [8.625, 11.25, 8.75, 11.375], "texture": "#3"}
			}
		},
		{
			"name": "eb1_12",
			"from": [6.5, 4.625, 7.95],
			"to": [6.75, 4.875, 8.175],
			"rotation": {"angle": 0, "axis": "y", "origin": [0, 0, 8]},
			"faces": {
				"north": {"uv": [6.75, 11.125, 6.5, 11.375], "texture": "#3"},
				"east": {"uv": [6.625, 11.125, 6.75, 11.375], "texture": "#3"},
				"south": {"uv": [6.5, 11.125, 6.75, 11.375], "texture": "#3"},
				"west": {"uv": [6.5, 11.125, 6.625, 11.375], "texture": "#3"},
				"up": {"uv": [6.5, 11.125, 6.75, 11.25], "texture": "#3"},
				"down": {"uv": [6.5, 11.25, 6.75, 11.375], "texture": "#3"}
			}
		},
		{
			"name": "eb1_13",
			"from": [6.875, 4.5, 7.9],
			"to": [7.125, 4.875, 8.225],
			"rotation": {"angle": 0, "axis": "y", "origin": [0, 0, 8]},
			"faces": {
				"north": {"uv": [7.125, 11.125, 6.875, 11.5], "texture": "#3"},
				"east": {"uv": [7, 11.125, 7.125, 11.5], "texture": "#3"},
				"south": {"uv": [6.875, 11.125, 7.125, 11.5], "texture": "#3"},
				"west": {"uv": [6.875, 11.125, 7, 11.5], "texture": "#3"},
				"up": {"uv": [6.875, 11.125, 7.125, 11.25], "texture": "#3"},
				"down": {"uv": [6.875, 11.375, 7.125, 11.5], "texture": "#3"}
			}
		},
		{
			"name": "eb1_14",
			"from": [7.25, 4.625, 7.9],
			"to": [7.375, 4.875, 8.225],
			"rotation": {"angle": 0, "axis": "y", "origin": [0, 0, 8]},
			"faces": {
				"north": {"uv": [7.375, 11.125, 7.25, 11.375], "texture": "#3"},
				"east": {"uv": [7.25, 11.125, 7.375, 11.375], "texture": "#3"},
				"south": {"uv": [7.25, 11.125, 7.375, 11.375], "texture": "#3"},
				"west": {"uv": [7.25, 11.125, 7.375, 11.375], "texture": "#3"},
				"up": {"uv": [7.25, 11.125, 7.375, 11.25], "texture": "#3"},
				"down": {"uv": [7.25, 11.25, 7.375, 11.375], "texture": "#3"}
			}
		},
		{
			"name": "eb1_15",
			"from": [8.5, 4.625, 7.9],
			"to": [8.625, 4.875, 8.225],
			"rotation": {"angle": 0, "axis": "y", "origin": [0, 0, 8]},
			"faces": {
				"north": {"uv": [8.625, 11.125, 8.5, 11.375], "texture": "#3"},
				"east": {"uv": [8.5, 11.125, 8.625, 11.375], "texture": "#3"},
				"south": {"uv": [8.5, 11.125, 8.625, 11.375], "texture": "#3"},
				"west": {"uv": [8.5, 11.125, 8.625, 11.375], "texture": "#3"},
				"up": {"uv": [8.5, 11.125, 8.625, 11.25], "texture": "#3"},
				"down": {"uv": [8.5, 11.25, 8.625, 11.375], "texture": "#3"}
			}
		},
		{
			"name": "eb1_16",
			"from": [8.75, 4.5, 7.9],
			"to": [9, 4.875, 8.225],
			"rotation": {"angle": 0, "axis": "y", "origin": [0, 0, 8]},
			"faces": {
				"north": {"uv": [9, 11.125, 8.75, 11.5], "texture": "#3"},
				"east": {"uv": [8.875, 11.125, 9, 11.5], "texture": "#3"},
				"south": {"uv": [8.75, 11.125, 9, 11.5], "texture": "#3"},
				"west": {"uv": [8.75, 11.125, 8.875, 11.5], "texture": "#3"},
				"up": {"uv": [8.75, 11.125, 9, 11.25], "texture": "#3"},
				"down": {"uv": [8.75, 11.375, 9, 11.5], "texture": "#3"}
			}
		},
		{
			"name": "eb1_17",
			"from": [9.125, 4.625, 7.95],
			"to": [9.375, 4.875, 8.175],
			"rotation": {"angle": 0, "axis": "y", "origin": [0, 0, 8]},
			"faces": {
				"north": {"uv": [9.375, 11.125, 9.125, 11.375], "texture": "#3"},
				"east": {"uv": [9.25, 11.125, 9.375, 11.375], "texture": "#3"},
				"south": {"uv": [9.125, 11.125, 9.375, 11.375], "texture": "#3"},
				"west": {"uv": [9.125, 11.125, 9.25, 11.375], "texture": "#3"},
				"up": {"uv": [9.125, 11.125, 9.375, 11.25], "texture": "#3"},
				"down": {"uv": [9.125, 11.25, 9.375, 11.375], "texture": "#3"}
			}
		},
		{
			"name": "eb1_18",
			"from": [6.75, 4.5, 7.9],
			"to": [6.875, 4.75, 8.225],
			"rotation": {"angle": 0, "axis": "y", "origin": [0, 0, 8]},
			"faces": {
				"north": {"uv": [6.875, 11.25, 6.75, 11.5], "texture": "#3"},
				"east": {"uv": [6.75, 11.25, 6.875, 11.5], "texture": "#3"},
				"south": {"uv": [6.75, 11.25, 6.875, 11.5], "texture": "#3"},
				"west": {"uv": [6.75, 11.25, 6.875, 11.5], "texture": "#3"},
				"up": {"uv": [6.75, 11.25, 6.875, 11.375], "texture": "#3"},
				"down": {"uv": [6.75, 11.375, 6.875, 11.5], "texture": "#3"}
			}
		},
		{
			"name": "eb1_19",
			"from": [9, 4.5, 7.9],
			"to": [9.125, 4.75, 8.225],
			"rotation": {"angle": 0, "axis": "y", "origin": [0, 0, 8]},
			"faces": {
				"north": {"uv": [9.125, 11.25, 9, 11.5], "texture": "#3"},
				"east": {"uv": [9, 11.25, 9.125, 11.5], "texture": "#3"},
				"south": {"uv": [9, 11.25, 9.125, 11.5], "texture": "#3"},
				"west": {"uv": [9, 11.25, 9.125, 11.5], "texture": "#3"},
				"up": {"uv": [9, 11.25, 9.125, 11.375], "texture": "#3"},
				"down": {"uv": [9, 11.375, 9.125, 11.5], "texture": "#3"}
			}
		},
		{
			"name": "eb1_20",
			"from": [6.625, 4.5, 7.9],
			"to": [6.75, 4.625, 8.225],
			"rotation": {"angle": 0, "axis": "y", "origin": [0, 0, 8]},
			"faces": {
				"north": {"uv": [6.75, 11.375, 6.625, 11.5], "texture": "#3"},
				"east": {"uv": [6.625, 11.375, 6.75, 11.5], "texture": "#3"},
				"south": {"uv": [6.625, 11.375, 6.75, 11.5], "texture": "#3"},
				"west": {"uv": [6.625, 11.375, 6.75, 11.5], "texture": "#3"},
				"up": {"uv": [6.625, 11.375, 6.75, 11.5], "texture": "#3"},
				"down": {"uv": [6.625, 11.375, 6.75, 11.5], "texture": "#3"}
			}
		},
		{
			"name": "eb1_21",
			"from": [9.125, 4.5, 7.9],
			"to": [9.25, 4.625, 8.225],
			"rotation": {"angle": 0, "axis": "y", "origin": [0, 0, 8]},
			"faces": {
				"north": {"uv": [9.25, 11.375, 9.125, 11.5], "texture": "#3"},
				"east": {"uv": [9.125, 11.375, 9.25, 11.5], "texture": "#3"},
				"south": {"uv": [9.125, 11.375, 9.25, 11.5], "texture": "#3"},
				"west": {"uv": [9.125, 11.375, 9.25, 11.5], "texture": "#3"},
				"up": {"uv": [9.125, 11.375, 9.25, 11.5], "texture": "#3"},
				"down": {"uv": [9.125, 11.375, 9.25, 11.5], "texture": "#3"}
			}
		},
		{
			"name": "eb1_22",
			"from": [7.75, 1.875, 7.9],
			"to": [8.125, 4.375, 8.225],
			"rotation": {"angle": 0, "axis": "y", "origin": [0, 0, 8]},
			"faces": {
				"north": {"uv": [8.125, 11.625, 7.75, 14.125], "texture": "#3"},
				"east": {"uv": [8, 11.625, 8.125, 14.125], "texture": "#3"},
				"south": {"uv": [7.75, 11.625, 8.125, 14.125], "texture": "#3"},
				"west": {"uv": [7.75, 11.625, 7.875, 14.125], "texture": "#3"},
				"up": {"uv": [7.75, 11.625, 8.125, 11.75], "texture": "#3"},
				"down": {"uv": [7.75, 14, 8.125, 14.125], "texture": "#3"}
			}
		},
		{
			"name": "eb1_23",
			"from": [7.5, 1.625, 7.7],
			"to": [8.375, 1.75, 8.425],
			"rotation": {"angle": 0, "axis": "y", "origin": [0, 0, 8]},
			"faces": {
				"north": {"uv": [8.375, 14.25, 7.5, 14.375], "texture": "#3"},
				"east": {"uv": [8.25, 14.25, 8.375, 14.375], "texture": "#3"},
				"south": {"uv": [7.5, 14.25, 8.375, 14.375], "texture": "#3"},
				"west": {"uv": [7.5, 14.25, 7.625, 14.375], "texture": "#3"},
				"up": {"uv": [7.5, 14.25, 8.375, 14.375], "texture": "#3"},
				"down": {"uv": [7.5, 14.25, 8.375, 14.375], "texture": "#3"}
			}
		},
		{
			"name": "eb1_24",
			"from": [7.875, 1.375, 7.9],
			"to": [8, 1.5, 8.225],
			"rotation": {"angle": 0, "axis": "y", "origin": [0, 0, 8]},
			"faces": {
				"north": {"uv": [8, 14.5, 7.875, 14.625], "texture": "#3"},
				"east": {"uv": [7.875, 14.5, 8, 14.625], "texture": "#3"},
				"south": {"uv": [7.875, 14.5, 8, 14.625], "texture": "#3"},
				"west": {"uv": [7.875, 14.5, 8, 14.625], "texture": "#3"},
				"up": {"uv": [7.875, 14.5, 8, 14.625], "texture": "#3"},
				"down": {"uv": [7.875, 14.5, 8, 14.625], "texture": "#3"}
			}
		},
		{
			"name": "eb3_0",
			"from": [7.875, 5.375, 7.85],
			"to": [8, 6.5, 8.275],
			"rotation": {"angle": 0, "axis": "y", "origin": [0, 0, 8]},
			"faces": {
				"north": {"uv": [8, 9.5, 7.875, 10.625], "texture": "#3"},
				"east": {"uv": [7.875, 9.5, 8, 10.625], "texture": "#3"},
				"south": {"uv": [7.875, 9.5, 8, 10.625], "texture": "#3"},
				"west": {"uv": [7.875, 9.5, 8, 10.625], "texture": "#3"},
				"up": {"uv": [7.875, 9.5, 8, 9.625], "texture": "#3"},
				"down": {"uv": [7.875, 10.5, 8, 10.625], "texture": "#3"}
			}
		},
		{
			"name": "eb3_1",
			"from": [7.75, 5.375, 7.85],
			"to": [7.875, 6, 8.275],
			"rotation": {"angle": 0, "axis": "y", "origin": [0, 0, 8]},
			"faces": {
				"north": {"uv": [7.875, 10, 7.75, 10.625], "texture": "#3"},
				"east": {"uv": [7.75, 10, 7.875, 10.625], "texture": "#3"},
				"south": {"uv": [7.75, 10, 7.875, 10.625], "texture": "#3"},
				"west": {"uv": [7.75, 10, 7.875, 10.625], "texture": "#3"},
				"up": {"uv": [7.75, 10, 7.875, 10.125], "texture": "#3"},
				"down": {"uv": [7.75, 10.5, 7.875, 10.625], "texture": "#3"}
			}
		},
		{
			"name": "eb3_2",
			"from": [8, 5.375, 7.85],
			"to": [8.125, 6, 8.275],
			"rotation": {"angle": 0, "axis": "y", "origin": [0, 0, 8]},
			"faces": {
				"north": {"uv": [8.125, 10, 8, 10.625], "texture": "#3"},
				"east": {"uv": [8, 10, 8.125, 10.625], "texture": "#3"},
				"south": {"uv": [8, 10, 8.125, 10.625], "texture": "#3"},
				"west": {"uv": [8, 10, 8.125, 10.625], "texture": "#3"},
				"up": {"uv": [8, 10, 8.125, 10.125], "texture": "#3"},
				"down": {"uv": [8, 10.5, 8.125, 10.625], "texture": "#3"}
			}
		},
		{
			"name": "eb3_3",
			"from": [7.625, 5.25, 7.85],
			"to": [7.75, 5.5, 8.275],
			"rotation": {"angle": 0, "axis": "y", "origin": [0, 0, 8]},
			"faces": {
				"north": {"uv": [7.75, 10.5, 7.625, 10.75], "texture": "#3"},
				"east": {"uv": [7.625, 10.5, 7.75, 10.75], "texture": "#3"},
				"south": {"uv": [7.625, 10.5, 7.75, 10.75], "texture": "#3"},
				"west": {"uv": [7.625, 10.5, 7.75, 10.75], "texture": "#3"},
				"up": {"uv": [7.625, 10.5, 7.75, 10.625], "texture": "#3"},
				"down": {"uv": [7.625, 10.625, 7.75, 10.75], "texture": "#3"}
			}
		},
		{
			"name": "eb3_4",
			"from": [8.125, 5.25, 7.85],
			"to": [8.25, 5.5, 8.275],
			"rotation": {"angle": 0, "axis": "y", "origin": [0, 0, 8]},
			"faces": {
				"north": {"uv": [8.25, 10.5, 8.125, 10.75], "texture": "#3"},
				"east": {"uv": [8.125, 10.5, 8.25, 10.75], "texture": "#3"},
				"south": {"uv": [8.125, 10.5, 8.25, 10.75], "texture": "#3"},
				"west": {"uv": [8.125, 10.5, 8.25, 10.75], "texture": "#3"},
				"up": {"uv": [8.125, 10.5, 8.25, 10.625], "texture": "#3"},
				"down": {"uv": [8.125, 10.625, 8.25, 10.75], "texture": "#3"}
			}
		},
		{
			"name": "eb3_5",
			"from": [7.5, 5.125, 7.85],
			"to": [7.625, 5.375, 8.275],
			"rotation": {"angle": 0, "axis": "y", "origin": [0, 0, 8]},
			"faces": {
				"north": {"uv": [7.625, 10.625, 7.5, 10.875], "texture": "#3"},
				"east": {"uv": [7.5, 10.625, 7.625, 10.875], "texture": "#3"},
				"south": {"uv": [7.5, 10.625, 7.625, 10.875], "texture": "#3"},
				"west": {"uv": [7.5, 10.625, 7.625, 10.875], "texture": "#3"},
				"up": {"uv": [7.5, 10.625, 7.625, 10.75], "texture": "#3"},
				"down": {"uv": [7.5, 10.75, 7.625, 10.875], "texture": "#3"}
			}
		},
		{
			"name": "eb3_6",
			"from": [8.25, 5.125, 7.85],
			"to": [8.375, 5.375, 8.275],
			"rotation": {"angle": 0, "axis": "y", "origin": [0, 0, 8]},
			"faces": {
				"north": {"uv": [8.375, 10.625, 8.25, 10.875], "texture": "#3"},
				"east": {"uv": [8.25, 10.625, 8.375, 10.875], "texture": "#3"},
				"south": {"uv": [8.25, 10.625, 8.375, 10.875], "texture": "#3"},
				"west": {"uv": [8.25, 10.625, 8.375, 10.875], "texture": "#3"},
				"up": {"uv": [8.25, 10.625, 8.375, 10.75], "texture": "#3"},
				"down": {"uv": [8.25, 10.75, 8.375, 10.875], "texture": "#3"}
			}
		},
		{
			"name": "eb3_7",
			"from": [7.25, 4.875, 7.85],
			"to": [7.5, 5.25, 8.275],
			"rotation": {"angle": 0, "axis": "y", "origin": [0, 0, 8]},
			"faces": {
				"north": {"uv": [7.5, 10.75, 7.25, 11.125], "texture": "#3"},
				"east": {"uv": [7.375, 10.75, 7.5, 11.125], "texture": "#3"},
				"south": {"uv": [7.25, 10.75, 7.5, 11.125], "texture": "#3"},
				"west": {"uv": [7.25, 10.75, 7.375, 11.125], "texture": "#3"},
				"up": {"uv": [7.25, 10.75, 7.5, 10.875], "texture": "#3"},
				"down": {"uv": [7.25, 11, 7.5, 11.125], "texture": "#3"}
			}
		},
		{
			"name": "eb3_8",
			"from": [8.375, 4.875, 7.85],
			"to": [8.625, 5.25, 8.275],
			"rotation": {"angle": 0, "axis": "y", "origin": [0, 0, 8]},
			"faces": {
				"north": {"uv": [8.625, 10.75, 8.375, 11.125], "texture": "#3"},
				"east": {"uv": [8.5, 10.75, 8.625, 11.125], "texture": "#3"},
				"south": {"uv": [8.375, 10.75, 8.625, 11.125], "texture": "#3"},
				"west": {"uv": [8.375, 10.75, 8.5, 11.125], "texture": "#3"},
				"up": {"uv": [8.375, 10.75, 8.625, 10.875], "texture": "#3"},
				"down": {"uv": [8.375, 11, 8.625, 11.125], "texture": "#3"}
			}
		},
		{
			"name": "eb3_9",
			"from": [7.375, 4.625, 7.85],
			"to": [7.5, 4.875, 8.275],
			"rotation": {"angle": 0, "axis": "y", "origin": [0, 0, 8]},
			"faces": {
				"north": {"uv": [7.5, 11.125, 7.375, 11.375], "texture": "#3"},
				"east": {"uv": [7.375, 11.125, 7.5, 11.375], "texture": "#3"},
				"south": {"uv": [7.375, 11.125, 7.5, 11.375], "texture": "#3"},
				"west": {"uv": [7.375, 11.125, 7.5, 11.375], "texture": "#3"},
				"up": {"uv": [7.375, 11.125, 7.5, 11.25], "texture": "#3"},
				"down": {"uv": [7.375, 11.25, 7.5, 11.375], "texture": "#3"}
			}
		},
		{
			"name": "eb3_10",
			"from": [8.375, 4.625, 7.85],
			"to": [8.5, 4.875, 8.275],
			"rotation": {"angle": 0, "axis": "y", "origin": [0, 0, 8]},
			"faces": {
				"north": {"uv": [8.5, 11.125, 8.375, 11.375], "texture": "#3"},
				"east": {"uv": [8.375, 11.125, 8.5, 11.375], "texture": "#3"},
				"south": {"uv": [8.375, 11.125, 8.5, 11.375], "texture": "#3"},
				"west": {"uv": [8.375, 11.125, 8.5, 11.375], "texture": "#3"},
				"up": {"uv": [8.375, 11.125, 8.5, 11.25], "texture": "#3"},
				"down": {"uv": [8.375, 11.25, 8.5, 11.375], "texture": "#3"}
			}
		},
		{
			"name": "eb3_11",
			"from": [7.5, 4.5, 7.85],
			"to": [7.625, 4.75, 8.275],
			"rotation": {"angle": 0, "axis": "y", "origin": [0, 0, 8]},
			"faces": {
				"north": {"uv": [7.625, 11.25, 7.5, 11.5], "texture": "#3"},
				"east": {"uv": [7.5, 11.25, 7.625, 11.5], "texture": "#3"},
				"south": {"uv": [7.5, 11.25, 7.625, 11.5], "texture": "#3"},
				"west": {"uv": [7.5, 11.25, 7.625, 11.5], "texture": "#3"},
				"up": {"uv": [7.5, 11.25, 7.625, 11.375], "texture": "#3"},
				"down": {"uv": [7.5, 11.375, 7.625, 11.5], "texture": "#3"}
			}
		},
		{
			"name": "eb3_12",
			"from": [8.25, 4.5, 7.85],
			"to": [8.375, 4.75, 8.275],
			"rotation": {"angle": 0, "axis": "y", "origin": [0, 0, 8]},
			"faces": {
				"north": {"uv": [8.375, 11.25, 8.25, 11.5], "texture": "#3"},
				"east": {"uv": [8.25, 11.25, 8.375, 11.5], "texture": "#3"},
				"south": {"uv": [8.25, 11.25, 8.375, 11.5], "texture": "#3"},
				"west": {"uv": [8.25, 11.25, 8.375, 11.5], "texture": "#3"},
				"up": {"uv": [8.25, 11.25, 8.375, 11.375], "texture": "#3"},
				"down": {"uv": [8.25, 11.375, 8.375, 11.5], "texture": "#3"}
			}
		},
		{
			"name": "eb3_13",
			"from": [7.625, 4.5, 7.85],
			"to": [7.75, 4.625, 8.275],
			"rotation": {"angle": 0, "axis": "y", "origin": [0, 0, 8]},
			"faces": {
				"north": {"uv": [7.75, 11.375, 7.625, 11.5], "texture": "#3"},
				"east": {"uv": [7.625, 11.375, 7.75, 11.5], "texture": "#3"},
				"south": {"uv": [7.625, 11.375, 7.75, 11.5], "texture": "#3"},
				"west": {"uv": [7.625, 11.375, 7.75, 11.5], "texture": "#3"},
				"up": {"uv": [7.625, 11.375, 7.75, 11.5], "texture": "#3"},
				"down": {"uv": [7.625, 11.375, 7.75, 11.5], "texture": "#3"}
			}
		},
		{
			"name": "eb3_14",
			"from": [8.125, 4.5, 7.85],
			"to": [8.25, 4.625, 8.275],
			"rotation": {"angle": 0, "axis": "y", "origin": [0, 0, 8]},
			"faces": {
				"north": {"uv": [8.25, 11.375, 8.125, 11.5], "texture": "#3"},
				"east": {"uv": [8.125, 11.375, 8.25, 11.5], "texture": "#3"},
				"south": {"uv": [8.125, 11.375, 8.25, 11.5], "texture": "#3"},
				"west": {"uv": [8.125, 11.375, 8.25, 11.5], "texture": "#3"},
				"up": {"uv": [8.125, 11.375, 8.25, 11.5], "texture": "#3"},
				"down": {"uv": [8.125, 11.375, 8.25, 11.5], "texture": "#3"}
			}
		},
		{
			"name": "eb3_15",
			"from": [7.75, 4.375, 7.85],
			"to": [8.125, 4.5, 8.275],
			"rotation": {"angle": 0, "axis": "y", "origin": [0, 0, 8]},
			"faces": {
				"north": {"uv": [8.125, 11.5, 7.75, 11.625], "texture": "#3"},
				"east": {"uv": [8, 11.5, 8.125, 11.625], "texture": "#3"},
				"south": {"uv": [7.75, 11.5, 8.125, 11.625], "texture": "#3"},
				"west": {"uv": [7.75, 11.5, 7.875, 11.625], "texture": "#3"},
				"up": {"uv": [7.75, 11.5, 8.125, 11.625], "texture": "#3"},
				"down": {"uv": [7.75, 11.5, 8.125, 11.625], "texture": "#3"}
			}
		},
		{
			"name": "eb2_0",
			"from": [7.875, 11.75, 8],
			"to": [8, 12, 8.125],
			"rotation": {"angle": 0, "axis": "y", "origin": [0, 0, 8]},
			"faces": {
				"north": {"uv": [8, 4, 7.875, 4.25], "texture": "#3"},
				"east": {"uv": [7.875, 4, 8, 4.25], "texture": "#3"},
				"south": {"uv": [7.875, 4, 8, 4.25], "texture": "#3"},
				"west": {"uv": [7.875, 4, 8, 4.25], "texture": "#3"},
				"up": {"uv": [7.875, 4, 8, 4.125], "texture": "#3"},
				"down": {"uv": [7.875, 4.125, 8, 4.25], "texture": "#3"}
			}
		},
		{
			"name": "eb2_1",
			"from": [7.75, 11.25, 8],
			"to": [7.875, 11.75, 8.125],
			"rotation": {"angle": 0, "axis": "y", "origin": [0, 0, 8]},
			"faces": {
				"north": {"uv": [7.875, 4.25, 7.75, 4.75], "texture": "#3"},
				"east": {"uv": [7.75, 4.25, 7.875, 4.75], "texture": "#3"},
				"south": {"uv": [7.75, 4.25, 7.875, 4.75], "texture": "#3"},
				"west": {"uv": [7.75, 4.25, 7.875, 4.75], "texture": "#3"},
				"up": {"uv": [7.75, 4.25, 7.875, 4.375], "texture": "#3"},
				"down": {"uv": [7.75, 4.625, 7.875, 4.75], "texture": "#3"}
			}
		},
		{
			"name": "eb2_2",
			"from": [8, 11.25, 8],
			"to": [8.125, 11.75, 8.125],
			"rotation": {"angle": 0, "axis": "y", "origin": [0, 0, 8]},
			"faces": {
				"north": {"uv": [8.125, 4.25, 8, 4.75], "texture": "#3"},
				"east": {"uv": [8, 4.25, 8.125, 4.75], "texture": "#3"},
				"south": {"uv": [8, 4.25, 8.125, 4.75], "texture": "#3"},
				"west": {"uv": [8, 4.25, 8.125, 4.75], "texture": "#3"},
				"up": {"uv": [8, 4.25, 8.125, 4.375], "texture": "#3"},
				"down": {"uv": [8, 4.625, 8.125, 4.75], "texture": "#3"}
			}
		},
		{
			"name": "eb2_3",
			"from": [7.625, 5.875, 8],
			"to": [7.75, 11.25, 8.125],
			"rotation": {"angle": 0, "axis": "y", "origin": [0, 0, 8]},
			"faces": {
				"north": {"uv": [7.75, 4.75, 7.625, 10.125], "texture": "#3"},
				"east": {"uv": [7.625, 4.75, 7.75, 10.125], "texture": "#3"},
				"south": {"uv": [7.625, 4.75, 7.75, 10.125], "texture": "#3"},
				"west": {"uv": [7.625, 4.75, 7.75, 10.125], "texture": "#3"},
				"up": {"uv": [7.625, 4.75, 7.75, 4.875], "texture": "#3"},
				"down": {"uv": [7.625, 10, 7.75, 10.125], "texture": "#3"}
			}
		},
		{
			"name": "eb2_4",
			"from": [8.125, 5.875, 8],
			"to": [8.25, 11.25, 8.125],
			"rotation": {"angle": 0, "axis": "y", "origin": [0, 0, 8]},
			"faces": {
				"north": {"uv": [8.25, 4.75, 8.125, 10.125], "texture": "#3"},
				"east": {"uv": [8.125, 4.75, 8.25, 10.125], "texture": "#3"},
				"south": {"uv": [8.125, 4.75, 8.25, 10.125], "texture": "#3"},
				"west": {"uv": [8.125, 4.75, 8.25, 10.125], "texture": "#3"},
				"up": {"uv": [8.125, 4.75, 8.25, 4.875], "texture": "#3"},
				"down": {"uv": [8.125, 10, 8.25, 10.125], "texture": "#3"}
			}
		},
		{
			"name": "eb2_5",
			"from": [7.5, 5.5, 8],
			"to": [7.625, 5.875, 8.125],
			"rotation": {"angle": 0, "axis": "y", "origin": [0, 0, 8]},
			"faces": {
				"north": {"uv": [7.625, 10.125, 7.5, 10.5], "texture": "#3"},
				"east": {"uv": [7.5, 10.125, 7.625, 10.5], "texture": "#3"},
				"south": {"uv": [7.5, 10.125, 7.625, 10.5], "texture": "#3"},
				"west": {"uv": [7.5, 10.125, 7.625, 10.5], "texture": "#3"},
				"up": {"uv": [7.5, 10.125, 7.625, 10.25], "texture": "#3"},
				"down": {"uv": [7.5, 10.375, 7.625, 10.5], "texture": "#3"}
			}
		},
		{
			"name": "eb2_6",
			"from": [8.25, 5.5, 8],
			"to": [8.375, 5.875, 8.125],
			"rotation": {"angle": 0, "axis": "y", "origin": [0, 0, 8]},
			"faces": {
				"north": {"uv": [8.375, 10.125, 8.25, 10.5], "texture": "#3"},
				"east": {"uv": [8.25, 10.125, 8.375, 10.5], "texture": "#3"},
				"south": {"uv": [8.25, 10.125, 8.375, 10.5], "texture": "#3"},
				"west": {"uv": [8.25, 10.125, 8.375, 10.5], "texture": "#3"},
				"up": {"uv": [8.25, 10.125, 8.375, 10.25], "texture": "#3"},
				"down": {"uv": [8.25, 10.375, 8.375, 10.5], "texture": "#3"}
			}
		},
		{
			"name": "eb2_7",
			"from": [7.375, 5.25, 8],
			"to": [7.5, 5.5, 8.125],
			"rotation": {"angle": 0, "axis": "y", "origin": [0, 0, 8]},
			"faces": {
				"north": {"uv": [7.5, 10.5, 7.375, 10.75], "texture": "#3"},
				"east": {"uv": [7.375, 10.5, 7.5, 10.75], "texture": "#3"},
				"south": {"uv": [7.375, 10.5, 7.5, 10.75], "texture": "#3"},
				"west": {"uv": [7.375, 10.5, 7.5, 10.75], "texture": "#3"},
				"up": {"uv": [7.375, 10.5, 7.5, 10.625], "texture": "#3"},
				"down": {"uv": [7.375, 10.625, 7.5, 10.75], "texture": "#3"}
			}
		},
		{
			"name": "eb2_8",
			"from": [8.375, 5.25, 8],
			"to": [8.5, 5.5, 8.125],
			"rotation": {"angle": 0, "axis": "y", "origin": [0, 0, 8]},
			"faces": {
				"north": {"uv": [8.5, 10.5, 8.375, 10.75], "texture": "#3"},
				"east": {"uv": [8.375, 10.5, 8.5, 10.75], "texture": "#3"},
				"south": {"uv": [8.375, 10.5, 8.5, 10.75], "texture": "#3"},
				"west": {"uv": [8.375, 10.5, 8.5, 10.75], "texture": "#3"},
				"up": {"uv": [8.375, 10.5, 8.5, 10.625], "texture": "#3"},
				"down": {"uv": [8.375, 10.625, 8.5, 10.75], "texture": "#3"}
			}
		},
		{
			"name": "eb2_9",
			"from": [7.75, 5.25, 7.9],
			"to": [8.125, 5.375, 8.225],
			"rotation": {"angle": 0, "axis": "y", "origin": [0, 0, 8]},
			"faces": {
				"north": {"uv": [8.125, 10.625, 7.75, 10.75], "texture": "#3"},
				"east": {"uv": [8, 10.625, 8.125, 10.75], "texture": "#3"},
				"south": {"uv": [7.75, 10.625, 8.125, 10.75], "texture": "#3"},
				"west": {"uv": [7.75, 10.625, 7.875, 10.75], "texture": "#3"},
				"up": {"uv": [7.75, 10.625, 8.125, 10.75], "texture": "#3"},
				"down": {"uv": [7.75, 10.625, 8.125, 10.75], "texture": "#3"}
			}
		},
		{
			"name": "eb2_10",
			"from": [7.625, 5.125, 8],
			"to": [7.75, 5.25, 8.125],
			"rotation": {"angle": 0, "axis": "y", "origin": [0, 0, 8]},
			"faces": {
				"north": {"uv": [7.75, 10.75, 7.625, 10.875], "texture": "#3"},
				"east": {"uv": [7.625, 10.75, 7.75, 10.875], "texture": "#3"},
				"south": {"uv": [7.625, 10.75, 7.75, 10.875], "texture": "#3"},
				"west": {"uv": [7.625, 10.75, 7.75, 10.875], "texture": "#3"},
				"up": {"uv": [7.625, 10.75, 7.75, 10.875], "texture": "#3"},
				"down": {"uv": [7.625, 10.75, 7.75, 10.875], "texture": "#3"}
			}
		},
		{
			"name": "eb2_11",
			"from": [8.125, 5.125, 7.9],
			"to": [8.25, 5.25, 8.225],
			"rotation": {"angle": 0, "axis": "y", "origin": [0, 0, 8]},
			"faces": {
				"north": {"uv": [8.25, 10.75, 8.125, 10.875], "texture": "#3"},
				"east": {"uv": [8.125, 10.75, 8.25, 10.875], "texture": "#3"},
				"south": {"uv": [8.125, 10.75, 8.25, 10.875], "texture": "#3"},
				"west": {"uv": [8.125, 10.75, 8.25, 10.875], "texture": "#3"},
				"up": {"uv": [8.125, 10.75, 8.25, 10.875], "texture": "#3"},
				"down": {"uv": [8.125, 10.75, 8.25, 10.875], "texture": "#3"}
			}
		},
		{
			"name": "eb2_12",
			"from": [7.5, 4.75, 7.9],
			"to": [7.625, 5.125, 8.225],
			"rotation": {"angle": 0, "axis": "y", "origin": [0, 0, 8]},
			"faces": {
				"north": {"uv": [7.625, 10.875, 7.5, 11.25], "texture": "#3"},
				"east": {"uv": [7.5, 10.875, 7.625, 11.25], "texture": "#3"},
				"south": {"uv": [7.5, 10.875, 7.625, 11.25], "texture": "#3"},
				"west": {"uv": [7.5, 10.875, 7.625, 11.25], "texture": "#3"},
				"up": {"uv": [7.5, 10.875, 7.625, 11], "texture": "#3"},
				"down": {"uv": [7.5, 11.125, 7.625, 11.25], "texture": "#3"}
			}
		},
		{
			"name": "eb2_13",
			"from": [8.25, 4.75, 7.9],
			"to": [8.375, 5.125, 8.225],
			"rotation": {"angle": 0, "axis": "y", "origin": [0, 0, 8]},
			"faces": {
				"north": {"uv": [8.375, 10.875, 8.25, 11.25], "texture": "#3"},
				"east": {"uv": [8.25, 10.875, 8.375, 11.25], "texture": "#3"},
				"south": {"uv": [8.25, 10.875, 8.375, 11.25], "texture": "#3"},
				"west": {"uv": [8.25, 10.875, 8.375, 11.25], "texture": "#3"},
				"up": {"uv": [8.25, 10.875, 8.375, 11], "texture": "#3"},
				"down": {"uv": [8.25, 11.125, 8.375, 11.25], "texture": "#3"}
			}
		},
		{
			"name": "eb2_14",
			"from": [7.625, 4.625, 7.9],
			"to": [7.75, 4.75, 8.225],
			"rotation": {"angle": 0, "axis": "y", "origin": [0, 0, 8]},
			"faces": {
				"north": {"uv": [7.75, 11.25, 7.625, 11.375], "texture": "#3"},
				"east": {"uv": [7.625, 11.25, 7.75, 11.375], "texture": "#3"},
				"south": {"uv": [7.625, 11.25, 7.75, 11.375], "texture": "#3"},
				"west": {"uv": [7.625, 11.25, 7.75, 11.375], "texture": "#3"},
				"up": {"uv": [7.625, 11.25, 7.75, 11.375], "texture": "#3"},
				"down": {"uv": [7.625, 11.25, 7.75, 11.375], "texture": "#3"}
			}
		},
		{
			"name": "eb2_15",
			"from": [8.125, 4.625, 7.9],
			"to": [8.25, 4.75, 8.225],
			"rotation": {"angle": 0, "axis": "y", "origin": [0, 0, 8]},
			"faces": {
				"north": {"uv": [8.25, 11.25, 8.125, 11.375], "texture": "#3"},
				"east": {"uv": [8.125, 11.25, 8.25, 11.375], "texture": "#3"},
				"south": {"uv": [8.125, 11.25, 8.25, 11.375], "texture": "#3"},
				"west": {"uv": [8.125, 11.25, 8.25, 11.375], "texture": "#3"},
				"up": {"uv": [8.125, 11.25, 8.25, 11.375], "texture": "#3"},
				"down": {"uv": [8.125, 11.25, 8.25, 11.375], "texture": "#3"}
			}
		},
		{
			"name": "eb2_16",
			"from": [7.75, 4.5, 7.9],
			"to": [8.125, 4.625, 8.225],
			"rotation": {"angle": 0, "axis": "y", "origin": [0, 0, 8]},
			"faces": {
				"north": {"uv": [8.125, 11.375, 7.75, 11.5], "texture": "#3"},
				"east": {"uv": [8, 11.375, 8.125, 11.5], "texture": "#3"},
				"south": {"uv": [7.75, 11.375, 8.125, 11.5], "texture": "#3"},
				"west": {"uv": [7.75, 11.375, 7.875, 11.5], "texture": "#3"},
				"up": {"uv": [7.75, 11.375, 8.125, 11.5], "texture": "#3"},
				"down": {"uv": [7.75, 11.375, 8.125, 11.5], "texture": "#3"}
			}
		},
		{
			"name": "eb2_17",
			"from": [7.625, 1.75, 7.8],
			"to": [8.25, 1.875, 8.325],
			"rotation": {"angle": 0, "axis": "y", "origin": [0, 0, 8]},
			"faces": {
				"north": {"uv": [8.25, 14.125, 7.625, 14.25], "texture": "#3"},
				"east": {"uv": [8.125, 14.125, 8.25, 14.25], "texture": "#3"},
				"south": {"uv": [7.625, 14.125, 8.25, 14.25], "texture": "#3"},
				"west": {"uv": [7.625, 14.125, 7.75, 14.25], "texture": "#3"},
				"up": {"uv": [7.625, 14.125, 8.25, 14.25], "texture": "#3"},
				"down": {"uv": [7.625, 14.125, 8.25, 14.25], "texture": "#3"}
			}
		},
		{
			"name": "eb2_18",
			"from": [7.625, 1.5, 7.8],
			"to": [8.25, 1.625, 8.325],
			"rotation": {"angle": 0, "axis": "y", "origin": [0, 0, 8]},
			"faces": {
				"north": {"uv": [8.25, 14.375, 7.625, 14.5], "texture": "#3"},
				"east": {"uv": [8.125, 14.375, 8.25, 14.5], "texture": "#3"},
				"south": {"uv": [7.625, 14.375, 8.25, 14.5], "texture": "#3"},
				"west": {"uv": [7.625, 14.375, 7.75, 14.5], "texture": "#3"},
				"up": {"uv": [7.625, 14.375, 8.25, 14.5], "texture": "#3"},
				"down": {"uv": [7.625, 14.375, 8.25, 14.5], "texture": "#3"}
			}
		}
	],
	"gui_light": "front",
	"display": {
		"thirdperson_righthand": {
			"rotation": [0, -90, 0],
			"translation": [-0.25, 9.75, 1.75],
			"scale": [2.6, 2.6, 2.3]
		},
		"thirdperson_lefthand": {
			"rotation": [0, 90, 0],
			"translation": [-0.25, 9.75, 1.75],
			"scale": [2.6, 2.6, 2.3]
		},
		"firstperson_righthand": {
			"rotation": [8, -90, 0],
			"translation": [0, 8, 1.75],
			"scale": [1.8, 1.8, 1.8]
		},
		"firstperson_lefthand": {
			"rotation": [8, 90, 0],
			"translation": [0, 8, 1.75],
			"scale": [1.8, 1.8, 1.8]
		},
		"ground": {
			"translation": [0, 7, 0.5],
			"scale": [2, 2, 2]
		},
		"gui": {
			"rotation": [0, 0, -46],
			"translation": [1.75, 2.25, 0],
			"scale": [2.2, 2.2, 2.2]
		},
		"head": {
			"rotation": [0, 0, 144],
			"translation": [-2, -15.75, 3.75],
			"scale": [4, 4, 4]
		},
		"fixed": {
			"rotation": [0, 179, -45],
			"translation": [-4.5, 4.25, -0.75],
			"scale": [4, 4, 4]
		}
	},
	"groups": [
		{
			"name": "eb1",
			"origin": [8, 8, 8],
			"color": 0,
			"children": [0, 1, 2, 3, 4, 5, 6, 7, 8, 9, 10, 11, 12, 13, 14, 15, 16, 17, 18, 19, 20, 21, 22, 23, 24]
		},
		{
			"name": "eb3",
			"origin": [8, 8, 8],
			"color": 0,
			"children": [25, 26, 27, 28, 29, 30, 31, 32, 33, 34, 35, 36, 37, 38, 39, 40]
		},
		{
			"name": "eb2",
			"origin": [8, 8, 8],
			"color": 0,
			"children": [41, 42, 43, 44, 45, 46, 47, 48, 49, 50, 51, 52, 53, 54, 55, 56, 57, 58, 59]
		}
	]
}