{
	"format_version": "1.21.6",
	"credit": "Made with Blockbench",
	"textures": {
		"0": "archon:item/frost_sword",
		"particle": "archon:item/frost_sword"
	},
	"elements": [
		{
			"name": "fs1_0",
			"from": [7.85, 10, 8],
			"to": [7.975, 11, 8.125],
			"rotation": {"angle": 0, "axis": "y", "origin": [0.1, 0, 8]},
			"faces": {
				"north": {"uv": [7.875, 5, 7.75, 6], "texture": "#0"},
				"east": {"uv": [7.75, 5, 7.875, 6], "texture": "#0"},
				"south": {"uv": [7.75, 5, 7.875, 6], "texture": "#0"},
				"west": {"uv": [7.75, 5, 7.875, 6], "texture": "#0"},
				"up": {"uv": [7.75, 5, 7.875, 5.125], "texture": "#0"}
			}
		},
		{
			"name": "fs1_1",
			"from": [8.1, 10.125, 8],
			"to": [8.225, 11, 8.125],
			"rotation": {"angle": 0, "axis": "y", "origin": [0.1, 0, 8]},
			"faces": {
				"north": {"uv": [8.125, 5, 8, 5.875], "texture": "#0"},
				"east": {"uv": [8, 5, 8.125, 5.875], "texture": "#0"},
				"south": {"uv": [8, 5, 8.125, 5.875], "texture": "#0"},
				"west": {"uv": [8, 5, 8.125, 5.875], "texture": "#0"},
				"up": {"uv": [8, 5, 8.125, 5.125], "texture": "#0"}
			}
		},
		{
			"name": "fs1_2",
			"from": [7.725, 9.5, 8],
			"to": [7.85, 10.625, 8.125],
			"rotation": {"angle": 0, "axis": "y", "origin": [0.1, 0, 8]},
			"faces": {
				"north": {"uv": [7.75, 5.375, 7.625, 6.5], "texture": "#0"},
				"south": {"uv": [7.625, 5.375, 7.75, 6.5], "texture": "#0"},
				"west": {"uv": [7.625, 5.375, 7.75, 6.5], "texture": "#0"},
				"up": {"uv": [7.625, 5.375, 7.75, 5.5], "texture": "#0"}
			}
		},
		{
			"name": "fs1_3",
			"from": [8.225, 9.75, 8],
			"to": [8.35, 10.625, 8.125],
			"rotation": {"angle": 0, "axis": "y", "origin": [0.1, 0, 8]},
			"faces": {
				"north": {"uv": [8.25, 5.375, 8.125, 6.25], "texture": "#0"},
				"east": {"uv": [8.125, 5.375, 8.25, 6.25], "texture": "#0"},
				"south": {"uv": [8.125, 5.375, 8.25, 6.25], "texture": "#0"},
				"up": {"uv": [8.125, 5.375, 8.25, 5.5], "texture": "#0"}
			}
		},
		{
			"name": "fs1_4",
			"from": [7.6, 6.125, 8],
			"to": [7.725, 10.125, 8.125],
			"rotation": {"angle": 0, "axis": "y", "origin": [0.1, 0, 8]},
			"faces": {
				"north": {"uv": [7.625, 5.875, 7.5, 9.875], "texture": "#0"},
				"south": {"uv": [7.5, 5.875, 7.625, 9.875], "texture": "#0"},
				"west": {"uv": [7.5, 5.875, 7.625, 9.875], "texture": "#0"},
				"up": {"uv": [7.5, 5.875, 7.625, 6], "texture": "#0"}
			}
		},
		{
			"name": "fs1_5",
			"from": [7.975, 9.75, 8],
			"to": [8.1, 10.125, 8.125],
			"rotation": {"angle": 0, "axis": "y", "origin": [0.1, 0, 8]},
			"faces": {
				"north": {"uv": [8, 5.875, 7.875, 6.25], "texture": "#0"},
				"south": {"uv": [7.875, 5.875, 8, 6.25], "texture": "#0"},
				"up": {"uv": [7.875, 5.875, 8, 6], "texture": "#0"}
			}
		},
		{
			"name": "fs1_6",
			"from": [8.35, 4.875, 8],
			"to": [8.475, 10.125, 8.125],
			"rotation": {"angle": 0, "axis": "y", "origin": [0.1, 0, 8]},
			"faces": {
				"north": {"uv": [8.375, 5.875, 8.25, 11.125], "texture": "#0"},
				"east": {"uv": [8.25, 5.875, 8.375, 11.125], "texture": "#0"},
				"south": {"uv": [8.25, 5.875, 8.375, 11.125], "texture": "#0"},
				"up": {"uv": [8.25, 5.875, 8.375, 6], "texture": "#0"}
			}
		},
		{
			"name": "fs1_7",
			"from": [7.475, 5.75, 8],
			"to": [7.6, 6.125, 8.125],
			"rotation": {"angle": 0, "axis": "y", "origin": [0.1, 0, 8]},
			"faces": {
				"north": {"uv": [7.5, 9.875, 7.375, 10.25], "texture": "#0"},
				"south": {"uv": [7.375, 9.875, 7.5, 10.25], "texture": "#0"},
				"west": {"uv": [7.375, 9.875, 7.5, 10.25], "texture": "#0"},
				"up": {"uv": [7.375, 9.875, 7.5, 10], "texture": "#0"}
			}
		},
		{
			"name": "fs1_8",
			"from": [7.35, 5.625, 8],
			"to": [7.475, 5.75, 8.125],
			"rotation": {"angle": 0, "axis": "y", "origin": [0.1, 0, 8]},
			"faces": {
				"north": {"uv": [7.375, 10.25, 7.25, 10.375], "texture": "#0"},
				"south": {"uv": [7.25, 10.25, 7.375, 10.375], "texture": "#0"},
				"west": {"uv": [7.25, 10.25, 7.375, 10.375], "texture": "#0"},
				"up": {"uv": [7.25, 10.25, 7.375, 10.375], "texture": "#0"},
				"down": {"uv": [7.25, 10.25, 7.375, 10.375], "texture": "#0"}
			}
		},
		{
			"name": "fs1_9",
			"from": [7.975, 4.125, 7.9],
			"to": [8.1, 5.75, 8.225],
			"rotation": {"angle": 0, "axis": "y", "origin": [0.1, 0, 8]},
			"faces": {
				"north": {"uv": [8, 10.25, 7.875, 11.875], "texture": "#0"},
				"east": {"uv": [7.875, 10.25, 8, 11.875], "texture": "#0"},
				"south": {"uv": [7.875, 10.25, 8, 11.875], "texture": "#0"},
				"west": {"uv": [7.875, 10.25, 8, 11.875], "texture": "#0"},
				"up": {"uv": [7.875, 10.25, 8, 10.375], "texture": "#0"}
			}
		},
		{
			"name": "fs1_10",
			"from": [7.475, 5.5, 8],
			"to": [7.6, 5.625, 8.125],
			"rotation": {"angle": 0, "axis": "y", "origin": [0.1, 0, 8]},
			"faces": {
				"north": {"uv": [7.5, 10.375, 7.375, 10.5], "texture": "#0"},
				"south": {"uv": [7.375, 10.375, 7.5, 10.5], "texture": "#0"},
				"west": {"uv": [7.375, 10.375, 7.5, 10.5], "texture": "#0"},
				"down": {"uv": [7.375, 10.375, 7.5, 10.5], "texture": "#0"}
			}
		},
		{
			"name": "fs1_11",
			"from": [7.6, 4.875, 8],
			"to": [7.725, 5.5, 8.125],
			"rotation": {"angle": 0, "axis": "y", "origin": [0.1, 0, 8]},
			"faces": {
				"north": {"uv": [7.625, 10.5, 7.5, 11.125], "texture": "#0"},
				"south": {"uv": [7.5, 10.5, 7.625, 11.125], "texture": "#0"},
				"west": {"uv": [7.5, 10.5, 7.625, 11.125], "texture": "#0"}
			}
		},
		{
			"name": "fs1_12",
			"from": [7.85, 4.125, 7.9],
			"to": [7.975, 5, 8.225],
			"rotation": {"angle": 0, "axis": "y", "origin": [0.1, 0, 8]},
			"faces": {
				"north": {"uv": [7.875, 11, 7.75, 11.875], "texture": "#0"},
				"south": {"uv": [7.75, 11, 7.875, 11.875], "texture": "#0"},
				"west": {"uv": [7.75, 11, 7.875, 11.875], "texture": "#0"},
				"up": {"uv": [7.75, 11, 7.875, 11.125], "texture": "#0"}
			}
		},
		{
			"name": "fs1_13",
			"from": [8.1, 4.125, 7.9],
			"to": [8.225, 5, 8.225],
			"rotation": {"angle": 0, "axis": "y", "origin": [0.1, 0, 8]},
			"faces": {
				"north": {"uv": [8.125, 11, 8, 11.875], "texture": "#0"},
				"east": {"uv": [8, 11, 8.125, 11.875], "texture": "#0"},
				"south": {"uv": [8, 11, 8.125, 11.875], "texture": "#0"},
				"up": {"uv": [8, 11, 8.125, 11.125], "texture": "#0"}
			}
		},
		{
			"name": "fs1_14",
			"from": [7.475, 3.875, 8],
			"to": [7.6, 4.875, 8.125],
			"rotation": {"angle": 0, "axis": "y", "origin": [0.1, 0, 8]},
			"faces": {
				"north": {"uv": [7.5, 11.125, 7.375, 12.125], "texture": "#0"},
				"south": {"uv": [7.375, 11.125, 7.5, 12.125], "texture": "#0"},
				"west": {"uv": [7.375, 11.125, 7.5, 12.125], "texture": "#0"},
				"up": {"uv": [7.375, 11.125, 7.5, 11.25], "texture": "#0"}
			}
		},
		{
			"name": "fs1_15",
			"from": [8.475, 4.625, 8],
			"to": [8.6, 4.875, 8.125],
			"rotation": {"angle": 0, "axis": "y", "origin": [0.1, 0, 8]},
			"faces": {
				"north": {"uv": [8.5, 11.125, 8.375, 11.375], "texture": "#0"},
				"east": {"uv": [8.375, 11.125, 8.5, 11.375], "texture": "#0"},
				"south": {"uv": [8.375, 11.125, 8.5, 11.375], "texture": "#0"},
				"up": {"uv": [8.375, 11.125, 8.5, 11.25], "texture": "#0"}
			}
		},
		{
			"name": "fs1_16",
			"from": [8.6, 4.375, 8],
			"to": [8.725, 4.625, 8.125],
			"rotation": {"angle": 0, "axis": "y", "origin": [0.1, 0, 8]},
			"faces": {
				"north": {"uv": [8.625, 11.375, 8.5, 11.625], "texture": "#0"},
				"east": {"uv": [8.5, 11.375, 8.625, 11.625], "texture": "#0"},
				"south": {"uv": [8.5, 11.375, 8.625, 11.625], "texture": "#0"},
				"up": {"uv": [8.5, 11.375, 8.625, 11.5], "texture": "#0"}
			}
		},
		{
			"name": "fs1_17",
			"from": [7.725, 4, 7.9],
			"to": [7.85, 4.375, 8.225],
			"rotation": {"angle": 0, "axis": "y", "origin": [0.1, 0, 8]},
			"faces": {
				"north": {"uv": [7.75, 11.625, 7.625, 12], "texture": "#0"},
				"south": {"uv": [7.625, 11.625, 7.75, 12], "texture": "#0"},
				"west": {"uv": [7.625, 11.625, 7.75, 12], "texture": "#0"},
				"up": {"uv": [7.625, 11.625, 7.75, 11.75], "texture": "#0"}
			}
		},
		{
			"name": "fs1_18",
			"from": [8.225, 4, 7.9],
			"to": [8.35, 4.375, 8.225],
			"rotation": {"angle": 0, "axis": "y", "origin": [0.1, 0, 8]},
			"faces": {
				"north": {"uv": [8.25, 11.625, 8.125, 12], "texture": "#0"},
				"east": {"uv": [8.125, 11.625, 8.25, 12], "texture": "#0"},
				"south": {"uv": [8.125, 11.625, 8.25, 12], "texture": "#0"},
				"up": {"uv": [8.125, 11.625, 8.25, 11.75], "texture": "#0"}
			}
		},
		{
			"name": "fs1_19",
			"from": [8.725, 4.25, 8],
			"to": [8.85, 4.375, 8.125],
			"rotation": {"angle": 0, "axis": "y", "origin": [0.1, 0, 8]},
			"faces": {
				"north": {"uv": [8.75, 11.625, 8.625, 11.75], "texture": "#0"},
				"east": {"uv": [8.625, 11.625, 8.75, 11.75], "texture": "#0"},
				"south": {"uv": [8.625, 11.625, 8.75, 11.75], "texture": "#0"},
				"up": {"uv": [8.625, 11.625, 8.75, 11.75], "texture": "#0"},
				"down": {"uv": [8.625, 11.625, 8.75, 11.75], "texture": "#0"}
			}
		},
		{
			"name": "fs1_20",
			"from": [8.6, 4.125, 8],
			"to": [8.725, 4.25, 8.125],
			"rotation": {"angle": 0, "axis": "y", "origin": [0.1, 0, 8]},
			"faces": {
				"north": {"uv": [8.625, 11.75, 8.5, 11.875], "texture": "#0"},
				"east": {"uv": [8.5, 11.75, 8.625, 11.875], "texture": "#0"},
				"south": {"uv": [8.5, 11.75, 8.625, 11.875], "texture": "#0"},
				"down": {"uv": [8.5, 11.75, 8.625, 11.875], "texture": "#0"}
			}
		},
		{
			"name": "fs1_21",
			"from": [8.475, 3.875, 8],
			"to": [8.6, 4.125, 8.125],
			"rotation": {"angle": 0, "axis": "y", "origin": [0.1, 0, 8]},
			"faces": {
				"north": {"uv": [8.5, 11.875, 8.375, 12.125], "texture": "#0"},
				"east": {"uv": [8.375, 11.875, 8.5, 12.125], "texture": "#0"},
				"south": {"uv": [8.375, 11.875, 8.5, 12.125], "texture": "#0"}
			}
		},
		{
			"name": "fs1_22",
			"from": [7.225, 3.375, 8],
			"to": [7.475, 3.5, 8.125],
			"rotation": {"angle": 0, "axis": "y", "origin": [0.1, 0, 8]},
			"faces": {
				"north": {"uv": [7.375, 12.5, 7.125, 12.625], "texture": "#0"},
				"east": {"uv": [7.25, 12.5, 7.375, 12.625], "texture": "#0"},
				"south": {"uv": [7.125, 12.5, 7.375, 12.625], "texture": "#0"},
				"west": {"uv": [7.125, 12.5, 7.25, 12.625], "texture": "#0"},
				"down": {"uv": [7.125, 12.5, 7.375, 12.625], "texture": "#0"}
			}
		},
		{
			"name": "fs1_23",
			"from": [8.6, 3.375, 8],
			"to": [8.85, 3.5, 8.125],
			"rotation": {"angle": 0, "axis": "y", "origin": [0.1, 0, 8]},
			"faces": {
				"north": {"uv": [8.75, 12.5, 8.5, 12.625], "texture": "#0"},
				"east": {"uv": [8.625, 12.5, 8.75, 12.625], "texture": "#0"},
				"south": {"uv": [8.5, 12.5, 8.75, 12.625], "texture": "#0"},
				"west": {"uv": [8.5, 12.5, 8.625, 12.625], "texture": "#0"},
				"down": {"uv": [8.5, 12.5, 8.75, 12.625], "texture": "#0"}
			}
		},
		{
			"name": "fs1_24",
			"from": [7.35, 3, 8],
			"to": [7.475, 3.375, 8.125],
			"rotation": {"angle": 0, "axis": "y", "origin": [0.1, 0, 8]},
			"faces": {
				"north": {"uv": [7.375, 12.625, 7.25, 13], "texture": "#0"},
				"east": {"uv": [7.25, 12.625, 7.375, 13], "texture": "#0"},
				"south": {"uv": [7.25, 12.625, 7.375, 13], "texture": "#0"},
				"west": {"uv": [7.25, 12.625, 7.375, 13], "texture": "#0"},
				"down": {"uv": [7.25, 12.875, 7.375, 13], "texture": "#0"}
			}
		},
		{
			"name": "fs1_25",
			"from": [8.225, 3.25, 8],
			"to": [8.475, 3.375, 8.125],
			"rotation": {"angle": 0, "axis": "y", "origin": [0.1, 0, 8]},
			"faces": {
				"north": {"uv": [8.375, 12.625, 8.125, 12.75], "texture": "#0"},
				"east": {"uv": [8.25, 12.625, 8.375, 12.75], "texture": "#0"},
				"south": {"uv": [8.125, 12.625, 8.375, 12.75], "texture": "#0"},
				"down": {"uv": [8.125, 12.625, 8.375, 12.75], "texture": "#0"}
			}
		},
		{
			"name": "fs1_26",
			"from": [8.6, 3.25, 8],
			"to": [8.725, 3.375, 8.125],
			"rotation": {"angle": 0, "axis": "y", "origin": [0.1, 0, 8]},
			"faces": {
				"north": {"uv": [8.625, 12.625, 8.5, 12.75], "texture": "#0"},
				"east": {"uv": [8.5, 12.625, 8.625, 12.75], "texture": "#0"},
				"south": {"uv": [8.5, 12.625, 8.625, 12.75], "texture": "#0"},
				"west": {"uv": [8.5, 12.625, 8.625, 12.75], "texture": "#0"},
				"down": {"uv": [8.5, 12.625, 8.625, 12.75], "texture": "#0"}
			}
		},
		{
			"name": "fs1_27",
			"from": [8.225, 3, 8],
			"to": [8.35, 3.25, 8.125],
			"rotation": {"angle": 0, "axis": "y", "origin": [0.1, 0, 8]},
			"faces": {
				"north": {"uv": [8.25, 12.75, 8.125, 13], "texture": "#0"},
				"east": {"uv": [8.125, 12.75, 8.25, 13], "texture": "#0"},
				"south": {"uv": [8.125, 12.75, 8.25, 13], "texture": "#0"},
				"down": {"uv": [8.125, 12.875, 8.25, 13], "texture": "#0"}
			}
		},
		{
			"name": "fs1_28",
			"from": [7.725, 0.75, 7.8],
			"to": [8.35, 1, 8.325],
			"rotation": {"angle": 0, "axis": "y", "origin": [0.1, 0, 8]},
			"faces": {
				"north": {"uv": [8.25, 15, 7.625, 15.25], "texture": "#0"},
				"east": {"uv": [8.125, 15, 8.25, 15.25], "texture": "#0"},
				"south": {"uv": [7.625, 15, 8.25, 15.25], "texture": "#0"},
				"west": {"uv": [7.625, 15, 7.75, 15.25], "texture": "#0"},
				"up": {"uv": [7.625, 15, 8.25, 15.125], "texture": "#0"},
				"down": {"uv": [7.625, 15.125, 8.25, 15.25], "texture": "#0"}
			}
		},
		{
			"name": "fs1_29",
			"from": [7.975, 0.25, 7.9],
			"to": [8.1, 0.625, 8.225],
			"rotation": {"angle": 0, "axis": "y", "origin": [0.1, 0, 8]},
			"faces": {
				"north": {"uv": [8, 15.375, 7.875, 15.75], "texture": "#0"},
				"east": {"uv": [7.875, 15.375, 8, 15.75], "texture": "#0"},
				"south": {"uv": [7.875, 15.375, 8, 15.75], "texture": "#0"},
				"west": {"uv": [7.875, 15.375, 8, 15.75], "texture": "#0"},
				"up": {"uv": [7.875, 15.375, 8, 15.5], "texture": "#0"},
				"down": {"uv": [7.875, 15.625, 8, 15.75], "texture": "#0"}
			}
		},
		{
			"name": "fs1_30",
			"from": [7.85, 0.375, 7.9],
			"to": [7.975, 0.5, 8.225],
			"rotation": {"angle": 0, "axis": "y", "origin": [0.1, 0, 8]},
			"faces": {
				"north": {"uv": [7.875, 15.5, 7.75, 15.625], "texture": "#0"},
				"south": {"uv": [7.75, 15.5, 7.875, 15.625], "texture": "#0"},
				"west": {"uv": [7.75, 15.5, 7.875, 15.625], "texture": "#0"},
				"up": {"uv": [7.75, 15.5, 7.875, 15.625], "texture": "#0"},
				"down": {"uv": [7.75, 15.5, 7.875, 15.625], "texture": "#0"}
			}
		},
		{
			"name": "fs1_31",
			"from": [8.1, 0.375, 7.9],
			"to": [8.225, 0.5, 8.225],
			"rotation": {"angle": 0, "axis": "y", "origin": [0.1, 0, 8]},
			"faces": {
				"north": {"uv": [8.125, 15.5, 8, 15.625], "texture": "#0"},
				"east": {"uv": [8, 15.5, 8.125, 15.625], "texture": "#0"},
				"south": {"uv": [8, 15.5, 8.125, 15.625], "texture": "#0"},
				"up": {"uv": [8, 15.5, 8.125, 15.625], "texture": "#0"},
				"down": {"uv": [8, 15.5, 8.125, 15.625], "texture": "#0"}
			}
		},
		{
			"name": "fs2_0",
			"from": [8.1, 5, 7.95],
			"to": [8.225, 10.125, 8.175],
			"rotation": {"angle": 0, "axis": "y", "origin": [0.1, 0, 8]},
			"faces": {
				"north": {"uv": [8.125, 5.875, 8, 11], "texture": "#0"},
				"east": {"uv": [8, 5.875, 8.125, 11], "texture": "#0"},
				"south": {"uv": [8, 5.875, 8.125, 11], "texture": "#0"},
				"west": {"uv": [8, 5.875, 8.125, 11], "texture": "#0"},
				"up": {"uv": [8, 5.875, 8.125, 6], "texture": "#0"}
			}
		},
		{
			"name": "fs2_1",
			"from": [7.85, 7.125, 7.95],
			"to": [7.975, 10, 8.175],
			"rotation": {"angle": 0, "axis": "y", "origin": [0.1, 0, 8]},
			"faces": {
				"north": {"uv": [7.875, 6, 7.75, 8.875], "texture": "#0"},
				"east": {"uv": [7.75, 6, 7.875, 8.875], "texture": "#0"},
				"south": {"uv": [7.75, 6, 7.875, 8.875], "texture": "#0"},
				"west": {"uv": [7.75, 6, 7.875, 8.875], "texture": "#0"},
				"up": {"uv": [7.75, 6, 7.875, 6.125], "texture": "#0"},
				"down": {"uv": [7.75, 8.75, 7.875, 8.875], "texture": "#0"}
			}
		},
		{
			"name": "fs2_2",
			"from": [7.975, 9.375, 7.95],
			"to": [8.1, 9.75, 8.175],
			"rotation": {"angle": 0, "axis": "y", "origin": [0.1, 0, 8]},
			"faces": {
				"north": {"uv": [8, 6.25, 7.875, 6.625], "texture": "#0"},
				"south": {"uv": [7.875, 6.25, 8, 6.625], "texture": "#0"},
				"up": {"uv": [7.875, 6.25, 8, 6.375], "texture": "#0"},
				"down": {"uv": [7.875, 6.5, 8, 6.625], "texture": "#0"}
			}
		},
		{
			"name": "fs2_3",
			"from": [8.225, 4.375, 7.95],
			"to": [8.35, 9.75, 8.175],
			"rotation": {"angle": 0, "axis": "y", "origin": [0.1, 0, 8]},
			"faces": {
				"north": {"uv": [8.25, 6.25, 8.125, 11.625], "texture": "#0"},
				"east": {"uv": [8.125, 6.25, 8.25, 11.625], "texture": "#0"},
				"south": {"uv": [8.125, 6.25, 8.25, 11.625], "texture": "#0"},
				"up": {"uv": [8.125, 6.25, 8.25, 6.375], "texture": "#0"}
			}
		},
		{
			"name": "fs2_4",
			"from": [7.725, 4.375, 7.95],
			"to": [7.85, 9.5, 8.175],
			"rotation": {"angle": 0, "axis": "y", "origin": [0.1, 0, 8]},
			"faces": {
				"north": {"uv": [7.75, 6.5, 7.625, 11.625], "texture": "#0"},
				"east": {"uv": [7.625, 6.5, 7.75, 11.625], "texture": "#0"},
				"south": {"uv": [7.625, 6.5, 7.75, 11.625], "texture": "#0"},
				"west": {"uv": [7.625, 6.5, 7.75, 11.625], "texture": "#0"},
				"up": {"uv": [7.625, 6.5, 7.75, 6.625], "texture": "#0"}
			}
		},
		{
			"name": "fs2_5",
			"from": [7.975, 7.375, 7.95],
			"to": [8.1, 7.875, 8.175],
			"rotation": {"angle": 0, "axis": "y", "origin": [0.1, 0, 8]},
			"faces": {
				"north": {"uv": [8, 8.125, 7.875, 8.625], "texture": "#0"},
				"south": {"uv": [7.875, 8.125, 8, 8.625], "texture": "#0"},
				"up": {"uv": [7.875, 8.125, 8, 8.25], "texture": "#0"},
				"down": {"uv": [7.875, 8.5, 8, 8.625], "texture": "#0"}
			}
		},
		{
			"name": "fs2_6",
			"from": [7.85, 5, 7.95],
			"to": [7.975, 6.5, 8.175],
			"rotation": {"angle": 0, "axis": "y", "origin": [0.1, 0, 8]},
			"faces": {
				"north": {"uv": [7.875, 9.5, 7.75, 11], "texture": "#0"},
				"east": {"uv": [7.75, 9.5, 7.875, 11], "texture": "#0"},
				"south": {"uv": [7.75, 9.5, 7.875, 11], "texture": "#0"},
				"up": {"uv": [7.75, 9.5, 7.875, 9.625], "texture": "#0"}
			}
		},
		{
			"name": "fs2_7",
			"from": [7.6, 5.5, 7.95],
			"to": [7.725, 6.125, 8.175],
			"rotation": {"angle": 0, "axis": "y", "origin": [0.1, 0, 8]},
			"faces": {
				"north": {"uv": [7.625, 9.875, 7.5, 10.5], "texture": "#0"},
				"south": {"uv": [7.5, 9.875, 7.625, 10.5], "texture": "#0"},
				"west": {"uv": [7.5, 9.875, 7.625, 10.5], "texture": "#0"},
				"up": {"uv": [7.5, 9.875, 7.625, 10], "texture": "#0"},
				"down": {"uv": [7.5, 10.375, 7.625, 10.5], "texture": "#0"}
			}
		},
		{
			"name": "fs2_8",
			"from": [7.975, 5.75, 7.95],
			"to": [8.1, 5.875, 8.175],
			"rotation": {"angle": 0, "axis": "y", "origin": [0.1, 0, 8]},
			"faces": {
				"north": {"uv": [8, 10.125, 7.875, 10.25], "texture": "#0"},
				"south": {"uv": [7.875, 10.125, 8, 10.25], "texture": "#0"},
				"up": {"uv": [7.875, 10.125, 8, 10.25], "texture": "#0"}
			}
		},
		{
			"name": "fs2_9",
			"from": [7.475, 5.625, 7.95],
			"to": [7.6, 5.75, 8.175],
			"rotation": {"angle": 0, "axis": "y", "origin": [0.1, 0, 8]},
			"faces": {
				"north": {"uv": [7.5, 10.25, 7.375, 10.375], "texture": "#0"},
				"south": {"uv": [7.375, 10.25, 7.5, 10.375], "texture": "#0"},
				"west": {"uv": [7.375, 10.25, 7.5, 10.375], "texture": "#0"},
				"up": {"uv": [7.375, 10.25, 7.5, 10.375], "texture": "#0"},
				"down": {"uv": [7.375, 10.25, 7.5, 10.375], "texture": "#0"}
			}
		},
		{
			"name": "fs2_10",
			"from": [7.6, 4, 7.95],
			"to": [7.725, 4.875, 8.175],
			"rotation": {"angle": 0, "axis": "y", "origin": [0.1, 0, 8]},
			"faces": {
				"north": {"uv": [7.625, 11.125, 7.5, 12], "texture": "#0"},
				"south": {"uv": [7.5, 11.125, 7.625, 12], "texture": "#0"},
				"west": {"uv": [7.5, 11.125, 7.625, 12], "texture": "#0"},
				"up": {"uv": [7.5, 11.125, 7.625, 11.25], "texture": "#0"}
			}
		},
		{
			"name": "fs2_11",
			"from": [8.35, 4, 7.95],
			"to": [8.475, 4.875, 8.175],
			"rotation": {"angle": 0, "axis": "y", "origin": [0.1, 0, 8]},
			"faces": {
				"north": {"uv": [8.375, 11.125, 8.25, 12], "texture": "#0"},
				"east": {"uv": [8.25, 11.125, 8.375, 12], "texture": "#0"},
				"south": {"uv": [8.25, 11.125, 8.375, 12], "texture": "#0"},
				"up": {"uv": [8.25, 11.125, 8.375, 11.25], "texture": "#0"}
			}
		},
		{
			"name": "fs2_12",
			"from": [8.475, 4.125, 7.95],
			"to": [8.6, 4.625, 8.175],
			"rotation": {"angle": 0, "axis": "y", "origin": [0.1, 0, 8]},
			"faces": {
				"north": {"uv": [8.5, 11.375, 8.375, 11.875], "texture": "#0"},
				"east": {"uv": [8.375, 11.375, 8.5, 11.875], "texture": "#0"},
				"south": {"uv": [8.375, 11.375, 8.5, 11.875], "texture": "#0"},
				"up": {"uv": [8.375, 11.375, 8.5, 11.5], "texture": "#0"},
				"down": {"uv": [8.375, 11.75, 8.5, 11.875], "texture": "#0"}
			}
		},
		{
			"name": "fs2_13",
			"from": [8.6, 4.25, 7.95],
			"to": [8.725, 4.375, 8.175],
			"rotation": {"angle": 0, "axis": "y", "origin": [0.1, 0, 8]},
			"faces": {
				"north": {"uv": [8.625, 11.625, 8.5, 11.75], "texture": "#0"},
				"east": {"uv": [8.5, 11.625, 8.625, 11.75], "texture": "#0"},
				"south": {"uv": [8.5, 11.625, 8.625, 11.75], "texture": "#0"},
				"up": {"uv": [8.5, 11.625, 8.625, 11.75], "texture": "#0"},
				"down": {"uv": [8.5, 11.625, 8.625, 11.75], "texture": "#0"}
			}
		},
		{
			"name": "fs2_14",
			"from": [7.85, 1, 7.9],
			"to": [8.225, 3.25, 8.225],
			"rotation": {"angle": 0, "axis": "y", "origin": [0.1, 0, 8]},
			"faces": {
				"north": {"uv": [8.125, 12.75, 7.75, 15], "texture": "#0"},
				"east": {"uv": [8, 12.75, 8.125, 15], "texture": "#0"},
				"south": {"uv": [7.75, 12.75, 8.125, 15], "texture": "#0"},
				"west": {"uv": [7.75, 12.75, 7.875, 15], "texture": "#0"}
			}
		},
		{
			"name": "fs2_15",
			"from": [7.85, 0.625, 7.95],
			"to": [8.225, 0.75, 8.175],
			"rotation": {"angle": 0, "axis": "y", "origin": [0.1, 0, 8]},
			"faces": {
				"north": {"uv": [8.125, 15.25, 7.75, 15.375], "texture": "#0"},
				"east": {"uv": [8, 15.25, 8.125, 15.375], "texture": "#0"},
				"south": {"uv": [7.75, 15.25, 8.125, 15.375], "texture": "#0"},
				"west": {"uv": [7.75, 15.25, 7.875, 15.375], "texture": "#0"}
			}
		},
		{
			"name": "fs2_16",
			"from": [7.725, 0.5, 7.95],
			"to": [7.975, 0.625, 8.175],
			"rotation": {"angle": 0, "axis": "y", "origin": [0.1, 0, 8]},
			"faces": {
				"north": {"uv": [7.875, 15.375, 7.625, 15.5], "texture": "#0"},
				"south": {"uv": [7.625, 15.375, 7.875, 15.5], "texture": "#0"},
				"west": {"uv": [7.625, 15.375, 7.75, 15.5], "texture": "#0"},
				"up": {"uv": [7.625, 15.375, 7.875, 15.5], "texture": "#0"}
			}
		},
		{
			"name": "fs2_17",
			"from": [8.1, 0.5, 7.95],
			"to": [8.35, 0.625, 8.175],
			"rotation": {"angle": 0, "axis": "y", "origin": [0.1, 0, 8]},
			"faces": {
				"north": {"uv": [8.25, 15.375, 8, 15.5], "texture": "#0"},
				"east": {"uv": [8.125, 15.375, 8.25, 15.5], "texture": "#0"},
				"south": {"uv": [8, 15.375, 8.25, 15.5], "texture": "#0"},
				"up": {"uv": [8, 15.375, 8.25, 15.5], "texture": "#0"}
			}
		},
		{
			"name": "fs2_18",
			"from": [7.725, 0.25, 7.95],
			"to": [7.85, 0.5, 8.175],
			"rotation": {"angle": 0, "axis": "y", "origin": [0.1, 0, 8]},
			"faces": {
				"north": {"uv": [7.75, 15.5, 7.625, 15.75], "texture": "#0"},
				"south": {"uv": [7.625, 15.5, 7.75, 15.75], "texture": "#0"},
				"west": {"uv": [7.625, 15.5, 7.75, 15.75], "texture": "#0"},
				"down": {"uv": [7.625, 15.625, 7.75, 15.75], "texture": "#0"}
			}
		},
		{
			"name": "fs2_19",
			"from": [8.225, 0.25, 7.95],
			"to": [8.35, 0.5, 8.175],
			"rotation": {"angle": 0, "axis": "y", "origin": [0.1, 0, 8]},
			"faces": {
				"north": {"uv": [8.25, 15.5, 8.125, 15.75], "texture": "#0"},
				"east": {"uv": [8.125, 15.5, 8.25, 15.75], "texture": "#0"},
				"south": {"uv": [8.125, 15.5, 8.25, 15.75], "texture": "#0"},
				"down": {"uv": [8.125, 15.625, 8.25, 15.75], "texture": "#0"}
			}
		},
		{
			"name": "fs2_20",
			"from": [7.85, 0.125, 7.95],
			"to": [7.975, 0.375, 8.175],
			"rotation": {"angle": 0, "axis": "y", "origin": [0.1, 0, 8]},
			"faces": {
				"north": {"uv": [7.875, 15.625, 7.75, 15.875], "texture": "#0"},
				"south": {"uv": [7.75, 15.625, 7.875, 15.875], "texture": "#0"},
				"west": {"uv": [7.75, 15.625, 7.875, 15.875], "texture": "#0"},
				"down": {"uv": [7.75, 15.75, 7.875, 15.875], "texture": "#0"}
			}
		},
		{
			"name": "fs2_21",
			"from": [8.1, 0.125, 7.95],
			"to": [8.225, 0.375, 8.175],
			"rotation": {"angle": 0, "axis": "y", "origin": [0.1, 0, 8]},
			"faces": {
				"north": {"uv": [8.125, 15.625, 8, 15.875], "texture": "#0"},
				"east": {"uv": [8, 15.625, 8.125, 15.875], "texture": "#0"},
				"south": {"uv": [8, 15.625, 8.125, 15.875], "texture": "#0"},
				"down": {"uv": [8, 15.75, 8.125, 15.875], "texture": "#0"}
			}
		},
		{
			"name": "fs2_22",
			"from": [7.975, 0.125, 7.95],
			"to": [8.1, 0.25, 8.175],
			"rotation": {"angle": 0, "axis": "y", "origin": [0.1, 0, 8]},
			"faces": {
				"north": {"uv": [8, 15.75, 7.875, 15.875], "texture": "#0"},
				"south": {"uv": [7.875, 15.75, 8, 15.875], "texture": "#0"},
				"down": {"uv": [7.875, 15.75, 8, 15.875], "texture": "#0"}
			}
		},
		{
			"name": "fs3_0",
			"from": [7.85, 3.25, 7.8],
			"to": [8.225, 4.125, 8.325],
			"rotation": {"angle": 0, "axis": "y", "origin": [0.1, 0, 8]},
			"faces": {
				"north": {"uv": [8.125, 11.875, 7.75, 12.75], "texture": "#0"},
				"east": {"uv": [8, 11.875, 8.125, 12.75], "texture": "#0"},
				"south": {"uv": [7.75, 11.875, 8.125, 12.75], "texture": "#0"},
				"west": {"uv": [7.75, 11.875, 7.875, 12.75], "texture": "#0"},
				"up": {"uv": [7.75, 11.875, 8.125, 12], "texture": "#0"},
				"down": {"uv": [7.75, 12.625, 8.125, 12.75], "texture": "#0"}
			}
		},
		{
			"name": "fs3_1",
			"from": [7.6, 3.375, 7.8],
			"to": [7.85, 4, 8.325],
			"rotation": {"angle": 0, "axis": "y", "origin": [0.1, 0, 8]},
			"faces": {
				"north": {"uv": [7.75, 12, 7.5, 12.625], "texture": "#0"},
				"south": {"uv": [7.5, 12, 7.75, 12.625], "texture": "#0"},
				"west": {"uv": [7.5, 12, 7.625, 12.625], "texture": "#0"},
				"up": {"uv": [7.5, 12, 7.75, 12.125], "texture": "#0"},
				"down": {"uv": [7.5, 12.5, 7.75, 12.625], "texture": "#0"}
			}
		},
		{
			"name": "fs3_2",
			"from": [8.225, 3.375, 7.8],
			"to": [8.475, 4, 8.325],
			"rotation": {"angle": 0, "axis": "y", "origin": [0.1, 0, 8]},
			"faces": {
				"north": {"uv": [8.375, 12, 8.125, 12.625], "texture": "#0"},
				"east": {"uv": [8.25, 12, 8.375, 12.625], "texture": "#0"},
				"south": {"uv": [8.125, 12, 8.375, 12.625], "texture": "#0"},
				"up": {"uv": [8.125, 12, 8.375, 12.125], "texture": "#0"},
				"down": {"uv": [8.125, 12.5, 8.375, 12.625], "texture": "#0"}
			}
		},
		{
			"name": "fs3_3",
			"from": [7.475, 3.5, 7.8],
			"to": [7.6, 3.875, 8.325],
			"rotation": {"angle": 0, "axis": "y", "origin": [0.1, 0, 8]},
			"faces": {
				"north": {"uv": [7.5, 12.125, 7.375, 12.5], "texture": "#0"},
				"south": {"uv": [7.375, 12.125, 7.5, 12.5], "texture": "#0"},
				"west": {"uv": [7.375, 12.125, 7.5, 12.5], "texture": "#0"},
				"up": {"uv": [7.375, 12.125, 7.5, 12.25], "texture": "#0"},
				"down": {"uv": [7.375, 12.375, 7.5, 12.5], "texture": "#0"}
			}
		},
		{
			"name": "fs3_4",
			"from": [8.475, 3.5, 7.8],
			"to": [8.6, 3.875, 8.325],
			"rotation": {"angle": 0, "axis": "y", "origin": [0.1, 0, 8]},
			"faces": {
				"north": {"uv": [8.5, 12.125, 8.375, 12.5], "texture": "#0"},
				"east": {"uv": [8.375, 12.125, 8.5, 12.5], "texture": "#0"},
				"south": {"uv": [8.375, 12.125, 8.5, 12.5], "texture": "#0"},
				"up": {"uv": [8.375, 12.125, 8.5, 12.25], "texture": "#0"},
				"down": {"uv": [8.375, 12.375, 8.5, 12.5], "texture": "#0"}
			}
		},
		{
			"name": "fs4_0",
			"from": [6.975, 3.25, 7.9],
			"to": [7.1, 3.875, 8.225],
			"rotation": {"angle": 0, "axis": "y", "origin": [0.1, 0, 8]},
			"faces": {
				"north": {"uv": [7, 12.125, 6.875, 12.75], "texture": "#0"},
				"east": {"uv": [6.875, 12.125, 7, 12.75], "texture": "#0"},
				"south": {"uv": [6.875, 12.125, 7, 12.75], "texture": "#0"},
				"west": {"uv": [6.875, 12.125, 7, 12.75], "texture": "#0"},
				"up": {"uv": [6.875, 12.125, 7, 12.25], "texture": "#0"},
				"down": {"uv": [6.875, 12.625, 7, 12.75], "texture": "#0"}
			}
		},
		{
			"name": "fs4_1",
			"from": [8.975, 3.25, 7.9],
			"to": [9.1, 3.875, 8.225],
			"rotation": {"angle": 0, "axis": "y", "origin": [0.1, 0, 8]},
			"faces": {
				"north": {"uv": [9, 12.125, 8.875, 12.75], "texture": "#0"},
				"east": {"uv": [8.875, 12.125, 9, 12.75], "texture": "#0"},
				"south": {"uv": [8.875, 12.125, 9, 12.75], "texture": "#0"},
				"west": {"uv": [8.875, 12.125, 9, 12.75], "texture": "#0"},
				"up": {"uv": [8.875, 12.125, 9, 12.25], "texture": "#0"},
				"down": {"uv": [8.875, 12.625, 9, 12.75], "texture": "#0"}
			}
		},
		{
			"name": "fs4_2",
			"from": [6.85, 3.375, 7.9],
			"to": [6.975, 3.75, 8.225],
			"rotation": {"angle": 0, "axis": "y", "origin": [0.1, 0, 8]},
			"faces": {
				"north": {"uv": [6.875, 12.25, 6.75, 12.625], "texture": "#0"},
				"south": {"uv": [6.75, 12.25, 6.875, 12.625], "texture": "#0"},
				"west": {"uv": [6.75, 12.25, 6.875, 12.625], "texture": "#0"},
				"up": {"uv": [6.75, 12.25, 6.875, 12.375], "texture": "#0"},
				"down": {"uv": [6.75, 12.5, 6.875, 12.625], "texture": "#0"}
			}
		},
		{
			"name": "fs4_3",
			"from": [7.1, 3.5, 7.9],
			"to": [7.475, 3.75, 8.225],
			"rotation": {"angle": 0, "axis": "y", "origin": [0.1, 0, 8]},
			"faces": {
				"north": {"uv": [7.375, 12.25, 7, 12.5], "texture": "#0"},
				"south": {"uv": [7, 12.25, 7.375, 12.5], "texture": "#0"},
				"up": {"uv": [7, 12.25, 7.375, 12.375], "texture": "#0"},
				"down": {"uv": [7, 12.375, 7.375, 12.5], "texture": "#0"}
			}
		},
		{
			"name": "fs4_4",
			"from": [8.6, 3.5, 7.9],
			"to": [8.975, 3.75, 8.225],
			"rotation": {"angle": 0, "axis": "y", "origin": [0.1, 0, 8]},
			"faces": {
				"north": {"uv": [8.875, 12.25, 8.5, 12.5], "texture": "#0"},
				"south": {"uv": [8.5, 12.25, 8.875, 12.5], "texture": "#0"},
				"up": {"uv": [8.5, 12.25, 8.875, 12.375], "texture": "#0"},
				"down": {"uv": [8.5, 12.375, 8.875, 12.5], "texture": "#0"}
			}
		},
		{
			"name": "fs4_5",
			"from": [9.1, 3.375, 7.9],
			"to": [9.225, 3.75, 8.225],
			"rotation": {"angle": 0, "axis": "y", "origin": [0.1, 0, 8]},
			"faces": {
				"north": {"uv": [9.125, 12.25, 9, 12.625], "texture": "#0"},
				"east": {"uv": [9, 12.25, 9.125, 12.625], "texture": "#0"},
				"south": {"uv": [9, 12.25, 9.125, 12.625], "texture": "#0"},
				"up": {"uv": [9, 12.25, 9.125, 12.375], "texture": "#0"},
				"down": {"uv": [9, 12.5, 9.125, 12.625], "texture": "#0"}
			}
		}
	],
	"gui_light": "front",
	"display": {
		"thirdperson_righthand": {
			"rotation": [0, -90, 0],
			"translation": [-0.25, 12.75, 1],
			"scale": [2.6, 2.6, 2.3]
		},
		"thirdperson_lefthand": {
			"rotation": [0, 90, 0],
			"translation": [-0.25, 12.75, 1],
			"scale": [2.6, 2.6, 2.3]
		},
		"firstperson_righthand": {
			"rotation": [8, -90, 0],
			"translation": [0, 9.5, 1.75],
			"scale": [1.8, 1.8, 1.8]
		},
		"firstperson_lefthand": {
			"rotation": [8, 90, 0],
			"translation": [0, 9.5, 1.75],
			"scale": [1.8, 1.8, 1.8]
		},
		"ground": {
			"translation": [0, 7, 0.5],
			"scale": [2, 2, 2]
		},
		"gui": {
			"rotation": [0, 0, -46],
			"translation": [4, 4.25, 0],
			"scale": [2.2, 2.2, 2.2]
		},
		"head": {
			"rotation": [0, 0, 144],
			"translation": [-3, -21.25, 3.75],
			"scale": [4, 4, 4]
		},
		"fixed": {
			"rotation": [0, 179, -45],
			"translation": [-7.75, 8.5, -0.75],
			"scale": [4, 4, 4]
		}
	},
	"groups": [
		{
			"name": "fs1",
			"origin": [8, 8, 8],
			"color": 0,
			"children": [0, 1, 2, 3, 4, 5, 6, 7, 8, 9, 10, 11, 12, 13, 14, 15, 16, 17, 18, 19, 20, 21, 22, 23, 24, 25, 26, 27, 28, 29, 30, 31]
		},
		{
			"name": "fs2",
			"origin": [8, 8, 8],
			"color": 0,
			"children": [32, 33, 34, 35, 36, 37, 38, 39, 40, 41, 42, 43, 44, 45, 46, 47, 48, 49, 50, 51, 52, 53, 54]
		},
		{
			"name": "fs3",
			"origin": [8, 8, 8],
			"color": 0,
			"children": [55, 56, 57, 58, 59]
		},
		{
			"name": "fs4",
			"origin": [8, 8, 8],
			"color": 0,
			"children": [60, 61, 62, 63, 64, 65]
		}
	]
}