{
	"format_version": "1.21.6",
	"credit": "Made with Blockbench",
	"textures": {
		"0": "archon:item/soul_scythe",
		"particle": "archon:item/soul_scythe"
	},
	"elements": [
		{
			"name": "sc3_0",
			"from": [7.875, 11.75, 7.9],
			"to": [8.25, 11.875, 8.225],
			"rotation": {"angle": 0, "axis": "y", "origin": [-2, 0, 8]},
			"faces": {
				"north": {"uv": [10.25, 4.125, 9.875, 4.25], "texture": "#0"},
				"east": {"uv": [10.125, 4.125, 10.25, 4.25], "texture": "#0"},
				"south": {"uv": [9.875, 4.125, 10.25, 4.25], "texture": "#0"},
				"west": {"uv": [9.875, 4.125, 10, 4.25], "texture": "#0"},
				"up": {"uv": [9.875, 4.125, 10.25, 4.25], "texture": "#0"}
			}
		},
		{
			"name": "sc3_1",
			"from": [7.875, 9.75, 7.9],
			"to": [8.25, 11.5, 8.225],
			"rotation": {"angle": 0, "axis": "y", "origin": [-2, 0, 8]},
			"faces": {
				"north": {"uv": [10.25, 4.5, 9.875, 6.25], "texture": "#0"},
				"east": {"uv": [10.125, 4.5, 10.25, 6.25], "texture": "#0"},
				"south": {"uv": [9.875, 4.5, 10.25, 6.25], "texture": "#0"},
				"west": {"uv": [9.875, 4.5, 10, 6.25], "texture": "#0"}
			}
		},
		{
			"name": "sc3_2",
			"from": [7.875, 2.875, 7.9],
			"to": [8.25, 9.5, 8.225],
			"rotation": {"angle": 0, "axis": "y", "origin": [-2, 0, 8]},
			"faces": {
				"north": {"uv": [10.25, 6.5, 9.875, 13.125], "texture": "#0"},
				"east": {"uv": [10.125, 6.5, 10.25, 13.125], "texture": "#0"},
				"south": {"uv": [9.875, 6.5, 10.25, 13.125], "texture": "#0"},
				"west": {"uv": [9.875, 6.5, 10, 13.125], "texture": "#0"}
			}
		},
		{
			"name": "sc2_0",
			"from": [7.75, 11.5, 7.8],
			"to": [8.375, 11.75, 8.325],
			"rotation": {"angle": 0, "axis": "y", "origin": [-2, 0, 8]},
			"faces": {
				"north": {"uv": [10.375, 4.25, 9.75, 4.5], "texture": "#0"},
				"east": {"uv": [10.25, 4.25, 10.375, 4.5], "texture": "#0"},
				"south": {"uv": [9.75, 4.25, 10.375, 4.5], "texture": "#0"},
				"west": {"uv": [9.75, 4.25, 9.875, 4.5], "texture": "#0"},
				"up": {"uv": [9.75, 4.25, 10.375, 4.375], "texture": "#0"},
				"down": {"uv": [9.75, 4.375, 10.375, 4.5], "texture": "#0"}
			}
		},
		{
			"name": "sc2_1",
			"from": [7.75, 9.5, 7.8],
			"to": [8.375, 9.75, 8.325],
			"rotation": {"angle": 0, "axis": "y", "origin": [-2, 0, 8]},
			"faces": {
				"north": {"uv": [10.375, 6.25, 9.75, 6.5], "texture": "#0"},
				"east": {"uv": [10.25, 6.25, 10.375, 6.5], "texture": "#0"},
				"south": {"uv": [9.75, 6.25, 10.375, 6.5], "texture": "#0"},
				"west": {"uv": [9.75, 6.25, 9.875, 6.5], "texture": "#0"},
				"up": {"uv": [9.75, 6.25, 10.375, 6.375], "texture": "#0"},
				"down": {"uv": [9.75, 6.375, 10.375, 6.5], "texture": "#0"}
			}
		},
		{
			"name": "sc2_2",
			"from": [7.75, 2.5, 7.8],
			"to": [8.375, 2.875, 8.325],
			"rotation": {"angle": 0, "axis": "y", "origin": [-2, 0, 8]},
			"faces": {
				"north": {"uv": [10.375, 13.125, 9.75, 13.5], "texture": "#0"},
				"east": {"uv": [10.25, 13.125, 10.375, 13.5], "texture": "#0"},
				"south": {"uv": [9.75, 13.125, 10.375, 13.5], "texture": "#0"},
				"west": {"uv": [9.75, 13.125, 9.875, 13.5], "texture": "#0"},
				"up": {"uv": [9.75, 13.125, 10.375, 13.25], "texture": "#0"},
				"down": {"uv": [9.75, 13.375, 10.375, 13.5], "texture": "#0"}
			}
		},
		{
			"name": "sc4_0",
			"from": [7.25, 11.875, 7.95],
			"to": [7.5, 13.125, 8.175],
			"rotation": {"angle": 0, "axis": "y", "origin": [-2, 0, 8]},
			"faces": {
				"north": {"uv": [9.5, 2.875, 9.25, 4.125], "texture": "#0"},
				"east": {"uv": [9.375, 2.875, 9.5, 4.125], "texture": "#0"},
				"south": {"uv": [9.25, 2.875, 9.5, 4.125], "texture": "#0"},
				"west": {"uv": [9.25, 2.875, 9.375, 4.125], "texture": "#0"},
				"up": {"uv": [9.25, 2.875, 9.5, 3], "texture": "#0"},
				"down": {"uv": [9.25, 4, 9.5, 4.125], "texture": "#0"}
			}
		},
		{
			"name": "sc4_1",
			"from": [7.5, 11.75, 7.95],
			"to": [7.875, 13, 8.175],
			"rotation": {"angle": 0, "axis": "y", "origin": [-2, 0, 8]},
			"faces": {
				"north": {"uv": [9.875, 3, 9.5, 4.25], "texture": "#0"},
				"east": {"uv": [9.75, 3, 9.875, 4.25], "texture": "#0"},
				"south": {"uv": [9.5, 3, 9.875, 4.25], "texture": "#0"},
				"up": {"uv": [9.5, 3, 9.875, 3.125], "texture": "#0"}
			}
		},
		{
			"name": "sc4_2",
			"from": [8.25, 12.625, 7.95],
			"to": [8.5, 13, 8.175],
			"rotation": {"angle": 0, "axis": "y", "origin": [-2, 0, 8]},
			"faces": {
				"north": {"uv": [10.5, 3, 10.25, 3.375], "texture": "#0"},
				"east": {"uv": [10.375, 3, 10.5, 3.375], "texture": "#0"},
				"south": {"uv": [10.25, 3, 10.5, 3.375], "texture": "#0"},
				"west": {"uv": [10.25, 3, 10.375, 3.375], "texture": "#0"},
				"up": {"uv": [10.25, 3, 10.5, 3.125], "texture": "#0"},
				"down": {"uv": [10.25, 3.25, 10.5, 3.375], "texture": "#0"}
			}
		},
		{
			"name": "sc4_3",
			"from": [7.125, 11.875, 7.95],
			"to": [7.25, 12.875, 8.175],
			"rotation": {"angle": 0, "axis": "y", "origin": [-2, 0, 8]},
			"faces": {
				"north": {"uv": [9.25, 3.125, 9.125, 4.125], "texture": "#0"},
				"south": {"uv": [9.125, 3.125, 9.25, 4.125], "texture": "#0"},
				"west": {"uv": [9.125, 3.125, 9.25, 4.125], "texture": "#0"},
				"up": {"uv": [9.125, 3.125, 9.25, 3.25], "texture": "#0"},
				"down": {"uv": [9.125, 4, 9.25, 4.125], "texture": "#0"}
			}
		},
		{
			"name": "sc4_4",
			"from": [7.875, 12.375, 7.95],
			"to": [8.25, 12.875, 8.175],
			"rotation": {"angle": 0, "axis": "y", "origin": [-2, 0, 8]},
			"faces": {
				"north": {"uv": [10.25, 3.125, 9.875, 3.625], "texture": "#0"},
				"east": {"uv": [10.125, 3.125, 10.25, 3.625], "texture": "#0"},
				"south": {"uv": [9.875, 3.125, 10.25, 3.625], "texture": "#0"},
				"up": {"uv": [9.875, 3.125, 10.25, 3.25], "texture": "#0"},
				"down": {"uv": [9.875, 3.5, 10.25, 3.625], "texture": "#0"}
			}
		},
		{
			"name": "sc4_5",
			"from": [8.5, 12.625, 7.95],
			"to": [9.125, 12.875, 8.175],
			"rotation": {"angle": 0, "axis": "y", "origin": [-2, 0, 8]},
			"faces": {
				"north": {"uv": [11.125, 3.125, 10.5, 3.375], "texture": "#0"},
				"east": {"uv": [11, 3.125, 11.125, 3.375], "texture": "#0"},
				"south": {"uv": [10.5, 3.125, 11.125, 3.375], "texture": "#0"},
				"up": {"uv": [10.5, 3.125, 11.125, 3.25], "texture": "#0"},
				"down": {"uv": [10.5, 3.25, 11.125, 3.375], "texture": "#0"}
			}
		},
		{
			"name": "sc4_6",
			"from": [7, 11.875, 7.95],
			"to": [7.125, 12.75, 8.175],
			"rotation": {"angle": 0, "axis": "y", "origin": [-2, 0, 8]},
			"faces": {
				"north": {"uv": [9.125, 3.25, 9, 4.125], "texture": "#0"},
				"south": {"uv": [9, 3.25, 9.125, 4.125], "texture": "#0"},
				"west": {"uv": [9, 3.25, 9.125, 4.125], "texture": "#0"},
				"up": {"uv": [9, 3.25, 9.125, 3.375], "texture": "#0"},
				"down": {"uv": [9, 4, 9.125, 4.125], "texture": "#0"}
			}
		},
		{
			"name": "sc4_7",
			"from": [9.125, 11.75, 7.95],
			"to": [9.375, 12.75, 8.175],
			"rotation": {"angle": 0, "axis": "y", "origin": [-2, 0, 8]},
			"faces": {
				"north": {"uv": [11.375, 3.25, 11.125, 4.25], "texture": "#0"},
				"east": {"uv": [11.25, 3.25, 11.375, 4.25], "texture": "#0"},
				"south": {"uv": [11.125, 3.25, 11.375, 4.25], "texture": "#0"},
				"west": {"uv": [11.125, 3.25, 11.25, 4.25], "texture": "#0"},
				"up": {"uv": [11.125, 3.25, 11.375, 3.375], "texture": "#0"},
				"down": {"uv": [11.125, 4.125, 11.375, 4.25], "texture": "#0"}
			}
		},
		{
			"name": "sc4_8",
			"from": [6.75, 11.875, 7.95],
			"to": [7, 12.625, 8.175],
			"rotation": {"angle": 0, "axis": "y", "origin": [-2, 0, 8]},
			"faces": {
				"north": {"uv": [9, 3.375, 8.75, 4.125], "texture": "#0"},
				"south": {"uv": [8.75, 3.375, 9, 4.125], "texture": "#0"},
				"west": {"uv": [8.75, 3.375, 8.875, 4.125], "texture": "#0"},
				"up": {"uv": [8.75, 3.375, 9, 3.5], "texture": "#0"},
				"down": {"uv": [8.75, 4, 9, 4.125], "texture": "#0"}
			}
		},
		{
			"name": "sc4_9",
			"from": [8.25, 12.5, 7.95],
			"to": [8.375, 12.625, 8.175],
			"rotation": {"angle": 0, "axis": "y", "origin": [-2, 0, 8]},
			"faces": {
				"north": {"uv": [10.375, 3.375, 10.25, 3.5], "texture": "#0"},
				"east": {"uv": [10.25, 3.375, 10.375, 3.5], "texture": "#0"},
				"south": {"uv": [10.25, 3.375, 10.375, 3.5], "texture": "#0"},
				"down": {"uv": [10.25, 3.375, 10.375, 3.5], "texture": "#0"}
			}
		},
		{
			"name": "sc4_10",
			"from": [8.625, 12.5, 7.95],
			"to": [9.125, 12.625, 8.175],
			"rotation": {"angle": 0, "axis": "y", "origin": [-2, 0, 8]},
			"faces": {
				"north": {"uv": [11.125, 3.375, 10.625, 3.5], "texture": "#0"},
				"south": {"uv": [10.625, 3.375, 11.125, 3.5], "texture": "#0"},
				"west": {"uv": [10.625, 3.375, 10.75, 3.5], "texture": "#0"},
				"down": {"uv": [10.625, 3.375, 11.125, 3.5], "texture": "#0"}
			}
		},
		{
			"name": "sc4_11",
			"from": [9.375, 11.75, 7.95],
			"to": [9.625, 12.625, 8.175],
			"rotation": {"angle": 0, "axis": "y", "origin": [-2, 0, 8]},
			"faces": {
				"north": {"uv": [11.625, 3.375, 11.375, 4.25], "texture": "#0"},
				"east": {"uv": [11.5, 3.375, 11.625, 4.25], "texture": "#0"},
				"south": {"uv": [11.375, 3.375, 11.625, 4.25], "texture": "#0"},
				"up": {"uv": [11.375, 3.375, 11.625, 3.5], "texture": "#0"},
				"down": {"uv": [11.375, 4.125, 11.625, 4.25], "texture": "#0"}
			}
		},
		{
			"name": "sc4_12",
			"from": [6.5, 11.875, 7.95],
			"to": [6.75, 12.5, 8.175],
			"rotation": {"angle": 0, "axis": "y", "origin": [-2, 0, 8]},
			"faces": {
				"north": {"uv": [8.75, 3.5, 8.5, 4.125], "texture": "#0"},
				"south": {"uv": [8.5, 3.5, 8.75, 4.125], "texture": "#0"},
				"west": {"uv": [8.5, 3.5, 8.625, 4.125], "texture": "#0"},
				"up": {"uv": [8.5, 3.5, 8.75, 3.625], "texture": "#0"},
				"down": {"uv": [8.5, 4, 8.75, 4.125], "texture": "#0"}
			}
		},
		{
			"name": "sc4_13",
			"from": [8.75, 12.375, 7.95],
			"to": [9.125, 12.5, 8.175],
			"rotation": {"angle": 0, "axis": "y", "origin": [-2, 0, 8]},
			"faces": {
				"north": {"uv": [11.125, 3.5, 10.75, 3.625], "texture": "#0"},
				"south": {"uv": [10.75, 3.5, 11.125, 3.625], "texture": "#0"},
				"west": {"uv": [10.75, 3.5, 10.875, 3.625], "texture": "#0"},
				"down": {"uv": [10.75, 3.5, 11.125, 3.625], "texture": "#0"}
			}
		},
		{
			"name": "sc4_14",
			"from": [9.625, 11.625, 7.95],
			"to": [9.75, 12.5, 8.175],
			"rotation": {"angle": 0, "axis": "y", "origin": [-2, 0, 8]},
			"faces": {
				"north": {"uv": [11.75, 3.5, 11.625, 4.375], "texture": "#0"},
				"east": {"uv": [11.625, 3.5, 11.75, 4.375], "texture": "#0"},
				"south": {"uv": [11.625, 3.5, 11.75, 4.375], "texture": "#0"},
				"up": {"uv": [11.625, 3.5, 11.75, 3.625], "texture": "#0"},
				"down": {"uv": [11.625, 4.25, 11.75, 4.375], "texture": "#0"}
			}
		},
		{
			"name": "sc4_15",
			"from": [6.125, 11.75, 7.95],
			"to": [6.5, 12.375, 8.175],
			"rotation": {"angle": 0, "axis": "y", "origin": [-2, 0, 8]},
			"faces": {
				"north": {"uv": [8.5, 3.625, 8.125, 4.25], "texture": "#0"},
				"east": {"uv": [8.375, 3.625, 8.5, 4.25], "texture": "#0"},
				"south": {"uv": [8.125, 3.625, 8.5, 4.25], "texture": "#0"},
				"west": {"uv": [8.125, 3.625, 8.25, 4.25], "texture": "#0"},
				"up": {"uv": [8.125, 3.625, 8.5, 3.75], "texture": "#0"},
				"down": {"uv": [8.125, 4.125, 8.5, 4.25], "texture": "#0"}
			}
		},
		{
			"name": "sc4_16",
			"from": [7.875, 11.875, 7.95],
			"to": [8.125, 12.375, 8.175],
			"rotation": {"angle": 0, "axis": "y", "origin": [-2, 0, 8]},
			"faces": {
				"north": {"uv": [10.125, 3.625, 9.875, 4.125], "texture": "#0"},
				"east": {"uv": [10, 3.625, 10.125, 4.125], "texture": "#0"},
				"south": {"uv": [9.875, 3.625, 10.125, 4.125], "texture": "#0"}
			}
		},
		{
			"name": "sc4_17",
			"from": [8.875, 11.875, 7.95],
			"to": [9.125, 12.375, 8.175],
			"rotation": {"angle": 0, "axis": "y", "origin": [-2, 0, 8]},
			"faces": {
				"north": {"uv": [11.125, 3.625, 10.875, 4.125], "texture": "#0"},
				"south": {"uv": [10.875, 3.625, 11.125, 4.125], "texture": "#0"},
				"west": {"uv": [10.875, 3.625, 11, 4.125], "texture": "#0"},
				"down": {"uv": [10.875, 4, 11.125, 4.125], "texture": "#0"}
			}
		},
		{
			"name": "sc4_18",
			"from": [9.75, 11.5, 7.95],
			"to": [9.875, 12.375, 8.175],
			"rotation": {"angle": 0, "axis": "y", "origin": [-2, 0, 8]},
			"faces": {
				"north": {"uv": [11.875, 3.625, 11.75, 4.5], "texture": "#0"},
				"east": {"uv": [11.75, 3.625, 11.875, 4.5], "texture": "#0"},
				"south": {"uv": [11.75, 3.625, 11.875, 4.5], "texture": "#0"},
				"west": {"uv": [11.75, 3.625, 11.875, 4.5], "texture": "#0"},
				"up": {"uv": [11.75, 3.625, 11.875, 3.75], "texture": "#0"},
				"down": {"uv": [11.75, 4.375, 11.875, 4.5], "texture": "#0"}
			}
		},
		{
			"name": "sc4_19",
			"from": [5.5, 11.625, 7.95],
			"to": [6.125, 12.25, 8.175],
			"rotation": {"angle": 0, "axis": "y", "origin": [-2, 0, 8]},
			"faces": {
				"north": {"uv": [8.125, 3.75, 7.5, 4.375], "texture": "#0"},
				"south": {"uv": [7.5, 3.75, 8.125, 4.375], "texture": "#0"},
				"west": {"uv": [7.5, 3.75, 7.625, 4.375], "texture": "#0"},
				"up": {"uv": [7.5, 3.75, 8.125, 3.875], "texture": "#0"},
				"down": {"uv": [7.5, 4.25, 8.125, 4.375], "texture": "#0"}
			}
		},
		{
			"name": "sc4_20",
			"from": [9.875, 11.5, 7.95],
			"to": [10, 12.25, 8.175],
			"rotation": {"angle": 0, "axis": "y", "origin": [-2, 0, 8]},
			"faces": {
				"north": {"uv": [12, 3.75, 11.875, 4.5], "texture": "#0"},
				"east": {"uv": [11.875, 3.75, 12, 4.5], "texture": "#0"},
				"south": {"uv": [11.875, 3.75, 12, 4.5], "texture": "#0"},
				"up": {"uv": [11.875, 3.75, 12, 3.875], "texture": "#0"},
				"down": {"uv": [11.875, 4.375, 12, 4.5], "texture": "#0"}
			}
		},
		{
			"name": "sc4_21",
			"from": [5.125, 11.25, 7.95],
			"to": [5.5, 12.125, 8.175],
			"rotation": {"angle": 0, "axis": "y", "origin": [-2, 0, 8]},
			"faces": {
				"north": {"uv": [7.5, 3.875, 7.125, 4.75], "texture": "#0"},
				"south": {"uv": [7.125, 3.875, 7.5, 4.75], "texture": "#0"},
				"west": {"uv": [7.125, 3.875, 7.25, 4.75], "texture": "#0"},
				"up": {"uv": [7.125, 3.875, 7.5, 4], "texture": "#0"},
				"down": {"uv": [7.125, 4.625, 7.5, 4.75], "texture": "#0"}
			}
		},
		{
			"name": "sc4_22",
			"from": [8.125, 11.875, 7.95],
			"to": [8.25, 12.125, 8.175],
			"rotation": {"angle": 0, "axis": "y", "origin": [-2, 0, 8]},
			"faces": {
				"north": {"uv": [10.25, 3.875, 10.125, 4.125], "texture": "#0"},
				"east": {"uv": [10.125, 3.875, 10.25, 4.125], "texture": "#0"},
				"south": {"uv": [10.125, 3.875, 10.25, 4.125], "texture": "#0"},
				"up": {"uv": [10.125, 3.875, 10.25, 4], "texture": "#0"}
			}
		},
		{
			"name": "sc4_23",
			"from": [8.75, 11.75, 7.95],
			"to": [8.875, 12.125, 8.175],
			"rotation": {"angle": 0, "axis": "y", "origin": [-2, 0, 8]},
			"faces": {
				"north": {"uv": [10.875, 3.875, 10.75, 4.25], "texture": "#0"},
				"east": {"uv": [10.75, 3.875, 10.875, 4.25], "texture": "#0"},
				"south": {"uv": [10.75, 3.875, 10.875, 4.25], "texture": "#0"},
				"west": {"uv": [10.75, 3.875, 10.875, 4.25], "texture": "#0"},
				"up": {"uv": [10.75, 3.875, 10.875, 4], "texture": "#0"},
				"down": {"uv": [10.75, 4.125, 10.875, 4.25], "texture": "#0"}
			}
		},
		{
			"name": "sc4_24",
			"from": [10, 11.375, 7.95],
			"to": [10.125, 12.125, 8.175],
			"rotation": {"angle": 0, "axis": "y", "origin": [-2, 0, 8]},
			"faces": {
				"north": {"uv": [12.125, 3.875, 12, 4.625], "texture": "#0"},
				"east": {"uv": [12, 3.875, 12.125, 4.625], "texture": "#0"},
				"south": {"uv": [12, 3.875, 12.125, 4.625], "texture": "#0"},
				"west": {"uv": [12, 3.875, 12.125, 4.625], "texture": "#0"},
				"up": {"uv": [12, 3.875, 12.125, 4], "texture": "#0"},
				"down": {"uv": [12, 4.5, 12.125, 4.625], "texture": "#0"}
			}
		},
		{
			"name": "sc4_25",
			"from": [4.625, 11.25, 7.95],
			"to": [5.125, 12, 8.175],
			"rotation": {"angle": 0, "axis": "y", "origin": [-2, 0, 8]},
			"faces": {
				"north": {"uv": [7.125, 4, 6.625, 4.75], "texture": "#0"},
				"south": {"uv": [6.625, 4, 7.125, 4.75], "texture": "#0"},
				"west": {"uv": [6.625, 4, 6.75, 4.75], "texture": "#0"},
				"up": {"uv": [6.625, 4, 7.125, 4.125], "texture": "#0"},
				"down": {"uv": [6.625, 4.625, 7.125, 4.75], "texture": "#0"}
			}
		},
		{
			"name": "sc4_26",
			"from": [8.25, 11.75, 7.95],
			"to": [8.375, 12, 8.175],
			"rotation": {"angle": 0, "axis": "y", "origin": [-2, 0, 8]},
			"faces": {
				"north": {"uv": [10.375, 4, 10.25, 4.25], "texture": "#0"},
				"east": {"uv": [10.25, 4, 10.375, 4.25], "texture": "#0"},
				"south": {"uv": [10.25, 4, 10.375, 4.25], "texture": "#0"},
				"up": {"uv": [10.25, 4, 10.375, 4.125], "texture": "#0"}
			}
		},
		{
			"name": "sc4_27",
			"from": [8.625, 11.75, 7.95],
			"to": [8.75, 12, 8.175],
			"rotation": {"angle": 0, "axis": "y", "origin": [-2, 0, 8]},
			"faces": {
				"north": {"uv": [10.75, 4, 10.625, 4.25], "texture": "#0"},
				"south": {"uv": [10.625, 4, 10.75, 4.25], "texture": "#0"},
				"west": {"uv": [10.625, 4, 10.75, 4.25], "texture": "#0"},
				"up": {"uv": [10.625, 4, 10.75, 4.125], "texture": "#0"},
				"down": {"uv": [10.625, 4.125, 10.75, 4.25], "texture": "#0"}
			}
		},
		{
			"name": "sc4_28",
			"from": [10.125, 11.25, 7.95],
			"to": [10.25, 12, 8.175],
			"rotation": {"angle": 0, "axis": "y", "origin": [-2, 0, 8]},
			"faces": {
				"north": {"uv": [12.25, 4, 12.125, 4.75], "texture": "#0"},
				"east": {"uv": [12.125, 4, 12.25, 4.75], "texture": "#0"},
				"south": {"uv": [12.125, 4, 12.25, 4.75], "texture": "#0"},
				"west": {"uv": [12.125, 4, 12.25, 4.75], "texture": "#0"},
				"up": {"uv": [12.125, 4, 12.25, 4.125], "texture": "#0"},
				"down": {"uv": [12.125, 4.625, 12.25, 4.75], "texture": "#0"}
			}
		},
		{
			"name": "sc4_29",
			"from": [4.125, 11.25, 7.95],
			"to": [4.625, 11.875, 8.175],
			"rotation": {"angle": 0, "axis": "y", "origin": [-2, 0, 8]},
			"faces": {
				"north": {"uv": [6.625, 4.125, 6.125, 4.75], "texture": "#0"},
				"south": {"uv": [6.125, 4.125, 6.625, 4.75], "texture": "#0"},
				"west": {"uv": [6.125, 4.125, 6.25, 4.75], "texture": "#0"},
				"up": {"uv": [6.125, 4.125, 6.625, 4.25], "texture": "#0"},
				"down": {"uv": [6.125, 4.625, 6.625, 4.75], "texture": "#0"}
			}
		},
		{
			"name": "sc4_30",
			"from": [7.375, 11.75, 7.95],
			"to": [7.5, 11.875, 8.175],
			"rotation": {"angle": 0, "axis": "y", "origin": [-2, 0, 8]},
			"faces": {
				"north": {"uv": [9.5, 4.125, 9.375, 4.25], "texture": "#0"},
				"south": {"uv": [9.375, 4.125, 9.5, 4.25], "texture": "#0"},
				"west": {"uv": [9.375, 4.125, 9.5, 4.25], "texture": "#0"},
				"down": {"uv": [9.375, 4.125, 9.5, 4.25], "texture": "#0"}
			}
		},
		{
			"name": "sc4_31",
			"from": [8.375, 11.625, 7.95],
			"to": [8.625, 11.875, 8.175],
			"rotation": {"angle": 0, "axis": "y", "origin": [-2, 0, 8]},
			"faces": {
				"north": {"uv": [10.625, 4.125, 10.375, 4.375], "texture": "#0"},
				"east": {"uv": [10.5, 4.125, 10.625, 4.375], "texture": "#0"},
				"south": {"uv": [10.375, 4.125, 10.625, 4.375], "texture": "#0"},
				"up": {"uv": [10.375, 4.125, 10.625, 4.25], "texture": "#0"},
				"down": {"uv": [10.375, 4.25, 10.625, 4.375], "texture": "#0"}
			}
		},
		{
			"name": "sc4_32",
			"from": [10.25, 11.125, 7.95],
			"to": [10.375, 11.875, 8.175],
			"rotation": {"angle": 0, "axis": "y", "origin": [-2, 0, 8]},
			"faces": {
				"north": {"uv": [12.375, 4.125, 12.25, 4.875], "texture": "#0"},
				"east": {"uv": [12.25, 4.125, 12.375, 4.875], "texture": "#0"},
				"south": {"uv": [12.25, 4.125, 12.375, 4.875], "texture": "#0"},
				"west": {"uv": [12.25, 4.125, 12.375, 4.875], "texture": "#0"},
				"up": {"uv": [12.25, 4.125, 12.375, 4.25], "texture": "#0"},
				"down": {"uv": [12.25, 4.75, 12.375, 4.875], "texture": "#0"}
			}
		},
		{
			"name": "sc4_33",
			"from": [3.875, 11, 7.95],
			"to": [4.125, 11.75, 8.175],
			"rotation": {"angle": 0, "axis": "y", "origin": [-2, 0, 8]},
			"faces": {
				"north": {"uv": [6.125, 4.25, 5.875, 5], "texture": "#0"},
				"east": {"uv": [6, 4.25, 6.125, 5], "texture": "#0"},
				"south": {"uv": [5.875, 4.25, 6.125, 5], "texture": "#0"},
				"west": {"uv": [5.875, 4.25, 6, 5], "texture": "#0"},
				"up": {"uv": [5.875, 4.25, 6.125, 4.375], "texture": "#0"},
				"down": {"uv": [5.875, 4.875, 6.125, 5], "texture": "#0"}
			}
		},
		{
			"name": "sc4_34",
			"from": [6.125, 11.625, 7.95],
			"to": [6.25, 11.75, 8.175],
			"rotation": {"angle": 0, "axis": "y", "origin": [-2, 0, 8]},
			"faces": {
				"north": {"uv": [8.25, 4.25, 8.125, 4.375], "texture": "#0"},
				"east": {"uv": [8.125, 4.25, 8.25, 4.375], "texture": "#0"},
				"south": {"uv": [8.125, 4.25, 8.25, 4.375], "texture": "#0"},
				"down": {"uv": [8.125, 4.25, 8.25, 4.375], "texture": "#0"}
			}
		},
		{
			"name": "sc4_35",
			"from": [7.5, 11.5, 7.95],
			"to": [7.75, 11.75, 8.175],
			"rotation": {"angle": 0, "axis": "y", "origin": [-2, 0, 8]},
			"faces": {
				"north": {"uv": [9.75, 4.25, 9.5, 4.5], "texture": "#0"},
				"south": {"uv": [9.5, 4.25, 9.75, 4.5], "texture": "#0"},
				"west": {"uv": [9.5, 4.25, 9.625, 4.5], "texture": "#0"},
				"down": {"uv": [9.5, 4.375, 9.75, 4.5], "texture": "#0"}
			}
		},
		{
			"name": "sc4_36",
			"from": [9.5, 11.625, 7.95],
			"to": [9.625, 11.75, 8.175],
			"rotation": {"angle": 0, "axis": "y", "origin": [-2, 0, 8]},
			"faces": {
				"north": {"uv": [11.625, 4.25, 11.5, 4.375], "texture": "#0"},
				"south": {"uv": [11.5, 4.25, 11.625, 4.375], "texture": "#0"},
				"west": {"uv": [11.5, 4.25, 11.625, 4.375], "texture": "#0"},
				"down": {"uv": [11.5, 4.25, 11.625, 4.375], "texture": "#0"}
			}
		},
		{
			"name": "sc4_37",
			"from": [3.625, 10.875, 7.95],
			"to": [3.875, 11.625, 8.175],
			"rotation": {"angle": 0, "axis": "y", "origin": [-2, 0, 8]},
			"faces": {
				"north": {"uv": [5.875, 4.375, 5.625, 5.125], "texture": "#0"},
				"east": {"uv": [5.75, 4.375, 5.875, 5.125], "texture": "#0"},
				"south": {"uv": [5.625, 4.375, 5.875, 5.125], "texture": "#0"},
				"west": {"uv": [5.625, 4.375, 5.75, 5.125], "texture": "#0"},
				"up": {"uv": [5.625, 4.375, 5.875, 4.5], "texture": "#0"},
				"down": {"uv": [5.625, 5, 5.875, 5.125], "texture": "#0"}
			}
		},
		{
			"name": "sc4_38",
			"from": [5.5, 11.375, 7.95],
			"to": [5.875, 11.625, 8.175],
			"rotation": {"angle": 0, "axis": "y", "origin": [-2, 0, 8]},
			"faces": {
				"north": {"uv": [7.875, 4.375, 7.5, 4.625], "texture": "#0"},
				"east": {"uv": [7.75, 4.375, 7.875, 4.625], "texture": "#0"},
				"south": {"uv": [7.5, 4.375, 7.875, 4.625], "texture": "#0"},
				"down": {"uv": [7.5, 4.5, 7.875, 4.625], "texture": "#0"}
			}
		},
		{
			"name": "sc4_39",
			"from": [5.875, 11.5, 7.95],
			"to": [6, 11.625, 8.175],
			"rotation": {"angle": 0, "axis": "y", "origin": [-2, 0, 8]},
			"faces": {
				"north": {"uv": [8, 4.375, 7.875, 4.5], "texture": "#0"},
				"east": {"uv": [7.875, 4.375, 8, 4.5], "texture": "#0"},
				"south": {"uv": [7.875, 4.375, 8, 4.5], "texture": "#0"},
				"down": {"uv": [7.875, 4.375, 8, 4.5], "texture": "#0"}
			}
		},
		{
			"name": "sc4_40",
			"from": [8.375, 11.375, 7.95],
			"to": [8.5, 11.625, 8.175],
			"rotation": {"angle": 0, "axis": "y", "origin": [-2, 0, 8]},
			"faces": {
				"north": {"uv": [10.5, 4.375, 10.375, 4.625], "texture": "#0"},
				"east": {"uv": [10.375, 4.375, 10.5, 4.625], "texture": "#0"},
				"south": {"uv": [10.375, 4.375, 10.5, 4.625], "texture": "#0"},
				"down": {"uv": [10.375, 4.5, 10.5, 4.625], "texture": "#0"}
			}
		},
		{
			"name": "sc4_41",
			"from": [3.5, 10.75, 7.95],
			"to": [3.625, 11.5, 8.175],
			"rotation": {"angle": 0, "axis": "y", "origin": [-2, 0, 8]},
			"faces": {
				"north": {"uv": [5.625, 4.5, 5.5, 5.25], "texture": "#0"},
				"east": {"uv": [5.5, 4.5, 5.625, 5.25], "texture": "#0"},
				"south": {"uv": [5.5, 4.5, 5.625, 5.25], "texture": "#0"},
				"west": {"uv": [5.5, 4.5, 5.625, 5.25], "texture": "#0"},
				"up": {"uv": [5.5, 4.5, 5.625, 4.625], "texture": "#0"},
				"down": {"uv": [5.5, 5.125, 5.625, 5.25], "texture": "#0"}
			}
		},
		{
			"name": "sc4_42",
			"from": [7.625, 11.375, 7.95],
			"to": [7.875, 11.5, 8.175],
			"rotation": {"angle": 0, "axis": "y", "origin": [-2, 0, 8]},
			"faces": {
				"north": {"uv": [9.875, 4.5, 9.625, 4.625], "texture": "#0"},
				"south": {"uv": [9.625, 4.5, 9.875, 4.625], "texture": "#0"},
				"west": {"uv": [9.625, 4.5, 9.75, 4.625], "texture": "#0"},
				"down": {"uv": [9.625, 4.5, 9.875, 4.625], "texture": "#0"}
			}
		},
		{
			"name": "sc4_43",
			"from": [8.25, 10.125, 7.95],
			"to": [8.375, 11.5, 8.175],
			"rotation": {"angle": 0, "axis": "y", "origin": [-2, 0, 8]},
			"faces": {
				"north": {"uv": [10.375, 4.5, 10.25, 5.875], "texture": "#0"},
				"east": {"uv": [10.25, 4.5, 10.375, 5.875], "texture": "#0"},
				"south": {"uv": [10.25, 4.5, 10.375, 5.875], "texture": "#0"},
				"down": {"uv": [10.25, 5.75, 10.375, 5.875], "texture": "#0"}
			}
		},
		{
			"name": "sc4_44",
			"from": [10.375, 10.875, 7.95],
			"to": [10.625, 11.5, 8.175],
			"rotation": {"angle": 0, "axis": "y", "origin": [-2, 0, 8]},
			"faces": {
				"north": {"uv": [12.625, 4.5, 12.375, 5.125], "texture": "#0"},
				"east": {"uv": [12.5, 4.5, 12.625, 5.125], "texture": "#0"},
				"south": {"uv": [12.375, 4.5, 12.625, 5.125], "texture": "#0"},
				"west": {"uv": [12.375, 4.5, 12.5, 5.125], "texture": "#0"},
				"up": {"uv": [12.375, 4.5, 12.625, 4.625], "texture": "#0"},
				"down": {"uv": [12.375, 5, 12.625, 5.125], "texture": "#0"}
			}
		},
		{
			"name": "sc4_45",
			"from": [3.375, 10.75, 7.95],
			"to": [3.5, 11.375, 8.175],
			"rotation": {"angle": 0, "axis": "y", "origin": [-2, 0, 8]},
			"faces": {
				"north": {"uv": [5.5, 4.625, 5.375, 5.25], "texture": "#0"},
				"south": {"uv": [5.375, 4.625, 5.5, 5.25], "texture": "#0"},
				"west": {"uv": [5.375, 4.625, 5.5, 5.25], "texture": "#0"},
				"up": {"uv": [5.375, 4.625, 5.5, 4.75], "texture": "#0"},
				"down": {"uv": [5.375, 5.125, 5.5, 5.25], "texture": "#0"}
			}
		},
		{
			"name": "sc4_46",
			"from": [5.5, 11.125, 7.95],
			"to": [5.75, 11.375, 8.175],
			"rotation": {"angle": 0, "axis": "y", "origin": [-2, 0, 8]},
			"faces": {
				"north": {"uv": [7.75, 4.625, 7.5, 4.875], "texture": "#0"},
				"east": {"uv": [7.625, 4.625, 7.75, 4.875], "texture": "#0"},
				"south": {"uv": [7.5, 4.625, 7.75, 4.875], "texture": "#0"},
				"west": {"uv": [7.5, 4.625, 7.625, 4.875], "texture": "#0"},
				"down": {"uv": [7.5, 4.75, 7.75, 4.875], "texture": "#0"}
			}
		},
		{
			"name": "sc4_47",
			"from": [7.75, 10.125, 7.95],
			"to": [7.875, 11.375, 8.175],
			"rotation": {"angle": 0, "axis": "y", "origin": [-2, 0, 8]},
			"faces": {
				"north": {"uv": [9.875, 4.625, 9.75, 5.875], "texture": "#0"},
				"south": {"uv": [9.75, 4.625, 9.875, 5.875], "texture": "#0"},
				"west": {"uv": [9.75, 4.625, 9.875, 5.875], "texture": "#0"},
				"down": {"uv": [9.75, 5.75, 9.875, 5.875], "texture": "#0"}
			}
		},
		{
			"name": "sc4_48",
			"from": [3.25, 10.5, 7.95],
			"to": [3.375, 11.25, 8.175],
			"rotation": {"angle": 0, "axis": "y", "origin": [-2, 0, 8]},
			"faces": {
				"north": {"uv": [5.375, 4.75, 5.25, 5.5], "texture": "#0"},
				"east": {"uv": [5.25, 4.75, 5.375, 5.5], "texture": "#0"},
				"south": {"uv": [5.25, 4.75, 5.375, 5.5], "texture": "#0"},
				"west": {"uv": [5.25, 4.75, 5.375, 5.5], "texture": "#0"},
				"up": {"uv": [5.25, 4.75, 5.375, 4.875], "texture": "#0"},
				"down": {"uv": [5.25, 5.375, 5.375, 5.5], "texture": "#0"}
			}
		},
		{
			"name": "sc4_49",
			"from": [4.125, 11.125, 7.95],
			"to": [4.5, 11.25, 8.175],
			"rotation": {"angle": 0, "axis": "y", "origin": [-2, 0, 8]},
			"faces": {
				"north": {"uv": [6.5, 4.75, 6.125, 4.875], "texture": "#0"},
				"east": {"uv": [6.375, 4.75, 6.5, 4.875], "texture": "#0"},
				"south": {"uv": [6.125, 4.75, 6.5, 4.875], "texture": "#0"},
				"down": {"uv": [6.125, 4.75, 6.5, 4.875], "texture": "#0"}
			}
		},
		{
			"name": "sc4_50",
			"from": [3.125, 10.375, 7.95],
			"to": [3.25, 11.125, 8.175],
			"rotation": {"angle": 0, "axis": "y", "origin": [-2, 0, 8]},
			"faces": {
				"north": {"uv": [5.25, 4.875, 5.125, 5.625], "texture": "#0"},
				"east": {"uv": [5.125, 4.875, 5.25, 5.625], "texture": "#0"},
				"south": {"uv": [5.125, 4.875, 5.25, 5.625], "texture": "#0"},
				"west": {"uv": [5.125, 4.875, 5.25, 5.625], "texture": "#0"},
				"up": {"uv": [5.125, 4.875, 5.25, 5], "texture": "#0"},
				"down": {"uv": [5.125, 5.5, 5.25, 5.625], "texture": "#0"}
			}
		},
		{
			"name": "sc4_51",
			"from": [7.625, 10.375, 7.95],
			"to": [7.75, 11.125, 8.175],
			"rotation": {"angle": 0, "axis": "y", "origin": [-2, 0, 8]},
			"faces": {
				"north": {"uv": [9.75, 4.875, 9.625, 5.625], "texture": "#0"},
				"south": {"uv": [9.625, 4.875, 9.75, 5.625], "texture": "#0"},
				"west": {"uv": [9.625, 4.875, 9.75, 5.625], "texture": "#0"},
				"up": {"uv": [9.625, 4.875, 9.75, 5], "texture": "#0"},
				"down": {"uv": [9.625, 5.5, 9.75, 5.625], "texture": "#0"}
			}
		},
		{
			"name": "sc4_52",
			"from": [8.375, 10.375, 7.95],
			"to": [8.5, 11.125, 8.175],
			"rotation": {"angle": 0, "axis": "y", "origin": [-2, 0, 8]},
			"faces": {
				"north": {"uv": [10.5, 4.875, 10.375, 5.625], "texture": "#0"},
				"east": {"uv": [10.375, 4.875, 10.5, 5.625], "texture": "#0"},
				"south": {"uv": [10.375, 4.875, 10.5, 5.625], "texture": "#0"},
				"up": {"uv": [10.375, 4.875, 10.5, 5], "texture": "#0"},
				"down": {"uv": [10.375, 5.5, 10.5, 5.625], "texture": "#0"}
			}
		},
		{
			"name": "sc4_53",
			"from": [3, 10.25, 7.95],
			"to": [3.125, 11, 8.175],
			"rotation": {"angle": 0, "axis": "y", "origin": [-2, 0, 8]},
			"faces": {
				"north": {"uv": [5.125, 5, 5, 5.75], "texture": "#0"},
				"east": {"uv": [5, 5, 5.125, 5.75], "texture": "#0"},
				"south": {"uv": [5, 5, 5.125, 5.75], "texture": "#0"},
				"west": {"uv": [5, 5, 5.125, 5.75], "texture": "#0"},
				"up": {"uv": [5, 5, 5.125, 5.125], "texture": "#0"},
				"down": {"uv": [5, 5.625, 5.125, 5.75], "texture": "#0"}
			}
		},
		{
			"name": "sc4_54",
			"from": [10.625, 9.625, 7.95],
			"to": [10.75, 11, 8.175],
			"rotation": {"angle": 0, "axis": "y", "origin": [-2, 0, 8]},
			"faces": {
				"north": {"uv": [12.75, 5, 12.625, 6.375], "texture": "#0"},
				"east": {"uv": [12.625, 5, 12.75, 6.375], "texture": "#0"},
				"south": {"uv": [12.625, 5, 12.75, 6.375], "texture": "#0"},
				"west": {"uv": [12.625, 5, 12.75, 6.375], "texture": "#0"},
				"up": {"uv": [12.625, 5, 12.75, 5.125], "texture": "#0"},
				"down": {"uv": [12.625, 6.25, 12.75, 6.375], "texture": "#0"}
			}
		},
		{
			"name": "sc4_55",
			"from": [2.875, 10.125, 7.95],
			"to": [3, 10.875, 8.175],
			"rotation": {"angle": 0, "axis": "y", "origin": [-2, 0, 8]},
			"faces": {
				"north": {"uv": [5, 5.125, 4.875, 5.875], "texture": "#0"},
				"east": {"uv": [4.875, 5.125, 5, 5.875], "texture": "#0"},
				"south": {"uv": [4.875, 5.125, 5, 5.875], "texture": "#0"},
				"west": {"uv": [4.875, 5.125, 5, 5.875], "texture": "#0"},
				"up": {"uv": [4.875, 5.125, 5, 5.25], "texture": "#0"},
				"down": {"uv": [4.875, 5.75, 5, 5.875], "texture": "#0"}
			}
		},
		{
			"name": "sc4_56",
			"from": [7.5, 10.5, 7.95],
			"to": [7.625, 10.875, 8.175],
			"rotation": {"angle": 0, "axis": "y", "origin": [-2, 0, 8]},
			"faces": {
				"north": {"uv": [9.625, 5.125, 9.5, 5.5], "texture": "#0"},
				"south": {"uv": [9.5, 5.125, 9.625, 5.5], "texture": "#0"},
				"west": {"uv": [9.5, 5.125, 9.625, 5.5], "texture": "#0"},
				"up": {"uv": [9.5, 5.125, 9.625, 5.25], "texture": "#0"},
				"down": {"uv": [9.5, 5.375, 9.625, 5.5], "texture": "#0"}
			}
		},
		{
			"name": "sc4_57",
			"from": [8.5, 10.5, 7.95],
			"to": [8.625, 10.875, 8.175],
			"rotation": {"angle": 0, "axis": "y", "origin": [-2, 0, 8]},
			"faces": {
				"north": {"uv": [10.625, 5.125, 10.5, 5.5], "texture": "#0"},
				"east": {"uv": [10.5, 5.125, 10.625, 5.5], "texture": "#0"},
				"south": {"uv": [10.5, 5.125, 10.625, 5.5], "texture": "#0"},
				"up": {"uv": [10.5, 5.125, 10.625, 5.25], "texture": "#0"},
				"down": {"uv": [10.5, 5.375, 10.625, 5.5], "texture": "#0"}
			}
		},
		{
			"name": "sc4_58",
			"from": [10.5, 10.5, 7.95],
			"to": [10.625, 10.875, 8.175],
			"rotation": {"angle": 0, "axis": "y", "origin": [-2, 0, 8]},
			"faces": {
				"north": {"uv": [12.625, 5.125, 12.5, 5.5], "texture": "#0"},
				"south": {"uv": [12.5, 5.125, 12.625, 5.5], "texture": "#0"},
				"west": {"uv": [12.5, 5.125, 12.625, 5.5], "texture": "#0"},
				"down": {"uv": [12.5, 5.375, 12.625, 5.5], "texture": "#0"}
			}
		},
		{
			"name": "sc4_59",
			"from": [7.375, 10.625, 7.95],
			"to": [7.5, 10.75, 8.175],
			"rotation": {"angle": 0, "axis": "y", "origin": [-2, 0, 8]},
			"faces": {
				"north": {"uv": [9.5, 5.25, 9.375, 5.375], "texture": "#0"},
				"south": {"uv": [9.375, 5.25, 9.5, 5.375], "texture": "#0"},
				"west": {"uv": [9.375, 5.25, 9.5, 5.375], "texture": "#0"},
				"up": {"uv": [9.375, 5.25, 9.5, 5.375], "texture": "#0"},
				"down": {"uv": [9.375, 5.25, 9.5, 5.375], "texture": "#0"}
			}
		},
		{
			"name": "sc4_60",
			"from": [8.625, 10.625, 7.95],
			"to": [8.75, 10.75, 8.175],
			"rotation": {"angle": 0, "axis": "y", "origin": [-2, 0, 8]},
			"faces": {
				"north": {"uv": [10.75, 5.25, 10.625, 5.375], "texture": "#0"},
				"east": {"uv": [10.625, 5.25, 10.75, 5.375], "texture": "#0"},
				"south": {"uv": [10.625, 5.25, 10.75, 5.375], "texture": "#0"},
				"up": {"uv": [10.625, 5.25, 10.75, 5.375], "texture": "#0"},
				"down": {"uv": [10.625, 5.25, 10.75, 5.375], "texture": "#0"}
			}
		},
		{
			"name": "sc4_61",
			"from": [2.75, 9.875, 7.95],
			"to": [2.875, 10.625, 8.175],
			"rotation": {"angle": 0, "axis": "y", "origin": [-2, 0, 8]},
			"faces": {
				"north": {"uv": [4.875, 5.375, 4.75, 6.125], "texture": "#0"},
				"east": {"uv": [4.75, 5.375, 4.875, 6.125], "texture": "#0"},
				"south": {"uv": [4.75, 5.375, 4.875, 6.125], "texture": "#0"},
				"west": {"uv": [4.75, 5.375, 4.875, 6.125], "texture": "#0"},
				"up": {"uv": [4.75, 5.375, 4.875, 5.5], "texture": "#0"},
				"down": {"uv": [4.75, 6, 4.875, 6.125], "texture": "#0"}
			}
		},
		{
			"name": "sc4_62",
			"from": [2.625, 9.625, 7.95],
			"to": [2.75, 10.375, 8.175],
			"rotation": {"angle": 0, "axis": "y", "origin": [-2, 0, 8]},
			"faces": {
				"north": {"uv": [4.75, 5.625, 4.625, 6.375], "texture": "#0"},
				"east": {"uv": [4.625, 5.625, 4.75, 6.375], "texture": "#0"},
				"south": {"uv": [4.625, 5.625, 4.75, 6.375], "texture": "#0"},
				"west": {"uv": [4.625, 5.625, 4.75, 6.375], "texture": "#0"},
				"up": {"uv": [4.625, 5.625, 4.75, 5.75], "texture": "#0"},
				"down": {"uv": [4.625, 6.25, 4.75, 6.375], "texture": "#0"}
			}
		},
		{
			"name": "sc4_63",
			"from": [2.5, 9, 7.95],
			"to": [2.625, 10, 8.175],
			"rotation": {"angle": 0, "axis": "y", "origin": [-2, 0, 8]},
			"faces": {
				"north": {"uv": [4.625, 6, 4.5, 7], "texture": "#0"},
				"east": {"uv": [4.5, 6, 4.625, 7], "texture": "#0"},
				"south": {"uv": [4.5, 6, 4.625, 7], "texture": "#0"},
				"west": {"uv": [4.5, 6, 4.625, 7], "texture": "#0"},
				"up": {"uv": [4.5, 6, 4.625, 6.125], "texture": "#0"},
				"down": {"uv": [4.5, 6.875, 4.625, 7], "texture": "#0"}
			}
		},
		{
			"name": "sc4_64",
			"from": [8, 1.375, 7.95],
			"to": [8.125, 2.5, 8.175],
			"rotation": {"angle": 0, "axis": "y", "origin": [-2, 0, 8]},
			"faces": {
				"north": {"uv": [10.125, 13.5, 10, 14.625], "texture": "#0"},
				"east": {"uv": [10, 13.5, 10.125, 14.625], "texture": "#0"},
				"south": {"uv": [10, 13.5, 10.125, 14.625], "texture": "#0"},
				"west": {"uv": [10, 13.5, 10.125, 14.625], "texture": "#0"},
				"down": {"uv": [10, 14.5, 10.125, 14.625], "texture": "#0"}
			}
		},
		{
			"name": "sc4_65",
			"from": [7.875, 1.875, 7.95],
			"to": [8, 2.375, 8.175],
			"rotation": {"angle": 0, "axis": "y", "origin": [-2, 0, 8]},
			"faces": {
				"north": {"uv": [10, 13.625, 9.875, 14.125], "texture": "#0"},
				"south": {"uv": [9.875, 13.625, 10, 14.125], "texture": "#0"},
				"west": {"uv": [9.875, 13.625, 10, 14.125], "texture": "#0"},
				"up": {"uv": [9.875, 13.625, 10, 13.75], "texture": "#0"},
				"down": {"uv": [9.875, 14, 10, 14.125], "texture": "#0"}
			}
		},
		{
			"name": "sc4_66",
			"from": [8.125, 1.875, 7.95],
			"to": [8.25, 2.375, 8.175],
			"rotation": {"angle": 0, "axis": "y", "origin": [-2, 0, 8]},
			"faces": {
				"north": {"uv": [10.25, 13.625, 10.125, 14.125], "texture": "#0"},
				"east": {"uv": [10.125, 13.625, 10.25, 14.125], "texture": "#0"},
				"south": {"uv": [10.125, 13.625, 10.25, 14.125], "texture": "#0"},
				"up": {"uv": [10.125, 13.625, 10.25, 13.75], "texture": "#0"},
				"down": {"uv": [10.125, 14, 10.25, 14.125], "texture": "#0"}
			}
		},
		{
			"name": "sc4_67",
			"from": [7.75, 2.125, 7.95],
			"to": [7.875, 2.25, 8.175],
			"rotation": {"angle": 0, "axis": "y", "origin": [-2, 0, 8]},
			"faces": {
				"north": {"uv": [9.875, 13.75, 9.75, 13.875], "texture": "#0"},
				"south": {"uv": [9.75, 13.75, 9.875, 13.875], "texture": "#0"},
				"west": {"uv": [9.75, 13.75, 9.875, 13.875], "texture": "#0"},
				"up": {"uv": [9.75, 13.75, 9.875, 13.875], "texture": "#0"},
				"down": {"uv": [9.75, 13.75, 9.875, 13.875], "texture": "#0"}
			}
		},
		{
			"name": "sc4_68",
			"from": [8.25, 2.125, 7.95],
			"to": [8.375, 2.25, 8.175],
			"rotation": {"angle": 0, "axis": "y", "origin": [-2, 0, 8]},
			"faces": {
				"north": {"uv": [10.375, 13.75, 10.25, 13.875], "texture": "#0"},
				"east": {"uv": [10.25, 13.75, 10.375, 13.875], "texture": "#0"},
				"south": {"uv": [10.25, 13.75, 10.375, 13.875], "texture": "#0"},
				"up": {"uv": [10.25, 13.75, 10.375, 13.875], "texture": "#0"},
				"down": {"uv": [10.25, 13.75, 10.375, 13.875], "texture": "#0"}
			}
		},
		{
			"name": "sc1_0",
			"from": [7.25, 13.125, 8],
			"to": [7.375, 13.5, 8.125],
			"rotation": {"angle": 0, "axis": "y", "origin": [-2, 0, 8]},
			"faces": {
				"north": {"uv": [9.375, 2.5, 9.25, 2.875], "texture": "#0"},
				"east": {"uv": [9.25, 2.5, 9.375, 2.875], "texture": "#0"},
				"south": {"uv": [9.25, 2.5, 9.375, 2.875], "texture": "#0"},
				"west": {"uv": [9.25, 2.5, 9.375, 2.875], "texture": "#0"},
				"up": {"uv": [9.25, 2.5, 9.375, 2.625], "texture": "#0"}
			}
		},
		{
			"name": "sc1_1",
			"from": [7.125, 12.875, 8],
			"to": [7.25, 13.375, 8.125],
			"rotation": {"angle": 0, "axis": "y", "origin": [-2, 0, 8]},
			"faces": {
				"north": {"uv": [9.25, 2.625, 9.125, 3.125], "texture": "#0"},
				"south": {"uv": [9.125, 2.625, 9.25, 3.125], "texture": "#0"},
				"west": {"uv": [9.125, 2.625, 9.25, 3.125], "texture": "#0"},
				"up": {"uv": [9.125, 2.625, 9.25, 2.75], "texture": "#0"}
			}
		},
		{
			"name": "sc1_2",
			"from": [7.375, 13.125, 8],
			"to": [7.5, 13.25, 8.125],
			"rotation": {"angle": 0, "axis": "y", "origin": [-2, 0, 8]},
			"faces": {
				"north": {"uv": [9.5, 2.75, 9.375, 2.875], "texture": "#0"},
				"east": {"uv": [9.375, 2.75, 9.5, 2.875], "texture": "#0"},
				"south": {"uv": [9.375, 2.75, 9.5, 2.875], "texture": "#0"},
				"up": {"uv": [9.375, 2.75, 9.5, 2.875], "texture": "#0"}
			}
		},
		{
			"name": "sc1_3",
			"from": [7, 12.75, 8],
			"to": [7.125, 13.125, 8.125],
			"rotation": {"angle": 0, "axis": "y", "origin": [-2, 0, 8]},
			"faces": {
				"north": {"uv": [9.125, 2.875, 9, 3.25], "texture": "#0"},
				"south": {"uv": [9, 2.875, 9.125, 3.25], "texture": "#0"},
				"west": {"uv": [9, 2.875, 9.125, 3.25], "texture": "#0"},
				"up": {"uv": [9, 2.875, 9.125, 3], "texture": "#0"}
			}
		},
		{
			"name": "sc1_4",
			"from": [7.5, 13, 8],
			"to": [7.875, 13.125, 8.125],
			"rotation": {"angle": 0, "axis": "y", "origin": [-2, 0, 8]},
			"faces": {
				"north": {"uv": [9.875, 2.875, 9.5, 3], "texture": "#0"},
				"east": {"uv": [9.75, 2.875, 9.875, 3], "texture": "#0"},
				"south": {"uv": [9.5, 2.875, 9.875, 3], "texture": "#0"},
				"up": {"uv": [9.5, 2.875, 9.875, 3], "texture": "#0"}
			}
		},
		{
			"name": "sc1_5",
			"from": [8.25, 13, 8],
			"to": [8.5, 13.125, 8.125],
			"rotation": {"angle": 0, "axis": "y", "origin": [-2, 0, 8]},
			"faces": {
				"north": {"uv": [10.5, 2.875, 10.25, 3], "texture": "#0"},
				"east": {"uv": [10.375, 2.875, 10.5, 3], "texture": "#0"},
				"south": {"uv": [10.25, 2.875, 10.5, 3], "texture": "#0"},
				"west": {"uv": [10.25, 2.875, 10.375, 3], "texture": "#0"},
				"up": {"uv": [10.25, 2.875, 10.5, 3], "texture": "#0"}
			}
		},
		{
			"name": "sc1_6",
			"from": [6.875, 12.625, 8],
			"to": [7, 13, 8.125],
			"rotation": {"angle": 0, "axis": "y", "origin": [-2, 0, 8]},
			"faces": {
				"north": {"uv": [9, 3, 8.875, 3.375], "texture": "#0"},
				"south": {"uv": [8.875, 3, 9, 3.375], "texture": "#0"},
				"west": {"uv": [8.875, 3, 9, 3.375], "texture": "#0"},
				"up": {"uv": [8.875, 3, 9, 3.125], "texture": "#0"}
			}
		},
		{
			"name": "sc1_7",
			"from": [7.875, 12.875, 8],
			"to": [8.25, 13, 8.125],
			"rotation": {"angle": 0, "axis": "y", "origin": [-2, 0, 8]},
			"faces": {
				"north": {"uv": [10.25, 3, 9.875, 3.125], "texture": "#0"},
				"south": {"uv": [9.875, 3, 10.25, 3.125], "texture": "#0"},
				"up": {"uv": [9.875, 3, 10.25, 3.125], "texture": "#0"}
			}
		},
		{
			"name": "sc1_8",
			"from": [8.5, 12.875, 8],
			"to": [9.125, 13, 8.125],
			"rotation": {"angle": 0, "axis": "y", "origin": [-2, 0, 8]},
			"faces": {
				"north": {"uv": [11.125, 3, 10.5, 3.125], "texture": "#0"},
				"east": {"uv": [11, 3, 11.125, 3.125], "texture": "#0"},
				"south": {"uv": [10.5, 3, 11.125, 3.125], "texture": "#0"},
				"up": {"uv": [10.5, 3, 11.125, 3.125], "texture": "#0"}
			}
		},
		{
			"name": "sc1_9",
			"from": [6.75, 12.625, 8],
			"to": [6.875, 12.875, 8.125],
			"rotation": {"angle": 0, "axis": "y", "origin": [-2, 0, 8]},
			"faces": {
				"north": {"uv": [8.875, 3.125, 8.75, 3.375], "texture": "#0"},
				"south": {"uv": [8.75, 3.125, 8.875, 3.375], "texture": "#0"},
				"west": {"uv": [8.75, 3.125, 8.875, 3.375], "texture": "#0"},
				"up": {"uv": [8.75, 3.125, 8.875, 3.25], "texture": "#0"}
			}
		},
		{
			"name": "sc1_10",
			"from": [9.125, 12.75, 8],
			"to": [9.375, 12.875, 8.125],
			"rotation": {"angle": 0, "axis": "y", "origin": [-2, 0, 8]},
			"faces": {
				"north": {"uv": [11.375, 3.125, 11.125, 3.25], "texture": "#0"},
				"east": {"uv": [11.25, 3.125, 11.375, 3.25], "texture": "#0"},
				"south": {"uv": [11.125, 3.125, 11.375, 3.25], "texture": "#0"},
				"up": {"uv": [11.125, 3.125, 11.375, 3.25], "texture": "#0"}
			}
		},
		{
			"name": "sc1_11",
			"from": [6.5, 12.5, 8],
			"to": [6.75, 12.75, 8.125],
			"rotation": {"angle": 0, "axis": "y", "origin": [-2, 0, 8]},
			"faces": {
				"north": {"uv": [8.75, 3.25, 8.5, 3.5], "texture": "#0"},
				"south": {"uv": [8.5, 3.25, 8.75, 3.5], "texture": "#0"},
				"west": {"uv": [8.5, 3.25, 8.625, 3.5], "texture": "#0"},
				"up": {"uv": [8.5, 3.25, 8.75, 3.375], "texture": "#0"}
			}
		},
		{
			"name": "sc1_12",
			"from": [9.375, 12.625, 8],
			"to": [9.625, 12.75, 8.125],
			"rotation": {"angle": 0, "axis": "y", "origin": [-2, 0, 8]},
			"faces": {
				"north": {"uv": [11.625, 3.25, 11.375, 3.375], "texture": "#0"},
				"east": {"uv": [11.5, 3.25, 11.625, 3.375], "texture": "#0"},
				"south": {"uv": [11.375, 3.25, 11.625, 3.375], "texture": "#0"},
				"up": {"uv": [11.375, 3.25, 11.625, 3.375], "texture": "#0"}
			}
		},
		{
			"name": "sc1_13",
			"from": [6.125, 12.375, 8],
			"to": [6.5, 12.625, 8.125],
			"rotation": {"angle": 0, "axis": "y", "origin": [-2, 0, 8]},
			"faces": {
				"north": {"uv": [8.5, 3.375, 8.125, 3.625], "texture": "#0"},
				"south": {"uv": [8.125, 3.375, 8.5, 3.625], "texture": "#0"},
				"west": {"uv": [8.125, 3.375, 8.25, 3.625], "texture": "#0"},
				"up": {"uv": [8.125, 3.375, 8.5, 3.5], "texture": "#0"}
			}
		},
		{
			"name": "sc1_14",
			"from": [8.375, 12.5, 8],
			"to": [8.625, 12.625, 8.125],
			"rotation": {"angle": 0, "axis": "y", "origin": [-2, 0, 8]},
			"faces": {
				"north": {"uv": [10.625, 3.375, 10.375, 3.5], "texture": "#0"},
				"south": {"uv": [10.375, 3.375, 10.625, 3.5], "texture": "#0"},
				"down": {"uv": [10.375, 3.375, 10.625, 3.5], "texture": "#0"}
			}
		},
		{
			"name": "sc1_15",
			"from": [9.625, 12.5, 8],
			"to": [9.75, 12.625, 8.125],
			"rotation": {"angle": 0, "axis": "y", "origin": [-2, 0, 8]},
			"faces": {
				"north": {"uv": [11.75, 3.375, 11.625, 3.5], "texture": "#0"},
				"east": {"uv": [11.625, 3.375, 11.75, 3.5], "texture": "#0"},
				"south": {"uv": [11.625, 3.375, 11.75, 3.5], "texture": "#0"},
				"up": {"uv": [11.625, 3.375, 11.75, 3.5], "texture": "#0"}
			}
		},
		{
			"name": "sc1_16",
			"from": [5.625, 12.25, 8],
			"to": [6.125, 12.5, 8.125],
			"rotation": {"angle": 0, "axis": "y", "origin": [-2, 0, 8]},
			"faces": {
				"north": {"uv": [8.125, 3.5, 7.625, 3.75], "texture": "#0"},
				"south": {"uv": [7.625, 3.5, 8.125, 3.75], "texture": "#0"},
				"west": {"uv": [7.625, 3.5, 7.75, 3.75], "texture": "#0"},
				"up": {"uv": [7.625, 3.5, 8.125, 3.625], "texture": "#0"}
			}
		},
		{
			"name": "sc1_17",
			"from": [8.25, 12.375, 8],
			"to": [8.375, 12.5, 8.125],
			"rotation": {"angle": 0, "axis": "y", "origin": [-2, 0, 8]},
			"faces": {
				"north": {"uv": [10.375, 3.5, 10.25, 3.625], "texture": "#0"},
				"east": {"uv": [10.25, 3.5, 10.375, 3.625], "texture": "#0"},
				"south": {"uv": [10.25, 3.5, 10.375, 3.625], "texture": "#0"},
				"down": {"uv": [10.25, 3.5, 10.375, 3.625], "texture": "#0"}
			}
		},
		{
			"name": "sc1_18",
			"from": [8.625, 12.375, 8],
			"to": [8.75, 12.5, 8.125],
			"rotation": {"angle": 0, "axis": "y", "origin": [-2, 0, 8]},
			"faces": {
				"north": {"uv": [10.75, 3.5, 10.625, 3.625], "texture": "#0"},
				"south": {"uv": [10.625, 3.5, 10.75, 3.625], "texture": "#0"},
				"west": {"uv": [10.625, 3.5, 10.75, 3.625], "texture": "#0"},
				"down": {"uv": [10.625, 3.5, 10.75, 3.625], "texture": "#0"}
			}
		},
		{
			"name": "sc1_19",
			"from": [9.75, 12.375, 8],
			"to": [9.875, 12.5, 8.125],
			"rotation": {"angle": 0, "axis": "y", "origin": [-2, 0, 8]},
			"faces": {
				"north": {"uv": [11.875, 3.5, 11.75, 3.625], "texture": "#0"},
				"east": {"uv": [11.75, 3.5, 11.875, 3.625], "texture": "#0"},
				"south": {"uv": [11.75, 3.5, 11.875, 3.625], "texture": "#0"},
				"up": {"uv": [11.75, 3.5, 11.875, 3.625], "texture": "#0"}
			}
		},
		{
			"name": "sc1_20",
			"from": [5.125, 12.125, 8],
			"to": [5.5, 12.375, 8.125],
			"rotation": {"angle": 0, "axis": "y", "origin": [-2, 0, 8]},
			"faces": {
				"north": {"uv": [7.5, 3.625, 7.125, 3.875], "texture": "#0"},
				"south": {"uv": [7.125, 3.625, 7.5, 3.875], "texture": "#0"},
				"west": {"uv": [7.125, 3.625, 7.25, 3.875], "texture": "#0"},
				"up": {"uv": [7.125, 3.625, 7.5, 3.75], "texture": "#0"}
			}
		},
		{
			"name": "sc1_21",
			"from": [5.5, 12.25, 8],
			"to": [5.625, 12.375, 8.125],
			"rotation": {"angle": 0, "axis": "y", "origin": [-2, 0, 8]},
			"faces": {
				"north": {"uv": [7.625, 3.625, 7.5, 3.75], "texture": "#0"},
				"south": {"uv": [7.5, 3.625, 7.625, 3.75], "texture": "#0"},
				"up": {"uv": [7.5, 3.625, 7.625, 3.75], "texture": "#0"}
			}
		},
		{
			"name": "sc1_22",
			"from": [8.125, 12.125, 8],
			"to": [8.25, 12.375, 8.125],
			"rotation": {"angle": 0, "axis": "y", "origin": [-2, 0, 8]},
			"faces": {
				"north": {"uv": [10.25, 3.625, 10.125, 3.875], "texture": "#0"},
				"east": {"uv": [10.125, 3.625, 10.25, 3.875], "texture": "#0"},
				"south": {"uv": [10.125, 3.625, 10.25, 3.875], "texture": "#0"}
			}
		},
		{
			"name": "sc1_23",
			"from": [8.75, 12.125, 8],
			"to": [8.875, 12.375, 8.125],
			"rotation": {"angle": 0, "axis": "y", "origin": [-2, 0, 8]},
			"faces": {
				"north": {"uv": [10.875, 3.625, 10.75, 3.875], "texture": "#0"},
				"south": {"uv": [10.75, 3.625, 10.875, 3.875], "texture": "#0"},
				"west": {"uv": [10.75, 3.625, 10.875, 3.875], "texture": "#0"}
			}
		},
		{
			"name": "sc1_24",
			"from": [9.875, 12.25, 8],
			"to": [10, 12.375, 8.125],
			"rotation": {"angle": 0, "axis": "y", "origin": [-2, 0, 8]},
			"faces": {
				"north": {"uv": [12, 3.625, 11.875, 3.75], "texture": "#0"},
				"east": {"uv": [11.875, 3.625, 12, 3.75], "texture": "#0"},
				"south": {"uv": [11.875, 3.625, 12, 3.75], "texture": "#0"},
				"up": {"uv": [11.875, 3.625, 12, 3.75], "texture": "#0"}
			}
		},
		{
			"name": "sc1_25",
			"from": [4.875, 12, 8],
			"to": [5.125, 12.25, 8.125],
			"rotation": {"angle": 0, "axis": "y", "origin": [-2, 0, 8]},
			"faces": {
				"north": {"uv": [7.125, 3.75, 6.875, 4], "texture": "#0"},
				"south": {"uv": [6.875, 3.75, 7.125, 4], "texture": "#0"},
				"west": {"uv": [6.875, 3.75, 7, 4], "texture": "#0"},
				"up": {"uv": [6.875, 3.75, 7.125, 3.875], "texture": "#0"}
			}
		},
		{
			"name": "sc1_26",
			"from": [10, 12.125, 8],
			"to": [10.125, 12.25, 8.125],
			"rotation": {"angle": 0, "axis": "y", "origin": [-2, 0, 8]},
			"faces": {
				"north": {"uv": [12.125, 3.75, 12, 3.875], "texture": "#0"},
				"east": {"uv": [12, 3.75, 12.125, 3.875], "texture": "#0"},
				"south": {"uv": [12, 3.75, 12.125, 3.875], "texture": "#0"},
				"up": {"uv": [12, 3.75, 12.125, 3.875], "texture": "#0"}
			}
		},
		{
			"name": "sc1_27",
			"from": [4.5, 12, 8],
			"to": [4.875, 12.125, 8.125],
			"rotation": {"angle": 0, "axis": "y", "origin": [-2, 0, 8]},
			"faces": {
				"north": {"uv": [6.875, 3.875, 6.5, 4], "texture": "#0"},
				"south": {"uv": [6.5, 3.875, 6.875, 4], "texture": "#0"},
				"west": {"uv": [6.5, 3.875, 6.625, 4], "texture": "#0"},
				"up": {"uv": [6.5, 3.875, 6.875, 4], "texture": "#0"}
			}
		},
		{
			"name": "sc1_28",
			"from": [8.25, 12, 8],
			"to": [8.375, 12.125, 8.125],
			"rotation": {"angle": 0, "axis": "y", "origin": [-2, 0, 8]},
			"faces": {
				"north": {"uv": [10.375, 3.875, 10.25, 4], "texture": "#0"},
				"east": {"uv": [10.25, 3.875, 10.375, 4], "texture": "#0"},
				"south": {"uv": [10.25, 3.875, 10.375, 4], "texture": "#0"},
				"up": {"uv": [10.25, 3.875, 10.375, 4], "texture": "#0"}
			}
		},
		{
			"name": "sc1_29",
			"from": [8.625, 12, 8],
			"to": [8.75, 12.125, 8.125],
			"rotation": {"angle": 0, "axis": "y", "origin": [-2, 0, 8]},
			"faces": {
				"north": {"uv": [10.75, 3.875, 10.625, 4], "texture": "#0"},
				"south": {"uv": [10.625, 3.875, 10.75, 4], "texture": "#0"},
				"west": {"uv": [10.625, 3.875, 10.75, 4], "texture": "#0"},
				"up": {"uv": [10.625, 3.875, 10.75, 4], "texture": "#0"}
			}
		},
		{
			"name": "sc1_30",
			"from": [10.125, 12, 8],
			"to": [10.25, 12.125, 8.125],
			"rotation": {"angle": 0, "axis": "y", "origin": [-2, 0, 8]},
			"faces": {
				"north": {"uv": [12.25, 3.875, 12.125, 4], "texture": "#0"},
				"east": {"uv": [12.125, 3.875, 12.25, 4], "texture": "#0"},
				"south": {"uv": [12.125, 3.875, 12.25, 4], "texture": "#0"},
				"up": {"uv": [12.125, 3.875, 12.25, 4], "texture": "#0"}
			}
		},
		{
			"name": "sc1_31",
			"from": [4.125, 11.875, 8],
			"to": [4.625, 12, 8.125],
			"rotation": {"angle": 0, "axis": "y", "origin": [-2, 0, 8]},
			"faces": {
				"north": {"uv": [6.625, 4, 6.125, 4.125], "texture": "#0"},
				"south": {"uv": [6.125, 4, 6.625, 4.125], "texture": "#0"},
				"west": {"uv": [6.125, 4, 6.25, 4.125], "texture": "#0"},
				"up": {"uv": [6.125, 4, 6.625, 4.125], "texture": "#0"}
			}
		},
		{
			"name": "sc1_32",
			"from": [8.375, 11.875, 8],
			"to": [8.625, 12, 8.125],
			"rotation": {"angle": 0, "axis": "y", "origin": [-2, 0, 8]},
			"faces": {
				"north": {"uv": [10.625, 4, 10.375, 4.125], "texture": "#0"},
				"south": {"uv": [10.375, 4, 10.625, 4.125], "texture": "#0"},
				"up": {"uv": [10.375, 4, 10.625, 4.125], "texture": "#0"}
			}
		},
		{
			"name": "sc1_33",
			"from": [10.25, 11.875, 8],
			"to": [10.375, 12, 8.125],
			"rotation": {"angle": 0, "axis": "y", "origin": [-2, 0, 8]},
			"faces": {
				"north": {"uv": [12.375, 4, 12.25, 4.125], "texture": "#0"},
				"east": {"uv": [12.25, 4, 12.375, 4.125], "texture": "#0"},
				"south": {"uv": [12.25, 4, 12.375, 4.125], "texture": "#0"},
				"up": {"uv": [12.25, 4, 12.375, 4.125], "texture": "#0"}
			}
		},
		{
			"name": "sc1_34",
			"from": [3.875, 11.75, 8],
			"to": [4.125, 11.875, 8.125],
			"rotation": {"angle": 0, "axis": "y", "origin": [-2, 0, 8]},
			"faces": {
				"north": {"uv": [6.125, 4.125, 5.875, 4.25], "texture": "#0"},
				"south": {"uv": [5.875, 4.125, 6.125, 4.25], "texture": "#0"},
				"west": {"uv": [5.875, 4.125, 6, 4.25], "texture": "#0"},
				"up": {"uv": [5.875, 4.125, 6.125, 4.25], "texture": "#0"}
			}
		},
		{
			"name": "sc1_35",
			"from": [6.5, 11.625, 8],
			"to": [7.375, 11.875, 8.125],
			"rotation": {"angle": 0, "axis": "y", "origin": [-2, 0, 8]},
			"faces": {
				"north": {"uv": [9.375, 4.125, 8.5, 4.375], "texture": "#0"},
				"south": {"uv": [8.5, 4.125, 9.375, 4.375], "texture": "#0"},
				"down": {"uv": [8.5, 4.25, 9.375, 4.375], "texture": "#0"}
			}
		},
		{
			"name": "sc1_36",
			"from": [8.875, 11.625, 8],
			"to": [9.125, 11.875, 8.125],
			"rotation": {"angle": 0, "axis": "y", "origin": [-2, 0, 8]},
			"faces": {
				"north": {"uv": [11.125, 4.125, 10.875, 4.375], "texture": "#0"},
				"south": {"uv": [10.875, 4.125, 11.125, 4.375], "texture": "#0"},
				"down": {"uv": [10.875, 4.25, 11.125, 4.375], "texture": "#0"}
			}
		},
		{
			"name": "sc1_37",
			"from": [10.375, 11.5, 8],
			"to": [10.5, 11.875, 8.125],
			"rotation": {"angle": 0, "axis": "y", "origin": [-2, 0, 8]},
			"faces": {
				"north": {"uv": [12.5, 4.125, 12.375, 4.5], "texture": "#0"},
				"east": {"uv": [12.375, 4.125, 12.5, 4.5], "texture": "#0"},
				"south": {"uv": [12.375, 4.125, 12.5, 4.5], "texture": "#0"},
				"up": {"uv": [12.375, 4.125, 12.5, 4.25], "texture": "#0"}
			}
		},
		{
			"name": "sc1_38",
			"from": [3.625, 11.625, 8],
			"to": [3.875, 11.75, 8.125],
			"rotation": {"angle": 0, "axis": "y", "origin": [-2, 0, 8]},
			"faces": {
				"north": {"uv": [5.875, 4.25, 5.625, 4.375], "texture": "#0"},
				"south": {"uv": [5.625, 4.25, 5.875, 4.375], "texture": "#0"},
				"west": {"uv": [5.625, 4.25, 5.75, 4.375], "texture": "#0"},
				"up": {"uv": [5.625, 4.25, 5.875, 4.375], "texture": "#0"}
			}
		},
		{
			"name": "sc1_39",
			"from": [6.25, 11.5, 8],
			"to": [6.5, 11.75, 8.125],
			"rotation": {"angle": 0, "axis": "y", "origin": [-2, 0, 8]},
			"faces": {
				"north": {"uv": [8.5, 4.25, 8.25, 4.5], "texture": "#0"},
				"east": {"uv": [8.375, 4.25, 8.5, 4.5], "texture": "#0"},
				"south": {"uv": [8.25, 4.25, 8.5, 4.5], "texture": "#0"},
				"down": {"uv": [8.25, 4.375, 8.5, 4.5], "texture": "#0"}
			}
		},
		{
			"name": "sc1_40",
			"from": [7.375, 11.5, 8],
			"to": [7.5, 11.75, 8.125],
			"rotation": {"angle": 0, "axis": "y", "origin": [-2, 0, 8]},
			"faces": {
				"north": {"uv": [9.5, 4.25, 9.375, 4.5], "texture": "#0"},
				"south": {"uv": [9.375, 4.25, 9.5, 4.5], "texture": "#0"},
				"west": {"uv": [9.375, 4.25, 9.5, 4.5], "texture": "#0"},
				"down": {"uv": [9.375, 4.375, 9.5, 4.5], "texture": "#0"}
			}
		},
		{
			"name": "sc1_41",
			"from": [8.625, 11.5, 8],
			"to": [8.875, 11.75, 8.125],
			"rotation": {"angle": 0, "axis": "y", "origin": [-2, 0, 8]},
			"faces": {
				"north": {"uv": [10.875, 4.25, 10.625, 4.5], "texture": "#0"},
				"east": {"uv": [10.75, 4.25, 10.875, 4.5], "texture": "#0"},
				"south": {"uv": [10.625, 4.25, 10.875, 4.5], "texture": "#0"},
				"down": {"uv": [10.625, 4.375, 10.875, 4.5], "texture": "#0"}
			}
		},
		{
			"name": "sc1_42",
			"from": [9.125, 11.5, 8],
			"to": [9.5, 11.75, 8.125],
			"rotation": {"angle": 0, "axis": "y", "origin": [-2, 0, 8]},
			"faces": {
				"north": {"uv": [11.5, 4.25, 11.125, 4.5], "texture": "#0"},
				"south": {"uv": [11.125, 4.25, 11.5, 4.5], "texture": "#0"},
				"west": {"uv": [11.125, 4.25, 11.25, 4.5], "texture": "#0"},
				"down": {"uv": [11.125, 4.375, 11.5, 4.5], "texture": "#0"}
			}
		},
		{
			"name": "sc1_43",
			"from": [3.5, 11.5, 8],
			"to": [3.625, 11.625, 8.125],
			"rotation": {"angle": 0, "axis": "y", "origin": [-2, 0, 8]},
			"faces": {
				"north": {"uv": [5.625, 4.375, 5.5, 4.5], "texture": "#0"},
				"south": {"uv": [5.5, 4.375, 5.625, 4.5], "texture": "#0"},
				"west": {"uv": [5.5, 4.375, 5.625, 4.5], "texture": "#0"},
				"up": {"uv": [5.5, 4.375, 5.625, 4.5], "texture": "#0"}
			}
		},
		{
			"name": "sc1_44",
			"from": [6, 11.375, 8],
			"to": [6.25, 11.625, 8.125],
			"rotation": {"angle": 0, "axis": "y", "origin": [-2, 0, 8]},
			"faces": {
				"north": {"uv": [8.25, 4.375, 8, 4.625], "texture": "#0"},
				"east": {"uv": [8.125, 4.375, 8.25, 4.625], "texture": "#0"},
				"south": {"uv": [8, 4.375, 8.25, 4.625], "texture": "#0"},
				"down": {"uv": [8, 4.5, 8.25, 4.625], "texture": "#0"}
			}
		},
		{
			"name": "sc1_45",
			"from": [8.5, 11.375, 8],
			"to": [8.625, 11.625, 8.125],
			"rotation": {"angle": 0, "axis": "y", "origin": [-2, 0, 8]},
			"faces": {
				"north": {"uv": [10.625, 4.375, 10.5, 4.625], "texture": "#0"},
				"east": {"uv": [10.5, 4.375, 10.625, 4.625], "texture": "#0"},
				"south": {"uv": [10.5, 4.375, 10.625, 4.625], "texture": "#0"},
				"down": {"uv": [10.5, 4.5, 10.625, 4.625], "texture": "#0"}
			}
		},
		{
			"name": "sc1_46",
			"from": [9.5, 11.375, 8],
			"to": [9.75, 11.625, 8.125],
			"rotation": {"angle": 0, "axis": "y", "origin": [-2, 0, 8]},
			"faces": {
				"north": {"uv": [11.75, 4.375, 11.5, 4.625], "texture": "#0"},
				"south": {"uv": [11.5, 4.375, 11.75, 4.625], "texture": "#0"},
				"west": {"uv": [11.5, 4.375, 11.625, 4.625], "texture": "#0"},
				"down": {"uv": [11.5, 4.5, 11.75, 4.625], "texture": "#0"}
			}
		},
		{
			"name": "sc1_47",
			"from": [3.375, 11.375, 8],
			"to": [3.5, 11.5, 8.125],
			"rotation": {"angle": 0, "axis": "y", "origin": [-2, 0, 8]},
			"faces": {
				"north": {"uv": [5.5, 4.5, 5.375, 4.625], "texture": "#0"},
				"south": {"uv": [5.375, 4.5, 5.5, 4.625], "texture": "#0"},
				"west": {"uv": [5.375, 4.5, 5.5, 4.625], "texture": "#0"},
				"up": {"uv": [5.375, 4.5, 5.5, 4.625], "texture": "#0"}
			}
		},
		{
			"name": "sc1_48",
			"from": [5.875, 11.125, 8],
			"to": [6, 11.5, 8.125],
			"rotation": {"angle": 0, "axis": "y", "origin": [-2, 0, 8]},
			"faces": {
				"north": {"uv": [8, 4.5, 7.875, 4.875], "texture": "#0"},
				"east": {"uv": [7.875, 4.5, 8, 4.875], "texture": "#0"},
				"south": {"uv": [7.875, 4.5, 8, 4.875], "texture": "#0"},
				"down": {"uv": [7.875, 4.75, 8, 4.875], "texture": "#0"}
			}
		},
		{
			"name": "sc1_49",
			"from": [7.5, 11.375, 8],
			"to": [7.625, 11.5, 8.125],
			"rotation": {"angle": 0, "axis": "y", "origin": [-2, 0, 8]},
			"faces": {
				"north": {"uv": [9.625, 4.5, 9.5, 4.625], "texture": "#0"},
				"south": {"uv": [9.5, 4.5, 9.625, 4.625], "texture": "#0"},
				"west": {"uv": [9.5, 4.5, 9.625, 4.625], "texture": "#0"},
				"down": {"uv": [9.5, 4.5, 9.625, 4.625], "texture": "#0"}
			}
		},
		{
			"name": "sc1_50",
			"from": [9.75, 11.25, 8],
			"to": [10, 11.5, 8.125],
			"rotation": {"angle": 0, "axis": "y", "origin": [-2, 0, 8]},
			"faces": {
				"north": {"uv": [12, 4.5, 11.75, 4.75], "texture": "#0"},
				"south": {"uv": [11.75, 4.5, 12, 4.75], "texture": "#0"},
				"west": {"uv": [11.75, 4.5, 11.875, 4.75], "texture": "#0"},
				"down": {"uv": [11.75, 4.625, 12, 4.75], "texture": "#0"}
			}
		},
		{
			"name": "sc1_51",
			"from": [3.25, 11.25, 8],
			"to": [3.375, 11.375, 8.125],
			"rotation": {"angle": 0, "axis": "y", "origin": [-2, 0, 8]},
			"faces": {
				"north": {"uv": [5.375, 4.625, 5.25, 4.75], "texture": "#0"},
				"south": {"uv": [5.25, 4.625, 5.375, 4.75], "texture": "#0"},
				"west": {"uv": [5.25, 4.625, 5.375, 4.75], "texture": "#0"},
				"up": {"uv": [5.25, 4.625, 5.375, 4.75], "texture": "#0"}
			}
		},
		{
			"name": "sc1_52",
			"from": [5.75, 10.75, 8],
			"to": [5.875, 11.375, 8.125],
			"rotation": {"angle": 0, "axis": "y", "origin": [-2, 0, 8]},
			"faces": {
				"north": {"uv": [7.875, 4.625, 7.75, 5.25], "texture": "#0"},
				"east": {"uv": [7.75, 4.625, 7.875, 5.25], "texture": "#0"},
				"south": {"uv": [7.75, 4.625, 7.875, 5.25], "texture": "#0"},
				"west": {"uv": [7.75, 4.625, 7.875, 5.25], "texture": "#0"},
				"down": {"uv": [7.75, 5.125, 7.875, 5.25], "texture": "#0"}
			}
		},
		{
			"name": "sc1_53",
			"from": [6, 11.25, 8],
			"to": [6.125, 11.375, 8.125],
			"rotation": {"angle": 0, "axis": "y", "origin": [-2, 0, 8]},
			"faces": {
				"north": {"uv": [8.125, 4.625, 8, 4.75], "texture": "#0"},
				"east": {"uv": [8, 4.625, 8.125, 4.75], "texture": "#0"},
				"south": {"uv": [8, 4.625, 8.125, 4.75], "texture": "#0"},
				"down": {"uv": [8, 4.625, 8.125, 4.75], "texture": "#0"}
			}
		},
		{
			"name": "sc1_54",
			"from": [7.625, 11.125, 8],
			"to": [7.75, 11.375, 8.125],
			"rotation": {"angle": 0, "axis": "y", "origin": [-2, 0, 8]},
			"faces": {
				"north": {"uv": [9.75, 4.625, 9.625, 4.875], "texture": "#0"},
				"south": {"uv": [9.625, 4.625, 9.75, 4.875], "texture": "#0"},
				"west": {"uv": [9.625, 4.625, 9.75, 4.875], "texture": "#0"}
			}
		},
		{
			"name": "sc1_55",
			"from": [8.375, 11.125, 8],
			"to": [8.5, 11.375, 8.125],
			"rotation": {"angle": 0, "axis": "y", "origin": [-2, 0, 8]},
			"faces": {
				"north": {"uv": [10.5, 4.625, 10.375, 4.875], "texture": "#0"},
				"east": {"uv": [10.375, 4.625, 10.5, 4.875], "texture": "#0"},
				"south": {"uv": [10.375, 4.625, 10.5, 4.875], "texture": "#0"}
			}
		},
		{
			"name": "sc1_56",
			"from": [10, 11, 8],
			"to": [10.125, 11.375, 8.125],
			"rotation": {"angle": 0, "axis": "y", "origin": [-2, 0, 8]},
			"faces": {
				"north": {"uv": [12.125, 4.625, 12, 5], "texture": "#0"},
				"south": {"uv": [12, 4.625, 12.125, 5], "texture": "#0"},
				"west": {"uv": [12, 4.625, 12.125, 5], "texture": "#0"},
				"down": {"uv": [12, 4.875, 12.125, 5], "texture": "#0"}
			}
		},
		{
			"name": "sc1_57",
			"from": [3.125, 11.125, 8],
			"to": [3.25, 11.25, 8.125],
			"rotation": {"angle": 0, "axis": "y", "origin": [-2, 0, 8]},
			"faces": {
				"north": {"uv": [5.25, 4.75, 5.125, 4.875], "texture": "#0"},
				"south": {"uv": [5.125, 4.75, 5.25, 4.875], "texture": "#0"},
				"west": {"uv": [5.125, 4.75, 5.25, 4.875], "texture": "#0"},
				"up": {"uv": [5.125, 4.75, 5.25, 4.875], "texture": "#0"}
			}
		},
		{
			"name": "sc1_58",
			"from": [4.5, 11, 8],
			"to": [5.5, 11.25, 8.125],
			"rotation": {"angle": 0, "axis": "y", "origin": [-2, 0, 8]},
			"faces": {
				"north": {"uv": [7.5, 4.75, 6.5, 5], "texture": "#0"},
				"south": {"uv": [6.5, 4.75, 7.5, 5], "texture": "#0"},
				"down": {"uv": [6.5, 4.875, 7.5, 5], "texture": "#0"}
			}
		},
		{
			"name": "sc1_59",
			"from": [9.875, 11.125, 8],
			"to": [10, 11.25, 8.125],
			"rotation": {"angle": 0, "axis": "y", "origin": [-2, 0, 8]},
			"faces": {
				"north": {"uv": [12, 4.75, 11.875, 4.875], "texture": "#0"},
				"south": {"uv": [11.875, 4.75, 12, 4.875], "texture": "#0"},
				"west": {"uv": [11.875, 4.75, 12, 4.875], "texture": "#0"},
				"down": {"uv": [11.875, 4.75, 12, 4.875], "texture": "#0"}
			}
		},
		{
			"name": "sc1_60",
			"from": [10.125, 10.875, 8],
			"to": [10.25, 11.25, 8.125],
			"rotation": {"angle": 0, "axis": "y", "origin": [-2, 0, 8]},
			"faces": {
				"north": {"uv": [12.25, 4.75, 12.125, 5.125], "texture": "#0"},
				"south": {"uv": [12.125, 4.75, 12.25, 5.125], "texture": "#0"},
				"west": {"uv": [12.125, 4.75, 12.25, 5.125], "texture": "#0"},
				"down": {"uv": [12.125, 5, 12.25, 5.125], "texture": "#0"}
			}
		},
		{
			"name": "sc1_61",
			"from": [3, 11, 8],
			"to": [3.125, 11.125, 8.125],
			"rotation": {"angle": 0, "axis": "y", "origin": [-2, 0, 8]},
			"faces": {
				"north": {"uv": [5.125, 4.875, 5, 5], "texture": "#0"},
				"south": {"uv": [5, 4.875, 5.125, 5], "texture": "#0"},
				"west": {"uv": [5, 4.875, 5.125, 5], "texture": "#0"},
				"up": {"uv": [5, 4.875, 5.125, 5], "texture": "#0"}
			}
		},
		{
			"name": "sc1_62",
			"from": [4.125, 10.875, 8],
			"to": [4.5, 11.125, 8.125],
			"rotation": {"angle": 0, "axis": "y", "origin": [-2, 0, 8]},
			"faces": {
				"north": {"uv": [6.5, 4.875, 6.125, 5.125], "texture": "#0"},
				"east": {"uv": [6.375, 4.875, 6.5, 5.125], "texture": "#0"},
				"south": {"uv": [6.125, 4.875, 6.5, 5.125], "texture": "#0"},
				"down": {"uv": [6.125, 5, 6.5, 5.125], "texture": "#0"}
			}
		},
		{
			"name": "sc1_63",
			"from": [5.5, 10.875, 8],
			"to": [5.75, 11.125, 8.125],
			"rotation": {"angle": 0, "axis": "y", "origin": [-2, 0, 8]},
			"faces": {
				"north": {"uv": [7.75, 4.875, 7.5, 5.125], "texture": "#0"},
				"south": {"uv": [7.5, 4.875, 7.75, 5.125], "texture": "#0"},
				"down": {"uv": [7.5, 5, 7.75, 5.125], "texture": "#0"}
			}
		},
		{
			"name": "sc1_64",
			"from": [7.5, 10.875, 8],
			"to": [7.625, 11.125, 8.125],
			"rotation": {"angle": 0, "axis": "y", "origin": [-2, 0, 8]},
			"faces": {
				"north": {"uv": [9.625, 4.875, 9.5, 5.125], "texture": "#0"},
				"south": {"uv": [9.5, 4.875, 9.625, 5.125], "texture": "#0"},
				"west": {"uv": [9.5, 4.875, 9.625, 5.125], "texture": "#0"},
				"up": {"uv": [9.5, 4.875, 9.625, 5], "texture": "#0"}
			}
		},
		{
			"name": "sc1_65",
			"from": [8.5, 10.875, 8],
			"to": [8.625, 11.125, 8.125],
			"rotation": {"angle": 0, "axis": "y", "origin": [-2, 0, 8]},
			"faces": {
				"north": {"uv": [10.625, 4.875, 10.5, 5.125], "texture": "#0"},
				"east": {"uv": [10.5, 4.875, 10.625, 5.125], "texture": "#0"},
				"south": {"uv": [10.5, 4.875, 10.625, 5.125], "texture": "#0"},
				"up": {"uv": [10.5, 4.875, 10.625, 5], "texture": "#0"}
			}
		},
		{
			"name": "sc1_66",
			"from": [10.25, 10.5, 8],
			"to": [10.375, 11.125, 8.125],
			"rotation": {"angle": 0, "axis": "y", "origin": [-2, 0, 8]},
			"faces": {
				"north": {"uv": [12.375, 4.875, 12.25, 5.5], "texture": "#0"},
				"south": {"uv": [12.25, 4.875, 12.375, 5.5], "texture": "#0"},
				"west": {"uv": [12.25, 4.875, 12.375, 5.5], "texture": "#0"},
				"down": {"uv": [12.25, 5.375, 12.375, 5.5], "texture": "#0"}
			}
		},
		{
			"name": "sc1_67",
			"from": [3.875, 10.75, 8],
			"to": [4.125, 11, 8.125],
			"rotation": {"angle": 0, "axis": "y", "origin": [-2, 0, 8]},
			"faces": {
				"north": {"uv": [6.125, 5, 5.875, 5.25], "texture": "#0"},
				"east": {"uv": [6, 5, 6.125, 5.25], "texture": "#0"},
				"south": {"uv": [5.875, 5, 6.125, 5.25], "texture": "#0"},
				"down": {"uv": [5.875, 5.125, 6.125, 5.25], "texture": "#0"}
			}
		},
		{
			"name": "sc1_68",
			"from": [5.375, 10.875, 8],
			"to": [5.5, 11, 8.125],
			"rotation": {"angle": 0, "axis": "y", "origin": [-2, 0, 8]},
			"faces": {
				"north": {"uv": [7.5, 5, 7.375, 5.125], "texture": "#0"},
				"south": {"uv": [7.375, 5, 7.5, 5.125], "texture": "#0"},
				"west": {"uv": [7.375, 5, 7.5, 5.125], "texture": "#0"},
				"down": {"uv": [7.375, 5, 7.5, 5.125], "texture": "#0"}
			}
		},
		{
			"name": "sc1_69",
			"from": [3.625, 10.625, 8],
			"to": [3.875, 10.875, 8.125],
			"rotation": {"angle": 0, "axis": "y", "origin": [-2, 0, 8]},
			"faces": {
				"north": {"uv": [5.875, 5.125, 5.625, 5.375], "texture": "#0"},
				"east": {"uv": [5.75, 5.125, 5.875, 5.375], "texture": "#0"},
				"south": {"uv": [5.625, 5.125, 5.875, 5.375], "texture": "#0"},
				"down": {"uv": [5.625, 5.25, 5.875, 5.375], "texture": "#0"}
			}
		},
		{
			"name": "sc1_70",
			"from": [7.375, 10.75, 8],
			"to": [7.5, 10.875, 8.125],
			"rotation": {"angle": 0, "axis": "y", "origin": [-2, 0, 8]},
			"faces": {
				"north": {"uv": [9.5, 5.125, 9.375, 5.25], "texture": "#0"},
				"south": {"uv": [9.375, 5.125, 9.5, 5.25], "texture": "#0"},
				"west": {"uv": [9.375, 5.125, 9.5, 5.25], "texture": "#0"},
				"up": {"uv": [9.375, 5.125, 9.5, 5.25], "texture": "#0"}
			}
		},
		{
			"name": "sc1_71",
			"from": [8.625, 10.75, 8],
			"to": [8.75, 10.875, 8.125],
			"rotation": {"angle": 0, "axis": "y", "origin": [-2, 0, 8]},
			"faces": {
				"north": {"uv": [10.75, 5.125, 10.625, 5.25], "texture": "#0"},
				"east": {"uv": [10.625, 5.125, 10.75, 5.25], "texture": "#0"},
				"south": {"uv": [10.625, 5.125, 10.75, 5.25], "texture": "#0"},
				"up": {"uv": [10.625, 5.125, 10.75, 5.25], "texture": "#0"}
			}
		},
		{
			"name": "sc1_72",
			"from": [10.375, 10, 8],
			"to": [10.5, 10.875, 8.125],
			"rotation": {"angle": 0, "axis": "y", "origin": [-2, 0, 8]},
			"faces": {
				"north": {"uv": [12.5, 5.125, 12.375, 6], "texture": "#0"},
				"south": {"uv": [12.375, 5.125, 12.5, 6], "texture": "#0"},
				"west": {"uv": [12.375, 5.125, 12.5, 6], "texture": "#0"},
				"down": {"uv": [12.375, 5.875, 12.5, 6], "texture": "#0"}
			}
		},
		{
			"name": "sc1_73",
			"from": [3.375, 10.5, 8],
			"to": [3.625, 10.75, 8.125],
			"rotation": {"angle": 0, "axis": "y", "origin": [-2, 0, 8]},
			"faces": {
				"north": {"uv": [5.625, 5.25, 5.375, 5.5], "texture": "#0"},
				"east": {"uv": [5.5, 5.25, 5.625, 5.5], "texture": "#0"},
				"south": {"uv": [5.375, 5.25, 5.625, 5.5], "texture": "#0"},
				"down": {"uv": [5.375, 5.375, 5.625, 5.5], "texture": "#0"}
			}
		},
		{
			"name": "sc1_74",
			"from": [7.125, 10.625, 8],
			"to": [7.375, 10.75, 8.125],
			"rotation": {"angle": 0, "axis": "y", "origin": [-2, 0, 8]},
			"faces": {
				"north": {"uv": [9.375, 5.25, 9.125, 5.375], "texture": "#0"},
				"south": {"uv": [9.125, 5.25, 9.375, 5.375], "texture": "#0"},
				"west": {"uv": [9.125, 5.25, 9.25, 5.375], "texture": "#0"},
				"up": {"uv": [9.125, 5.25, 9.375, 5.375], "texture": "#0"},
				"down": {"uv": [9.125, 5.25, 9.375, 5.375], "texture": "#0"}
			}
		},
		{
			"name": "sc1_75",
			"from": [8.75, 10.625, 8],
			"to": [9, 10.75, 8.125],
			"rotation": {"angle": 0, "axis": "y", "origin": [-2, 0, 8]},
			"faces": {
				"north": {"uv": [11, 5.25, 10.75, 5.375], "texture": "#0"},
				"east": {"uv": [10.875, 5.25, 11, 5.375], "texture": "#0"},
				"south": {"uv": [10.75, 5.25, 11, 5.375], "texture": "#0"},
				"up": {"uv": [10.75, 5.25, 11, 5.375], "texture": "#0"},
				"down": {"uv": [10.75, 5.25, 11, 5.375], "texture": "#0"}
			}
		},
		{
			"name": "sc1_76",
			"from": [7.375, 10.5, 8],
			"to": [7.5, 10.625, 8.125],
			"rotation": {"angle": 0, "axis": "y", "origin": [-2, 0, 8]},
			"faces": {
				"north": {"uv": [9.5, 5.375, 9.375, 5.5], "texture": "#0"},
				"south": {"uv": [9.375, 5.375, 9.5, 5.5], "texture": "#0"},
				"west": {"uv": [9.375, 5.375, 9.5, 5.5], "texture": "#0"},
				"down": {"uv": [9.375, 5.375, 9.5, 5.5], "texture": "#0"}
			}
		},
		{
			"name": "sc1_77",
			"from": [8.625, 10.5, 8],
			"to": [8.75, 10.625, 8.125],
			"rotation": {"angle": 0, "axis": "y", "origin": [-2, 0, 8]},
			"faces": {
				"north": {"uv": [10.75, 5.375, 10.625, 5.5], "texture": "#0"},
				"east": {"uv": [10.625, 5.375, 10.75, 5.5], "texture": "#0"},
				"south": {"uv": [10.625, 5.375, 10.75, 5.5], "texture": "#0"},
				"down": {"uv": [10.625, 5.375, 10.75, 5.5], "texture": "#0"}
			}
		},
		{
			"name": "sc1_78",
			"from": [3.25, 10.25, 8],
			"to": [3.5, 10.5, 8.125],
			"rotation": {"angle": 0, "axis": "y", "origin": [-2, 0, 8]},
			"faces": {
				"north": {"uv": [5.5, 5.5, 5.25, 5.75], "texture": "#0"},
				"east": {"uv": [5.375, 5.5, 5.5, 5.75], "texture": "#0"},
				"south": {"uv": [5.25, 5.5, 5.5, 5.75], "texture": "#0"},
				"down": {"uv": [5.25, 5.625, 5.5, 5.75], "texture": "#0"}
			}
		},
		{
			"name": "sc1_79",
			"from": [7.5, 10.375, 8],
			"to": [7.625, 10.5, 8.125],
			"rotation": {"angle": 0, "axis": "y", "origin": [-2, 0, 8]},
			"faces": {
				"north": {"uv": [9.625, 5.5, 9.5, 5.625], "texture": "#0"},
				"south": {"uv": [9.5, 5.5, 9.625, 5.625], "texture": "#0"},
				"west": {"uv": [9.5, 5.5, 9.625, 5.625], "texture": "#0"},
				"down": {"uv": [9.5, 5.5, 9.625, 5.625], "texture": "#0"}
			}
		},
		{
			"name": "sc1_80",
			"from": [8.5, 10.375, 8],
			"to": [8.625, 10.5, 8.125],
			"rotation": {"angle": 0, "axis": "y", "origin": [-2, 0, 8]},
			"faces": {
				"north": {"uv": [10.625, 5.5, 10.5, 5.625], "texture": "#0"},
				"east": {"uv": [10.5, 5.5, 10.625, 5.625], "texture": "#0"},
				"south": {"uv": [10.5, 5.5, 10.625, 5.625], "texture": "#0"},
				"down": {"uv": [10.5, 5.5, 10.625, 5.625], "texture": "#0"}
			}
		},
		{
			"name": "sc1_81",
			"from": [10.5, 9.5, 8],
			"to": [10.625, 10.5, 8.125],
			"rotation": {"angle": 0, "axis": "y", "origin": [-2, 0, 8]},
			"faces": {
				"north": {"uv": [12.625, 5.5, 12.5, 6.5], "texture": "#0"},
				"south": {"uv": [12.5, 5.5, 12.625, 6.5], "texture": "#0"},
				"west": {"uv": [12.5, 5.5, 12.625, 6.5], "texture": "#0"},
				"down": {"uv": [12.5, 6.375, 12.625, 6.5], "texture": "#0"}
			}
		},
		{
			"name": "sc1_82",
			"from": [3.125, 10, 8],
			"to": [3.25, 10.375, 8.125],
			"rotation": {"angle": 0, "axis": "y", "origin": [-2, 0, 8]},
			"faces": {
				"north": {"uv": [5.25, 5.625, 5.125, 6], "texture": "#0"},
				"east": {"uv": [5.125, 5.625, 5.25, 6], "texture": "#0"},
				"south": {"uv": [5.125, 5.625, 5.25, 6], "texture": "#0"},
				"down": {"uv": [5.125, 5.875, 5.25, 6], "texture": "#0"}
			}
		},
		{
			"name": "sc1_83",
			"from": [7.625, 10.125, 8],
			"to": [7.75, 10.375, 8.125],
			"rotation": {"angle": 0, "axis": "y", "origin": [-2, 0, 8]},
			"faces": {
				"north": {"uv": [9.75, 5.625, 9.625, 5.875], "texture": "#0"},
				"south": {"uv": [9.625, 5.625, 9.75, 5.875], "texture": "#0"},
				"west": {"uv": [9.625, 5.625, 9.75, 5.875], "texture": "#0"},
				"down": {"uv": [9.625, 5.75, 9.75, 5.875], "texture": "#0"}
			}
		},
		{
			"name": "sc1_84",
			"from": [8.375, 10.125, 8],
			"to": [8.5, 10.375, 8.125],
			"rotation": {"angle": 0, "axis": "y", "origin": [-2, 0, 8]},
			"faces": {
				"north": {"uv": [10.5, 5.625, 10.375, 5.875], "texture": "#0"},
				"east": {"uv": [10.375, 5.625, 10.5, 5.875], "texture": "#0"},
				"south": {"uv": [10.375, 5.625, 10.5, 5.875], "texture": "#0"},
				"down": {"uv": [10.375, 5.75, 10.5, 5.875], "texture": "#0"}
			}
		},
		{
			"name": "sc1_85",
			"from": [3, 9.875, 8],
			"to": [3.125, 10.25, 8.125],
			"rotation": {"angle": 0, "axis": "y", "origin": [-2, 0, 8]},
			"faces": {
				"north": {"uv": [5.125, 5.75, 5, 6.125], "texture": "#0"},
				"east": {"uv": [5, 5.75, 5.125, 6.125], "texture": "#0"},
				"south": {"uv": [5, 5.75, 5.125, 6.125], "texture": "#0"},
				"down": {"uv": [5, 6, 5.125, 6.125], "texture": "#0"}
			}
		},
		{
			"name": "sc1_86",
			"from": [3.25, 10.125, 8],
			"to": [3.375, 10.25, 8.125],
			"rotation": {"angle": 0, "axis": "y", "origin": [-2, 0, 8]},
			"faces": {
				"north": {"uv": [5.375, 5.75, 5.25, 5.875], "texture": "#0"},
				"east": {"uv": [5.25, 5.75, 5.375, 5.875], "texture": "#0"},
				"south": {"uv": [5.25, 5.75, 5.375, 5.875], "texture": "#0"},
				"down": {"uv": [5.25, 5.75, 5.375, 5.875], "texture": "#0"}
			}
		},
		{
			"name": "sc1_87",
			"from": [2.875, 9.625, 8],
			"to": [3, 10.125, 8.125],
			"rotation": {"angle": 0, "axis": "y", "origin": [-2, 0, 8]},
			"faces": {
				"north": {"uv": [5, 5.875, 4.875, 6.375], "texture": "#0"},
				"east": {"uv": [4.875, 5.875, 5, 6.375], "texture": "#0"},
				"south": {"uv": [4.875, 5.875, 5, 6.375], "texture": "#0"},
				"down": {"uv": [4.875, 6.25, 5, 6.375], "texture": "#0"}
			}
		},
		{
			"name": "sc1_88",
			"from": [7.75, 9.875, 8],
			"to": [7.875, 10.125, 8.125],
			"rotation": {"angle": 0, "axis": "y", "origin": [-2, 0, 8]},
			"faces": {
				"north": {"uv": [9.875, 5.875, 9.75, 6.125], "texture": "#0"},
				"south": {"uv": [9.75, 5.875, 9.875, 6.125], "texture": "#0"},
				"west": {"uv": [9.75, 5.875, 9.875, 6.125], "texture": "#0"},
				"down": {"uv": [9.75, 6, 9.875, 6.125], "texture": "#0"}
			}
		},
		{
			"name": "sc1_89",
			"from": [8.25, 9.875, 8],
			"to": [8.375, 10.125, 8.125],
			"rotation": {"angle": 0, "axis": "y", "origin": [-2, 0, 8]},
			"faces": {
				"north": {"uv": [10.375, 5.875, 10.25, 6.125], "texture": "#0"},
				"east": {"uv": [10.25, 5.875, 10.375, 6.125], "texture": "#0"},
				"south": {"uv": [10.25, 5.875, 10.375, 6.125], "texture": "#0"},
				"down": {"uv": [10.25, 6, 10.375, 6.125], "texture": "#0"}
			}
		},
		{
			"name": "sc1_90",
			"from": [2.75, 9.25, 8],
			"to": [2.875, 9.875, 8.125],
			"rotation": {"angle": 0, "axis": "y", "origin": [-2, 0, 8]},
			"faces": {
				"north": {"uv": [4.875, 6.125, 4.75, 6.75], "texture": "#0"},
				"east": {"uv": [4.75, 6.125, 4.875, 6.75], "texture": "#0"},
				"south": {"uv": [4.75, 6.125, 4.875, 6.75], "texture": "#0"},
				"down": {"uv": [4.75, 6.625, 4.875, 6.75], "texture": "#0"}
			}
		},
		{
			"name": "sc1_91",
			"from": [2.625, 8.75, 8],
			"to": [2.75, 9.625, 8.125],
			"rotation": {"angle": 0, "axis": "y", "origin": [-2, 0, 8]},
			"faces": {
				"north": {"uv": [4.75, 6.375, 4.625, 7.25], "texture": "#0"},
				"east": {"uv": [4.625, 6.375, 4.75, 7.25], "texture": "#0"},
				"south": {"uv": [4.625, 6.375, 4.75, 7.25], "texture": "#0"},
				"west": {"uv": [4.625, 6.375, 4.75, 7.25], "texture": "#0"},
				"down": {"uv": [4.625, 7.125, 4.75, 7.25], "texture": "#0"}
			}
		},
		{
			"name": "sc1_92",
			"from": [10.625, 9.25, 8],
			"to": [10.75, 9.625, 8.125],
			"rotation": {"angle": 0, "axis": "y", "origin": [-2, 0, 8]},
			"faces": {
				"north": {"uv": [12.75, 6.375, 12.625, 6.75], "texture": "#0"},
				"east": {"uv": [12.625, 6.375, 12.75, 6.75], "texture": "#0"},
				"south": {"uv": [12.625, 6.375, 12.75, 6.75], "texture": "#0"},
				"west": {"uv": [12.625, 6.375, 12.75, 6.75], "texture": "#0"},
				"down": {"uv": [12.625, 6.625, 12.75, 6.75], "texture": "#0"}
			}
		},
		{
			"name": "sc1_93",
			"from": [7.875, 2.375, 8],
			"to": [8, 2.5, 8.125],
			"rotation": {"angle": 0, "axis": "y", "origin": [-2, 0, 8]},
			"faces": {
				"north": {"uv": [10, 13.5, 9.875, 13.625], "texture": "#0"},
				"south": {"uv": [9.875, 13.5, 10, 13.625], "texture": "#0"},
				"west": {"uv": [9.875, 13.5, 10, 13.625], "texture": "#0"}
			}
		},
		{
			"name": "sc1_94",
			"from": [8.125, 2.375, 8],
			"to": [8.25, 2.5, 8.125],
			"rotation": {"angle": 0, "axis": "y", "origin": [-2, 0, 8]},
			"faces": {
				"north": {"uv": [10.25, 13.5, 10.125, 13.625], "texture": "#0"},
				"east": {"uv": [10.125, 13.5, 10.25, 13.625], "texture": "#0"},
				"south": {"uv": [10.125, 13.5, 10.25, 13.625], "texture": "#0"}
			}
		},
		{
			"name": "sc1_95",
			"from": [7.75, 2.25, 8],
			"to": [7.875, 2.375, 8.125],
			"rotation": {"angle": 0, "axis": "y", "origin": [-2, 0, 8]},
			"faces": {
				"north": {"uv": [9.875, 13.625, 9.75, 13.75], "texture": "#0"},
				"south": {"uv": [9.75, 13.625, 9.875, 13.75], "texture": "#0"},
				"west": {"uv": [9.75, 13.625, 9.875, 13.75], "texture": "#0"},
				"up": {"uv": [9.75, 13.625, 9.875, 13.75], "texture": "#0"}
			}
		},
		{
			"name": "sc1_96",
			"from": [8.25, 2.25, 8],
			"to": [8.375, 2.375, 8.125],
			"rotation": {"angle": 0, "axis": "y", "origin": [-2, 0, 8]},
			"faces": {
				"north": {"uv": [10.375, 13.625, 10.25, 13.75], "texture": "#0"},
				"east": {"uv": [10.25, 13.625, 10.375, 13.75], "texture": "#0"},
				"south": {"uv": [10.25, 13.625, 10.375, 13.75], "texture": "#0"},
				"up": {"uv": [10.25, 13.625, 10.375, 13.75], "texture": "#0"}
			}
		},
		{
			"name": "sc1_97",
			"from": [7.625, 2.125, 8],
			"to": [7.75, 2.25, 8.125],
			"rotation": {"angle": 0, "axis": "y", "origin": [-2, 0, 8]},
			"faces": {
				"north": {"uv": [9.75, 13.75, 9.625, 13.875], "texture": "#0"},
				"south": {"uv": [9.625, 13.75, 9.75, 13.875], "texture": "#0"},
				"west": {"uv": [9.625, 13.75, 9.75, 13.875], "texture": "#0"},
				"up": {"uv": [9.625, 13.75, 9.75, 13.875], "texture": "#0"},
				"down": {"uv": [9.625, 13.75, 9.75, 13.875], "texture": "#0"}
			}
		},
		{
			"name": "sc1_98",
			"from": [8.375, 2.125, 8],
			"to": [8.5, 2.25, 8.125],
			"rotation": {"angle": 0, "axis": "y", "origin": [-2, 0, 8]},
			"faces": {
				"north": {"uv": [10.5, 13.75, 10.375, 13.875], "texture": "#0"},
				"east": {"uv": [10.375, 13.75, 10.5, 13.875], "texture": "#0"},
				"south": {"uv": [10.375, 13.75, 10.5, 13.875], "texture": "#0"},
				"up": {"uv": [10.375, 13.75, 10.5, 13.875], "texture": "#0"},
				"down": {"uv": [10.375, 13.75, 10.5, 13.875], "texture": "#0"}
			}
		},
		{
			"name": "sc1_99",
			"from": [7.75, 1.875, 8],
			"to": [7.875, 2.125, 8.125],
			"rotation": {"angle": 0, "axis": "y", "origin": [-2, 0, 8]},
			"faces": {
				"north": {"uv": [9.875, 13.875, 9.75, 14.125], "texture": "#0"},
				"south": {"uv": [9.75, 13.875, 9.875, 14.125], "texture": "#0"},
				"west": {"uv": [9.75, 13.875, 9.875, 14.125], "texture": "#0"},
				"down": {"uv": [9.75, 14, 9.875, 14.125], "texture": "#0"}
			}
		},
		{
			"name": "sc1_100",
			"from": [8.25, 1.875, 8],
			"to": [8.375, 2.125, 8.125],
			"rotation": {"angle": 0, "axis": "y", "origin": [-2, 0, 8]},
			"faces": {
				"north": {"uv": [10.375, 13.875, 10.25, 14.125], "texture": "#0"},
				"east": {"uv": [10.25, 13.875, 10.375, 14.125], "texture": "#0"},
				"south": {"uv": [10.25, 13.875, 10.375, 14.125], "texture": "#0"},
				"down": {"uv": [10.25, 14, 10.375, 14.125], "texture": "#0"}
			}
		},
		{
			"name": "sc1_101",
			"from": [7.875, 1.375, 8],
			"to": [8, 1.875, 8.125],
			"rotation": {"angle": 0, "axis": "y", "origin": [-2, 0, 8]},
			"faces": {
				"north": {"uv": [10, 14.125, 9.875, 14.625], "texture": "#0"},
				"south": {"uv": [9.875, 14.125, 10, 14.625], "texture": "#0"},
				"west": {"uv": [9.875, 14.125, 10, 14.625], "texture": "#0"},
				"down": {"uv": [9.875, 14.5, 10, 14.625], "texture": "#0"}
			}
		},
		{
			"name": "sc1_102",
			"from": [8.125, 1.375, 8],
			"to": [8.25, 1.875, 8.125],
			"rotation": {"angle": 0, "axis": "y", "origin": [-2, 0, 8]},
			"faces": {
				"north": {"uv": [10.25, 14.125, 10.125, 14.625], "texture": "#0"},
				"east": {"uv": [10.125, 14.125, 10.25, 14.625], "texture": "#0"},
				"south": {"uv": [10.125, 14.125, 10.25, 14.625], "texture": "#0"},
				"down": {"uv": [10.125, 14.5, 10.25, 14.625], "texture": "#0"}
			}
		},
		{
			"name": "sc1_103",
			"from": [8, 1, 8],
			"to": [8.125, 1.375, 8.125],
			"rotation": {"angle": 0, "axis": "y", "origin": [-2, 0, 8]},
			"faces": {
				"north": {"uv": [10.125, 14.625, 10, 15], "texture": "#0"},
				"east": {"uv": [10, 14.625, 10.125, 15], "texture": "#0"},
				"south": {"uv": [10, 14.625, 10.125, 15], "texture": "#0"},
				"west": {"uv": [10, 14.625, 10.125, 15], "texture": "#0"},
				"down": {"uv": [10, 14.875, 10.125, 15], "texture": "#0"}
			}
		}
	],
	"gui_light": "front",
	"display": {
		"thirdperson_righthand": {
			"rotation": [0, -90, 0],
			"translation": [0, 0.75, 1],
			"scale": [3.2, 3.2, 3.2]
		},
		"thirdperson_lefthand": {
			"rotation": [0, 90, 0],
			"translation": [0, 3.2, 0.75],
			"scale": [3.2, 3.2, 3.2]
		},
		"firstperson_righthand": {
			"rotation": [8, -82, 0],
			"translation": [0, 4.5, 0.75],
			"scale": [1.8, 1.8, 1.8]
		},
		"firstperson_lefthand": {
			"rotation": [8, 90, 0],
			"translation": [0, 4.5, 0.75],
			"scale": [1.8, 1.8, 1.8]
		},
		"ground": {
			"translation": [0, 7, 0.5],
			"scale": [2, 2, 2]
		},
		"gui": {
			"rotation": [0, 0, -50],
			"translation": [0.25, -0.75, 0],
			"scale": [1.7, 1.7, 1.7]
		},
		"head": {
			"rotation": [0, 0, 144],
			"translation": [-2.25, -19.5, 3.75],
			"scale": [4, 4, 4]
		},
		"fixed": {
			"rotation": [0, 179, -45],
			"translation": [-1, 1, -0.75],
			"scale": [4, 4, 4]
		}
	},
	"groups": [
		{
			"name": "sc3",
			"origin": [8, 8, 8],
			"color": 0,
			"children": [0, 1, 2]
		},
		{
			"name": "sc2",
			"origin": [8, 8, 8],
			"color": 0,
			"children": [3, 4, 5]
		},
		{
			"name": "sc4",
			"origin": [8, 8, 8],
			"color": 0,
			"children": [
				6,
				7,
				8,
				9,
				10,
				11,
				12,
				13,
				14,
				15,
				16,
				17,
				18,
				19,
				20,
				21,
				22,
				23,
				24,
				25,
				26,
				27,
				28,
				29,
				30,
				31,
				32,
				33,
				34,
				35,
				36,
				37,
				38,
				39,
				40,
				41,
				42,
				43,
				44,
				45,
				46,
				47,
				48,
				49,
				50,
				51,
				52,
				53,
				54,
				55,
				56,
				57,
				58,
				59,
				60,
				61,
				62,
				63,
				64,
				65,
				66,
				67,
				68,
				69,
				70,
				71,
				72,
				73,
				74
			]
		},
		{
			"name": "sc1",
			"origin": [8, 8, 8],
			"color": 0,
			"children": [
				75,
				76,
				77,
				78,
				79,
				80,
				81,
				82,
				83,
				84,
				85,
				86,
				87,
				88,
				89,
				90,
				91,
				92,
				93,
				94,
				95,
				96,
				97,
				98,
				99,
				100,
				101,
				102,
				103,
				104,
				105,
				106,
				107,
				108,
				109,
				110,
				111,
				112,
				113,
				114,
				115,
				116,
				117,
				118,
				119,
				120,
				121,
				122,
				123,
				124,
				125,
				126,
				127,
				128,
				129,
				130,
				131,
				132,
				133,
				134,
				135,
				136,
				137,
				138,
				139,
				140,
				141,
				142,
				143,
				144,
				145,
				146,
				147,
				148,
				149,
				150,
				151,
				152,
				153,
				154,
				155,
				156,
				157,
				158,
				159,
				160,
				161,
				162,
				163,
				164,
				165,
				166,
				167,
				168,
				169,
				170,
				171,
				172,
				173,
				174,
				175,
				176,
				177,
				178
			]
		}
	]
}