{
	"format_version": "1.21.6",
	"credit": "Made with Blockbench",
	"textures": {
		"2": "archon:item/soul_crusher",
		"particle": "archon:item/sc2"
	},
	"elements": [
		{
			"name": "sc2_1",
			"from": [7.6, 7.875, 7.5],
			"to": [8.475, 8.625, 8.625],
			"rotation": {"angle": 0, "axis": "y", "origin": [1.4, -3, 7.5]},
			"faces": {
				"north": {"uv": [6.25, 4.375, 7.125, 5.125], "texture": "#2"},
				"east": {"uv": [6.875, 4.375, 7, 5.125], "texture": "#2"},
				"south": {"uv": [6.25, 4.375, 7.125, 5.125], "texture": "#2"},
				"west": {"uv": [7.25, 4.375, 8.625, 5.125], "texture": "#2"},
				"up": {"uv": [6.25, 5.375, 7, 6.75], "texture": "#2"},
				"down": {"uv": [6.25, 5.375, 7, 6.75], "texture": "#2"}
			}
		},
		{
			"name": "sc2_1",
			"from": [7.6, 6.625, 7.5],
			"to": [8.475, 7.375, 8.625],
			"rotation": {"angle": 0, "axis": "y", "origin": [1.5, -4.25, 7.5]},
			"faces": {
				"north": {"uv": [6.25, 4.375, 7.125, 5.125], "texture": "#2"},
				"east": {"uv": [6.875, 4.375, 7, 5.125], "texture": "#2"},
				"south": {"uv": [6.25, 4.375, 7.125, 5.125], "texture": "#2"},
				"west": {"uv": [7.25, 4.375, 8.625, 5.125], "texture": "#2"},
				"up": {"uv": [6.25, 5.375, 7, 6.75], "texture": "#2"},
				"down": {"uv": [6.25, 5.375, 7, 6.75], "texture": "#2"}
			}
		},
		{
			"name": "sc2_2",
			"from": [7.35, 7.875, 7.7],
			"to": [8.725, 8.625, 8.425],
			"rotation": {"angle": 0, "axis": "y", "origin": [0.1, -3, 8]},
			"faces": {
				"north": {"uv": [8.625, 4.375, 7.25, 5.125], "texture": "#2"},
				"east": {"uv": [6.25, 4.375, 7.125, 5.125], "texture": "#2"},
				"south": {"uv": [7.25, 4.375, 8.625, 5.125], "texture": "#2"},
				"west": {"uv": [6.25, 4.375, 7.125, 5.125], "texture": "#2"},
				"up": {"uv": [7.25, 5.625, 8.625, 6.375], "texture": "#2"},
				"down": {"uv": [7.25, 4.375, 8.625, 5.125], "texture": "#2"}
			}
		},
		{
			"name": "sc2_3",
			"from": [7.35, 6.625, 7.7],
			"to": [8.725, 7.375, 8.425],
			"rotation": {"angle": 0, "axis": "y", "origin": [0.1, -3, 8]},
			"faces": {
				"north": {"uv": [7.25, 4.375, 8.625, 5.125], "texture": "#2"},
				"east": {"uv": [6.25, 4.375, 7.125, 5.125], "texture": "#2"},
				"south": {"uv": [7.25, 5.625, 8.625, 6.375], "texture": "#2"},
				"west": {"uv": [6.25, 4.375, 7.125, 5.125], "texture": "#2"},
				"up": {"uv": [7.25, 5.625, 8.625, 6.375], "texture": "#2"},
				"down": {"uv": [7.25, 4.375, 8.625, 5.125], "texture": "#2"}
			}
		},
		{
			"name": "sc2_4",
			"from": [7.725, 6.25, 7.8],
			"to": [8.35, 6.375, 8.325],
			"rotation": {"angle": 0, "axis": "y", "origin": [0.1, -3, 8]},
			"faces": {
				"north": {"uv": [8.25, 6.625, 7.625, 6.75], "texture": "#2"},
				"east": {"uv": [8.125, 6.625, 8.25, 6.75], "texture": "#2"},
				"south": {"uv": [7.625, 6.625, 8.25, 6.75], "texture": "#2"},
				"west": {"uv": [7.625, 6.625, 7.75, 6.75], "texture": "#2"}
			}
		},
		{
			"name": "sc2_5",
			"from": [7.725, 6, 7.8],
			"to": [8.35, 6.125, 8.325],
			"rotation": {"angle": 0, "axis": "y", "origin": [0.1, -3, 8]},
			"faces": {
				"north": {"uv": [8.25, 6.875, 7.625, 7], "texture": "#2"},
				"east": {"uv": [8.125, 6.875, 8.25, 7], "texture": "#2"},
				"south": {"uv": [7.625, 6.875, 8.25, 7], "texture": "#2"},
				"west": {"uv": [7.625, 6.875, 7.75, 7], "texture": "#2"},
				"down": {"uv": [7.625, 6.875, 8.25, 7], "texture": "#2"}
			}
		},
		{
			"name": "sc2_6",
			"from": [7.85, 5.625, 7.9],
			"to": [8.225, 5.875, 8.225],
			"rotation": {"angle": 0, "axis": "y", "origin": [0.1, -3, 8]},
			"faces": {
				"north": {"uv": [8.125, 7.125, 7.75, 7.375], "texture": "#2"},
				"east": {"uv": [8, 7.125, 8.125, 7.375], "texture": "#2"},
				"south": {"uv": [7.75, 7.125, 8.125, 7.375], "texture": "#2"},
				"west": {"uv": [7.75, 7.125, 7.875, 7.375], "texture": "#2"}
			}
		},
		{
			"name": "sc2_7",
			"from": [7.85, 1.25, 7.9],
			"to": [8.225, 5.375, 8.225],
			"rotation": {"angle": 0, "axis": "y", "origin": [0.1, -3, 8]},
			"faces": {
				"north": {"uv": [8.125, 7.625, 7.75, 11.75], "texture": "#2"},
				"east": {"uv": [8, 7.625, 8.125, 11.75], "texture": "#2"},
				"south": {"uv": [7.75, 7.625, 8.125, 11.75], "texture": "#2"},
				"west": {"uv": [7.75, 7.625, 7.875, 11.75], "texture": "#2"}
			}
		},
		{
			"name": "sc2_8",
			"from": [7.85, 0.75, 7.95],
			"to": [8.225, 1, 8.175],
			"rotation": {"angle": 0, "axis": "y", "origin": [0.1, -3, 8]},
			"faces": {
				"north": {"uv": [8.125, 12, 7.75, 12.25], "texture": "#2"},
				"east": {"uv": [8, 12, 8.125, 12.25], "texture": "#2"},
				"south": {"uv": [7.75, 12, 8.125, 12.25], "texture": "#2"},
				"west": {"uv": [7.75, 12, 7.875, 12.25], "texture": "#2"},
				"down": {"uv": [7.75, 12.125, 8.125, 12.25], "texture": "#2"}
			}
		},
		{
			"name": "sc2_9",
			"from": [7.725, 0.25, 7.95],
			"to": [7.85, 0.875, 8.175],
			"rotation": {"angle": 0, "axis": "y", "origin": [0.1, -3, 8]},
			"faces": {
				"north": {"uv": [7.75, 12.125, 7.625, 12.75], "texture": "#2"},
				"east": {"uv": [7.625, 12.125, 7.75, 12.75], "texture": "#2"},
				"south": {"uv": [7.625, 12.125, 7.75, 12.75], "texture": "#2"},
				"west": {"uv": [7.625, 12.125, 7.75, 12.75], "texture": "#2"},
				"up": {"uv": [7.625, 12.125, 7.75, 12.25], "texture": "#2"},
				"down": {"uv": [7.625, 12.625, 7.75, 12.75], "texture": "#2"}
			}
		},
		{
			"name": "sc2_10",
			"from": [8.225, 0.25, 7.95],
			"to": [8.35, 0.875, 8.175],
			"rotation": {"angle": 0, "axis": "y", "origin": [0.1, -3, 8]},
			"faces": {
				"north": {"uv": [8.25, 12.125, 8.125, 12.75], "texture": "#2"},
				"east": {"uv": [8.125, 12.125, 8.25, 12.75], "texture": "#2"},
				"south": {"uv": [8.125, 12.125, 8.25, 12.75], "texture": "#2"},
				"west": {"uv": [8.125, 12.125, 8.25, 12.75], "texture": "#2"},
				"up": {"uv": [8.125, 12.125, 8.25, 12.25], "texture": "#2"},
				"down": {"uv": [8.125, 12.625, 8.25, 12.75], "texture": "#2"}
			}
		},
		{
			"name": "sc2_11",
			"from": [7.6, 0.375, 7.95],
			"to": [7.725, 0.75, 8.175],
			"rotation": {"angle": 0, "axis": "y", "origin": [0.1, -3, 8]},
			"faces": {
				"north": {"uv": [7.625, 12.25, 7.5, 12.625], "texture": "#2"},
				"south": {"uv": [7.5, 12.25, 7.625, 12.625], "texture": "#2"},
				"west": {"uv": [7.5, 12.25, 7.625, 12.625], "texture": "#2"},
				"up": {"uv": [7.5, 12.25, 7.625, 12.375], "texture": "#2"},
				"down": {"uv": [7.5, 12.5, 7.625, 12.625], "texture": "#2"}
			}
		},
		{
			"name": "sc2_12",
			"from": [7.85, 0.625, 7.95],
			"to": [7.975, 0.75, 8.175],
			"rotation": {"angle": 0, "axis": "y", "origin": [0.1, -3, 8]},
			"faces": {
				"north": {"uv": [7.875, 12.25, 7.75, 12.375], "texture": "#2"},
				"east": {"uv": [7.75, 12.25, 7.875, 12.375], "texture": "#2"},
				"south": {"uv": [7.75, 12.25, 7.875, 12.375], "texture": "#2"},
				"down": {"uv": [7.75, 12.25, 7.875, 12.375], "texture": "#2"}
			}
		},
		{
			"name": "sc2_13",
			"from": [8.1, 0.625, 7.95],
			"to": [8.225, 0.75, 8.175],
			"rotation": {"angle": 0, "axis": "y", "origin": [0.1, -3, 8]},
			"faces": {
				"north": {"uv": [8.125, 12.25, 8, 12.375], "texture": "#2"},
				"south": {"uv": [8, 12.25, 8.125, 12.375], "texture": "#2"},
				"west": {"uv": [8, 12.25, 8.125, 12.375], "texture": "#2"},
				"down": {"uv": [8, 12.25, 8.125, 12.375], "texture": "#2"}
			}
		},
		{
			"name": "sc2_14",
			"from": [8.35, 0.375, 7.95],
			"to": [8.475, 0.75, 8.175],
			"rotation": {"angle": 0, "axis": "y", "origin": [0.1, -3, 8]},
			"faces": {
				"north": {"uv": [8.375, 12.25, 8.25, 12.625], "texture": "#2"},
				"east": {"uv": [8.25, 12.25, 8.375, 12.625], "texture": "#2"},
				"south": {"uv": [8.25, 12.25, 8.375, 12.625], "texture": "#2"},
				"up": {"uv": [8.25, 12.25, 8.375, 12.375], "texture": "#2"},
				"down": {"uv": [8.25, 12.5, 8.375, 12.625], "texture": "#2"}
			}
		},
		{
			"name": "sc2_15",
			"from": [7.85, 0.125, 7.95],
			"to": [7.975, 0.5, 8.175],
			"rotation": {"angle": 0, "axis": "y", "origin": [0.1, -3, 8]},
			"faces": {
				"north": {"uv": [7.875, 12.5, 7.75, 12.875], "texture": "#2"},
				"east": {"uv": [7.75, 12.5, 7.875, 12.875], "texture": "#2"},
				"south": {"uv": [7.75, 12.5, 7.875, 12.875], "texture": "#2"},
				"west": {"uv": [7.75, 12.5, 7.875, 12.875], "texture": "#2"},
				"up": {"uv": [7.75, 12.5, 7.875, 12.625], "texture": "#2"},
				"down": {"uv": [7.75, 12.75, 7.875, 12.875], "texture": "#2"}
			}
		},
		{
			"name": "sc2_16",
			"from": [8.1, 0.125, 7.95],
			"to": [8.225, 0.5, 8.175],
			"rotation": {"angle": 0, "axis": "y", "origin": [0.1, -3, 8]},
			"faces": {
				"north": {"uv": [8.125, 12.5, 8, 12.875], "texture": "#2"},
				"east": {"uv": [8, 12.5, 8.125, 12.875], "texture": "#2"},
				"south": {"uv": [8, 12.5, 8.125, 12.875], "texture": "#2"},
				"west": {"uv": [8, 12.5, 8.125, 12.875], "texture": "#2"},
				"up": {"uv": [8, 12.5, 8.125, 12.625], "texture": "#2"},
				"down": {"uv": [8, 12.75, 8.125, 12.875], "texture": "#2"}
			}
		},
		{
			"name": "sc2_17",
			"from": [7.975, 0.125, 7.95],
			"to": [8.1, 0.375, 8.175],
			"rotation": {"angle": 0, "axis": "y", "origin": [0.1, -3, 8]},
			"faces": {
				"north": {"uv": [8, 12.625, 7.875, 12.875], "texture": "#2"},
				"south": {"uv": [7.875, 12.625, 8, 12.875], "texture": "#2"},
				"up": {"uv": [7.875, 12.625, 8, 12.75], "texture": "#2"},
				"down": {"uv": [7.875, 12.75, 8, 12.875], "texture": "#2"}
			}
		},
		{
			"name": "sc1_1",
			"from": [7.6, 8.625, 7.7],
			"to": [8.475, 9, 8.425],
			"rotation": {"angle": 0, "axis": "y", "origin": [0.1, -3, 8]},
			"faces": {
				"north": {"uv": [8.375, 4, 7.5, 4.375], "texture": "#2"},
				"east": {"uv": [7.5, 4, 8.375, 4.375], "texture": "#2"},
				"south": {"uv": [7.5, 4, 8.375, 4.375], "texture": "#2"},
				"west": {"uv": [7.5, 4, 8.375, 4.375], "texture": "#2"},
				"up": {"uv": [8.375, 3, 7.5, 3.875], "texture": "#2"}
			}
		},
		{
			"name": "sc1_2",
			"from": [7.6, 7.375, 7.7],
			"to": [8.475, 7.875, 8.425],
			"rotation": {"angle": 0, "axis": "y", "origin": [0.1, -3, 8]},
			"faces": {
				"north": {"uv": [8.375, 5.125, 7.5, 5.625], "texture": "#2"},
				"east": {"uv": [7.5, 5.125, 8.375, 5.625], "texture": "#2"},
				"south": {"uv": [7.5, 5.125, 8.375, 5.625], "texture": "#2"},
				"west": {"uv": [7.5, 5.125, 8.375, 5.625], "texture": "#2"}
			}
		},
		{
			"name": "sc1_3",
			"from": [7.6, 6.375, 7.7],
			"to": [8.475, 6.625, 8.425],
			"rotation": {"angle": 0, "axis": "y", "origin": [0.1, -3, 8]},
			"faces": {
				"north": {"uv": [8.375, 6.375, 7.5, 6.625], "texture": "#2"},
				"east": {"uv": [8.375, 6.375, 7.5, 6.625], "texture": "#2"},
				"south": {"uv": [7.5, 6.375, 8.375, 6.625], "texture": "#2"},
				"west": {"uv": [8.375, 6.375, 7.5, 6.625], "texture": "#2"},
				"down": {"uv": [7.5, 6.5, 8.375, 6.625], "texture": "#2"}
			}
		},
		{
			"name": "sc1_4",
			"from": [7.6, 6.125, 7.7],
			"to": [8.475, 6.25, 8.425],
			"rotation": {"angle": 0, "axis": "y", "origin": [0.1, -3, 8]},
			"faces": {
				"north": {"uv": [8.375, 6.75, 7.5, 6.875], "texture": "#2"},
				"east": {"uv": [8.25, 6.75, 8.375, 6.875], "texture": "#2"},
				"south": {"uv": [7.5, 6.75, 8.375, 6.875], "texture": "#2"},
				"west": {"uv": [7.5, 6.75, 7.625, 6.875], "texture": "#2"},
				"up": {"uv": [7.5, 6.75, 8.375, 6.875], "texture": "#2"},
				"down": {"uv": [7.5, 6.75, 8.375, 6.875], "texture": "#2"}
			}
		},
		{
			"name": "sc1_5",
			"from": [7.85, 5.875, 7.9],
			"to": [8.225, 6, 8.225],
			"rotation": {"angle": 0, "axis": "y", "origin": [0.1, -3, 8]},
			"faces": {
				"north": {"uv": [8.125, 7, 7.75, 7.125], "texture": "#2"},
				"east": {"uv": [8, 7, 8.125, 7.125], "texture": "#2"},
				"south": {"uv": [7.75, 7, 8.125, 7.125], "texture": "#2"},
				"west": {"uv": [7.75, 7, 7.875, 7.125], "texture": "#2"}
			}
		},
		{
			"name": "sc1_6",
			"from": [7.725, 5.375, 7.8],
			"to": [8.35, 5.625, 8.325],
			"rotation": {"angle": 0, "axis": "y", "origin": [0.1, -3, 8]},
			"faces": {
				"north": {"uv": [8.25, 7.375, 7.625, 7.625], "texture": "#2"},
				"east": {"uv": [8.125, 7.375, 8.25, 7.625], "texture": "#2"},
				"south": {"uv": [7.625, 7.375, 8.25, 7.625], "texture": "#2"},
				"west": {"uv": [7.625, 7.375, 7.75, 7.625], "texture": "#2"},
				"up": {"uv": [7.625, 7.375, 8.25, 7.5], "texture": "#2"},
				"down": {"uv": [7.625, 7.5, 8.25, 7.625], "texture": "#2"}
			}
		},
		{
			"name": "sc1_7",
			"from": [7.725, 1, 7.8],
			"to": [8.35, 1.25, 8.325],
			"rotation": {"angle": 0, "axis": "y", "origin": [0.1, -3, 8]},
			"faces": {
				"north": {"uv": [8.25, 11.75, 7.625, 12], "texture": "#2"},
				"east": {"uv": [8.125, 11.75, 8.25, 12], "texture": "#2"},
				"south": {"uv": [7.625, 11.75, 8.25, 12], "texture": "#2"},
				"west": {"uv": [7.625, 11.75, 7.75, 12], "texture": "#2"},
				"up": {"uv": [7.625, 11.75, 8.25, 11.875], "texture": "#2"},
				"down": {"uv": [7.625, 11.875, 8.25, 12], "texture": "#2"}
			}
		}
	],
	"gui_light": "front",
	"display": {
		"thirdperson_righthand": {
			"rotation": [0, -90, 0],
			"translation": [0, 11, 1],
			"scale": [3, 3, 3]
		},
		"thirdperson_lefthand": {
			"rotation": [0, 90, 0],
			"translation": [0, 10.25, 2],
			"scale": [3, 3, 3]
		},
		"firstperson_righthand": {
			"rotation": [8, -82, 0],
			"translation": [0, 9.75, 2],
			"scale": [2, 2, 2]
		},
		"firstperson_lefthand": {
			"rotation": [8, 94, 0],
			"translation": [0, 9.75, 2],
			"scale": [2, 2, 2]
		},
		"ground": {
			"translation": [0, 7, 0.5],
			"scale": [2, 2, 2]
		},
		"gui": {
			"rotation": [0, 0, -44],
			"translation": [6.25, 6, 0],
			"scale": [2.6, 2.6, 1.8]
		},
		"head": {
			"rotation": [0, 0, 144],
			"translation": [-5.5, -24.25, 3.75],
			"scale": [4, 4, 4]
		},
		"fixed": {
			"rotation": [0, 179, -45],
			"translation": [-10, 9.75, -0.75],
			"scale": [4, 4, 4]
		}
	},
	"groups": [
		{
			"name": "sc2",
			"origin": [8, 8, 8],
			"color": 0,
			"children": [0, 1, 2, 3, 4, 5, 6, 7, 8, 9, 10, 11, 12, 13, 14, 15, 16, 17]
		},
		{
			"name": "sc1",
			"origin": [8, 8, 8],
			"color": 0,
			"children": [18, 19, 20, 21, 22, 23, 24]
		}
	]
}