{
	"format_version": "1.21.6",
	"credit": "Made with Blockbench",
	"textures": {
		"3": "archon:item/storm_cleaver"
	},
	"elements": [
		{
			"name": "sc2_0",
			"from": [7.5, 7, 7.9],
			"to": [8.625, 7.25, 8.025],
			"rotation": {"angle": 0, "axis": "y", "origin": [0, -4, 7.9]},
			"faces": {
				"north": {"uv": [8.625, 4.75, 7.5, 5], "texture": "#3"},
				"east": {"uv": [8.5, 4.75, 8.625, 5], "texture": "#3"},
				"south": {"uv": [7.5, 4.75, 8.625, 5], "texture": "#3"},
				"west": {"uv": [7.5, 4.75, 7.625, 5], "texture": "#3"},
				"up": {"uv": [7.5, 4.75, 8.625, 4.875], "texture": "#3"}
			}
		},
		{
			"name": "sc2_1",
			"from": [7.25, 6.875, 7.9],
			"to": [7.5, 7.125, 8.025],
			"rotation": {"angle": 0, "axis": "y", "origin": [0, -4, 7.9]},
			"faces": {
				"north": {"uv": [7.5, 4.875, 7.25, 5.125], "texture": "#3"},
				"south": {"uv": [7.25, 4.875, 7.5, 5.125], "texture": "#3"},
				"west": {"uv": [7.25, 4.875, 7.375, 5.125], "texture": "#3"},
				"up": {"uv": [7.25, 4.875, 7.5, 5], "texture": "#3"}
			}
		},
		{
			"name": "sc2_2",
			"from": [8.625, 6.875, 7.9],
			"to": [8.75, 7.125, 8.025],
			"rotation": {"angle": 0, "axis": "y", "origin": [0, -4, 7.9]},
			"faces": {
				"north": {"uv": [8.75, 4.875, 8.625, 5.125], "texture": "#3"},
				"east": {"uv": [8.625, 4.875, 8.75, 5.125], "texture": "#3"},
				"south": {"uv": [8.625, 4.875, 8.75, 5.125], "texture": "#3"},
				"up": {"uv": [8.625, 4.875, 8.75, 5], "texture": "#3"}
			}
		},
		{
			"name": "sc2_3",
			"from": [7.125, 5.125, 7.9],
			"to": [7.25, 7, 8.025],
			"rotation": {"angle": 0, "axis": "y", "origin": [0, -4, 7.9]},
			"faces": {
				"north": {"uv": [7.25, 5, 7.125, 6.875], "texture": "#3"},
				"south": {"uv": [7.125, 5, 7.25, 6.875], "texture": "#3"},
				"west": {"uv": [7.125, 5, 7.25, 6.875], "texture": "#3"},
				"up": {"uv": [7.125, 5, 7.25, 5.125], "texture": "#3"}
			}
		},
		{
			"name": "sc2_4",
			"from": [8.75, 6.75, 7.9],
			"to": [8.875, 7, 8.025],
			"rotation": {"angle": 0, "axis": "y", "origin": [0, -4, 7.9]},
			"faces": {
				"north": {"uv": [8.875, 5, 8.75, 5.25], "texture": "#3"},
				"east": {"uv": [8.75, 5, 8.875, 5.25], "texture": "#3"},
				"south": {"uv": [8.75, 5, 8.875, 5.25], "texture": "#3"},
				"up": {"uv": [8.75, 5, 8.875, 5.125], "texture": "#3"},
				"down": {"uv": [8.75, 5.125, 8.875, 5.25], "texture": "#3"}
			}
		},
		{
			"name": "sc2_5",
			"from": [7, 3.125, 7.9],
			"to": [7.125, 6.875, 8.025],
			"rotation": {"angle": 0, "axis": "y", "origin": [0, -4, 7.9]},
			"faces": {
				"north": {"uv": [7.125, 5.125, 7, 8.875], "texture": "#3"},
				"east": {"uv": [7, 5.125, 7.125, 8.875], "texture": "#3"},
				"south": {"uv": [7, 5.125, 7.125, 8.875], "texture": "#3"},
				"west": {"uv": [7, 5.125, 7.125, 8.875], "texture": "#3"},
				"up": {"uv": [7, 5.125, 7.125, 5.25], "texture": "#3"},
				"down": {"uv": [7, 8.75, 7.125, 8.875], "texture": "#3"}
			}
		},
		{
			"name": "sc2_6",
			"from": [7.25, 6.75, 7.9],
			"to": [7.375, 6.875, 8.025],
			"rotation": {"angle": 0, "axis": "y", "origin": [0, -4, 7.9]},
			"faces": {
				"north": {"uv": [7.375, 5.125, 7.25, 5.25], "texture": "#3"},
				"south": {"uv": [7.25, 5.125, 7.375, 5.25], "texture": "#3"}
			}
		},
		{
			"name": "sc2_7",
			"from": [6.875, 3.25, 7.9],
			"to": [7, 5.25, 8.025],
			"rotation": {"angle": 0, "axis": "y", "origin": [0, -4, 7.9]},
			"faces": {
				"north": {"uv": [7, 6.75, 6.875, 8.75], "texture": "#3"},
				"south": {"uv": [6.875, 6.75, 7, 8.75], "texture": "#3"},
				"west": {"uv": [6.875, 6.75, 7, 8.75], "texture": "#3"},
				"up": {"uv": [6.875, 6.75, 7, 6.875], "texture": "#3"},
				"down": {"uv": [6.875, 8.625, 7, 8.75], "texture": "#3"}
			}
		},
		{
			"name": "sc2_8",
			"from": [7.25, 3.5, 7.9],
			"to": [7.625, 3.625, 8.025],
			"rotation": {"angle": 0, "axis": "y", "origin": [0, -4, 7.9]},
			"faces": {
				"north": {"uv": [7.625, 8.375, 7.25, 8.5], "texture": "#3"},
				"south": {"uv": [7.25, 8.375, 7.625, 8.5], "texture": "#3"},
				"down": {"uv": [7.25, 8.375, 7.625, 8.5], "texture": "#3"}
			}
		},
		{
			"name": "sc2_9",
			"from": [7.125, 3.375, 7.9],
			"to": [7.25, 3.5, 8.025],
			"rotation": {"angle": 0, "axis": "y", "origin": [0, -4, 7.9]},
			"faces": {
				"north": {"uv": [7.25, 8.5, 7.125, 8.625], "texture": "#3"},
				"east": {"uv": [7.125, 8.5, 7.25, 8.625], "texture": "#3"},
				"south": {"uv": [7.125, 8.5, 7.25, 8.625], "texture": "#3"},
				"down": {"uv": [7.125, 8.5, 7.25, 8.625], "texture": "#3"}
			}
		},
		{
			"name": "sc2_10",
			"from": [7.625, 3.25, 7.7],
			"to": [8.25, 3.5, 8.225],
			"rotation": {"angle": 0, "axis": "y", "origin": [0, -4, 7.9]},
			"faces": {
				"north": {"uv": [8.25, 8.5, 7.625, 8.75], "texture": "#3"},
				"east": {"uv": [8.125, 8.5, 8.25, 8.75], "texture": "#3"},
				"south": {"uv": [7.625, 8.5, 8.25, 8.75], "texture": "#3"},
				"west": {"uv": [7.625, 8.5, 7.75, 8.75], "texture": "#3"},
				"up": {"uv": [7.625, 8.5, 8.25, 8.625], "texture": "#3"},
				"down": {"uv": [7.625, 8.625, 8.25, 8.75], "texture": "#3"}
			}
		},
		{
			"name": "sc2_11",
			"from": [7.625, 1.25, 7.7],
			"to": [8.25, 1.5, 8.225],
			"rotation": {"angle": 0, "axis": "y", "origin": [0, -4, 7.9]},
			"faces": {
				"north": {"uv": [8.25, 10.5, 7.625, 10.75], "texture": "#3"},
				"east": {"uv": [8.125, 10.5, 8.25, 10.75], "texture": "#3"},
				"south": {"uv": [7.625, 10.5, 8.25, 10.75], "texture": "#3"},
				"west": {"uv": [7.625, 10.5, 7.75, 10.75], "texture": "#3"},
				"up": {"uv": [7.625, 10.5, 8.25, 10.625], "texture": "#3"},
				"down": {"uv": [7.625, 10.625, 8.25, 10.75], "texture": "#3"}
			}
		},
		{
			"name": "sc1_0",
			"from": [7.5, 6.5, 7.85],
			"to": [7.875, 7, 8.075],
			"rotation": {"angle": 0, "axis": "y", "origin": [0, -4, 7.9]},
			"faces": {
				"north": {"uv": [7.875, 5, 7.5, 5.5], "texture": "#3"},
				"south": {"uv": [7.5, 5, 7.875, 5.5], "texture": "#3"},
				"west": {"uv": [7.5, 5, 7.625, 5.5], "texture": "#3"},
				"up": {"uv": [7.5, 5, 7.875, 5.125], "texture": "#3"}
			}
		},
		{
			"name": "sc1_1",
			"from": [7.875, 6.75, 7.85],
			"to": [8.125, 7, 8.075],
			"rotation": {"angle": 0, "axis": "y", "origin": [0, -4, 7.9]},
			"faces": {
				"north": {"uv": [8.125, 5, 7.875, 5.25], "texture": "#3"},
				"south": {"uv": [7.875, 5, 8.125, 5.25], "texture": "#3"},
				"up": {"uv": [7.875, 5, 8.125, 5.125], "texture": "#3"}
			}
		},
		{
			"name": "sc1_2",
			"from": [8.125, 6.875, 7.85],
			"to": [8.375, 7, 8.075],
			"rotation": {"angle": 0, "axis": "y", "origin": [0, -4, 7.9]},
			"faces": {
				"north": {"uv": [8.375, 5, 8.125, 5.125], "texture": "#3"},
				"south": {"uv": [8.125, 5, 8.375, 5.125], "texture": "#3"},
				"up": {"uv": [8.125, 5, 8.375, 5.125], "texture": "#3"}
			}
		},
		{
			"name": "sc1_3",
			"from": [7.375, 4.125, 7.85],
			"to": [7.5, 6.875, 8.075],
			"rotation": {"angle": 0, "axis": "y", "origin": [0, -4, 7.9]},
			"faces": {
				"north": {"uv": [7.5, 5.125, 7.375, 7.875], "texture": "#3"},
				"south": {"uv": [7.375, 5.125, 7.5, 7.875], "texture": "#3"},
				"west": {"uv": [7.375, 5.125, 7.5, 7.875], "texture": "#3"},
				"up": {"uv": [7.375, 5.125, 7.5, 5.25], "texture": "#3"}
			}
		},
		{
			"name": "sc1_4",
			"from": [7.25, 4.25, 7.85],
			"to": [7.375, 6.75, 8.075],
			"rotation": {"angle": 0, "axis": "y", "origin": [0, -4, 7.9]},
			"faces": {
				"north": {"uv": [7.375, 5.25, 7.25, 7.75], "texture": "#3"},
				"south": {"uv": [7.25, 5.25, 7.375, 7.75], "texture": "#3"},
				"west": {"uv": [7.25, 5.25, 7.375, 7.75], "texture": "#3"},
				"up": {"uv": [7.25, 5.25, 7.375, 5.375], "texture": "#3"}
			}
		},
		{
			"name": "sc1_5",
			"from": [7.5, 4.25, 7.85],
			"to": [7.75, 6.5, 8.075],
			"rotation": {"angle": 0, "axis": "y", "origin": [0, -4, 7.9]},
			"faces": {
				"north": {"uv": [7.75, 5.5, 7.5, 7.75], "texture": "#3"},
				"south": {"uv": [7.5, 5.5, 7.75, 7.75], "texture": "#3"}
			}
		},
		{
			"name": "sc1_6",
			"from": [7.75, 4.375, 7.85],
			"to": [7.875, 6.125, 8.075],
			"rotation": {"angle": 0, "axis": "y", "origin": [0, -4, 7.9]},
			"faces": {
				"north": {"uv": [7.875, 5.875, 7.75, 7.625], "texture": "#3"},
				"south": {"uv": [7.75, 5.875, 7.875, 7.625], "texture": "#3"}
			}
		},
		{
			"name": "sc1_7",
			"from": [7.875, 5.25, 7.85],
			"to": [8, 5.875, 8.075],
			"rotation": {"angle": 0, "axis": "y", "origin": [0, -4, 7.9]},
			"faces": {
				"north": {"uv": [8, 6.125, 7.875, 6.75], "texture": "#3"},
				"south": {"uv": [7.875, 6.125, 8, 6.75], "texture": "#3"}
			}
		},
		{
			"name": "sc1_8",
			"from": [7.125, 3.5, 7.85],
			"to": [7.25, 5.125, 8.075],
			"rotation": {"angle": 0, "axis": "y", "origin": [0, -4, 7.9]},
			"faces": {
				"north": {"uv": [7.25, 6.875, 7.125, 8.5], "texture": "#3"},
				"east": {"uv": [7.125, 6.875, 7.25, 8.5], "texture": "#3"},
				"south": {"uv": [7.125, 6.875, 7.25, 8.5], "texture": "#3"},
				"west": {"uv": [7.125, 6.875, 7.25, 8.5], "texture": "#3"},
				"up": {"uv": [7.125, 6.875, 7.25, 7], "texture": "#3"},
				"down": {"uv": [7.125, 8.375, 7.25, 8.5], "texture": "#3"}
			}
		},
		{
			"name": "sc1_9",
			"from": [7.5, 4, 7.85],
			"to": [7.625, 4.25, 8.075],
			"rotation": {"angle": 0, "axis": "y", "origin": [0, -4, 7.9]},
			"faces": {
				"north": {"uv": [7.625, 7.75, 7.5, 8], "texture": "#3"},
				"south": {"uv": [7.5, 7.75, 7.625, 8], "texture": "#3"}
			}
		},
		{
			"name": "sc1_10",
			"from": [7.75, 4, 7.85],
			"to": [7.875, 4.25, 8.075],
			"rotation": {"angle": 0, "axis": "y", "origin": [0, -4, 7.9]},
			"faces": {
				"north": {"uv": [7.875, 7.75, 7.75, 8], "texture": "#3"},
				"south": {"uv": [7.75, 7.75, 7.875, 8], "texture": "#3"}
			}
		},
		{
			"name": "sc1_11",
			"from": [7.25, 3.875, 7.85],
			"to": [7.375, 4.125, 8.075],
			"rotation": {"angle": 0, "axis": "y", "origin": [0, -4, 7.9]},
			"faces": {
				"north": {"uv": [7.375, 7.875, 7.25, 8.125], "texture": "#3"},
				"south": {"uv": [7.25, 7.875, 7.375, 8.125], "texture": "#3"}
			}
		},
		{
			"name": "sc1_12",
			"from": [7.375, 3.625, 7.85],
			"to": [7.5, 3.875, 8.075],
			"rotation": {"angle": 0, "axis": "y", "origin": [0, -4, 7.9]},
			"faces": {
				"north": {"uv": [7.5, 8.125, 7.375, 8.375], "texture": "#3"},
				"south": {"uv": [7.375, 8.125, 7.5, 8.375], "texture": "#3"},
				"down": {"uv": [7.375, 8.25, 7.5, 8.375], "texture": "#3"}
			}
		},
		{
			"name": "sc1_13",
			"from": [7.25, 3.625, 7.85],
			"to": [7.375, 3.75, 8.075],
			"rotation": {"angle": 0, "axis": "y", "origin": [0, -4, 7.9]},
			"faces": {
				"north": {"uv": [7.375, 8.25, 7.25, 8.375], "texture": "#3"},
				"south": {"uv": [7.25, 8.25, 7.375, 8.375], "texture": "#3"},
				"down": {"uv": [7.25, 8.25, 7.375, 8.375], "texture": "#3"}
			}
		},
		{
			"name": "sc1_14",
			"from": [7.5, 3.625, 7.85],
			"to": [7.75, 3.75, 8.075],
			"rotation": {"angle": 0, "axis": "y", "origin": [0, -4, 7.9]},
			"faces": {
				"north": {"uv": [7.75, 8.25, 7.5, 8.375], "texture": "#3"},
				"south": {"uv": [7.5, 8.25, 7.75, 8.375], "texture": "#3"},
				"down": {"uv": [7.5, 8.25, 7.75, 8.375], "texture": "#3"}
			}
		},
		{
			"name": "sc1_15",
			"from": [7.625, 3.5, 7.85],
			"to": [7.75, 3.625, 8.075],
			"rotation": {"angle": 0, "axis": "y", "origin": [0, -4, 7.9]},
			"faces": {
				"north": {"uv": [7.75, 8.375, 7.625, 8.5], "texture": "#3"},
				"south": {"uv": [7.625, 8.375, 7.75, 8.5], "texture": "#3"},
				"west": {"uv": [7.625, 8.375, 7.75, 8.5], "texture": "#3"}
			}
		},
		{
			"name": "sc1_16",
			"from": [7.75, 1.5, 7.8],
			"to": [8.125, 3.25, 8.125],
			"rotation": {"angle": 0, "axis": "y", "origin": [0, -4, 7.9]},
			"faces": {
				"north": {"uv": [8.125, 8.75, 7.75, 10.5], "texture": "#3"},
				"east": {"uv": [8, 8.75, 8.125, 10.5], "texture": "#3"},
				"south": {"uv": [7.75, 8.75, 8.125, 10.5], "texture": "#3"},
				"west": {"uv": [7.75, 8.75, 7.875, 10.5], "texture": "#3"}
			}
		},
		{
			"name": "sc1_17",
			"from": [7.75, 1.125, 7.8],
			"to": [8.125, 1.25, 8.125],
			"rotation": {"angle": 0, "axis": "y", "origin": [0, -4, 7.9]},
			"faces": {
				"north": {"uv": [8.125, 10.75, 7.75, 10.875], "texture": "#3"},
				"east": {"uv": [8, 10.75, 8.125, 10.875], "texture": "#3"},
				"south": {"uv": [7.75, 10.75, 8.125, 10.875], "texture": "#3"},
				"west": {"uv": [7.75, 10.75, 7.875, 10.875], "texture": "#3"},
				"down": {"uv": [7.75, 10.75, 8.125, 10.875], "texture": "#3"}
			}
		},
		{
			"name": "sc3_0",
			"from": [8.375, 6.875, 7.8],
			"to": [8.625, 7, 8.125],
			"rotation": {"angle": 0, "axis": "y", "origin": [0, -4, 7.9]},
			"faces": {
				"north": {"uv": [8.625, 5, 8.375, 5.125], "texture": "#3"},
				"east": {"uv": [8.5, 5, 8.625, 5.125], "texture": "#3"},
				"south": {"uv": [8.375, 5, 8.625, 5.125], "texture": "#3"},
				"west": {"uv": [8.375, 5, 8.5, 5.125], "texture": "#3"},
				"up": {"uv": [8.375, 5, 8.625, 5.125], "texture": "#3"},
				"down": {"uv": [8.375, 5, 8.625, 5.125], "texture": "#3"}
			}
		},
		{
			"name": "sc3_1",
			"from": [8.125, 6.75, 7.8],
			"to": [8.375, 6.875, 8.125],
			"rotation": {"angle": 0, "axis": "y", "origin": [0, -4, 7.9]},
			"faces": {
				"north": {"uv": [8.375, 5.125, 8.125, 5.25], "texture": "#3"},
				"east": {"uv": [8.25, 5.125, 8.375, 5.25], "texture": "#3"},
				"south": {"uv": [8.125, 5.125, 8.375, 5.25], "texture": "#3"},
				"west": {"uv": [8.125, 5.125, 8.25, 5.25], "texture": "#3"},
				"up": {"uv": [8.125, 5.125, 8.375, 5.25], "texture": "#3"},
				"down": {"uv": [8.125, 5.125, 8.375, 5.25], "texture": "#3"}
			}
		},
		{
			"name": "sc3_2",
			"from": [8.625, 6.625, 7.8],
			"to": [8.75, 6.875, 8.125],
			"rotation": {"angle": 0, "axis": "y", "origin": [0, -4, 7.9]},
			"faces": {
				"north": {"uv": [8.75, 5.125, 8.625, 5.375], "texture": "#3"},
				"east": {"uv": [8.625, 5.125, 8.75, 5.375], "texture": "#3"},
				"south": {"uv": [8.625, 5.125, 8.75, 5.375], "texture": "#3"},
				"west": {"uv": [8.625, 5.125, 8.75, 5.375], "texture": "#3"},
				"up": {"uv": [8.625, 5.125, 8.75, 5.25], "texture": "#3"},
				"down": {"uv": [8.625, 5.25, 8.75, 5.375], "texture": "#3"}
			}
		},
		{
			"name": "sc3_3",
			"from": [7.875, 6.5, 7.8],
			"to": [8.125, 6.75, 8.125],
			"rotation": {"angle": 0, "axis": "y", "origin": [0, -4, 7.9]},
			"faces": {
				"north": {"uv": [8.125, 5.25, 7.875, 5.5], "texture": "#3"},
				"east": {"uv": [8, 5.25, 8.125, 5.5], "texture": "#3"},
				"south": {"uv": [7.875, 5.25, 8.125, 5.5], "texture": "#3"},
				"west": {"uv": [7.875, 5.25, 8, 5.5], "texture": "#3"},
				"up": {"uv": [7.875, 5.25, 8.125, 5.375], "texture": "#3"},
				"down": {"uv": [7.875, 5.375, 8.125, 5.5], "texture": "#3"}
			}
		},
		{
			"name": "sc3_4",
			"from": [8.125, 6.625, 7.8],
			"to": [8.25, 6.75, 8.125],
			"rotation": {"angle": 0, "axis": "y", "origin": [0, -4, 7.9]},
			"faces": {
				"north": {"uv": [8.25, 5.25, 8.125, 5.375], "texture": "#3"},
				"east": {"uv": [8.125, 5.25, 8.25, 5.375], "texture": "#3"},
				"south": {"uv": [8.125, 5.25, 8.25, 5.375], "texture": "#3"},
				"down": {"uv": [8.125, 5.25, 8.25, 5.375], "texture": "#3"}
			}
		},
		{
			"name": "sc3_5",
			"from": [7.75, 6.125, 7.8],
			"to": [8, 6.5, 8.125],
			"rotation": {"angle": 0, "axis": "y", "origin": [0, -4, 7.9]},
			"faces": {
				"north": {"uv": [8, 5.5, 7.75, 5.875], "texture": "#3"},
				"east": {"uv": [7.875, 5.5, 8, 5.875], "texture": "#3"},
				"south": {"uv": [7.75, 5.5, 8, 5.875], "texture": "#3"},
				"west": {"uv": [7.75, 5.5, 7.875, 5.875], "texture": "#3"},
				"up": {"uv": [7.75, 5.5, 8, 5.625], "texture": "#3"},
				"down": {"uv": [7.75, 5.75, 8, 5.875], "texture": "#3"}
			}
		},
		{
			"name": "sc3_6",
			"from": [7.875, 5.875, 7.8],
			"to": [8, 6.125, 8.125],
			"rotation": {"angle": 0, "axis": "y", "origin": [0, -4, 7.9]},
			"faces": {
				"north": {"uv": [8, 5.875, 7.875, 6.125], "texture": "#3"},
				"east": {"uv": [7.875, 5.875, 8, 6.125], "texture": "#3"},
				"south": {"uv": [7.875, 5.875, 8, 6.125], "texture": "#3"},
				"west": {"uv": [7.875, 5.875, 8, 6.125], "texture": "#3"},
				"down": {"uv": [7.875, 6, 8, 6.125], "texture": "#3"}
			}
		},
		{
			"name": "sc3_7",
			"from": [8, 3.5, 7.8],
			"to": [8.125, 6, 8.125],
			"rotation": {"angle": 0, "axis": "y", "origin": [0, -4, 7.9]},
			"faces": {
				"north": {"uv": [8.125, 6, 8, 8.5], "texture": "#3"},
				"east": {"uv": [8, 6, 8.125, 8.5], "texture": "#3"},
				"south": {"uv": [8, 6, 8.125, 8.5], "texture": "#3"},
				"west": {"uv": [8, 6, 8.125, 8.5], "texture": "#3"},
				"up": {"uv": [8, 6, 8.125, 6.125], "texture": "#3"}
			}
		},
		{
			"name": "sc3_8",
			"from": [8.125, 5.25, 7.8],
			"to": [8.25, 5.875, 8.125],
			"rotation": {"angle": 0, "axis": "y", "origin": [0, -4, 7.9]},
			"faces": {
				"north": {"uv": [8.25, 6.125, 8.125, 6.75], "texture": "#3"},
				"east": {"uv": [8.125, 6.125, 8.25, 6.75], "texture": "#3"},
				"south": {"uv": [8.125, 6.125, 8.25, 6.75], "texture": "#3"},
				"up": {"uv": [8.125, 6.125, 8.25, 6.25], "texture": "#3"},
				"down": {"uv": [8.125, 6.625, 8.25, 6.75], "texture": "#3"}
			}
		},
		{
			"name": "sc3_9",
			"from": [7.875, 3.5, 7.8],
			"to": [8, 5.25, 8.125],
			"rotation": {"angle": 0, "axis": "y", "origin": [0, -4, 7.9]},
			"faces": {
				"north": {"uv": [8, 6.75, 7.875, 8.5], "texture": "#3"},
				"south": {"uv": [7.875, 6.75, 8, 8.5], "texture": "#3"},
				"west": {"uv": [7.875, 6.75, 8, 8.5], "texture": "#3"},
				"up": {"uv": [7.875, 6.75, 8, 6.875], "texture": "#3"}
			}
		},
		{
			"name": "sc3_10",
			"from": [7.75, 4.25, 7.8],
			"to": [7.875, 4.375, 8.125],
			"rotation": {"angle": 0, "axis": "y", "origin": [0, -4, 7.9]},
			"faces": {
				"north": {"uv": [7.875, 7.625, 7.75, 7.75], "texture": "#3"},
				"south": {"uv": [7.75, 7.625, 7.875, 7.75], "texture": "#3"},
				"west": {"uv": [7.75, 7.625, 7.875, 7.75], "texture": "#3"},
				"up": {"uv": [7.75, 7.625, 7.875, 7.75], "texture": "#3"},
				"down": {"uv": [7.75, 7.625, 7.875, 7.75], "texture": "#3"}
			}
		},
		{
			"name": "sc3_11",
			"from": [7.25, 4.125, 7.8],
			"to": [7.375, 4.25, 8.125],
			"rotation": {"angle": 0, "axis": "y", "origin": [0, -4, 7.9]},
			"faces": {
				"north": {"uv": [7.375, 7.75, 7.25, 7.875], "texture": "#3"},
				"east": {"uv": [7.25, 7.75, 7.375, 7.875], "texture": "#3"},
				"south": {"uv": [7.25, 7.75, 7.375, 7.875], "texture": "#3"},
				"west": {"uv": [7.25, 7.75, 7.375, 7.875], "texture": "#3"},
				"up": {"uv": [7.25, 7.75, 7.375, 7.875], "texture": "#3"},
				"down": {"uv": [7.25, 7.75, 7.375, 7.875], "texture": "#3"}
			}
		},
		{
			"name": "sc3_12",
			"from": [7.625, 3.75, 7.8],
			"to": [7.75, 4.25, 8.125],
			"rotation": {"angle": 0, "axis": "y", "origin": [0, -4, 7.9]},
			"faces": {
				"north": {"uv": [7.75, 7.75, 7.625, 8.25], "texture": "#3"},
				"east": {"uv": [7.625, 7.75, 7.75, 8.25], "texture": "#3"},
				"south": {"uv": [7.625, 7.75, 7.75, 8.25], "texture": "#3"},
				"west": {"uv": [7.625, 7.75, 7.75, 8.25], "texture": "#3"},
				"up": {"uv": [7.625, 7.75, 7.75, 7.875], "texture": "#3"},
				"down": {"uv": [7.625, 8.125, 7.75, 8.25], "texture": "#3"}
			}
		},
		{
			"name": "sc3_13",
			"from": [7.375, 3.875, 7.8],
			"to": [7.5, 4.125, 8.125],
			"rotation": {"angle": 0, "axis": "y", "origin": [0, -4, 7.9]},
			"faces": {
				"north": {"uv": [7.5, 7.875, 7.375, 8.125], "texture": "#3"},
				"east": {"uv": [7.375, 7.875, 7.5, 8.125], "texture": "#3"},
				"south": {"uv": [7.375, 7.875, 7.5, 8.125], "texture": "#3"},
				"west": {"uv": [7.375, 7.875, 7.5, 8.125], "texture": "#3"},
				"up": {"uv": [7.375, 7.875, 7.5, 8], "texture": "#3"},
				"down": {"uv": [7.375, 8, 7.5, 8.125], "texture": "#3"}
			}
		},
		{
			"name": "sc3_14",
			"from": [7.5, 3.75, 7.8],
			"to": [7.625, 4, 8.125],
			"rotation": {"angle": 0, "axis": "y", "origin": [0, -4, 7.9]},
			"faces": {
				"north": {"uv": [7.625, 8, 7.5, 8.25], "texture": "#3"},
				"south": {"uv": [7.5, 8, 7.625, 8.25], "texture": "#3"},
				"west": {"uv": [7.5, 8, 7.625, 8.25], "texture": "#3"},
				"up": {"uv": [7.5, 8, 7.625, 8.125], "texture": "#3"},
				"down": {"uv": [7.5, 8.125, 7.625, 8.25], "texture": "#3"}
			}
		},
		{
			"name": "sc3_15",
			"from": [7.75, 3.5, 7.8],
			"to": [7.875, 4, 8.125],
			"rotation": {"angle": 0, "axis": "y", "origin": [0, -4, 7.9]},
			"faces": {
				"north": {"uv": [7.875, 8, 7.75, 8.5], "texture": "#3"},
				"south": {"uv": [7.75, 8, 7.875, 8.5], "texture": "#3"},
				"west": {"uv": [7.75, 8, 7.875, 8.5], "texture": "#3"},
				"up": {"uv": [7.75, 8, 7.875, 8.125], "texture": "#3"}
			}
		},
		{
			"name": "sc3_16",
			"from": [7.25, 3.75, 7.8],
			"to": [7.375, 3.875, 8.125],
			"rotation": {"angle": 0, "axis": "y", "origin": [0, -4, 7.9]},
			"faces": {
				"north": {"uv": [7.375, 8.125, 7.25, 8.25], "texture": "#3"},
				"east": {"uv": [7.25, 8.125, 7.375, 8.25], "texture": "#3"},
				"south": {"uv": [7.25, 8.125, 7.375, 8.25], "texture": "#3"},
				"west": {"uv": [7.25, 8.125, 7.375, 8.25], "texture": "#3"},
				"up": {"uv": [7.25, 8.125, 7.375, 8.25], "texture": "#3"},
				"down": {"uv": [7.25, 8.125, 7.375, 8.25], "texture": "#3"}
			}
		}
	],
	"gui_light": "front",
	"display": {
		"thirdperson_righthand": {
			"rotation": [0, -90, 0],
			"translation": [0, 14.5, 1.25],
			"scale": [3, 3, 3]
		},
		"thirdperson_lefthand": {
			"rotation": [0, 90, 0],
			"translation": [0, 14.5, 1.25],
			"scale": [3, 3, 3]
		},
		"firstperson_righthand": {
			"rotation": [8, -82, 0],
			"translation": [0.5, 12.25, 2],
			"scale": [2, 2, 2]
		},
		"firstperson_lefthand": {
			"rotation": [8, 94, 0],
			"translation": [0.5, 12.25, 2],
			"scale": [2, 2, 2]
		},
		"ground": {
			"translation": [0, 7, 0.5],
			"scale": [2, 2, 2]
		},
		"gui": {
			"rotation": [0, 0, -44],
			"translation": [8.25, 8.25, 0],
			"scale": [3.2, 3.2, 1.8]
		},
		"head": {
			"rotation": [0, 0, 144],
			"translation": [-5.5, -38.25, 3.75],
			"scale": [4, 4, 4]
		},
		"fixed": {
			"rotation": [0, 179, -45],
			"translation": [-10.75, 10.5, -0.75],
			"scale": [4, 4, 4]
		}
	},
	"groups": [
		{
			"name": "sc2",
			"origin": [8, 8, 8],
			"color": 0,
			"children": [0, 1, 2, 3, 4, 5, 6, 7, 8, 9, 10, 11]
		},
		{
			"name": "sc1",
			"origin": [8, 8, 8],
			"color": 0,
			"children": [12, 13, 14, 15, 16, 17, 18, 19, 20, 21, 22, 23, 24, 25, 26, 27, 28, 29]
		},
		{
			"name": "sc3",
			"origin": [8, 8, 8],
			"color": 0,
			"children": [30, 31, 32, 33, 34, 35, 36, 37, 38, 39, 40, 41, 42, 43, 44, 45, 46]
		}
	]
}