{
	"format_version": "1.21.6",
	"credit": "Made with Blockbench",
	"textures": {
		"2": "archon:item/terrain_mace"
	},
	"elements": [
		{
			"name": "tm2_0",
			"from": [7.25, 7.5, 8],
			"to": [7.375, 9.625, 8.125],
			"rotation": {"angle": 0, "axis": "y", "origin": [7.8, 9.8, 8.05]},
			"faces": {
				"north": {"uv": [7.375, 3.375, 7.25, 5.5], "texture": "#2"},
				"south": {"uv": [7.25, 3.375, 7.375, 5.5], "texture": "#2"},
				"west": {"uv": [7.25, 3.375, 7.375, 5.5], "texture": "#2"},
				"up": {"uv": [7.25, 3.375, 7.375, 3.5], "texture": "#2"},
				"down": {"uv": [7.25, 5.375, 7.375, 5.5], "texture": "#2"}
			}
		},
		{
			"name": "tm2_9",
			"from": [7.75, 8.5, 6.725],
			"to": [7.875, 8.625, 6.975],
			"rotation": {"angle": 0, "axis": "y", "origin": [7.8, 9.8, 8.05]},
			"faces": {
				"north": {"uv": [9, 4.375, 9.125, 4.5], "texture": "#2"},
				"east": {"uv": [8.875, 4.375, 9.125, 4.5], "texture": "#2"},
				"west": {"uv": [9.125, 4.375, 8.875, 4.5], "texture": "#2"},
				"up": {"uv": [8.875, 4.375, 9.125, 4.5], "rotation": 270, "texture": "#2"},
				"down": {"uv": [8.875, 4.375, 9.125, 4.5], "rotation": 90, "texture": "#2"}
			}
		},
		{
			"name": "tm2_7",
			"from": [7.75, 8.375, 6.975],
			"to": [7.875, 8.75, 7.225],
			"rotation": {"angle": 0, "axis": "y", "origin": [7.8, 9.8, 8.05]},
			"faces": {
				"north": {"uv": [8.75, 4.25, 8.875, 4.625], "texture": "#2"},
				"east": {"uv": [8.625, 4.25, 8.875, 4.625], "texture": "#2"},
				"west": {"uv": [8.875, 4.25, 8.625, 4.625], "texture": "#2"},
				"up": {"uv": [8.625, 4.25, 8.875, 4.375], "rotation": 270, "texture": "#2"},
				"down": {"uv": [8.625, 4.5, 8.875, 4.625], "rotation": 90, "texture": "#2"}
			}
		},
		{
			"name": "tm2_5",
			"from": [7.75, 8.25, 7.225],
			"to": [7.875, 8.875, 7.35],
			"rotation": {"angle": 0, "axis": "y", "origin": [7.8, 9.8, 8.05]},
			"faces": {
				"north": {"uv": [8.5, 4.125, 8.625, 4.75], "texture": "#2"},
				"east": {"uv": [8.5, 4.125, 8.625, 4.75], "texture": "#2"},
				"west": {"uv": [8.625, 4.125, 8.5, 4.75], "texture": "#2"},
				"up": {"uv": [8.5, 4.125, 8.625, 4.25], "rotation": 270, "texture": "#2"},
				"down": {"uv": [8.5, 4.625, 8.625, 4.75], "rotation": 90, "texture": "#2"}
			}
		},
		{
			"name": "tm2_3",
			"from": [7.75, 7.875, 7.35],
			"to": [7.875, 9.25, 7.475],
			"rotation": {"angle": 0, "axis": "y", "origin": [7.8, 9.8, 8.05]},
			"faces": {
				"north": {"uv": [8.375, 3.75, 8.5, 5.125], "texture": "#2"},
				"east": {"uv": [8.375, 3.75, 8.5, 5.125], "texture": "#2"},
				"west": {"uv": [8.5, 3.75, 8.375, 5.125], "texture": "#2"},
				"up": {"uv": [8.375, 3.75, 8.5, 3.875], "rotation": 270, "texture": "#2"},
				"down": {"uv": [8.375, 5, 8.5, 5.125], "rotation": 90, "texture": "#2"}
			}
		},
		{
			"name": "tm2_1",
			"from": [7.75, 7.5, 7.475],
			"to": [7.875, 9.625, 7.6],
			"rotation": {"angle": 0, "axis": "y", "origin": [7.8, 9.8, 8.05]},
			"faces": {
				"north": {"uv": [8.25, 3.375, 8.375, 5.5], "texture": "#2"},
				"east": {"uv": [8.25, 3.375, 8.375, 5.5], "texture": "#2"},
				"west": {"uv": [8.375, 3.375, 8.25, 5.5], "texture": "#2"},
				"up": {"uv": [8.25, 3.375, 8.375, 3.5], "rotation": 270, "texture": "#2"},
				"down": {"uv": [8.25, 5.375, 8.375, 5.5], "rotation": 90, "texture": "#2"}
			}
		},
		{
			"name": "tm2_8",
			"from": [7.75, 8.625, 9.15],
			"to": [7.875, 8.75, 9.4],
			"rotation": {"angle": 0, "axis": "y", "origin": [7.8, 9.9, 8.1]},
			"faces": {
				"east": {"uv": [6.5, 4.375, 6.75, 4.5], "texture": "#2"},
				"south": {"uv": [6.5, 4.375, 6.625, 4.5], "texture": "#2"},
				"west": {"uv": [6.75, 4.375, 6.5, 4.5], "texture": "#2"},
				"up": {"uv": [6.5, 4.375, 6.75, 4.5], "rotation": 270, "texture": "#2"},
				"down": {"uv": [6.5, 4.375, 6.75, 4.5], "rotation": 90, "texture": "#2"}
			}
		},
		{
			"name": "tm2_6",
			"from": [7.75, 8.5, 8.9],
			"to": [7.875, 8.875, 9.15],
			"rotation": {"angle": 0, "axis": "y", "origin": [7.8, 9.925, 8.1]},
			"faces": {
				"east": {"uv": [6.75, 4.25, 7, 4.625], "texture": "#2"},
				"south": {"uv": [6.75, 4.25, 6.875, 4.625], "texture": "#2"},
				"west": {"uv": [7, 4.25, 6.75, 4.625], "texture": "#2"},
				"up": {"uv": [6.75, 4.25, 7, 4.375], "rotation": 270, "texture": "#2"},
				"down": {"uv": [6.75, 4.5, 7, 4.625], "rotation": 90, "texture": "#2"}
			}
		},
		{
			"name": "tm2_4",
			"from": [7.75, 8.375, 8.775],
			"to": [7.875, 9, 8.9],
			"rotation": {"angle": 0, "axis": "y", "origin": [7.8, 9.6, 8.1]},
			"faces": {
				"east": {"uv": [7, 4.125, 7.125, 4.75], "texture": "#2"},
				"south": {"uv": [7, 4.125, 7.125, 4.75], "texture": "#2"},
				"west": {"uv": [7.125, 4.125, 7, 4.75], "texture": "#2"},
				"up": {"uv": [7, 4.125, 7.125, 4.25], "rotation": 270, "texture": "#2"},
				"down": {"uv": [7, 4.625, 7.125, 4.75], "rotation": 90, "texture": "#2"}
			}
		},
		{
			"name": "tm2_2",
			"from": [7.75, 8, 8.65],
			"to": [7.875, 9.375, 8.775],
			"rotation": {"angle": 0, "axis": "y", "origin": [7.8, 9.925, 8.175]},
			"faces": {
				"east": {"uv": [7.125, 3.75, 7.25, 5.125], "texture": "#2"},
				"south": {"uv": [7.125, 3.75, 7.25, 5.125], "texture": "#2"},
				"west": {"uv": [7.25, 3.75, 7.125, 5.125], "texture": "#2"},
				"up": {"uv": [7.125, 3.75, 7.25, 3.875], "rotation": 270, "texture": "#2"},
				"down": {"uv": [7.125, 5, 7.25, 5.125], "rotation": 90, "texture": "#2"}
			}
		},
		{
			"name": "tm2_0",
			"from": [7.75, 7.5, 8.525],
			"to": [7.875, 9.625, 8.65],
			"rotation": {"angle": 0, "axis": "y", "origin": [7.8, 9.8, 8.15]},
			"faces": {
				"east": {"uv": [7.25, 3.375, 7.375, 5.5], "texture": "#2"},
				"south": {"uv": [7.25, 3.375, 7.375, 5.5], "texture": "#2"},
				"west": {"uv": [7.375, 3.375, 7.25, 5.5], "texture": "#2"},
				"up": {"uv": [7.25, 3.375, 7.375, 3.5], "rotation": 270, "texture": "#2"},
				"down": {"uv": [7.25, 5.375, 7.375, 5.5], "rotation": 90, "texture": "#2"}
			}
		},
		{
			"name": "tm2_1",
			"from": [8.25, 7.5, 8],
			"to": [8.375, 9.625, 8.125],
			"rotation": {"angle": 0, "axis": "y", "origin": [7.8, 9.8, 8.05]},
			"faces": {
				"north": {"uv": [8.375, 3.375, 8.25, 5.5], "texture": "#2"},
				"east": {"uv": [8.25, 3.375, 8.375, 5.5], "texture": "#2"},
				"south": {"uv": [8.25, 3.375, 8.375, 5.5], "texture": "#2"},
				"up": {"uv": [8.25, 3.375, 8.375, 3.5], "texture": "#2"},
				"down": {"uv": [8.25, 5.375, 8.375, 5.5], "texture": "#2"}
			}
		},
		{
			"name": "tm2_2",
			"from": [7.125, 7.875, 8],
			"to": [7.25, 9.25, 8.125],
			"rotation": {"angle": 0, "axis": "y", "origin": [7.8, 9.8, 8.05]},
			"faces": {
				"north": {"uv": [7.25, 3.75, 7.125, 5.125], "texture": "#2"},
				"south": {"uv": [7.125, 3.75, 7.25, 5.125], "texture": "#2"},
				"west": {"uv": [7.125, 3.75, 7.25, 5.125], "texture": "#2"},
				"up": {"uv": [7.125, 3.75, 7.25, 3.875], "texture": "#2"},
				"down": {"uv": [7.125, 5, 7.25, 5.125], "texture": "#2"}
			}
		},
		{
			"name": "tm2_3",
			"from": [8.375, 7.875, 8],
			"to": [8.5, 9.25, 8.125],
			"rotation": {"angle": 0, "axis": "y", "origin": [7.8, 9.8, 8.05]},
			"faces": {
				"north": {"uv": [8.5, 3.75, 8.375, 5.125], "texture": "#2"},
				"east": {"uv": [8.375, 3.75, 8.5, 5.125], "texture": "#2"},
				"south": {"uv": [8.375, 3.75, 8.5, 5.125], "texture": "#2"},
				"up": {"uv": [8.375, 3.75, 8.5, 3.875], "texture": "#2"},
				"down": {"uv": [8.375, 5, 8.5, 5.125], "texture": "#2"}
			}
		},
		{
			"name": "tm2_4",
			"from": [7, 8.25, 8],
			"to": [7.125, 8.875, 8.125],
			"rotation": {"angle": 0, "axis": "y", "origin": [7.8, 9.8, 8.05]},
			"faces": {
				"north": {"uv": [7.125, 4.125, 7, 4.75], "texture": "#2"},
				"south": {"uv": [7, 4.125, 7.125, 4.75], "texture": "#2"},
				"west": {"uv": [7, 4.125, 7.125, 4.75], "texture": "#2"},
				"up": {"uv": [7, 4.125, 7.125, 4.25], "texture": "#2"},
				"down": {"uv": [7, 4.625, 7.125, 4.75], "texture": "#2"}
			}
		},
		{
			"name": "tm2_5",
			"from": [8.5, 8.25, 8],
			"to": [8.625, 8.875, 8.125],
			"rotation": {"angle": 0, "axis": "y", "origin": [7.8, 9.8, 8.05]},
			"faces": {
				"north": {"uv": [8.625, 4.125, 8.5, 4.75], "texture": "#2"},
				"east": {"uv": [8.5, 4.125, 8.625, 4.75], "texture": "#2"},
				"south": {"uv": [8.5, 4.125, 8.625, 4.75], "texture": "#2"},
				"up": {"uv": [8.5, 4.125, 8.625, 4.25], "texture": "#2"},
				"down": {"uv": [8.5, 4.625, 8.625, 4.75], "texture": "#2"}
			}
		},
		{
			"name": "tm2_6",
			"from": [6.75, 8.375, 8],
			"to": [7, 8.75, 8.125],
			"rotation": {"angle": 0, "axis": "y", "origin": [7.8, 9.8, 8.05]},
			"faces": {
				"north": {"uv": [7, 4.25, 6.75, 4.625], "texture": "#2"},
				"south": {"uv": [6.75, 4.25, 7, 4.625], "texture": "#2"},
				"west": {"uv": [6.75, 4.25, 6.875, 4.625], "texture": "#2"},
				"up": {"uv": [6.75, 4.25, 7, 4.375], "texture": "#2"},
				"down": {"uv": [6.75, 4.5, 7, 4.625], "texture": "#2"}
			}
		},
		{
			"name": "tm2_7",
			"from": [8.625, 8.375, 8],
			"to": [8.875, 8.75, 8.125],
			"rotation": {"angle": 0, "axis": "y", "origin": [7.8, 9.8, 8.05]},
			"faces": {
				"north": {"uv": [8.875, 4.25, 8.625, 4.625], "texture": "#2"},
				"east": {"uv": [8.75, 4.25, 8.875, 4.625], "texture": "#2"},
				"south": {"uv": [8.625, 4.25, 8.875, 4.625], "texture": "#2"},
				"up": {"uv": [8.625, 4.25, 8.875, 4.375], "texture": "#2"},
				"down": {"uv": [8.625, 4.5, 8.875, 4.625], "texture": "#2"}
			}
		},
		{
			"name": "tm2_8",
			"from": [6.5, 8.5, 8],
			"to": [6.75, 8.625, 8.125],
			"rotation": {"angle": 0, "axis": "y", "origin": [7.8, 9.8, 8.05]},
			"faces": {
				"north": {"uv": [6.75, 4.375, 6.5, 4.5], "texture": "#2"},
				"south": {"uv": [6.5, 4.375, 6.75, 4.5], "texture": "#2"},
				"west": {"uv": [6.5, 4.375, 6.625, 4.5], "texture": "#2"},
				"up": {"uv": [6.5, 4.375, 6.75, 4.5], "texture": "#2"},
				"down": {"uv": [6.5, 4.375, 6.75, 4.5], "texture": "#2"}
			}
		},
		{
			"name": "tm2_9",
			"from": [8.875, 8.5, 8],
			"to": [9.125, 8.625, 8.125],
			"rotation": {"angle": 0, "axis": "y", "origin": [7.8, 9.8, 8.05]},
			"faces": {
				"north": {"uv": [9.125, 4.375, 8.875, 4.5], "texture": "#2"},
				"east": {"uv": [9, 4.375, 9.125, 4.5], "texture": "#2"},
				"south": {"uv": [8.875, 4.375, 9.125, 4.5], "texture": "#2"},
				"up": {"uv": [8.875, 4.375, 9.125, 4.5], "texture": "#2"},
				"down": {"uv": [8.875, 4.375, 9.125, 4.5], "texture": "#2"}
			}
		},
		{
			"name": "tm2_10",
			"from": [7.5, 7.125, 7.8],
			"to": [8.125, 7.25, 8.325],
			"rotation": {"angle": 0, "axis": "y", "origin": [0, -3, 8]},
			"faces": {
				"north": {"uv": [8.125, 5.75, 7.5, 5.875], "texture": "#2"},
				"east": {"uv": [8, 5.75, 8.125, 5.875], "texture": "#2"},
				"south": {"uv": [7.5, 5.75, 8.125, 5.875], "texture": "#2"},
				"west": {"uv": [7.5, 5.75, 8.125, 5.875], "texture": "#2"}
			}
		},
		{
			"name": "tm2_11",
			"from": [7.5, 6.875, 7.8],
			"to": [8.125, 7, 8.325],
			"rotation": {"angle": 0, "axis": "y", "origin": [0, -3, 8]},
			"faces": {
				"north": {"uv": [8.125, 6, 7.5, 6.125], "texture": "#2"},
				"east": {"uv": [8, 6, 8.125, 6.125], "texture": "#2"},
				"south": {"uv": [7.5, 6, 8.125, 6.125], "texture": "#2"},
				"west": {"uv": [7.5, 6, 8.125, 6.125], "texture": "#2"},
				"down": {"uv": [7.5, 6, 8.125, 6.125], "texture": "#2"}
			}
		},
		{
			"name": "tm2_12",
			"from": [7.625, 6.5, 7.9],
			"to": [8, 6.75, 8.225],
			"rotation": {"angle": 0, "axis": "y", "origin": [0, -3, 8]},
			"faces": {
				"north": {"uv": [8, 6.25, 7.625, 6.5], "texture": "#2"},
				"east": {"uv": [7.875, 6.25, 8, 6.5], "texture": "#2"},
				"south": {"uv": [7.625, 6.25, 8, 6.5], "texture": "#2"},
				"west": {"uv": [7.625, 6.25, 7.75, 6.5], "texture": "#2"}
			}
		},
		{
			"name": "tm2_13",
			"from": [7.625, 2.125, 7.9],
			"to": [8, 6.25, 8.225],
			"rotation": {"angle": 0, "axis": "y", "origin": [0, -3, 8]},
			"faces": {
				"north": {"uv": [8, 6.75, 7.625, 10.875], "texture": "#2"},
				"east": {"uv": [7.875, 6.75, 8, 10.875], "texture": "#2"},
				"south": {"uv": [7.625, 6.75, 8, 10.875], "texture": "#2"},
				"west": {"uv": [7.625, 6.75, 7.75, 10.875], "texture": "#2"}
			}
		},
		{
			"name": "tm2_14",
			"from": [7.625, 1.75, 7.9],
			"to": [8, 1.875, 8.225],
			"rotation": {"angle": 0, "axis": "y", "origin": [0, -3, 8]},
			"faces": {
				"north": {"uv": [8, 11.125, 7.625, 11.25], "texture": "#2"},
				"east": {"uv": [7.875, 11.125, 8, 11.25], "texture": "#2"},
				"south": {"uv": [7.625, 11.125, 8, 11.25], "texture": "#2"},
				"west": {"uv": [7.625, 11.125, 7.75, 11.25], "texture": "#2"}
			}
		},
		{
			"name": "tm2_15",
			"from": [7.375, 1.5, 7.7],
			"to": [8.25, 1.625, 8.425],
			"rotation": {"angle": 0, "axis": "y", "origin": [0, -3, 8]},
			"faces": {
				"north": {"uv": [8.25, 11.375, 7.375, 11.5], "texture": "#2"},
				"east": {"uv": [8.125, 11.375, 8.25, 11.5], "texture": "#2"},
				"south": {"uv": [7.375, 11.375, 8.25, 11.5], "texture": "#2"},
				"west": {"uv": [7.375, 11.375, 7.5, 11.5], "texture": "#2"},
				"up": {"uv": [7.375, 11.375, 8.25, 11.5], "texture": "#2"},
				"down": {"uv": [7.375, 11.375, 8.25, 11.5], "texture": "#2"}
			}
		},
		{
			"name": "tm2_16",
			"from": [7.625, 1, 7.9],
			"to": [8, 1.375, 8.225],
			"rotation": {"angle": 0, "axis": "y", "origin": [0, -3, 8]},
			"faces": {
				"north": {"uv": [8, 11.625, 7.625, 12], "texture": "#2"},
				"east": {"uv": [7.875, 11.625, 8, 12], "texture": "#2"},
				"south": {"uv": [7.625, 11.625, 8, 12], "texture": "#2"},
				"west": {"uv": [7.625, 11.625, 7.75, 12], "texture": "#2"},
				"down": {"uv": [7.625, 11.875, 8, 12], "texture": "#2"}
			}
		},
		{
			"name": "tm1_0",
			"from": [7.375, 7.25, 7.6],
			"to": [8.25, 9.875, 8.525],
			"rotation": {"angle": 0, "axis": "y", "origin": [0, -3, 8]},
			"faces": {
				"north": {"uv": [8.25, 3.125, 7.375, 5.75], "texture": "#2"},
				"east": {"uv": [8.25, 3.125, 7.375, 5.75], "texture": "#2"},
				"south": {"uv": [8.25, 3.125, 7.375, 5.75], "texture": "#2"},
				"west": {"uv": [8.25, 3.125, 7.375, 5.75], "texture": "#2"},
				"up": {"uv": [7.375, 2.125, 8.25, 3], "texture": "#2"},
				"down": {"uv": [7.375, 2.125, 8.25, 3], "texture": "#2"}
			}
		},
		{
			"name": "tm1_1",
			"from": [7.375, 7, 7.7],
			"to": [8.25, 7.125, 8.425],
			"rotation": {"angle": 0, "axis": "y", "origin": [0, -3, 8]},
			"faces": {
				"north": {"uv": [8.25, 5.875, 7.375, 6], "texture": "#2"},
				"east": {"uv": [8.125, 5.875, 8.25, 6], "texture": "#2"},
				"south": {"uv": [7.375, 5.875, 8.25, 6], "texture": "#2"},
				"west": {"uv": [7.375, 5.875, 8.25, 6], "texture": "#2"},
				"up": {"uv": [7.375, 5.875, 8.25, 6], "texture": "#2"},
				"down": {"uv": [7.375, 5.875, 8.25, 6], "texture": "#2"}
			}
		},
		{
			"name": "tm1_2",
			"from": [7.625, 6.75, 7.9],
			"to": [8, 6.875, 8.225],
			"rotation": {"angle": 0, "axis": "y", "origin": [0, -3, 8]},
			"faces": {
				"north": {"uv": [8, 6.125, 7.625, 6.25], "texture": "#2"},
				"east": {"uv": [7.875, 6.125, 8, 6.25], "texture": "#2"},
				"south": {"uv": [7.625, 6.125, 8, 6.25], "texture": "#2"},
				"west": {"uv": [7.625, 6.125, 8, 6.25], "texture": "#2"}
			}
		},
		{
			"name": "tm1_3",
			"from": [7.5, 6.25, 7.8],
			"to": [8.125, 6.5, 8.325],
			"rotation": {"angle": 0, "axis": "y", "origin": [0, -3, 8]},
			"faces": {
				"north": {"uv": [8.125, 6.5, 7.5, 6.75], "texture": "#2"},
				"east": {"uv": [7.5, 6.5, 8.125, 6.75], "texture": "#2"},
				"south": {"uv": [7.5, 6.5, 8.125, 6.75], "texture": "#2"},
				"west": {"uv": [7.5, 6.5, 8.125, 6.75], "texture": "#2"},
				"up": {"uv": [7.5, 6.5, 8.125, 6.625], "texture": "#2"},
				"down": {"uv": [7.5, 6.625, 8.125, 6.75], "texture": "#2"}
			}
		},
		{
			"name": "tm1_4",
			"from": [7.5, 1.875, 7.8],
			"to": [8.125, 2.125, 8.325],
			"rotation": {"angle": 0, "axis": "y", "origin": [0, -3, 8]},
			"faces": {
				"north": {"uv": [8.125, 10.875, 7.5, 11.125], "texture": "#2"},
				"east": {"uv": [8.125, 10.875, 7.5, 11.125], "texture": "#2"},
				"south": {"uv": [7.5, 10.875, 8.125, 11.125], "texture": "#2"},
				"west": {"uv": [8.125, 10.875, 7.5, 11.125], "texture": "#2"},
				"up": {"uv": [7.5, 10.875, 8.125, 11], "texture": "#2"},
				"down": {"uv": [7.5, 11, 8.125, 11.125], "texture": "#2"}
			}
		},
		{
			"name": "tm1_5",
			"from": [7.5, 1.625, 7.8],
			"to": [8.125, 1.75, 8.325],
			"rotation": {"angle": 0, "axis": "y", "origin": [0, -3, 8]},
			"faces": {
				"north": {"uv": [8.125, 11.25, 7.5, 11.375], "texture": "#2"},
				"east": {"uv": [8, 11.25, 8.125, 11.375], "texture": "#2"},
				"south": {"uv": [7.5, 11.25, 8.125, 11.375], "texture": "#2"},
				"west": {"uv": [7.5, 11.25, 7.625, 11.375], "texture": "#2"},
				"up": {"uv": [7.5, 11.25, 8.125, 11.375], "texture": "#2"}
			}
		},
		{
			"name": "tm1_6",
			"from": [7.5, 1.375, 7.8],
			"to": [8.125, 1.5, 8.325],
			"rotation": {"angle": 0, "axis": "y", "origin": [0, -3, 8]},
			"faces": {
				"north": {"uv": [8.125, 11.5, 7.5, 11.625], "texture": "#2"},
				"east": {"uv": [8, 11.5, 8.125, 11.625], "texture": "#2"},
				"south": {"uv": [7.5, 11.5, 8.125, 11.625], "texture": "#2"},
				"west": {"uv": [7.5, 11.5, 7.625, 11.625], "texture": "#2"},
				"down": {"uv": [7.5, 11.5, 8.125, 11.625], "texture": "#2"}
			}
		},
		{
			"name": "tm1_7",
			"from": [7.75, 0.75, 8],
			"to": [7.875, 1, 8.125],
			"rotation": {"angle": 0, "axis": "y", "origin": [0, -3, 8]},
			"faces": {
				"north": {"uv": [7.875, 12, 7.75, 12.25], "texture": "#2"},
				"east": {"uv": [7.75, 12, 7.875, 12.25], "texture": "#2"},
				"south": {"uv": [7.75, 12, 7.875, 12.25], "texture": "#2"},
				"west": {"uv": [7.75, 12, 7.875, 12.25], "texture": "#2"},
				"down": {"uv": [7.75, 12.125, 7.875, 12.25], "texture": "#2"}
			}
		}
	],
	"gui_light": "front",
	"display": {
		"thirdperson_righthand": {
			"rotation": [0, -90, 0],
			"translation": [0, 10.25, 2],
			"scale": [3, 3, 3]
		},
		"thirdperson_lefthand": {
			"rotation": [0, 90, 0],
			"translation": [0, 10.25, 2],
			"scale": [3, 3, 3]
		},
		"firstperson_righthand": {
			"rotation": [8, -82, 0],
			"translation": [0, 9.75, 2],
			"scale": [2, 2, 2]
		},
		"firstperson_lefthand": {
			"rotation": [8, 94, 0],
			"translation": [0, 9.75, 2],
			"scale": [2, 2, 2]
		},
		"ground": {
			"translation": [0, 7, 0.5],
			"scale": [2, 2, 2]
		},
		"gui": {
			"rotation": [0, 0, -44],
			"translation": [4.75, 4.5, 0],
			"scale": [2.6, 2.6, 1.8]
		},
		"head": {
			"rotation": [0, 0, 144],
			"translation": [-5.5, -24.25, 3.75],
			"scale": [4, 4, 4]
		},
		"fixed": {
			"rotation": [0, 179, -45],
			"translation": [-8, 6.75, -0.75],
			"scale": [4, 4, 4]
		}
	},
	"groups": [
		{
			"name": "tm2",
			"origin": [8, 8, 8],
			"color": 0,
			"children": [0, 1, 2, 3, 4, 5, 6, 7, 8, 9, 10, 11, 12, 13, 14, 15, 16, 17, 18, 19, 20, 21, 22, 23, 24, 25, 26]
		},
		{
			"name": "tm1",
			"origin": [8, 8, 8],
			"color": 0,
			"children": [27, 28, 29, 30, 31, 32, 33, 34]
		}
	]
}