{
	"format_version": "1.21.6",
	"credit": "Made with Blockbench",
	"textures": {
		"3": "archon:item/terranean_axe"
	},
	"elements": [
		{
			"name": "ta2_0",
			"from": [6.625, 7.375, 7.95],
			"to": [6.875, 9.75, 8.175],
			"rotation": {"angle": 0, "axis": "y", "origin": [0, -3, 8]},
			"faces": {
				"north": {"uv": [6.875, 3.25, 6.625, 5.625], "texture": "#3"},
				"east": {"uv": [6.75, 3.25, 6.875, 5.625], "texture": "#3"},
				"south": {"uv": [6.625, 3.25, 6.875, 5.625], "texture": "#3"},
				"west": {"uv": [6.625, 3.25, 6.75, 5.625], "texture": "#3"},
				"up": {"uv": [6.625, 3.25, 6.875, 3.375], "texture": "#3"},
				"down": {"uv": [6.625, 5.5, 6.875, 5.625], "texture": "#3"}
			}
		},
		{
			"name": "ta2_1",
			"from": [9.25, 7.375, 7.95],
			"to": [9.5, 9.75, 8.175],
			"rotation": {"angle": 0, "axis": "y", "origin": [0, -3, 8]},
			"faces": {
				"north": {"uv": [9.5, 3.25, 9.25, 5.625], "texture": "#3"},
				"east": {"uv": [9.375, 3.25, 9.5, 5.625], "texture": "#3"},
				"south": {"uv": [9.25, 3.25, 9.5, 5.625], "texture": "#3"},
				"west": {"uv": [9.25, 3.25, 9.375, 5.625], "texture": "#3"},
				"up": {"uv": [9.25, 3.25, 9.5, 3.375], "texture": "#3"},
				"down": {"uv": [9.25, 5.5, 9.5, 5.625], "texture": "#3"}
			}
		},
		{
			"name": "ta2_2",
			"from": [6.5, 6.375, 7.95],
			"to": [6.625, 9.625, 8.175],
			"rotation": {"angle": 0, "axis": "y", "origin": [0, -3, 8]},
			"faces": {
				"north": {"uv": [6.625, 3.375, 6.5, 6.625], "texture": "#3"},
				"east": {"uv": [6.5, 3.375, 6.625, 6.625], "texture": "#3"},
				"south": {"uv": [6.5, 3.375, 6.625, 6.625], "texture": "#3"},
				"west": {"uv": [6.5, 3.375, 6.625, 6.625], "texture": "#3"},
				"up": {"uv": [6.5, 3.375, 6.625, 3.5], "texture": "#3"},
				"down": {"uv": [6.5, 6.5, 6.625, 6.625], "texture": "#3"}
			}
		},
		{
			"name": "ta2_3",
			"from": [6.875, 7.5, 7.95],
			"to": [7, 9.625, 8.175],
			"rotation": {"angle": 0, "axis": "y", "origin": [0, -3, 8]},
			"faces": {
				"north": {"uv": [7, 3.375, 6.875, 5.5], "texture": "#3"},
				"east": {"uv": [6.875, 3.375, 7, 5.5], "texture": "#3"},
				"south": {"uv": [6.875, 3.375, 7, 5.5], "texture": "#3"},
				"up": {"uv": [6.875, 3.375, 7, 3.5], "texture": "#3"},
				"down": {"uv": [6.875, 5.375, 7, 5.5], "texture": "#3"}
			}
		},
		{
			"name": "ta2_4",
			"from": [9.125, 7.5, 7.95],
			"to": [9.25, 9.625, 8.175],
			"rotation": {"angle": 0, "axis": "y", "origin": [0, -3, 8]},
			"faces": {
				"north": {"uv": [9.25, 3.375, 9.125, 5.5], "texture": "#3"},
				"south": {"uv": [9.125, 3.375, 9.25, 5.5], "texture": "#3"},
				"west": {"uv": [9.125, 3.375, 9.25, 5.5], "texture": "#3"},
				"up": {"uv": [9.125, 3.375, 9.25, 3.5], "texture": "#3"},
				"down": {"uv": [9.125, 5.375, 9.25, 5.5], "texture": "#3"}
			}
		},
		{
			"name": "ta2_5",
			"from": [9.5, 6.375, 7.95],
			"to": [9.625, 9.625, 8.175],
			"rotation": {"angle": 0, "axis": "y", "origin": [0, -3, 8]},
			"faces": {
				"north": {"uv": [9.625, 3.375, 9.5, 6.625], "texture": "#3"},
				"east": {"uv": [9.5, 3.375, 9.625, 6.625], "texture": "#3"},
				"south": {"uv": [9.5, 3.375, 9.625, 6.625], "texture": "#3"},
				"west": {"uv": [9.5, 3.375, 9.625, 6.625], "texture": "#3"},
				"up": {"uv": [9.5, 3.375, 9.625, 3.5], "texture": "#3"},
				"down": {"uv": [9.5, 6.5, 9.625, 6.625], "texture": "#3"}
			}
		},
		{
			"name": "ta2_6",
			"from": [7, 9.375, 7.95],
			"to": [7.125, 9.5, 8.175],
			"rotation": {"angle": 0, "axis": "y", "origin": [0, -3, 8]},
			"faces": {
				"north": {"uv": [7.125, 3.5, 7, 3.625], "texture": "#3"},
				"east": {"uv": [7, 3.5, 7.125, 3.625], "texture": "#3"},
				"south": {"uv": [7, 3.5, 7.125, 3.625], "texture": "#3"},
				"up": {"uv": [7, 3.5, 7.125, 3.625], "texture": "#3"},
				"down": {"uv": [7, 3.5, 7.125, 3.625], "texture": "#3"}
			}
		},
		{
			"name": "ta2_7",
			"from": [9, 9.375, 7.95],
			"to": [9.125, 9.5, 8.175],
			"rotation": {"angle": 0, "axis": "y", "origin": [0, -3, 8]},
			"faces": {
				"north": {"uv": [9.125, 3.5, 9, 3.625], "texture": "#3"},
				"south": {"uv": [9, 3.5, 9.125, 3.625], "texture": "#3"},
				"west": {"uv": [9, 3.5, 9.125, 3.625], "texture": "#3"},
				"up": {"uv": [9, 3.5, 9.125, 3.625], "texture": "#3"},
				"down": {"uv": [9, 3.5, 9.125, 3.625], "texture": "#3"}
			}
		},
		{
			"name": "ta2_8",
			"from": [6.375, 6.5, 7.95],
			"to": [6.5, 9.375, 8.175],
			"rotation": {"angle": 0, "axis": "y", "origin": [0, -3, 8]},
			"faces": {
				"north": {"uv": [6.5, 3.625, 6.375, 6.5], "texture": "#3"},
				"south": {"uv": [6.375, 3.625, 6.5, 6.5], "texture": "#3"},
				"west": {"uv": [6.375, 3.625, 6.5, 6.5], "texture": "#3"},
				"up": {"uv": [6.375, 3.625, 6.5, 3.75], "texture": "#3"},
				"down": {"uv": [6.375, 6.375, 6.5, 6.5], "texture": "#3"}
			}
		},
		{
			"name": "ta2_9",
			"from": [9.625, 6.5, 7.95],
			"to": [9.75, 9.375, 8.175],
			"rotation": {"angle": 0, "axis": "y", "origin": [0, -3, 8]},
			"faces": {
				"north": {"uv": [9.75, 3.625, 9.625, 6.5], "texture": "#3"},
				"east": {"uv": [9.625, 3.625, 9.75, 6.5], "texture": "#3"},
				"south": {"uv": [9.625, 3.625, 9.75, 6.5], "texture": "#3"},
				"up": {"uv": [9.625, 3.625, 9.75, 3.75], "texture": "#3"},
				"down": {"uv": [9.625, 6.375, 9.75, 6.5], "texture": "#3"}
			}
		},
		{
			"name": "ta2_10",
			"from": [6.25, 6.75, 7.95],
			"to": [6.375, 9.125, 8.175],
			"rotation": {"angle": 0, "axis": "y", "origin": [0, -3, 8]},
			"faces": {
				"north": {"uv": [6.375, 3.875, 6.25, 6.25], "texture": "#3"},
				"south": {"uv": [6.25, 3.875, 6.375, 6.25], "texture": "#3"},
				"west": {"uv": [6.25, 3.875, 6.375, 6.25], "texture": "#3"},
				"up": {"uv": [6.25, 3.875, 6.375, 4], "texture": "#3"},
				"down": {"uv": [6.25, 6.125, 6.375, 6.25], "texture": "#3"}
			}
		},
		{
			"name": "ta2_11",
			"from": [9.75, 6.75, 7.95],
			"to": [9.875, 9.125, 8.175],
			"rotation": {"angle": 0, "axis": "y", "origin": [0, -3, 8]},
			"faces": {
				"north": {"uv": [9.875, 3.875, 9.75, 6.25], "texture": "#3"},
				"east": {"uv": [9.75, 3.875, 9.875, 6.25], "texture": "#3"},
				"south": {"uv": [9.75, 3.875, 9.875, 6.25], "texture": "#3"},
				"up": {"uv": [9.75, 3.875, 9.875, 4], "texture": "#3"},
				"down": {"uv": [9.75, 6.125, 9.875, 6.25], "texture": "#3"}
			}
		},
		{
			"name": "ta2_12",
			"from": [7, 7.625, 7.95],
			"to": [7.125, 9, 8.175],
			"rotation": {"angle": 0, "axis": "y", "origin": [0, -3, 8]},
			"faces": {
				"north": {"uv": [7.125, 4, 7, 5.375], "texture": "#3"},
				"east": {"uv": [7, 4, 7.125, 5.375], "texture": "#3"},
				"south": {"uv": [7, 4, 7.125, 5.375], "texture": "#3"},
				"up": {"uv": [7, 4, 7.125, 4.125], "texture": "#3"},
				"down": {"uv": [7, 5.25, 7.125, 5.375], "texture": "#3"}
			}
		},
		{
			"name": "ta2_13",
			"from": [9, 7.625, 7.95],
			"to": [9.125, 9, 8.175],
			"rotation": {"angle": 0, "axis": "y", "origin": [0, -3, 8]},
			"faces": {
				"north": {"uv": [9.125, 4, 9, 5.375], "texture": "#3"},
				"south": {"uv": [9, 4, 9.125, 5.375], "texture": "#3"},
				"west": {"uv": [9, 4, 9.125, 5.375], "texture": "#3"},
				"up": {"uv": [9, 4, 9.125, 4.125], "texture": "#3"},
				"down": {"uv": [9, 5.25, 9.125, 5.375], "texture": "#3"}
			}
		},
		{
			"name": "ta2_14",
			"from": [7.125, 7.625, 7.95],
			"to": [7.25, 8.875, 8.175],
			"rotation": {"angle": 0, "axis": "y", "origin": [0, -3, 8]},
			"faces": {
				"north": {"uv": [7.25, 4.125, 7.125, 5.375], "texture": "#3"},
				"east": {"uv": [7.125, 4.125, 7.25, 5.375], "texture": "#3"},
				"south": {"uv": [7.125, 4.125, 7.25, 5.375], "texture": "#3"},
				"up": {"uv": [7.125, 4.125, 7.25, 4.25], "texture": "#3"},
				"down": {"uv": [7.125, 5.25, 7.25, 5.375], "texture": "#3"}
			}
		},
		{
			"name": "ta2_15",
			"from": [8.875, 7.625, 7.95],
			"to": [9, 8.875, 8.175],
			"rotation": {"angle": 0, "axis": "y", "origin": [0, -3, 8]},
			"faces": {
				"north": {"uv": [9, 4.125, 8.875, 5.375], "texture": "#3"},
				"south": {"uv": [8.875, 4.125, 9, 5.375], "texture": "#3"},
				"west": {"uv": [8.875, 4.125, 9, 5.375], "texture": "#3"},
				"up": {"uv": [8.875, 4.125, 9, 4.25], "texture": "#3"},
				"down": {"uv": [8.875, 5.25, 9, 5.375], "texture": "#3"}
			}
		},
		{
			"name": "ta2_16",
			"from": [7.25, 7.75, 7.95],
			"to": [7.375, 8.75, 8.175],
			"rotation": {"angle": 0, "axis": "y", "origin": [0, -3, 8]},
			"faces": {
				"north": {"uv": [7.375, 4.25, 7.25, 5.25], "texture": "#3"},
				"east": {"uv": [7.25, 4.25, 7.375, 5.25], "texture": "#3"},
				"south": {"uv": [7.25, 4.25, 7.375, 5.25], "texture": "#3"},
				"up": {"uv": [7.25, 4.25, 7.375, 4.375], "texture": "#3"},
				"down": {"uv": [7.25, 5.125, 7.375, 5.25], "texture": "#3"}
			}
		},
		{
			"name": "ta2_17",
			"from": [8.75, 7.75, 7.95],
			"to": [8.875, 8.75, 8.175],
			"rotation": {"angle": 0, "axis": "y", "origin": [0, -3, 8]},
			"faces": {
				"north": {"uv": [8.875, 4.25, 8.75, 5.25], "texture": "#3"},
				"south": {"uv": [8.75, 4.25, 8.875, 5.25], "texture": "#3"},
				"west": {"uv": [8.75, 4.25, 8.875, 5.25], "texture": "#3"},
				"up": {"uv": [8.75, 4.25, 8.875, 4.375], "texture": "#3"},
				"down": {"uv": [8.75, 5.125, 8.875, 5.25], "texture": "#3"}
			}
		},
		{
			"name": "ta2_18",
			"from": [6.125, 7.375, 7.95],
			"to": [6.25, 8.625, 8.175],
			"rotation": {"angle": 0, "axis": "y", "origin": [0, -3, 8]},
			"faces": {
				"north": {"uv": [6.25, 4.375, 6.125, 5.625], "texture": "#3"},
				"south": {"uv": [6.125, 4.375, 6.25, 5.625], "texture": "#3"},
				"west": {"uv": [6.125, 4.375, 6.25, 5.625], "texture": "#3"},
				"up": {"uv": [6.125, 4.375, 6.25, 4.5], "texture": "#3"},
				"down": {"uv": [6.125, 5.5, 6.25, 5.625], "texture": "#3"}
			}
		},
		{
			"name": "ta2_19",
			"from": [7.375, 8.375, 7.95],
			"to": [7.625, 8.625, 8.175],
			"rotation": {"angle": 0, "axis": "y", "origin": [0, -3, 8]},
			"faces": {
				"north": {"uv": [7.625, 4.375, 7.375, 4.625], "texture": "#3"},
				"south": {"uv": [7.375, 4.375, 7.625, 4.625], "texture": "#3"},
				"up": {"uv": [7.375, 4.375, 7.625, 4.5], "texture": "#3"}
			}
		},
		{
			"name": "ta2_20",
			"from": [7.625, 8.5, 7.95],
			"to": [7.75, 8.625, 8.175],
			"rotation": {"angle": 0, "axis": "y", "origin": [0, -3, 8]},
			"faces": {
				"north": {"uv": [7.75, 4.375, 7.625, 4.5], "texture": "#3"},
				"south": {"uv": [7.625, 4.375, 7.75, 4.5], "texture": "#3"},
				"up": {"uv": [7.625, 4.375, 7.75, 4.5], "texture": "#3"}
			}
		},
		{
			"name": "ta2_21",
			"from": [8.375, 8.5, 7.95],
			"to": [8.75, 8.625, 8.175],
			"rotation": {"angle": 0, "axis": "y", "origin": [0, -3, 8]},
			"faces": {
				"north": {"uv": [8.75, 4.375, 8.375, 4.5], "texture": "#3"},
				"south": {"uv": [8.375, 4.375, 8.75, 4.5], "texture": "#3"},
				"up": {"uv": [8.375, 4.375, 8.75, 4.5], "texture": "#3"}
			}
		},
		{
			"name": "ta2_22",
			"from": [9.875, 7.375, 7.95],
			"to": [10, 8.625, 8.175],
			"rotation": {"angle": 0, "axis": "y", "origin": [0, -3, 8]},
			"faces": {
				"north": {"uv": [10, 4.375, 9.875, 5.625], "texture": "#3"},
				"east": {"uv": [9.875, 4.375, 10, 5.625], "texture": "#3"},
				"south": {"uv": [9.875, 4.375, 10, 5.625], "texture": "#3"},
				"up": {"uv": [9.875, 4.375, 10, 4.5], "texture": "#3"},
				"down": {"uv": [9.875, 5.5, 10, 5.625], "texture": "#3"}
			}
		},
		{
			"name": "ta2_23",
			"from": [7.875, 7.875, 7.8],
			"to": [8.25, 8.5, 8.325],
			"rotation": {"angle": 0, "axis": "y", "origin": [0, -3, 8]},
			"faces": {
				"north": {"uv": [8.25, 4.5, 7.875, 5.125], "texture": "#3"},
				"east": {"uv": [8.125, 4.5, 8.25, 5.125], "texture": "#3"},
				"south": {"uv": [7.875, 4.5, 8.25, 5.125], "texture": "#3"},
				"west": {"uv": [7.875, 4.5, 8, 5.125], "texture": "#3"},
				"up": {"uv": [7.875, 4.5, 8.25, 4.625], "texture": "#3"},
				"down": {"uv": [7.875, 5, 8.25, 5.125], "texture": "#3"}
			}
		},
		{
			"name": "ta2_24",
			"from": [8.5, 8.375, 7.95],
			"to": [8.75, 8.5, 8.175],
			"rotation": {"angle": 0, "axis": "y", "origin": [0, -3, 8]},
			"faces": {
				"north": {"uv": [8.75, 4.5, 8.5, 4.625], "texture": "#3"},
				"south": {"uv": [8.5, 4.5, 8.75, 4.625], "texture": "#3"}
			}
		},
		{
			"name": "ta2_25",
			"from": [7.375, 7.75, 7.95],
			"to": [7.5, 8.375, 8.175],
			"rotation": {"angle": 0, "axis": "y", "origin": [0, -3, 8]},
			"faces": {
				"north": {"uv": [7.5, 4.625, 7.375, 5.25], "texture": "#3"},
				"south": {"uv": [7.375, 4.625, 7.5, 5.25], "texture": "#3"},
				"down": {"uv": [7.375, 5.125, 7.5, 5.25], "texture": "#3"}
			}
		},
		{
			"name": "ta2_26",
			"from": [7.75, 8, 7.8],
			"to": [7.875, 8.375, 8.325],
			"rotation": {"angle": 0, "axis": "y", "origin": [0, -3, 8]},
			"faces": {
				"north": {"uv": [7.875, 4.625, 7.75, 5], "texture": "#3"},
				"south": {"uv": [7.75, 4.625, 7.875, 5], "texture": "#3"},
				"west": {"uv": [7.75, 4.625, 7.875, 5], "texture": "#3"},
				"up": {"uv": [7.75, 4.625, 7.875, 4.75], "texture": "#3"},
				"down": {"uv": [7.75, 4.875, 7.875, 5], "texture": "#3"}
			}
		},
		{
			"name": "ta2_27",
			"from": [8.25, 8, 7.8],
			"to": [8.375, 8.375, 8.325],
			"rotation": {"angle": 0, "axis": "y", "origin": [0, -3, 8]},
			"faces": {
				"north": {"uv": [8.375, 4.625, 8.25, 5], "texture": "#3"},
				"east": {"uv": [8.25, 4.625, 8.375, 5], "texture": "#3"},
				"south": {"uv": [8.25, 4.625, 8.375, 5], "texture": "#3"},
				"up": {"uv": [8.25, 4.625, 8.375, 4.75], "texture": "#3"},
				"down": {"uv": [8.25, 4.875, 8.375, 5], "texture": "#3"}
			}
		},
		{
			"name": "ta2_28",
			"from": [8.625, 7.75, 7.95],
			"to": [8.75, 8.375, 8.175],
			"rotation": {"angle": 0, "axis": "y", "origin": [0, -3, 8]},
			"faces": {
				"north": {"uv": [8.75, 4.625, 8.625, 5.25], "texture": "#3"},
				"south": {"uv": [8.625, 4.625, 8.75, 5.25], "texture": "#3"},
				"down": {"uv": [8.625, 5.125, 8.75, 5.25], "texture": "#3"}
			}
		},
		{
			"name": "ta2_29",
			"from": [7.5, 7.75, 7.95],
			"to": [7.625, 8, 8.175],
			"rotation": {"angle": 0, "axis": "y", "origin": [0, -3, 8]},
			"faces": {
				"north": {"uv": [7.625, 5, 7.5, 5.25], "texture": "#3"},
				"south": {"uv": [7.5, 5, 7.625, 5.25], "texture": "#3"},
				"down": {"uv": [7.5, 5.125, 7.625, 5.25], "texture": "#3"}
			}
		},
		{
			"name": "ta2_30",
			"from": [8.5, 7.75, 7.95],
			"to": [8.625, 8, 8.175],
			"rotation": {"angle": 0, "axis": "y", "origin": [0, -3, 8]},
			"faces": {
				"north": {"uv": [8.625, 5, 8.5, 5.25], "texture": "#3"},
				"south": {"uv": [8.5, 5, 8.625, 5.25], "texture": "#3"},
				"down": {"uv": [8.5, 5.125, 8.625, 5.25], "texture": "#3"}
			}
		},
		{
			"name": "ta2_31",
			"from": [7.625, 7.625, 7.95],
			"to": [7.75, 7.875, 8.175],
			"rotation": {"angle": 0, "axis": "y", "origin": [0, -3, 8]},
			"faces": {
				"north": {"uv": [7.75, 5.125, 7.625, 5.375], "texture": "#3"},
				"south": {"uv": [7.625, 5.125, 7.75, 5.375], "texture": "#3"},
				"west": {"uv": [7.625, 5.125, 7.75, 5.375], "texture": "#3"},
				"down": {"uv": [7.625, 5.25, 7.75, 5.375], "texture": "#3"}
			}
		},
		{
			"name": "ta2_32",
			"from": [8.375, 7.625, 7.95],
			"to": [8.5, 7.875, 8.175],
			"rotation": {"angle": 0, "axis": "y", "origin": [0, -3, 8]},
			"faces": {
				"north": {"uv": [8.5, 5.125, 8.375, 5.375], "texture": "#3"},
				"east": {"uv": [8.375, 5.125, 8.5, 5.375], "texture": "#3"},
				"south": {"uv": [8.375, 5.125, 8.5, 5.375], "texture": "#3"},
				"down": {"uv": [8.375, 5.25, 8.5, 5.375], "texture": "#3"}
			}
		},
		{
			"name": "ta2_33",
			"from": [7.75, 7.625, 7.95],
			"to": [7.875, 7.75, 8.175],
			"rotation": {"angle": 0, "axis": "y", "origin": [0, -3, 8]},
			"faces": {
				"north": {"uv": [7.875, 5.25, 7.75, 5.375], "texture": "#3"},
				"south": {"uv": [7.75, 5.25, 7.875, 5.375], "texture": "#3"}
			}
		},
		{
			"name": "ta2_34",
			"from": [8.25, 7.625, 7.95],
			"to": [8.375, 7.75, 8.175],
			"rotation": {"angle": 0, "axis": "y", "origin": [0, -3, 8]},
			"faces": {
				"north": {"uv": [8.375, 5.25, 8.25, 5.375], "texture": "#3"},
				"south": {"uv": [8.25, 5.25, 8.375, 5.375], "texture": "#3"}
			}
		},
		{
			"name": "ta2_35",
			"from": [7.625, 7.375, 7.7],
			"to": [8.5, 7.5, 8.425],
			"rotation": {"angle": 0, "axis": "y", "origin": [0, -3, 8]},
			"faces": {
				"north": {"uv": [8.5, 5.5, 7.625, 5.625], "texture": "#3"},
				"east": {"uv": [8.375, 5.5, 8.5, 5.625], "texture": "#3"},
				"south": {"uv": [7.625, 5.5, 8.5, 5.625], "texture": "#3"},
				"west": {"uv": [7.625, 5.5, 7.75, 5.625], "texture": "#3"},
				"up": {"uv": [7.625, 5.5, 8.5, 5.625], "texture": "#3"},
				"down": {"uv": [7.625, 5.5, 8.5, 5.625], "texture": "#3"}
			}
		},
		{
			"name": "ta2_36",
			"from": [6.625, 7.25, 7.95],
			"to": [6.75, 7.375, 8.175],
			"rotation": {"angle": 0, "axis": "y", "origin": [0, -3, 8]},
			"faces": {
				"north": {"uv": [6.75, 5.625, 6.625, 5.75], "texture": "#3"},
				"east": {"uv": [6.625, 5.625, 6.75, 5.75], "texture": "#3"},
				"south": {"uv": [6.625, 5.625, 6.75, 5.75], "texture": "#3"},
				"down": {"uv": [6.625, 5.625, 6.75, 5.75], "texture": "#3"}
			}
		},
		{
			"name": "ta2_37",
			"from": [9.375, 7.25, 7.95],
			"to": [9.5, 7.375, 8.175],
			"rotation": {"angle": 0, "axis": "y", "origin": [0, -3, 8]},
			"faces": {
				"north": {"uv": [9.5, 5.625, 9.375, 5.75], "texture": "#3"},
				"south": {"uv": [9.375, 5.625, 9.5, 5.75], "texture": "#3"},
				"west": {"uv": [9.375, 5.625, 9.5, 5.75], "texture": "#3"},
				"down": {"uv": [9.375, 5.625, 9.5, 5.75], "texture": "#3"}
			}
		},
		{
			"name": "ta2_38",
			"from": [7.875, 7.125, 7.9],
			"to": [8.25, 7.25, 8.225],
			"rotation": {"angle": 0, "axis": "y", "origin": [0, -3, 8]},
			"faces": {
				"north": {"uv": [8.25, 5.75, 7.875, 5.875], "texture": "#3"},
				"east": {"uv": [8.125, 5.75, 8.25, 5.875], "texture": "#3"},
				"south": {"uv": [7.875, 5.75, 8.25, 5.875], "texture": "#3"},
				"west": {"uv": [7.875, 5.75, 8, 5.875], "texture": "#3"}
			}
		},
		{
			"name": "ta2_39",
			"from": [7.75, 6.75, 7.8],
			"to": [8.375, 7, 8.325],
			"rotation": {"angle": 0, "axis": "y", "origin": [0, -3, 8]},
			"faces": {
				"north": {"uv": [8.375, 6, 7.75, 6.25], "texture": "#3"},
				"east": {"uv": [8.25, 6, 8.375, 6.25], "texture": "#3"},
				"south": {"uv": [7.75, 6, 8.375, 6.25], "texture": "#3"},
				"west": {"uv": [7.75, 6, 7.875, 6.25], "texture": "#3"},
				"up": {"uv": [7.75, 6, 8.375, 6.125], "texture": "#3"},
				"down": {"uv": [7.75, 6.125, 8.375, 6.25], "texture": "#3"}
			}
		},
		{
			"name": "ta2_40",
			"from": [6.625, 6.25, 7.95],
			"to": [6.75, 6.625, 8.175],
			"rotation": {"angle": 0, "axis": "y", "origin": [0, -3, 8]},
			"faces": {
				"north": {"uv": [6.75, 6.375, 6.625, 6.75], "texture": "#3"},
				"east": {"uv": [6.625, 6.375, 6.75, 6.75], "texture": "#3"},
				"south": {"uv": [6.625, 6.375, 6.75, 6.75], "texture": "#3"},
				"west": {"uv": [6.625, 6.375, 6.75, 6.75], "texture": "#3"},
				"up": {"uv": [6.625, 6.375, 6.75, 6.5], "texture": "#3"},
				"down": {"uv": [6.625, 6.625, 6.75, 6.75], "texture": "#3"}
			}
		},
		{
			"name": "ta2_41",
			"from": [9.375, 6.25, 7.95],
			"to": [9.5, 6.625, 8.175],
			"rotation": {"angle": 0, "axis": "y", "origin": [0, -3, 8]},
			"faces": {
				"north": {"uv": [9.5, 6.375, 9.375, 6.75], "texture": "#3"},
				"east": {"uv": [9.375, 6.375, 9.5, 6.75], "texture": "#3"},
				"south": {"uv": [9.375, 6.375, 9.5, 6.75], "texture": "#3"},
				"west": {"uv": [9.375, 6.375, 9.5, 6.75], "texture": "#3"},
				"up": {"uv": [9.375, 6.375, 9.5, 6.5], "texture": "#3"},
				"down": {"uv": [9.375, 6.625, 9.5, 6.75], "texture": "#3"}
			}
		},
		{
			"name": "ta2_42",
			"from": [7.75, 1.875, 7.8],
			"to": [8.375, 2.125, 8.325],
			"rotation": {"angle": 0, "axis": "y", "origin": [0, -3, 8]},
			"faces": {
				"north": {"uv": [8.375, 10.875, 7.75, 11.125], "texture": "#3"},
				"east": {"uv": [8.25, 10.875, 8.375, 11.125], "texture": "#3"},
				"south": {"uv": [7.75, 10.875, 8.375, 11.125], "texture": "#3"},
				"west": {"uv": [7.75, 10.875, 7.875, 11.125], "texture": "#3"},
				"up": {"uv": [7.75, 10.875, 8.375, 11], "texture": "#3"},
				"down": {"uv": [7.75, 11, 8.375, 11.125], "texture": "#3"}
			}
		},
		{
			"name": "ta2_43",
			"from": [7.75, 1.625, 7.8],
			"to": [8.375, 1.75, 8.325],
			"rotation": {"angle": 0, "axis": "y", "origin": [0, -3, 8]},
			"faces": {
				"north": {"uv": [8.375, 11.25, 7.75, 11.375], "texture": "#3"},
				"east": {"uv": [8.25, 11.25, 8.375, 11.375], "texture": "#3"},
				"south": {"uv": [7.75, 11.25, 8.375, 11.375], "texture": "#3"},
				"west": {"uv": [7.75, 11.25, 7.875, 11.375], "texture": "#3"},
				"up": {"uv": [7.75, 11.25, 8.375, 11.375], "texture": "#3"}
			}
		},
		{
			"name": "ta2_44",
			"from": [7.75, 1.375, 7.8],
			"to": [8.375, 1.5, 8.325],
			"rotation": {"angle": 0, "axis": "y", "origin": [0, -3, 8]},
			"faces": {
				"north": {"uv": [8.375, 11.5, 7.75, 11.625], "texture": "#3"},
				"east": {"uv": [8.25, 11.5, 8.375, 11.625], "texture": "#3"},
				"south": {"uv": [7.75, 11.5, 8.375, 11.625], "texture": "#3"},
				"west": {"uv": [7.75, 11.5, 7.875, 11.625], "texture": "#3"},
				"down": {"uv": [7.75, 11.5, 8.375, 11.625], "texture": "#3"}
			}
		},
		{
			"name": "ta2_45",
			"from": [8, 0.75, 8],
			"to": [8.125, 1, 8.125],
			"rotation": {"angle": 0, "axis": "y", "origin": [0, -3, 8]},
			"faces": {
				"north": {"uv": [8.125, 12, 8, 12.25], "texture": "#3"},
				"east": {"uv": [8, 12, 8.125, 12.25], "texture": "#3"},
				"south": {"uv": [8, 12, 8.125, 12.25], "texture": "#3"},
				"west": {"uv": [8, 12, 8.125, 12.25], "texture": "#3"},
				"down": {"uv": [8, 12.125, 8.125, 12.25], "texture": "#3"}
			}
		},
		{
			"name": "ta1_0",
			"from": [6.625, 9.75, 8],
			"to": [6.75, 10.125, 8.125],
			"rotation": {"angle": 0, "axis": "y", "origin": [0, -3, 8]},
			"faces": {
				"north": {"uv": [6.75, 2.875, 6.625, 3.25], "texture": "#3"},
				"east": {"uv": [6.625, 2.875, 6.75, 3.25], "texture": "#3"},
				"south": {"uv": [6.625, 2.875, 6.75, 3.25], "texture": "#3"},
				"west": {"uv": [6.625, 2.875, 6.75, 3.25], "texture": "#3"},
				"up": {"uv": [6.625, 2.875, 6.75, 3], "texture": "#3"}
			}
		},
		{
			"name": "ta1_1",
			"from": [9.375, 9.75, 8],
			"to": [9.5, 10.125, 8.125],
			"rotation": {"angle": 0, "axis": "y", "origin": [0, -3, 8]},
			"faces": {
				"north": {"uv": [9.5, 2.875, 9.375, 3.25], "texture": "#3"},
				"east": {"uv": [9.375, 2.875, 9.5, 3.25], "texture": "#3"},
				"south": {"uv": [9.375, 2.875, 9.5, 3.25], "texture": "#3"},
				"west": {"uv": [9.375, 2.875, 9.5, 3.25], "texture": "#3"},
				"up": {"uv": [9.375, 2.875, 9.5, 3], "texture": "#3"}
			}
		},
		{
			"name": "ta1_2",
			"from": [6.5, 9.625, 8],
			"to": [6.625, 10, 8.125],
			"rotation": {"angle": 0, "axis": "y", "origin": [0, -3, 8]},
			"faces": {
				"north": {"uv": [6.625, 3, 6.5, 3.375], "texture": "#3"},
				"south": {"uv": [6.5, 3, 6.625, 3.375], "texture": "#3"},
				"west": {"uv": [6.5, 3, 6.625, 3.375], "texture": "#3"},
				"up": {"uv": [6.5, 3, 6.625, 3.125], "texture": "#3"}
			}
		},
		{
			"name": "ta1_3",
			"from": [6.75, 9.75, 8],
			"to": [7, 10, 8.125],
			"rotation": {"angle": 0, "axis": "y", "origin": [0, -3, 8]},
			"faces": {
				"north": {"uv": [7, 3, 6.75, 3.25], "texture": "#3"},
				"east": {"uv": [6.875, 3, 7, 3.25], "texture": "#3"},
				"south": {"uv": [6.75, 3, 7, 3.25], "texture": "#3"},
				"up": {"uv": [6.75, 3, 7, 3.125], "texture": "#3"}
			}
		},
		{
			"name": "ta1_4",
			"from": [9.125, 9.75, 8],
			"to": [9.375, 10, 8.125],
			"rotation": {"angle": 0, "axis": "y", "origin": [0, -3, 8]},
			"faces": {
				"north": {"uv": [9.375, 3, 9.125, 3.25], "texture": "#3"},
				"south": {"uv": [9.125, 3, 9.375, 3.25], "texture": "#3"},
				"west": {"uv": [9.125, 3, 9.25, 3.25], "texture": "#3"},
				"up": {"uv": [9.125, 3, 9.375, 3.125], "texture": "#3"}
			}
		},
		{
			"name": "ta1_5",
			"from": [9.5, 9.625, 8],
			"to": [9.625, 10, 8.125],
			"rotation": {"angle": 0, "axis": "y", "origin": [0, -3, 8]},
			"faces": {
				"north": {"uv": [9.625, 3, 9.5, 3.375], "texture": "#3"},
				"east": {"uv": [9.5, 3, 9.625, 3.375], "texture": "#3"},
				"south": {"uv": [9.5, 3, 9.625, 3.375], "texture": "#3"},
				"up": {"uv": [9.5, 3, 9.625, 3.125], "texture": "#3"}
			}
		},
		{
			"name": "ta1_6",
			"from": [6.375, 9.375, 8],
			"to": [6.5, 9.875, 8.125],
			"rotation": {"angle": 0, "axis": "y", "origin": [0, -3, 8]},
			"faces": {
				"north": {"uv": [6.5, 3.125, 6.375, 3.625], "texture": "#3"},
				"south": {"uv": [6.375, 3.125, 6.5, 3.625], "texture": "#3"},
				"west": {"uv": [6.375, 3.125, 6.5, 3.625], "texture": "#3"},
				"up": {"uv": [6.375, 3.125, 6.5, 3.25], "texture": "#3"}
			}
		},
		{
			"name": "ta1_7",
			"from": [7, 9.5, 8],
			"to": [7.125, 9.875, 8.125],
			"rotation": {"angle": 0, "axis": "y", "origin": [0, -3, 8]},
			"faces": {
				"north": {"uv": [7.125, 3.125, 7, 3.5], "texture": "#3"},
				"east": {"uv": [7, 3.125, 7.125, 3.5], "texture": "#3"},
				"south": {"uv": [7, 3.125, 7.125, 3.5], "texture": "#3"},
				"up": {"uv": [7, 3.125, 7.125, 3.25], "texture": "#3"}
			}
		},
		{
			"name": "ta1_8",
			"from": [9, 9.5, 8],
			"to": [9.125, 9.875, 8.125],
			"rotation": {"angle": 0, "axis": "y", "origin": [0, -3, 8]},
			"faces": {
				"north": {"uv": [9.125, 3.125, 9, 3.5], "texture": "#3"},
				"south": {"uv": [9, 3.125, 9.125, 3.5], "texture": "#3"},
				"west": {"uv": [9, 3.125, 9.125, 3.5], "texture": "#3"},
				"up": {"uv": [9, 3.125, 9.125, 3.25], "texture": "#3"}
			}
		},
		{
			"name": "ta1_9",
			"from": [9.625, 9.375, 8],
			"to": [9.75, 9.875, 8.125],
			"rotation": {"angle": 0, "axis": "y", "origin": [0, -3, 8]},
			"faces": {
				"north": {"uv": [9.75, 3.125, 9.625, 3.625], "texture": "#3"},
				"east": {"uv": [9.625, 3.125, 9.75, 3.625], "texture": "#3"},
				"south": {"uv": [9.625, 3.125, 9.75, 3.625], "texture": "#3"},
				"up": {"uv": [9.625, 3.125, 9.75, 3.25], "texture": "#3"}
			}
		},
		{
			"name": "ta1_10",
			"from": [6.25, 9.125, 8],
			"to": [6.375, 9.75, 8.125],
			"rotation": {"angle": 0, "axis": "y", "origin": [0, -3, 8]},
			"faces": {
				"north": {"uv": [6.375, 3.25, 6.25, 3.875], "texture": "#3"},
				"south": {"uv": [6.25, 3.25, 6.375, 3.875], "texture": "#3"},
				"west": {"uv": [6.25, 3.25, 6.375, 3.875], "texture": "#3"},
				"up": {"uv": [6.25, 3.25, 6.375, 3.375], "texture": "#3"}
			}
		},
		{
			"name": "ta1_11",
			"from": [6.875, 9.625, 8],
			"to": [7, 9.75, 8.125],
			"rotation": {"angle": 0, "axis": "y", "origin": [0, -3, 8]},
			"faces": {
				"north": {"uv": [7, 3.25, 6.875, 3.375], "texture": "#3"},
				"south": {"uv": [6.875, 3.25, 7, 3.375], "texture": "#3"}
			}
		},
		{
			"name": "ta1_12",
			"from": [7.125, 9.5, 8],
			"to": [7.25, 9.75, 8.125],
			"rotation": {"angle": 0, "axis": "y", "origin": [0, -3, 8]},
			"faces": {
				"north": {"uv": [7.25, 3.25, 7.125, 3.5], "texture": "#3"},
				"east": {"uv": [7.125, 3.25, 7.25, 3.5], "texture": "#3"},
				"south": {"uv": [7.125, 3.25, 7.25, 3.5], "texture": "#3"},
				"up": {"uv": [7.125, 3.25, 7.25, 3.375], "texture": "#3"},
				"down": {"uv": [7.125, 3.375, 7.25, 3.5], "texture": "#3"}
			}
		},
		{
			"name": "ta1_13",
			"from": [8.875, 9.5, 8],
			"to": [9, 9.75, 8.125],
			"rotation": {"angle": 0, "axis": "y", "origin": [0, -3, 8]},
			"faces": {
				"north": {"uv": [9, 3.25, 8.875, 3.5], "texture": "#3"},
				"south": {"uv": [8.875, 3.25, 9, 3.5], "texture": "#3"},
				"west": {"uv": [8.875, 3.25, 9, 3.5], "texture": "#3"},
				"up": {"uv": [8.875, 3.25, 9, 3.375], "texture": "#3"},
				"down": {"uv": [8.875, 3.375, 9, 3.5], "texture": "#3"}
			}
		},
		{
			"name": "ta1_14",
			"from": [9.125, 9.625, 8],
			"to": [9.25, 9.75, 8.125],
			"rotation": {"angle": 0, "axis": "y", "origin": [0, -3, 8]},
			"faces": {
				"north": {"uv": [9.25, 3.25, 9.125, 3.375], "texture": "#3"},
				"south": {"uv": [9.125, 3.25, 9.25, 3.375], "texture": "#3"}
			}
		},
		{
			"name": "ta1_15",
			"from": [9.75, 9.125, 8],
			"to": [9.875, 9.75, 8.125],
			"rotation": {"angle": 0, "axis": "y", "origin": [0, -3, 8]},
			"faces": {
				"north": {"uv": [9.875, 3.25, 9.75, 3.875], "texture": "#3"},
				"east": {"uv": [9.75, 3.25, 9.875, 3.875], "texture": "#3"},
				"south": {"uv": [9.75, 3.25, 9.875, 3.875], "texture": "#3"},
				"up": {"uv": [9.75, 3.25, 9.875, 3.375], "texture": "#3"}
			}
		},
		{
			"name": "ta1_16",
			"from": [7.25, 9.5, 8],
			"to": [7.375, 9.625, 8.125],
			"rotation": {"angle": 0, "axis": "y", "origin": [0, -3, 8]},
			"faces": {
				"north": {"uv": [7.375, 3.375, 7.25, 3.5], "texture": "#3"},
				"east": {"uv": [7.25, 3.375, 7.375, 3.5], "texture": "#3"},
				"south": {"uv": [7.25, 3.375, 7.375, 3.5], "texture": "#3"},
				"up": {"uv": [7.25, 3.375, 7.375, 3.5], "texture": "#3"},
				"down": {"uv": [7.25, 3.375, 7.375, 3.5], "texture": "#3"}
			}
		},
		{
			"name": "ta1_17",
			"from": [8.75, 9.5, 8],
			"to": [8.875, 9.625, 8.125],
			"rotation": {"angle": 0, "axis": "y", "origin": [0, -3, 8]},
			"faces": {
				"north": {"uv": [8.875, 3.375, 8.75, 3.5], "texture": "#3"},
				"south": {"uv": [8.75, 3.375, 8.875, 3.5], "texture": "#3"},
				"west": {"uv": [8.75, 3.375, 8.875, 3.5], "texture": "#3"},
				"up": {"uv": [8.75, 3.375, 8.875, 3.5], "texture": "#3"},
				"down": {"uv": [8.75, 3.375, 8.875, 3.5], "texture": "#3"}
			}
		},
		{
			"name": "ta1_18",
			"from": [6.125, 8.625, 8],
			"to": [6.25, 9.5, 8.125],
			"rotation": {"angle": 0, "axis": "y", "origin": [0, -3, 8]},
			"faces": {
				"north": {"uv": [6.25, 3.5, 6.125, 4.375], "texture": "#3"},
				"south": {"uv": [6.125, 3.5, 6.25, 4.375], "texture": "#3"},
				"west": {"uv": [6.125, 3.5, 6.25, 4.375], "texture": "#3"},
				"up": {"uv": [6.125, 3.5, 6.25, 3.625], "texture": "#3"}
			}
		},
		{
			"name": "ta1_19",
			"from": [9.875, 8.625, 8],
			"to": [10, 9.5, 8.125],
			"rotation": {"angle": 0, "axis": "y", "origin": [0, -3, 8]},
			"faces": {
				"north": {"uv": [10, 3.5, 9.875, 4.375], "texture": "#3"},
				"east": {"uv": [9.875, 3.5, 10, 4.375], "texture": "#3"},
				"south": {"uv": [9.875, 3.5, 10, 4.375], "texture": "#3"},
				"up": {"uv": [9.875, 3.5, 10, 3.625], "texture": "#3"}
			}
		},
		{
			"name": "ta1_20",
			"from": [6, 6.75, 8],
			"to": [6.125, 9.125, 8.125],
			"rotation": {"angle": 0, "axis": "y", "origin": [0, -3, 8]},
			"faces": {
				"north": {"uv": [6.125, 3.875, 6, 6.25], "texture": "#3"},
				"south": {"uv": [6, 3.875, 6.125, 6.25], "texture": "#3"},
				"west": {"uv": [6, 3.875, 6.125, 6.25], "texture": "#3"},
				"up": {"uv": [6, 3.875, 6.125, 4], "texture": "#3"},
				"down": {"uv": [6, 6.125, 6.125, 6.25], "texture": "#3"}
			}
		},
		{
			"name": "ta1_21",
			"from": [10, 6.75, 8],
			"to": [10.125, 9.125, 8.125],
			"rotation": {"angle": 0, "axis": "y", "origin": [0, -3, 8]},
			"faces": {
				"north": {"uv": [10.125, 3.875, 10, 6.25], "texture": "#3"},
				"east": {"uv": [10, 3.875, 10.125, 6.25], "texture": "#3"},
				"south": {"uv": [10, 3.875, 10.125, 6.25], "texture": "#3"},
				"up": {"uv": [10, 3.875, 10.125, 4], "texture": "#3"},
				"down": {"uv": [10, 6.125, 10.125, 6.25], "texture": "#3"}
			}
		},
		{
			"name": "ta1_22",
			"from": [7.875, 8.5, 7.85],
			"to": [8.25, 8.75, 8.275],
			"rotation": {"angle": 0, "axis": "y", "origin": [0, -3, 8]},
			"faces": {
				"north": {"uv": [8.25, 4.25, 7.875, 4.5], "texture": "#3"},
				"east": {"uv": [8.125, 4.25, 8.25, 4.5], "texture": "#3"},
				"south": {"uv": [7.875, 4.25, 8.25, 4.5], "texture": "#3"},
				"west": {"uv": [7.875, 4.25, 8, 4.5], "texture": "#3"},
				"up": {"uv": [7.875, 4.25, 8.25, 4.375], "texture": "#3"}
			}
		},
		{
			"name": "ta1_23",
			"from": [5.875, 7.375, 8],
			"to": [6, 8.625, 8.125],
			"rotation": {"angle": 0, "axis": "y", "origin": [0, -3, 8]},
			"faces": {
				"north": {"uv": [6, 4.375, 5.875, 5.625], "texture": "#3"},
				"south": {"uv": [5.875, 4.375, 6, 5.625], "texture": "#3"},
				"west": {"uv": [5.875, 4.375, 6, 5.625], "texture": "#3"},
				"up": {"uv": [5.875, 4.375, 6, 4.5], "texture": "#3"},
				"down": {"uv": [5.875, 5.5, 6, 5.625], "texture": "#3"}
			}
		},
		{
			"name": "ta1_24",
			"from": [7.75, 8.375, 7.85],
			"to": [7.875, 8.625, 8.275],
			"rotation": {"angle": 0, "axis": "y", "origin": [0, -3, 8]},
			"faces": {
				"north": {"uv": [7.875, 4.375, 7.75, 4.625], "texture": "#3"},
				"south": {"uv": [7.75, 4.375, 7.875, 4.625], "texture": "#3"},
				"west": {"uv": [7.75, 4.375, 7.875, 4.625], "texture": "#3"},
				"up": {"uv": [7.75, 4.375, 7.875, 4.5], "texture": "#3"}
			}
		},
		{
			"name": "ta1_25",
			"from": [8.25, 8.375, 7.85],
			"to": [8.375, 8.625, 8.275],
			"rotation": {"angle": 0, "axis": "y", "origin": [0, -3, 8]},
			"faces": {
				"north": {"uv": [8.375, 4.375, 8.25, 4.625], "texture": "#3"},
				"east": {"uv": [8.25, 4.375, 8.375, 4.625], "texture": "#3"},
				"south": {"uv": [8.25, 4.375, 8.375, 4.625], "texture": "#3"},
				"up": {"uv": [8.25, 4.375, 8.375, 4.5], "texture": "#3"}
			}
		},
		{
			"name": "ta1_26",
			"from": [10.125, 7.375, 8],
			"to": [10.25, 8.625, 8.125],
			"rotation": {"angle": 0, "axis": "y", "origin": [0, -3, 8]},
			"faces": {
				"north": {"uv": [10.25, 4.375, 10.125, 5.625], "texture": "#3"},
				"east": {"uv": [10.125, 4.375, 10.25, 5.625], "texture": "#3"},
				"south": {"uv": [10.125, 4.375, 10.25, 5.625], "texture": "#3"},
				"up": {"uv": [10.125, 4.375, 10.25, 4.5], "texture": "#3"},
				"down": {"uv": [10.125, 5.5, 10.25, 5.625], "texture": "#3"}
			}
		},
		{
			"name": "ta1_27",
			"from": [7.625, 7.875, 7.85],
			"to": [7.75, 8.5, 8.275],
			"rotation": {"angle": 0, "axis": "y", "origin": [0, -3, 8]},
			"faces": {
				"north": {"uv": [7.75, 4.5, 7.625, 5.125], "texture": "#3"},
				"south": {"uv": [7.625, 4.5, 7.75, 5.125], "texture": "#3"},
				"west": {"uv": [7.625, 4.5, 7.75, 5.125], "texture": "#3"},
				"up": {"uv": [7.625, 4.5, 7.75, 4.625], "texture": "#3"},
				"down": {"uv": [7.625, 5, 7.75, 5.125], "texture": "#3"}
			}
		},
		{
			"name": "ta1_28",
			"from": [8.375, 7.875, 7.85],
			"to": [8.5, 8.5, 8.275],
			"rotation": {"angle": 0, "axis": "y", "origin": [0, -3, 8]},
			"faces": {
				"north": {"uv": [8.5, 4.5, 8.375, 5.125], "texture": "#3"},
				"east": {"uv": [8.375, 4.5, 8.5, 5.125], "texture": "#3"},
				"south": {"uv": [8.375, 4.5, 8.5, 5.125], "texture": "#3"},
				"up": {"uv": [8.375, 4.5, 8.5, 4.625], "texture": "#3"},
				"down": {"uv": [8.375, 5, 8.5, 5.125], "texture": "#3"}
			}
		},
		{
			"name": "ta1_29",
			"from": [7.5, 8, 7.85],
			"to": [7.625, 8.375, 8.275],
			"rotation": {"angle": 0, "axis": "y", "origin": [0, -3, 8]},
			"faces": {
				"north": {"uv": [7.625, 4.625, 7.5, 5], "texture": "#3"},
				"south": {"uv": [7.5, 4.625, 7.625, 5], "texture": "#3"},
				"west": {"uv": [7.5, 4.625, 7.625, 5], "texture": "#3"},
				"up": {"uv": [7.5, 4.625, 7.625, 4.75], "texture": "#3"},
				"down": {"uv": [7.5, 4.875, 7.625, 5], "texture": "#3"}
			}
		},
		{
			"name": "ta1_30",
			"from": [8.5, 8, 7.85],
			"to": [8.625, 8.375, 8.275],
			"rotation": {"angle": 0, "axis": "y", "origin": [0, -3, 8]},
			"faces": {
				"north": {"uv": [8.625, 4.625, 8.5, 5], "texture": "#3"},
				"east": {"uv": [8.5, 4.625, 8.625, 5], "texture": "#3"},
				"south": {"uv": [8.5, 4.625, 8.625, 5], "texture": "#3"},
				"up": {"uv": [8.5, 4.625, 8.625, 4.75], "texture": "#3"},
				"down": {"uv": [8.5, 4.875, 8.625, 5], "texture": "#3"}
			}
		},
		{
			"name": "ta1_31",
			"from": [7.75, 7.75, 7.85],
			"to": [7.875, 8, 8.275],
			"rotation": {"angle": 0, "axis": "y", "origin": [0, -3, 8]},
			"faces": {
				"north": {"uv": [7.875, 5, 7.75, 5.25], "texture": "#3"},
				"south": {"uv": [7.75, 5, 7.875, 5.25], "texture": "#3"},
				"west": {"uv": [7.75, 5, 7.875, 5.25], "texture": "#3"},
				"down": {"uv": [7.75, 5.125, 7.875, 5.25], "texture": "#3"}
			}
		},
		{
			"name": "ta1_32",
			"from": [8.25, 7.75, 7.85],
			"to": [8.375, 8, 8.275],
			"rotation": {"angle": 0, "axis": "y", "origin": [0, -3, 8]},
			"faces": {
				"north": {"uv": [8.375, 5, 8.25, 5.25], "texture": "#3"},
				"east": {"uv": [8.25, 5, 8.375, 5.25], "texture": "#3"},
				"south": {"uv": [8.25, 5, 8.375, 5.25], "texture": "#3"},
				"down": {"uv": [8.25, 5.125, 8.375, 5.25], "texture": "#3"}
			}
		},
		{
			"name": "ta1_33",
			"from": [7.875, 7.625, 7.85],
			"to": [8.25, 7.875, 8.275],
			"rotation": {"angle": 0, "axis": "y", "origin": [0, -3, 8]},
			"faces": {
				"north": {"uv": [8.25, 5.125, 7.875, 5.375], "texture": "#3"},
				"east": {"uv": [8.125, 5.125, 8.25, 5.375], "texture": "#3"},
				"south": {"uv": [7.875, 5.125, 8.25, 5.375], "texture": "#3"},
				"west": {"uv": [7.875, 5.125, 8, 5.375], "texture": "#3"}
			}
		},
		{
			"name": "ta1_34",
			"from": [6.125, 6.375, 8],
			"to": [6.25, 7.375, 8.125],
			"rotation": {"angle": 0, "axis": "y", "origin": [0, -3, 8]},
			"faces": {
				"north": {"uv": [6.25, 5.625, 6.125, 6.625], "texture": "#3"},
				"south": {"uv": [6.125, 5.625, 6.25, 6.625], "texture": "#3"},
				"west": {"uv": [6.125, 5.625, 6.25, 6.625], "texture": "#3"},
				"down": {"uv": [6.125, 6.5, 6.25, 6.625], "texture": "#3"}
			}
		},
		{
			"name": "ta1_35",
			"from": [7.75, 7.25, 7.8],
			"to": [8.375, 7.375, 8.325],
			"rotation": {"angle": 0, "axis": "y", "origin": [0, -3, 8]},
			"faces": {
				"north": {"uv": [8.375, 5.625, 7.75, 5.75], "texture": "#3"},
				"east": {"uv": [8.25, 5.625, 8.375, 5.75], "texture": "#3"},
				"south": {"uv": [7.75, 5.625, 8.375, 5.75], "texture": "#3"},
				"west": {"uv": [7.75, 5.625, 7.875, 5.75], "texture": "#3"},
				"down": {"uv": [7.75, 5.625, 8.375, 5.75], "texture": "#3"}
			}
		},
		{
			"name": "ta1_36",
			"from": [9.875, 6.375, 8],
			"to": [10, 7.375, 8.125],
			"rotation": {"angle": 0, "axis": "y", "origin": [0, -3, 8]},
			"faces": {
				"north": {"uv": [10, 5.625, 9.875, 6.625], "texture": "#3"},
				"east": {"uv": [9.875, 5.625, 10, 6.625], "texture": "#3"},
				"south": {"uv": [9.875, 5.625, 10, 6.625], "texture": "#3"},
				"down": {"uv": [9.875, 6.5, 10, 6.625], "texture": "#3"}
			}
		},
		{
			"name": "ta1_37",
			"from": [7.875, 7, 7.9],
			"to": [8.25, 7.125, 8.225],
			"rotation": {"angle": 0, "axis": "y", "origin": [0, -3, 8]},
			"faces": {
				"north": {"uv": [8.25, 5.875, 7.875, 6], "texture": "#3"},
				"east": {"uv": [8.125, 5.875, 8.25, 6], "texture": "#3"},
				"south": {"uv": [7.875, 5.875, 8.25, 6], "texture": "#3"},
				"west": {"uv": [7.875, 5.875, 8, 6], "texture": "#3"}
			}
		},
		{
			"name": "ta1_38",
			"from": [6.25, 6.25, 8],
			"to": [6.375, 6.75, 8.125],
			"rotation": {"angle": 0, "axis": "y", "origin": [0, -3, 8]},
			"faces": {
				"north": {"uv": [6.375, 6.25, 6.25, 6.75], "texture": "#3"},
				"south": {"uv": [6.25, 6.25, 6.375, 6.75], "texture": "#3"},
				"west": {"uv": [6.25, 6.25, 6.375, 6.75], "texture": "#3"},
				"down": {"uv": [6.25, 6.625, 6.375, 6.75], "texture": "#3"}
			}
		},
		{
			"name": "ta1_39",
			"from": [7.875, 2.125, 7.9],
			"to": [8.25, 6.75, 8.225],
			"rotation": {"angle": 0, "axis": "y", "origin": [0, -3, 8]},
			"faces": {
				"north": {"uv": [8.25, 6.25, 7.875, 10.875], "texture": "#3"},
				"east": {"uv": [8.125, 6.25, 8.25, 10.875], "texture": "#3"},
				"south": {"uv": [7.875, 6.25, 8.25, 10.875], "texture": "#3"},
				"west": {"uv": [7.875, 6.25, 8, 10.875], "texture": "#3"}
			}
		},
		{
			"name": "ta1_40",
			"from": [9.75, 6.25, 8],
			"to": [9.875, 6.75, 8.125],
			"rotation": {"angle": 0, "axis": "y", "origin": [0, -3, 8]},
			"faces": {
				"north": {"uv": [9.875, 6.25, 9.75, 6.75], "texture": "#3"},
				"east": {"uv": [9.75, 6.25, 9.875, 6.75], "texture": "#3"},
				"south": {"uv": [9.75, 6.25, 9.875, 6.75], "texture": "#3"},
				"down": {"uv": [9.75, 6.625, 9.875, 6.75], "texture": "#3"}
			}
		},
		{
			"name": "ta1_41",
			"from": [6.375, 6.125, 8],
			"to": [6.5, 6.5, 8.125],
			"rotation": {"angle": 0, "axis": "y", "origin": [0, -3, 8]},
			"faces": {
				"north": {"uv": [6.5, 6.5, 6.375, 6.875], "texture": "#3"},
				"south": {"uv": [6.375, 6.5, 6.5, 6.875], "texture": "#3"},
				"west": {"uv": [6.375, 6.5, 6.5, 6.875], "texture": "#3"},
				"down": {"uv": [6.375, 6.75, 6.5, 6.875], "texture": "#3"}
			}
		},
		{
			"name": "ta1_42",
			"from": [9.625, 6.125, 8],
			"to": [9.75, 6.5, 8.125],
			"rotation": {"angle": 0, "axis": "y", "origin": [0, -3, 8]},
			"faces": {
				"north": {"uv": [9.75, 6.5, 9.625, 6.875], "texture": "#3"},
				"east": {"uv": [9.625, 6.5, 9.75, 6.875], "texture": "#3"},
				"south": {"uv": [9.625, 6.5, 9.75, 6.875], "texture": "#3"},
				"down": {"uv": [9.625, 6.75, 9.75, 6.875], "texture": "#3"}
			}
		},
		{
			"name": "ta1_43",
			"from": [6.5, 6, 8],
			"to": [6.625, 6.375, 8.125],
			"rotation": {"angle": 0, "axis": "y", "origin": [0, -3, 8]},
			"faces": {
				"north": {"uv": [6.625, 6.625, 6.5, 7], "texture": "#3"},
				"south": {"uv": [6.5, 6.625, 6.625, 7], "texture": "#3"},
				"west": {"uv": [6.5, 6.625, 6.625, 7], "texture": "#3"},
				"down": {"uv": [6.5, 6.875, 6.625, 7], "texture": "#3"}
			}
		},
		{
			"name": "ta1_44",
			"from": [9.5, 6, 8],
			"to": [9.625, 6.375, 8.125],
			"rotation": {"angle": 0, "axis": "y", "origin": [0, -3, 8]},
			"faces": {
				"north": {"uv": [9.625, 6.625, 9.5, 7], "texture": "#3"},
				"east": {"uv": [9.5, 6.625, 9.625, 7], "texture": "#3"},
				"south": {"uv": [9.5, 6.625, 9.625, 7], "texture": "#3"},
				"down": {"uv": [9.5, 6.875, 9.625, 7], "texture": "#3"}
			}
		},
		{
			"name": "ta1_45",
			"from": [6.625, 5.875, 8],
			"to": [6.75, 6.25, 8.125],
			"rotation": {"angle": 0, "axis": "y", "origin": [0, -3, 8]},
			"faces": {
				"north": {"uv": [6.75, 6.75, 6.625, 7.125], "texture": "#3"},
				"east": {"uv": [6.625, 6.75, 6.75, 7.125], "texture": "#3"},
				"south": {"uv": [6.625, 6.75, 6.75, 7.125], "texture": "#3"},
				"west": {"uv": [6.625, 6.75, 6.75, 7.125], "texture": "#3"},
				"down": {"uv": [6.625, 7, 6.75, 7.125], "texture": "#3"}
			}
		},
		{
			"name": "ta1_46",
			"from": [9.375, 5.875, 8],
			"to": [9.5, 6.25, 8.125],
			"rotation": {"angle": 0, "axis": "y", "origin": [0, -3, 8]},
			"faces": {
				"north": {"uv": [9.5, 6.75, 9.375, 7.125], "texture": "#3"},
				"east": {"uv": [9.375, 6.75, 9.5, 7.125], "texture": "#3"},
				"south": {"uv": [9.375, 6.75, 9.5, 7.125], "texture": "#3"},
				"west": {"uv": [9.375, 6.75, 9.5, 7.125], "texture": "#3"},
				"down": {"uv": [9.375, 7, 9.5, 7.125], "texture": "#3"}
			}
		},
		{
			"name": "ta1_47",
			"from": [6.75, 5.75, 8],
			"to": [6.875, 6.125, 8.125],
			"rotation": {"angle": 0, "axis": "y", "origin": [0, -3, 8]},
			"faces": {
				"north": {"uv": [6.875, 6.875, 6.75, 7.25], "texture": "#3"},
				"east": {"uv": [6.75, 6.875, 6.875, 7.25], "texture": "#3"},
				"south": {"uv": [6.75, 6.875, 6.875, 7.25], "texture": "#3"},
				"west": {"uv": [6.75, 6.875, 6.875, 7.25], "texture": "#3"},
				"up": {"uv": [6.75, 6.875, 6.875, 7], "texture": "#3"},
				"down": {"uv": [6.75, 7.125, 6.875, 7.25], "texture": "#3"}
			}
		},
		{
			"name": "ta1_48",
			"from": [9.25, 5.75, 8],
			"to": [9.375, 6.125, 8.125],
			"rotation": {"angle": 0, "axis": "y", "origin": [0, -3, 8]},
			"faces": {
				"north": {"uv": [9.375, 6.875, 9.25, 7.25], "texture": "#3"},
				"east": {"uv": [9.25, 6.875, 9.375, 7.25], "texture": "#3"},
				"south": {"uv": [9.25, 6.875, 9.375, 7.25], "texture": "#3"},
				"west": {"uv": [9.25, 6.875, 9.375, 7.25], "texture": "#3"},
				"up": {"uv": [9.25, 6.875, 9.375, 7], "texture": "#3"},
				"down": {"uv": [9.25, 7.125, 9.375, 7.25], "texture": "#3"}
			}
		},
		{
			"name": "ta1_49",
			"from": [6.875, 5.75, 8],
			"to": [7, 5.875, 8.125],
			"rotation": {"angle": 0, "axis": "y", "origin": [0, -3, 8]},
			"faces": {
				"north": {"uv": [7, 7.125, 6.875, 7.25], "texture": "#3"},
				"east": {"uv": [6.875, 7.125, 7, 7.25], "texture": "#3"},
				"south": {"uv": [6.875, 7.125, 7, 7.25], "texture": "#3"},
				"up": {"uv": [6.875, 7.125, 7, 7.25], "texture": "#3"},
				"down": {"uv": [6.875, 7.125, 7, 7.25], "texture": "#3"}
			}
		},
		{
			"name": "ta1_50",
			"from": [9.125, 5.75, 8],
			"to": [9.25, 5.875, 8.125],
			"rotation": {"angle": 0, "axis": "y", "origin": [0, -3, 8]},
			"faces": {
				"north": {"uv": [9.25, 7.125, 9.125, 7.25], "texture": "#3"},
				"south": {"uv": [9.125, 7.125, 9.25, 7.25], "texture": "#3"},
				"west": {"uv": [9.125, 7.125, 9.25, 7.25], "texture": "#3"},
				"up": {"uv": [9.125, 7.125, 9.25, 7.25], "texture": "#3"},
				"down": {"uv": [9.125, 7.125, 9.25, 7.25], "texture": "#3"}
			}
		},
		{
			"name": "ta1_51",
			"from": [7.875, 1.75, 7.9],
			"to": [8.25, 1.875, 8.225],
			"rotation": {"angle": 0, "axis": "y", "origin": [0, -3, 8]},
			"faces": {
				"north": {"uv": [8.25, 11.125, 7.875, 11.25], "texture": "#3"},
				"east": {"uv": [8.125, 11.125, 8.25, 11.25], "texture": "#3"},
				"south": {"uv": [7.875, 11.125, 8.25, 11.25], "texture": "#3"},
				"west": {"uv": [7.875, 11.125, 8, 11.25], "texture": "#3"}
			}
		},
		{
			"name": "ta1_52",
			"from": [7.625, 1.5, 7.7],
			"to": [8.5, 1.625, 8.425],
			"rotation": {"angle": 0, "axis": "y", "origin": [0, -3, 8]},
			"faces": {
				"north": {"uv": [8.5, 11.375, 7.625, 11.5], "texture": "#3"},
				"east": {"uv": [8.375, 11.375, 8.5, 11.5], "texture": "#3"},
				"south": {"uv": [7.625, 11.375, 8.5, 11.5], "texture": "#3"},
				"west": {"uv": [7.625, 11.375, 7.75, 11.5], "texture": "#3"},
				"up": {"uv": [7.625, 11.375, 8.5, 11.5], "texture": "#3"},
				"down": {"uv": [7.625, 11.375, 8.5, 11.5], "texture": "#3"}
			}
		},
		{
			"name": "ta1_53",
			"from": [7.875, 1, 7.9],
			"to": [8.25, 1.375, 8.225],
			"rotation": {"angle": 0, "axis": "y", "origin": [0, -3, 8]},
			"faces": {
				"north": {"uv": [8.25, 11.625, 7.875, 12], "texture": "#3"},
				"east": {"uv": [8.125, 11.625, 8.25, 12], "texture": "#3"},
				"south": {"uv": [7.875, 11.625, 8.25, 12], "texture": "#3"},
				"west": {"uv": [7.875, 11.625, 8, 12], "texture": "#3"},
				"down": {"uv": [7.875, 11.875, 8.25, 12], "texture": "#3"}
			}
		},
		{
			"name": "ta3_0",
			"from": [7.75, 7.5, 7.8],
			"to": [8.375, 7.625, 8.325],
			"rotation": {"angle": 0, "axis": "y", "origin": [0, -3, 8]},
			"faces": {
				"north": {"uv": [8.375, 5.375, 7.75, 5.5], "texture": "#3"},
				"east": {"uv": [8.25, 5.375, 8.375, 5.5], "texture": "#3"},
				"south": {"uv": [7.75, 5.375, 8.375, 5.5], "texture": "#3"},
				"west": {"uv": [7.75, 5.375, 7.875, 5.5], "texture": "#3"},
				"up": {"uv": [7.75, 5.375, 8.375, 5.5], "texture": "#3"}
			}
		}
	],
	"gui_light": "front",
	"display": {
		"thirdperson_righthand": {
			"rotation": [0, -90, 0],
			"translation": [0, 8, 1],
			"scale": [2.8, 2.8, 2.8]
		},
		"thirdperson_lefthand": {
			"rotation": [0, 90, 0],
			"translation": [0, 8, 1],
			"scale": [2.8, 2.8, 2.8]
		},
		"firstperson_righthand": {
			"rotation": [8, -82, 0],
			"translation": [0, 9.75, 1.5],
			"scale": [1.9, 1.9, 1.9]
		},
		"firstperson_lefthand": {
			"rotation": [8, 94, 0],
			"translation": [0, 9.75, 1.5],
			"scale": [1.9, 1.9, 1.9]
		},
		"ground": {
			"translation": [0, 7, 0.5],
			"scale": [2, 2, 2]
		},
		"gui": {
			"rotation": [0, 0, -44],
			"translation": [2.75, 3.25, 0],
			"scale": [2.2, 2.2, 1.8]
		},
		"head": {
			"rotation": [0, 0, 144],
			"translation": [-5.5, -24.25, 3.75],
			"scale": [4, 4, 4]
		},
		"fixed": {
			"rotation": [0, 179, -45],
			"translation": [-8, 6.75, -0.75],
			"scale": [4, 4, 4]
		}
	},
	"groups": [
		{
			"name": "ta2",
			"origin": [8, 8, 8],
			"color": 0,
			"children": [0, 1, 2, 3, 4, 5, 6, 7, 8, 9, 10, 11, 12, 13, 14, 15, 16, 17, 18, 19, 20, 21, 22, 23, 24, 25, 26, 27, 28, 29, 30, 31, 32, 33, 34, 35, 36, 37, 38, 39, 40, 41, 42, 43, 44, 45]
		},
		{
			"name": "ta1",
			"origin": [8, 8, 8],
			"color": 0,
			"children": [
				46,
				47,
				48,
				49,
				50,
				51,
				52,
				53,
				54,
				55,
				56,
				57,
				58,
				59,
				60,
				61,
				62,
				63,
				64,
				65,
				66,
				67,
				68,
				69,
				70,
				71,
				72,
				73,
				74,
				75,
				76,
				77,
				78,
				79,
				80,
				81,
				82,
				83,
				84,
				85,
				86,
				87,
				88,
				89,
				90,
				91,
				92,
				93,
				94,
				95,
				96,
				97,
				98,
				99
			]
		},
		{
			"name": "ta3",
			"origin": [8, 8, 8],
			"color": 0,
			"children": [100]
		}
	]
}