{
	"format_version": "1.21.6",
	"credit": "Made with Blockbench",
	"textures": {
		"0": "archon:item/thunder_staff",
		"particle": "archon:item/thunder_staff"
	},
	"elements": [
		{
			"name": "ts2_0",
			"from": [7.75, 12.625, 8],
			"to": [8, 12.75, 8.125],
			"rotation": {"angle": 0, "axis": "y", "origin": [0.5, -1, 8]},
			"faces": {
				"north": {"uv": [7.5, 2.25, 7.25, 2.375], "texture": "#0"},
				"south": {"uv": [7.25, 2.25, 7.5, 2.375], "texture": "#0"}
			}
		},
		{
			"name": "ts2_1",
			"from": [7.5, 12.375, 8],
			"to": [7.75, 12.625, 8.125],
			"rotation": {"angle": 0, "axis": "y", "origin": [0.5, -1, 8]},
			"faces": {
				"north": {"uv": [7.25, 2.375, 7, 2.625], "texture": "#0"},
				"south": {"uv": [7, 2.375, 7.25, 2.625], "texture": "#0"},
				"west": {"uv": [7, 2.375, 7.125, 2.625], "texture": "#0"},
				"up": {"uv": [7, 2.375, 7.25, 2.5], "texture": "#0"},
				"down": {"uv": [7, 2.5, 7.25, 2.625], "texture": "#0"}
			}
		},
		{
			"name": "ts2_2",
			"from": [7.75, 12.5, 8],
			"to": [7.875, 12.625, 8.125],
			"rotation": {"angle": 0, "axis": "y", "origin": [0.5, -1, 8]},
			"faces": {
				"north": {"uv": [7.375, 2.375, 7.25, 2.5], "texture": "#0"},
				"south": {"uv": [7.25, 2.375, 7.375, 2.5], "texture": "#0"}
			}
		},
		{
			"name": "ts2_3",
			"from": [7.375, 12.125, 8],
			"to": [7.5, 12.5, 8.125],
			"rotation": {"angle": 0, "axis": "y", "origin": [0.5, -1, 8]},
			"faces": {
				"north": {"uv": [7, 2.5, 6.875, 2.875], "texture": "#0"},
				"east": {"uv": [6.875, 2.5, 7, 2.875], "texture": "#0"},
				"south": {"uv": [6.875, 2.5, 7, 2.875], "texture": "#0"},
				"west": {"uv": [6.875, 2.5, 7, 2.875], "texture": "#0"},
				"up": {"uv": [6.875, 2.5, 7, 2.625], "texture": "#0"},
				"down": {"uv": [6.875, 2.75, 7, 2.875], "texture": "#0"}
			}
		},
		{
			"name": "ts2_4",
			"from": [7.25, 12, 8],
			"to": [7.375, 12.375, 8.125],
			"rotation": {"angle": 0, "axis": "y", "origin": [0.5, -1, 8]},
			"faces": {
				"north": {"uv": [6.875, 2.625, 6.75, 3], "texture": "#0"},
				"east": {"uv": [6.75, 2.625, 6.875, 3], "texture": "#0"},
				"south": {"uv": [6.75, 2.625, 6.875, 3], "texture": "#0"},
				"west": {"uv": [6.75, 2.625, 6.875, 3], "texture": "#0"},
				"up": {"uv": [6.75, 2.625, 6.875, 2.75], "texture": "#0"},
				"down": {"uv": [6.75, 2.875, 6.875, 3], "texture": "#0"}
			}
		},
		{
			"name": "ts2_5",
			"from": [7.5, 12.25, 8],
			"to": [7.625, 12.375, 8.125],
			"rotation": {"angle": 0, "axis": "y", "origin": [0.5, -1, 8]},
			"faces": {
				"north": {"uv": [7.125, 2.625, 7, 2.75], "texture": "#0"},
				"east": {"uv": [7, 2.625, 7.125, 2.75], "texture": "#0"},
				"south": {"uv": [7, 2.625, 7.125, 2.75], "texture": "#0"},
				"down": {"uv": [7, 2.625, 7.125, 2.75], "texture": "#0"}
			}
		},
		{
			"name": "ts2_6",
			"from": [8.625, 11.875, 7.9],
			"to": [8.875, 12, 8.225],
			"rotation": {"angle": 0, "axis": "y", "origin": [0.5, -1, 8]},
			"faces": {
				"north": {"uv": [8.375, 3, 8.125, 3.125], "texture": "#0"},
				"east": {"uv": [8.25, 3, 8.375, 3.125], "texture": "#0"},
				"south": {"uv": [8.125, 3, 8.375, 3.125], "texture": "#0"},
				"west": {"uv": [8.125, 3, 8.25, 3.125], "texture": "#0"},
				"up": {"uv": [8.125, 3, 8.375, 3.125], "texture": "#0"},
				"down": {"uv": [8.125, 3, 8.375, 3.125], "texture": "#0"}
			}
		},
		{
			"name": "ts2_7",
			"from": [8.75, 11.625, 7.9],
			"to": [9, 11.875, 8.225],
			"rotation": {"angle": 0, "axis": "y", "origin": [0.5, -1, 8]},
			"faces": {
				"north": {"uv": [8.5, 3.125, 8.25, 3.375], "texture": "#0"},
				"east": {"uv": [8.375, 3.125, 8.5, 3.375], "texture": "#0"},
				"south": {"uv": [8.25, 3.125, 8.5, 3.375], "texture": "#0"},
				"west": {"uv": [8.25, 3.125, 8.375, 3.375], "texture": "#0"},
				"up": {"uv": [8.25, 3.125, 8.5, 3.25], "texture": "#0"},
				"down": {"uv": [8.25, 3.25, 8.5, 3.375], "texture": "#0"}
			}
		},
		{
			"name": "ts2_8",
			"from": [9, 11.75, 7.9],
			"to": [9.125, 11.875, 8.225],
			"rotation": {"angle": 0, "axis": "y", "origin": [0.5, -1, 8]},
			"faces": {
				"north": {"uv": [8.625, 3.125, 8.5, 3.25], "texture": "#0"},
				"east": {"uv": [8.5, 3.125, 8.625, 3.25], "texture": "#0"},
				"south": {"uv": [8.5, 3.125, 8.625, 3.25], "texture": "#0"},
				"up": {"uv": [8.5, 3.125, 8.625, 3.25], "texture": "#0"},
				"down": {"uv": [8.5, 3.125, 8.625, 3.25], "texture": "#0"}
			}
		},
		{
			"name": "ts2_9",
			"from": [8.5, 11.375, 7.9],
			"to": [8.75, 11.75, 8.225],
			"rotation": {"angle": 0, "axis": "y", "origin": [0.5, -1, 8]},
			"faces": {
				"north": {"uv": [8.25, 3.25, 8, 3.625], "texture": "#0"},
				"east": {"uv": [8.125, 3.25, 8.25, 3.625], "texture": "#0"},
				"south": {"uv": [8, 3.25, 8.25, 3.625], "texture": "#0"},
				"west": {"uv": [8, 3.25, 8.125, 3.625], "texture": "#0"},
				"up": {"uv": [8, 3.25, 8.25, 3.375], "texture": "#0"},
				"down": {"uv": [8, 3.5, 8.25, 3.625], "texture": "#0"}
			}
		},
		{
			"name": "ts2_10",
			"from": [8.375, 11.125, 7.9],
			"to": [8.5, 11.625, 8.225],
			"rotation": {"angle": 0, "axis": "y", "origin": [0.5, -1, 8]},
			"faces": {
				"north": {"uv": [8, 3.375, 7.875, 3.875], "texture": "#0"},
				"east": {"uv": [7.875, 3.375, 8, 3.875], "texture": "#0"},
				"south": {"uv": [7.875, 3.375, 8, 3.875], "texture": "#0"},
				"west": {"uv": [7.875, 3.375, 8, 3.875], "texture": "#0"},
				"up": {"uv": [7.875, 3.375, 8, 3.5], "texture": "#0"},
				"down": {"uv": [7.875, 3.75, 8, 3.875], "texture": "#0"}
			}
		},
		{
			"name": "ts2_11",
			"from": [8.75, 11.5, 7.9],
			"to": [8.875, 11.625, 8.225],
			"rotation": {"angle": 0, "axis": "y", "origin": [0.5, -1, 8]},
			"faces": {
				"north": {"uv": [8.375, 3.375, 8.25, 3.5], "texture": "#0"},
				"east": {"uv": [8.25, 3.375, 8.375, 3.5], "texture": "#0"},
				"south": {"uv": [8.25, 3.375, 8.375, 3.5], "texture": "#0"},
				"down": {"uv": [8.25, 3.375, 8.375, 3.5], "texture": "#0"}
			}
		},
		{
			"name": "ts2_12",
			"from": [8.25, 11, 7.9],
			"to": [8.375, 11.5, 8.225],
			"rotation": {"angle": 0, "axis": "y", "origin": [0.5, -1, 8]},
			"faces": {
				"north": {"uv": [7.875, 3.5, 7.75, 4], "texture": "#0"},
				"east": {"uv": [7.75, 3.5, 7.875, 4], "texture": "#0"},
				"south": {"uv": [7.75, 3.5, 7.875, 4], "texture": "#0"},
				"west": {"uv": [7.75, 3.5, 7.875, 4], "texture": "#0"},
				"up": {"uv": [7.75, 3.5, 7.875, 3.625], "texture": "#0"}
			}
		},
		{
			"name": "ts2_13",
			"from": [8.125, 11, 7.9],
			"to": [8.25, 11.375, 8.225],
			"rotation": {"angle": 0, "axis": "y", "origin": [0.5, -1, 8]},
			"faces": {
				"north": {"uv": [7.75, 3.625, 7.625, 4], "texture": "#0"},
				"south": {"uv": [7.625, 3.625, 7.75, 4], "texture": "#0"},
				"west": {"uv": [7.625, 3.625, 7.75, 4], "texture": "#0"},
				"up": {"uv": [7.625, 3.625, 7.75, 3.75], "texture": "#0"}
			}
		},
		{
			"name": "ts2_14",
			"from": [8.5, 11.25, 7.9],
			"to": [8.625, 11.375, 8.225],
			"rotation": {"angle": 0, "axis": "y", "origin": [0.5, -1, 8]},
			"faces": {
				"north": {"uv": [8.125, 3.625, 8, 3.75], "texture": "#0"},
				"east": {"uv": [8, 3.625, 8.125, 3.75], "texture": "#0"},
				"south": {"uv": [8, 3.625, 8.125, 3.75], "texture": "#0"},
				"down": {"uv": [8, 3.625, 8.125, 3.75], "texture": "#0"}
			}
		},
		{
			"name": "ts2_15",
			"from": [8, 11, 7.9],
			"to": [8.125, 11.25, 8.225],
			"rotation": {"angle": 0, "axis": "y", "origin": [0.5, -1, 8]},
			"faces": {
				"north": {"uv": [7.625, 3.75, 7.5, 4], "texture": "#0"},
				"south": {"uv": [7.5, 3.75, 7.625, 4], "texture": "#0"},
				"west": {"uv": [7.5, 3.75, 7.625, 4], "texture": "#0"},
				"up": {"uv": [7.5, 3.75, 7.625, 3.875], "texture": "#0"}
			}
		},
		{
			"name": "ts2_16",
			"from": [7.875, 11, 7.9],
			"to": [8, 11.125, 8.225],
			"rotation": {"angle": 0, "axis": "y", "origin": [0.5, -1, 8]},
			"faces": {
				"north": {"uv": [7.5, 3.875, 7.375, 4], "texture": "#0"},
				"south": {"uv": [7.375, 3.875, 7.5, 4], "texture": "#0"},
				"west": {"uv": [7.375, 3.875, 7.5, 4], "texture": "#0"},
				"up": {"uv": [7.375, 3.875, 7.5, 4], "texture": "#0"}
			}
		},
		{
			"name": "ts2_17",
			"from": [8.125, 10.625, 7.9],
			"to": [8.25, 10.75, 8.225],
			"rotation": {"angle": 0, "axis": "y", "origin": [0.5, -1, 8]},
			"faces": {
				"north": {"uv": [7.75, 4.25, 7.625, 4.375], "texture": "#0"},
				"east": {"uv": [7.625, 4.25, 7.75, 4.375], "texture": "#0"},
				"south": {"uv": [7.625, 4.25, 7.75, 4.375], "texture": "#0"}
			}
		},
		{
			"name": "ts2_18",
			"from": [7.875, 9.75, 7.9],
			"to": [8, 10.5, 8.225],
			"rotation": {"angle": 0, "axis": "y", "origin": [0.5, -1, 8]},
			"faces": {
				"north": {"uv": [7.5, 4.5, 7.375, 5.25], "texture": "#0"},
				"south": {"uv": [7.375, 4.5, 7.5, 5.25], "texture": "#0"},
				"west": {"uv": [7.375, 4.5, 7.5, 5.25], "texture": "#0"}
			}
		},
		{
			"name": "ts2_19",
			"from": [8, 9.875, 7.9],
			"to": [8.125, 10.375, 8.225],
			"rotation": {"angle": 0, "axis": "y", "origin": [0.5, -1, 8]},
			"faces": {
				"north": {"uv": [7.625, 4.625, 7.5, 5.125], "texture": "#0"},
				"south": {"uv": [7.5, 4.625, 7.625, 5.125], "texture": "#0"}
			}
		},
		{
			"name": "ts2_20",
			"from": [8.125, 10, 7.9],
			"to": [8.25, 10.25, 8.225],
			"rotation": {"angle": 0, "axis": "y", "origin": [0.5, -1, 8]},
			"faces": {
				"north": {"uv": [7.75, 4.75, 7.625, 5], "texture": "#0"},
				"south": {"uv": [7.625, 4.75, 7.75, 5], "texture": "#0"}
			}
		},
		{
			"name": "ts2_21",
			"from": [8.125, 8.875, 7.9],
			"to": [8.25, 9.625, 8.225],
			"rotation": {"angle": 0, "axis": "y", "origin": [0.5, -1, 8]},
			"faces": {
				"north": {"uv": [7.75, 5.375, 7.625, 6.125], "texture": "#0"},
				"east": {"uv": [7.625, 5.375, 7.75, 6.125], "texture": "#0"},
				"south": {"uv": [7.625, 5.375, 7.75, 6.125], "texture": "#0"}
			}
		},
		{
			"name": "ts2_22",
			"from": [8, 9, 7.9],
			"to": [8.125, 9.5, 8.225],
			"rotation": {"angle": 0, "axis": "y", "origin": [0.5, -1, 8]},
			"faces": {
				"north": {"uv": [7.625, 5.5, 7.5, 6], "texture": "#0"},
				"south": {"uv": [7.5, 5.5, 7.625, 6], "texture": "#0"}
			}
		},
		{
			"name": "ts2_23",
			"from": [7.875, 9.125, 7.9],
			"to": [8, 9.375, 8.225],
			"rotation": {"angle": 0, "axis": "y", "origin": [0.5, -1, 8]},
			"faces": {
				"north": {"uv": [7.5, 5.625, 7.375, 5.875], "texture": "#0"},
				"south": {"uv": [7.375, 5.625, 7.5, 5.875], "texture": "#0"}
			}
		},
		{
			"name": "ts2_24",
			"from": [7.875, 2.75, 7.9],
			"to": [8, 8.875, 8.225],
			"rotation": {"angle": 0, "axis": "y", "origin": [0.5, -1, 8]},
			"faces": {
				"north": {"uv": [7.5, 6.125, 7.375, 12.25], "texture": "#0"},
				"south": {"uv": [7.375, 6.125, 7.5, 12.25], "texture": "#0"},
				"west": {"uv": [7.375, 6.125, 7.5, 12.25], "texture": "#0"}
			}
		},
		{
			"name": "ts2_25",
			"from": [8, 8.25, 7.9],
			"to": [8.125, 8.75, 8.225],
			"rotation": {"angle": 0, "axis": "y", "origin": [0.5, -1, 8]},
			"faces": {
				"north": {"uv": [7.625, 6.25, 7.5, 6.75], "texture": "#0"},
				"south": {"uv": [7.5, 6.25, 7.625, 6.75], "texture": "#0"}
			}
		},
		{
			"name": "ts2_26",
			"from": [8.125, 8.5, 7.9],
			"to": [8.25, 8.625, 8.225],
			"rotation": {"angle": 0, "axis": "y", "origin": [0.5, -1, 8]},
			"faces": {
				"north": {"uv": [7.75, 6.375, 7.625, 6.5], "texture": "#0"},
				"south": {"uv": [7.625, 6.375, 7.75, 6.5], "texture": "#0"}
			}
		},
		{
			"name": "ts2_27",
			"from": [8.125, 2.75, 7.9],
			"to": [8.25, 8.25, 8.225],
			"rotation": {"angle": 0, "axis": "y", "origin": [0.5, -1, 8]},
			"faces": {
				"north": {"uv": [7.75, 6.75, 7.625, 12.25], "texture": "#0"},
				"east": {"uv": [7.625, 6.75, 7.75, 12.25], "texture": "#0"},
				"south": {"uv": [7.625, 6.75, 7.75, 12.25], "texture": "#0"}
			}
		},
		{
			"name": "ts2_28",
			"from": [8, 2.75, 7.9],
			"to": [8.125, 8.125, 8.225],
			"rotation": {"angle": 0, "axis": "y", "origin": [0.5, -1, 8]},
			"faces": {
				"north": {"uv": [7.625, 6.875, 7.5, 12.25], "texture": "#0"},
				"south": {"uv": [7.5, 6.875, 7.625, 12.25], "texture": "#0"}
			}
		},
		{
			"name": "ts2_29",
			"from": [7.625, 2.5, 7.7],
			"to": [8.5, 2.625, 8.425],
			"rotation": {"angle": 0, "axis": "y", "origin": [0.5, -1, 8]},
			"faces": {
				"north": {"uv": [8, 12.375, 7.125, 12.5], "texture": "#0"},
				"east": {"uv": [7.875, 12.375, 8, 12.5], "texture": "#0"},
				"south": {"uv": [7.125, 12.375, 8, 12.5], "texture": "#0"},
				"west": {"uv": [7.125, 12.375, 7.25, 12.5], "texture": "#0"},
				"up": {"uv": [7.125, 12.375, 8, 12.5], "texture": "#0"},
				"down": {"uv": [7.125, 12.375, 8, 12.5], "texture": "#0"}
			}
		},
		{
			"name": "ts2_30",
			"from": [7.875, 2.125, 7.9],
			"to": [8.25, 2.375, 8.225],
			"rotation": {"angle": 0, "axis": "y", "origin": [0.5, -1, 8]},
			"faces": {
				"north": {"uv": [7.75, 12.625, 7.375, 12.875], "texture": "#0"},
				"east": {"uv": [7.625, 12.625, 7.75, 12.875], "texture": "#0"},
				"south": {"uv": [7.375, 12.625, 7.75, 12.875], "texture": "#0"},
				"west": {"uv": [7.375, 12.625, 7.5, 12.875], "texture": "#0"}
			}
		},
		{
			"name": "ts2_31",
			"from": [7.875, 1.625, 7.9],
			"to": [8.25, 1.875, 8.225],
			"rotation": {"angle": 0, "axis": "y", "origin": [0.5, -1, 8]},
			"faces": {
				"north": {"uv": [7.75, 13.125, 7.375, 13.375], "texture": "#0"},
				"east": {"uv": [7.625, 13.125, 7.75, 13.375], "texture": "#0"},
				"south": {"uv": [7.375, 13.125, 7.75, 13.375], "texture": "#0"},
				"west": {"uv": [7.375, 13.125, 7.5, 13.375], "texture": "#0"},
				"down": {"uv": [7.375, 13.25, 7.75, 13.375], "texture": "#0"}
			}
		},
		{
			"name": "ts2_32",
			"from": [8.25, 1.375, 7.9],
			"to": [8.375, 1.75, 8.225],
			"rotation": {"angle": 0, "axis": "y", "origin": [0.5, -1, 8]},
			"faces": {
				"north": {"uv": [7.875, 13.25, 7.75, 13.625], "texture": "#0"},
				"east": {"uv": [7.75, 13.25, 7.875, 13.625], "texture": "#0"},
				"south": {"uv": [7.75, 13.25, 7.875, 13.625], "texture": "#0"},
				"up": {"uv": [7.75, 13.25, 7.875, 13.375], "texture": "#0"},
				"down": {"uv": [7.75, 13.5, 7.875, 13.625], "texture": "#0"}
			}
		},
		{
			"name": "ts2_33",
			"from": [8, 1.5, 7.9],
			"to": [8.25, 1.625, 8.225],
			"rotation": {"angle": 0, "axis": "y", "origin": [0.5, -1, 8]},
			"faces": {
				"north": {"uv": [7.75, 13.375, 7.5, 13.5], "texture": "#0"},
				"south": {"uv": [7.5, 13.375, 7.75, 13.5], "texture": "#0"},
				"west": {"uv": [7.5, 13.375, 7.625, 13.5], "texture": "#0"},
				"down": {"uv": [7.5, 13.375, 7.75, 13.5], "texture": "#0"}
			}
		},
		{
			"name": "ts2_34",
			"from": [8.375, 1.25, 7.9],
			"to": [8.5, 1.625, 8.225],
			"rotation": {"angle": 0, "axis": "y", "origin": [0.5, -1, 8]},
			"faces": {
				"north": {"uv": [8, 13.375, 7.875, 13.75], "texture": "#0"},
				"east": {"uv": [7.875, 13.375, 8, 13.75], "texture": "#0"},
				"south": {"uv": [7.875, 13.375, 8, 13.75], "texture": "#0"},
				"west": {"uv": [7.875, 13.375, 8, 13.75], "texture": "#0"},
				"up": {"uv": [7.875, 13.375, 8, 13.5], "texture": "#0"},
				"down": {"uv": [7.875, 13.625, 8, 13.75], "texture": "#0"}
			}
		},
		{
			"name": "ts2_35",
			"from": [8.125, 1.375, 7.9],
			"to": [8.25, 1.5, 8.225],
			"rotation": {"angle": 0, "axis": "y", "origin": [0.5, -1, 8]},
			"faces": {
				"north": {"uv": [7.75, 13.5, 7.625, 13.625], "texture": "#0"},
				"south": {"uv": [7.625, 13.5, 7.75, 13.625], "texture": "#0"},
				"west": {"uv": [7.625, 13.5, 7.75, 13.625], "texture": "#0"},
				"down": {"uv": [7.625, 13.5, 7.75, 13.625], "texture": "#0"}
			}
		},
		{
			"name": "ts2_36",
			"from": [8.5, 1.375, 7.9],
			"to": [8.625, 1.5, 8.225],
			"rotation": {"angle": 0, "axis": "y", "origin": [0.5, -1, 8]},
			"faces": {
				"north": {"uv": [8.125, 13.5, 8, 13.625], "texture": "#0"},
				"east": {"uv": [8, 13.5, 8.125, 13.625], "texture": "#0"},
				"south": {"uv": [8, 13.5, 8.125, 13.625], "texture": "#0"},
				"up": {"uv": [8, 13.5, 8.125, 13.625], "texture": "#0"},
				"down": {"uv": [8, 13.5, 8.125, 13.625], "texture": "#0"}
			}
		},
		{
			"name": "ts2_37",
			"from": [8, 1.25, 7.9],
			"to": [8.125, 1.375, 8.225],
			"rotation": {"angle": 0, "axis": "y", "origin": [0.5, -1, 8]},
			"faces": {
				"north": {"uv": [7.625, 13.625, 7.5, 13.75], "texture": "#0"},
				"east": {"uv": [7.5, 13.625, 7.625, 13.75], "texture": "#0"},
				"south": {"uv": [7.5, 13.625, 7.625, 13.75], "texture": "#0"},
				"west": {"uv": [7.5, 13.625, 7.625, 13.75], "texture": "#0"},
				"up": {"uv": [7.5, 13.625, 7.625, 13.75], "texture": "#0"},
				"down": {"uv": [7.5, 13.625, 7.625, 13.75], "texture": "#0"}
			}
		},
		{
			"name": "ts2_38",
			"from": [8.25, 1.125, 7.9],
			"to": [8.375, 1.25, 8.225],
			"rotation": {"angle": 0, "axis": "y", "origin": [0.5, -1, 8]},
			"faces": {
				"north": {"uv": [7.875, 13.75, 7.75, 13.875], "texture": "#0"},
				"east": {"uv": [7.75, 13.75, 7.875, 13.875], "texture": "#0"},
				"south": {"uv": [7.75, 13.75, 7.875, 13.875], "texture": "#0"},
				"west": {"uv": [7.75, 13.75, 7.875, 13.875], "texture": "#0"},
				"up": {"uv": [7.75, 13.75, 7.875, 13.875], "texture": "#0"},
				"down": {"uv": [7.75, 13.75, 7.875, 13.875], "texture": "#0"}
			}
		},
		{
			"name": "ts2_39",
			"from": [7.75, 0.5, 8],
			"to": [7.875, 0.875, 8.125],
			"rotation": {"angle": 0, "axis": "y", "origin": [0.5, -1, 8]},
			"faces": {
				"north": {"uv": [7.375, 14.125, 7.25, 14.5], "texture": "#0"},
				"south": {"uv": [7.25, 14.125, 7.375, 14.5], "texture": "#0"},
				"west": {"uv": [7.25, 14.125, 7.375, 14.5], "texture": "#0"},
				"down": {"uv": [7.25, 14.375, 7.375, 14.5], "texture": "#0"}
			}
		},
		{
			"name": "ts2_40",
			"from": [7.875, 0.375, 8],
			"to": [8, 0.75, 8.125],
			"rotation": {"angle": 0, "axis": "y", "origin": [0.5, -1, 8]},
			"faces": {
				"north": {"uv": [7.5, 14.25, 7.375, 14.625], "texture": "#0"},
				"east": {"uv": [7.375, 14.25, 7.5, 14.625], "texture": "#0"},
				"south": {"uv": [7.375, 14.25, 7.5, 14.625], "texture": "#0"},
				"west": {"uv": [7.375, 14.25, 7.5, 14.625], "texture": "#0"},
				"down": {"uv": [7.375, 14.5, 7.5, 14.625], "texture": "#0"}
			}
		},
		{
			"name": "ts2_41",
			"from": [8, 0.25, 8],
			"to": [8.125, 0.625, 8.125],
			"rotation": {"angle": 0, "axis": "y", "origin": [0.5, -1, 8]},
			"faces": {
				"north": {"uv": [7.625, 14.375, 7.5, 14.75], "texture": "#0"},
				"east": {"uv": [7.5, 14.375, 7.625, 14.75], "texture": "#0"},
				"south": {"uv": [7.5, 14.375, 7.625, 14.75], "texture": "#0"},
				"west": {"uv": [7.5, 14.375, 7.625, 14.75], "texture": "#0"},
				"up": {"uv": [7.5, 14.375, 7.625, 14.5], "texture": "#0"},
				"down": {"uv": [7.5, 14.625, 7.625, 14.75], "texture": "#0"}
			}
		},
		{
			"name": "ts2_42",
			"from": [8.125, 0, 8],
			"to": [8.25, 0.5, 8.125],
			"rotation": {"angle": 0, "axis": "y", "origin": [0.5, -1, 8]},
			"faces": {
				"north": {"uv": [7.75, 14.5, 7.625, 15], "texture": "#0"},
				"east": {"uv": [7.625, 14.5, 7.75, 15], "texture": "#0"},
				"south": {"uv": [7.625, 14.5, 7.75, 15], "texture": "#0"},
				"west": {"uv": [7.625, 14.5, 7.75, 15], "texture": "#0"},
				"up": {"uv": [7.625, 14.5, 7.75, 14.625], "texture": "#0"},
				"down": {"uv": [7.625, 14.875, 7.75, 15], "texture": "#0"}
			}
		},
		{
			"name": "ts1_0",
			"from": [7.875, 12.75, 7.95],
			"to": [8, 13, 8.175],
			"rotation": {"angle": 0, "axis": "y", "origin": [0.5, -1, 8]},
			"faces": {
				"north": {"uv": [7.5, 2, 7.375, 2.25], "texture": "#0"},
				"east": {"uv": [7.375, 2, 7.5, 2.25], "texture": "#0"},
				"south": {"uv": [7.375, 2, 7.5, 2.25], "texture": "#0"},
				"west": {"uv": [7.375, 2, 7.5, 2.25], "texture": "#0"},
				"up": {"uv": [7.375, 2, 7.5, 2.125], "texture": "#0"},
				"down": {"uv": [7.375, 2.125, 7.5, 2.25], "texture": "#0"}
			}
		},
		{
			"name": "ts1_1",
			"from": [7.75, 12.75, 7.95],
			"to": [7.875, 12.875, 8.175],
			"rotation": {"angle": 0, "axis": "y", "origin": [0.5, -1, 8]},
			"faces": {
				"north": {"uv": [7.375, 2.125, 7.25, 2.25], "texture": "#0"},
				"south": {"uv": [7.25, 2.125, 7.375, 2.25], "texture": "#0"},
				"west": {"uv": [7.25, 2.125, 7.375, 2.25], "texture": "#0"},
				"up": {"uv": [7.25, 2.125, 7.375, 2.25], "texture": "#0"},
				"down": {"uv": [7.25, 2.125, 7.375, 2.25], "texture": "#0"}
			}
		},
		{
			"name": "ts1_2",
			"from": [8, 12.375, 7.95],
			"to": [8.125, 12.875, 8.175],
			"rotation": {"angle": 0, "axis": "y", "origin": [0.5, -1, 8]},
			"faces": {
				"north": {"uv": [7.625, 2.125, 7.5, 2.625], "texture": "#0"},
				"east": {"uv": [7.5, 2.125, 7.625, 2.625], "texture": "#0"},
				"south": {"uv": [7.5, 2.125, 7.625, 2.625], "texture": "#0"},
				"west": {"uv": [7.5, 2.125, 7.625, 2.625], "texture": "#0"},
				"up": {"uv": [7.5, 2.125, 7.625, 2.25], "texture": "#0"},
				"down": {"uv": [7.5, 2.5, 7.625, 2.625], "texture": "#0"}
			}
		},
		{
			"name": "ts1_3",
			"from": [7.625, 12.625, 7.95],
			"to": [7.75, 12.75, 8.175],
			"rotation": {"angle": 0, "axis": "y", "origin": [0.5, -1, 8]},
			"faces": {
				"north": {"uv": [7.25, 2.25, 7.125, 2.375], "texture": "#0"},
				"east": {"uv": [7.125, 2.25, 7.25, 2.375], "texture": "#0"},
				"south": {"uv": [7.125, 2.25, 7.25, 2.375], "texture": "#0"},
				"west": {"uv": [7.125, 2.25, 7.25, 2.375], "texture": "#0"},
				"up": {"uv": [7.125, 2.25, 7.25, 2.375], "texture": "#0"},
				"down": {"uv": [7.125, 2.25, 7.25, 2.375], "texture": "#0"}
			}
		},
		{
			"name": "ts1_4",
			"from": [8.125, 12.25, 7.95],
			"to": [8.25, 12.75, 8.175],
			"rotation": {"angle": 0, "axis": "y", "origin": [0.5, -1, 8]},
			"faces": {
				"north": {"uv": [7.75, 2.25, 7.625, 2.75], "texture": "#0"},
				"east": {"uv": [7.625, 2.25, 7.75, 2.75], "texture": "#0"},
				"south": {"uv": [7.625, 2.25, 7.75, 2.75], "texture": "#0"},
				"west": {"uv": [7.625, 2.25, 7.75, 2.75], "texture": "#0"},
				"up": {"uv": [7.625, 2.25, 7.75, 2.375], "texture": "#0"},
				"down": {"uv": [7.625, 2.625, 7.75, 2.75], "texture": "#0"}
			}
		},
		{
			"name": "ts1_5",
			"from": [7.875, 12.5, 7.95],
			"to": [8, 12.625, 8.175],
			"rotation": {"angle": 0, "axis": "y", "origin": [0.5, -1, 8]},
			"faces": {
				"north": {"uv": [7.5, 2.375, 7.375, 2.5], "texture": "#0"},
				"south": {"uv": [7.375, 2.375, 7.5, 2.5], "texture": "#0"},
				"west": {"uv": [7.375, 2.375, 7.5, 2.5], "texture": "#0"},
				"up": {"uv": [7.375, 2.375, 7.5, 2.5], "texture": "#0"},
				"down": {"uv": [7.375, 2.375, 7.5, 2.5], "texture": "#0"}
			}
		},
		{
			"name": "ts1_6",
			"from": [8.25, 12.125, 7.95],
			"to": [8.375, 12.625, 8.175],
			"rotation": {"angle": 0, "axis": "y", "origin": [0.5, -1, 8]},
			"faces": {
				"north": {"uv": [7.875, 2.375, 7.75, 2.875], "texture": "#0"},
				"east": {"uv": [7.75, 2.375, 7.875, 2.875], "texture": "#0"},
				"south": {"uv": [7.75, 2.375, 7.875, 2.875], "texture": "#0"},
				"west": {"uv": [7.75, 2.375, 7.875, 2.875], "texture": "#0"},
				"up": {"uv": [7.75, 2.375, 7.875, 2.5], "texture": "#0"},
				"down": {"uv": [7.75, 2.75, 7.875, 2.875], "texture": "#0"}
			}
		},
		{
			"name": "ts1_7",
			"from": [7.75, 12.375, 7.95],
			"to": [7.875, 12.5, 8.175],
			"rotation": {"angle": 0, "axis": "y", "origin": [0.5, -1, 8]},
			"faces": {
				"north": {"uv": [7.375, 2.5, 7.25, 2.625], "texture": "#0"},
				"east": {"uv": [7.25, 2.5, 7.375, 2.625], "texture": "#0"},
				"south": {"uv": [7.25, 2.5, 7.375, 2.625], "texture": "#0"},
				"west": {"uv": [7.25, 2.5, 7.375, 2.625], "texture": "#0"},
				"up": {"uv": [7.25, 2.5, 7.375, 2.625], "texture": "#0"},
				"down": {"uv": [7.25, 2.5, 7.375, 2.625], "texture": "#0"}
			}
		},
		{
			"name": "ts1_8",
			"from": [8.375, 12, 7.95],
			"to": [8.5, 12.5, 8.175],
			"rotation": {"angle": 0, "axis": "y", "origin": [0.5, -1, 8]},
			"faces": {
				"north": {"uv": [8, 2.5, 7.875, 3], "texture": "#0"},
				"east": {"uv": [7.875, 2.5, 8, 3], "texture": "#0"},
				"south": {"uv": [7.875, 2.5, 8, 3], "texture": "#0"},
				"west": {"uv": [7.875, 2.5, 8, 3], "texture": "#0"},
				"up": {"uv": [7.875, 2.5, 8, 2.625], "texture": "#0"},
				"down": {"uv": [7.875, 2.875, 8, 3], "texture": "#0"}
			}
		},
		{
			"name": "ts1_9",
			"from": [8.5, 11.875, 7.95],
			"to": [8.625, 12.375, 8.175],
			"rotation": {"angle": 0, "axis": "y", "origin": [0.5, -1, 8]},
			"faces": {
				"north": {"uv": [8.125, 2.625, 8, 3.125], "texture": "#0"},
				"east": {"uv": [8, 2.625, 8.125, 3.125], "texture": "#0"},
				"south": {"uv": [8, 2.625, 8.125, 3.125], "texture": "#0"},
				"west": {"uv": [8, 2.625, 8.125, 3.125], "texture": "#0"},
				"up": {"uv": [8, 2.625, 8.125, 2.75], "texture": "#0"},
				"down": {"uv": [8, 3, 8.125, 3.125], "texture": "#0"}
			}
		},
		{
			"name": "ts1_10",
			"from": [8.625, 12, 7.95],
			"to": [8.75, 12.25, 8.175],
			"rotation": {"angle": 0, "axis": "y", "origin": [0.5, -1, 8]},
			"faces": {
				"north": {"uv": [8.25, 2.75, 8.125, 3], "texture": "#0"},
				"east": {"uv": [8.125, 2.75, 8.25, 3], "texture": "#0"},
				"south": {"uv": [8.125, 2.75, 8.25, 3], "texture": "#0"},
				"up": {"uv": [8.125, 2.75, 8.25, 2.875], "texture": "#0"}
			}
		},
		{
			"name": "ts1_11",
			"from": [8.75, 12, 7.95],
			"to": [8.875, 12.125, 8.175],
			"rotation": {"angle": 0, "axis": "y", "origin": [0.5, -1, 8]},
			"faces": {
				"north": {"uv": [8.375, 2.875, 8.25, 3], "texture": "#0"},
				"east": {"uv": [8.25, 2.875, 8.375, 3], "texture": "#0"},
				"south": {"uv": [8.25, 2.875, 8.375, 3], "texture": "#0"},
				"up": {"uv": [8.25, 2.875, 8.375, 3], "texture": "#0"}
			}
		},
		{
			"name": "ts1_12",
			"from": [8.875, 11.875, 7.95],
			"to": [9, 12, 8.175],
			"rotation": {"angle": 0, "axis": "y", "origin": [0.5, -1, 8]},
			"faces": {
				"north": {"uv": [8.5, 3, 8.375, 3.125], "texture": "#0"},
				"east": {"uv": [8.375, 3, 8.5, 3.125], "texture": "#0"},
				"south": {"uv": [8.375, 3, 8.5, 3.125], "texture": "#0"},
				"up": {"uv": [8.375, 3, 8.5, 3.125], "texture": "#0"}
			}
		},
		{
			"name": "ts1_13",
			"from": [8.625, 11.75, 7.95],
			"to": [8.75, 11.875, 8.175],
			"rotation": {"angle": 0, "axis": "y", "origin": [0.5, -1, 8]},
			"faces": {
				"north": {"uv": [8.25, 3.125, 8.125, 3.25], "texture": "#0"},
				"south": {"uv": [8.125, 3.125, 8.25, 3.25], "texture": "#0"},
				"west": {"uv": [8.125, 3.125, 8.25, 3.25], "texture": "#0"}
			}
		},
		{
			"name": "ts1_14",
			"from": [7.75, 10.625, 7.85],
			"to": [8.125, 10.75, 8.275],
			"rotation": {"angle": 0, "axis": "y", "origin": [0.5, -1, 8]},
			"faces": {
				"north": {"uv": [7.625, 4.25, 7.25, 4.375], "texture": "#0"},
				"east": {"uv": [7.5, 4.25, 7.625, 4.375], "texture": "#0"},
				"south": {"uv": [7.25, 4.25, 7.625, 4.375], "texture": "#0"},
				"west": {"uv": [7.25, 4.25, 7.375, 4.375], "texture": "#0"},
				"down": {"uv": [7.25, 4.25, 7.625, 4.375], "texture": "#0"}
			}
		},
		{
			"name": "ts1_15",
			"from": [7.875, 10.5, 7.85],
			"to": [8.25, 10.625, 8.275],
			"rotation": {"angle": 0, "axis": "y", "origin": [0.5, -1, 8]},
			"faces": {
				"north": {"uv": [7.75, 4.375, 7.375, 4.5], "texture": "#0"},
				"east": {"uv": [7.625, 4.375, 7.75, 4.5], "texture": "#0"},
				"south": {"uv": [7.375, 4.375, 7.75, 4.5], "texture": "#0"},
				"west": {"uv": [7.375, 4.375, 7.5, 4.5], "texture": "#0"},
				"up": {"uv": [7.375, 4.375, 7.75, 4.5], "texture": "#0"},
				"down": {"uv": [7.375, 4.375, 7.75, 4.5], "texture": "#0"}
			}
		},
		{
			"name": "ts1_16",
			"from": [8, 10.375, 7.85],
			"to": [8.375, 10.5, 8.275],
			"rotation": {"angle": 0, "axis": "y", "origin": [0.5, -1, 8]},
			"faces": {
				"north": {"uv": [7.875, 4.5, 7.5, 4.625], "texture": "#0"},
				"east": {"uv": [7.75, 4.5, 7.875, 4.625], "texture": "#0"},
				"south": {"uv": [7.5, 4.5, 7.875, 4.625], "texture": "#0"},
				"west": {"uv": [7.5, 4.5, 7.625, 4.625], "texture": "#0"},
				"up": {"uv": [7.5, 4.5, 7.875, 4.625], "texture": "#0"},
				"down": {"uv": [7.5, 4.5, 7.875, 4.625], "texture": "#0"}
			}
		},
		{
			"name": "ts1_17",
			"from": [8.125, 10.25, 7.85],
			"to": [8.5, 10.375, 8.275],
			"rotation": {"angle": 0, "axis": "y", "origin": [0.5, -1, 8]},
			"faces": {
				"north": {"uv": [8, 4.625, 7.625, 4.75], "texture": "#0"},
				"east": {"uv": [7.875, 4.625, 8, 4.75], "texture": "#0"},
				"south": {"uv": [7.625, 4.625, 8, 4.75], "texture": "#0"},
				"west": {"uv": [7.625, 4.625, 7.75, 4.75], "texture": "#0"},
				"up": {"uv": [7.625, 4.625, 8, 4.75], "texture": "#0"},
				"down": {"uv": [7.625, 4.625, 8, 4.75], "texture": "#0"}
			}
		},
		{
			"name": "ts1_18",
			"from": [8.25, 10, 7.85],
			"to": [8.625, 10.25, 8.275],
			"rotation": {"angle": 0, "axis": "y", "origin": [0.5, -1, 8]},
			"faces": {
				"north": {"uv": [8.125, 4.75, 7.75, 5], "texture": "#0"},
				"east": {"uv": [8, 4.75, 8.125, 5], "texture": "#0"},
				"south": {"uv": [7.75, 4.75, 8.125, 5], "texture": "#0"},
				"west": {"uv": [7.75, 4.75, 7.875, 5], "texture": "#0"},
				"up": {"uv": [7.75, 4.75, 8.125, 4.875], "texture": "#0"},
				"down": {"uv": [7.75, 4.875, 8.125, 5], "texture": "#0"}
			}
		},
		{
			"name": "ts1_19",
			"from": [8.625, 10.125, 7.85],
			"to": [8.75, 10.25, 8.275],
			"rotation": {"angle": 0, "axis": "y", "origin": [0.5, -1, 8]},
			"faces": {
				"north": {"uv": [8.25, 4.75, 8.125, 4.875], "texture": "#0"},
				"east": {"uv": [8.125, 4.75, 8.25, 4.875], "texture": "#0"},
				"south": {"uv": [8.125, 4.75, 8.25, 4.875], "texture": "#0"},
				"up": {"uv": [8.125, 4.75, 8.25, 4.875], "texture": "#0"},
				"down": {"uv": [8.125, 4.75, 8.25, 4.875], "texture": "#0"}
			}
		},
		{
			"name": "ts1_20",
			"from": [8.125, 9.75, 7.85],
			"to": [8.375, 10, 8.275],
			"rotation": {"angle": 0, "axis": "y", "origin": [0.5, -1, 8]},
			"faces": {
				"north": {"uv": [7.875, 5, 7.625, 5.25], "texture": "#0"},
				"east": {"uv": [7.75, 5, 7.875, 5.25], "texture": "#0"},
				"south": {"uv": [7.625, 5, 7.875, 5.25], "texture": "#0"},
				"west": {"uv": [7.625, 5, 7.75, 5.25], "texture": "#0"},
				"up": {"uv": [7.625, 5, 7.875, 5.125], "texture": "#0"},
				"down": {"uv": [7.625, 5.125, 7.875, 5.25], "texture": "#0"}
			}
		},
		{
			"name": "ts1_21",
			"from": [8.375, 9.875, 7.85],
			"to": [8.5, 10, 8.275],
			"rotation": {"angle": 0, "axis": "y", "origin": [0.5, -1, 8]},
			"faces": {
				"north": {"uv": [8, 5, 7.875, 5.125], "texture": "#0"},
				"east": {"uv": [7.875, 5, 8, 5.125], "texture": "#0"},
				"south": {"uv": [7.875, 5, 8, 5.125], "texture": "#0"},
				"down": {"uv": [7.875, 5, 8, 5.125], "texture": "#0"}
			}
		},
		{
			"name": "ts1_22",
			"from": [8, 9.5, 7.85],
			"to": [8.125, 9.875, 8.275],
			"rotation": {"angle": 0, "axis": "y", "origin": [0.5, -1, 8]},
			"faces": {
				"north": {"uv": [7.625, 5.125, 7.5, 5.5], "texture": "#0"},
				"east": {"uv": [7.5, 5.125, 7.625, 5.5], "texture": "#0"},
				"south": {"uv": [7.5, 5.125, 7.625, 5.5], "texture": "#0"},
				"west": {"uv": [7.5, 5.125, 7.625, 5.5], "texture": "#0"},
				"up": {"uv": [7.5, 5.125, 7.625, 5.25], "texture": "#0"},
				"down": {"uv": [7.5, 5.375, 7.625, 5.5], "texture": "#0"}
			}
		},
		{
			"name": "ts1_23",
			"from": [7.875, 9.375, 7.85],
			"to": [8, 9.75, 8.275],
			"rotation": {"angle": 0, "axis": "y", "origin": [0.5, -1, 8]},
			"faces": {
				"north": {"uv": [7.5, 5.25, 7.375, 5.625], "texture": "#0"},
				"east": {"uv": [7.375, 5.25, 7.5, 5.625], "texture": "#0"},
				"south": {"uv": [7.375, 5.25, 7.5, 5.625], "texture": "#0"},
				"west": {"uv": [7.375, 5.25, 7.5, 5.625], "texture": "#0"},
				"up": {"uv": [7.375, 5.25, 7.5, 5.375], "texture": "#0"},
				"down": {"uv": [7.375, 5.5, 7.5, 5.625], "texture": "#0"}
			}
		},
		{
			"name": "ts1_24",
			"from": [8.125, 9.625, 7.85],
			"to": [8.25, 9.75, 8.275],
			"rotation": {"angle": 0, "axis": "y", "origin": [0.5, -1, 8]},
			"faces": {
				"north": {"uv": [7.75, 5.25, 7.625, 5.375], "texture": "#0"},
				"east": {"uv": [7.625, 5.25, 7.75, 5.375], "texture": "#0"},
				"south": {"uv": [7.625, 5.25, 7.75, 5.375], "texture": "#0"},
				"down": {"uv": [7.625, 5.25, 7.75, 5.375], "texture": "#0"}
			}
		},
		{
			"name": "ts1_25",
			"from": [7.75, 9, 7.85],
			"to": [7.875, 9.625, 8.275],
			"rotation": {"angle": 0, "axis": "y", "origin": [0.5, -1, 8]},
			"faces": {
				"north": {"uv": [7.375, 5.375, 7.25, 6], "texture": "#0"},
				"east": {"uv": [7.25, 5.375, 7.375, 6], "texture": "#0"},
				"south": {"uv": [7.25, 5.375, 7.375, 6], "texture": "#0"},
				"west": {"uv": [7.25, 5.375, 7.375, 6], "texture": "#0"},
				"up": {"uv": [7.25, 5.375, 7.375, 5.5], "texture": "#0"},
				"down": {"uv": [7.25, 5.875, 7.375, 6], "texture": "#0"}
			}
		},
		{
			"name": "ts1_26",
			"from": [7.625, 9.125, 7.85],
			"to": [7.75, 9.5, 8.275],
			"rotation": {"angle": 0, "axis": "y", "origin": [0.5, -1, 8]},
			"faces": {
				"north": {"uv": [7.25, 5.5, 7.125, 5.875], "texture": "#0"},
				"south": {"uv": [7.125, 5.5, 7.25, 5.875], "texture": "#0"},
				"west": {"uv": [7.125, 5.5, 7.25, 5.875], "texture": "#0"},
				"up": {"uv": [7.125, 5.5, 7.25, 5.625], "texture": "#0"},
				"down": {"uv": [7.125, 5.75, 7.25, 5.875], "texture": "#0"}
			}
		},
		{
			"name": "ts1_27",
			"from": [7.5, 9.25, 7.85],
			"to": [7.625, 9.375, 8.275],
			"rotation": {"angle": 0, "axis": "y", "origin": [0.5, -1, 8]},
			"faces": {
				"north": {"uv": [7.125, 5.625, 7, 5.75], "texture": "#0"},
				"south": {"uv": [7, 5.625, 7.125, 5.75], "texture": "#0"},
				"west": {"uv": [7, 5.625, 7.125, 5.75], "texture": "#0"},
				"up": {"uv": [7, 5.625, 7.125, 5.75], "texture": "#0"},
				"down": {"uv": [7, 5.625, 7.125, 5.75], "texture": "#0"}
			}
		},
		{
			"name": "ts1_28",
			"from": [7.875, 8.875, 7.85],
			"to": [8, 9.125, 8.275],
			"rotation": {"angle": 0, "axis": "y", "origin": [0.5, -1, 8]},
			"faces": {
				"north": {"uv": [7.5, 5.875, 7.375, 6.125], "texture": "#0"},
				"east": {"uv": [7.375, 5.875, 7.5, 6.125], "texture": "#0"},
				"south": {"uv": [7.375, 5.875, 7.5, 6.125], "texture": "#0"},
				"west": {"uv": [7.375, 5.875, 7.5, 6.125], "texture": "#0"},
				"up": {"uv": [7.375, 5.875, 7.5, 6], "texture": "#0"},
				"down": {"uv": [7.375, 6, 7.5, 6.125], "texture": "#0"}
			}
		},
		{
			"name": "ts1_29",
			"from": [8, 8.75, 7.85],
			"to": [8.125, 9, 8.275],
			"rotation": {"angle": 0, "axis": "y", "origin": [0.5, -1, 8]},
			"faces": {
				"north": {"uv": [7.625, 6, 7.5, 6.25], "texture": "#0"},
				"east": {"uv": [7.5, 6, 7.625, 6.25], "texture": "#0"},
				"south": {"uv": [7.5, 6, 7.625, 6.25], "texture": "#0"},
				"west": {"uv": [7.5, 6, 7.625, 6.25], "texture": "#0"},
				"up": {"uv": [7.5, 6, 7.625, 6.125], "texture": "#0"},
				"down": {"uv": [7.5, 6.125, 7.625, 6.25], "texture": "#0"}
			}
		},
		{
			"name": "ts1_30",
			"from": [8.125, 8.625, 7.85],
			"to": [8.25, 8.875, 8.275],
			"rotation": {"angle": 0, "axis": "y", "origin": [0.5, -1, 8]},
			"faces": {
				"north": {"uv": [7.75, 6.125, 7.625, 6.375], "texture": "#0"},
				"east": {"uv": [7.625, 6.125, 7.75, 6.375], "texture": "#0"},
				"south": {"uv": [7.625, 6.125, 7.75, 6.375], "texture": "#0"},
				"west": {"uv": [7.625, 6.125, 7.75, 6.375], "texture": "#0"},
				"up": {"uv": [7.625, 6.125, 7.75, 6.25], "texture": "#0"},
				"down": {"uv": [7.625, 6.25, 7.75, 6.375], "texture": "#0"}
			}
		},
		{
			"name": "ts1_31",
			"from": [8.25, 8.375, 7.85],
			"to": [8.375, 8.75, 8.275],
			"rotation": {"angle": 0, "axis": "y", "origin": [0.5, -1, 8]},
			"faces": {
				"north": {"uv": [7.875, 6.25, 7.75, 6.625], "texture": "#0"},
				"east": {"uv": [7.75, 6.25, 7.875, 6.625], "texture": "#0"},
				"south": {"uv": [7.75, 6.25, 7.875, 6.625], "texture": "#0"},
				"west": {"uv": [7.75, 6.25, 7.875, 6.625], "texture": "#0"},
				"up": {"uv": [7.75, 6.25, 7.875, 6.375], "texture": "#0"},
				"down": {"uv": [7.75, 6.5, 7.875, 6.625], "texture": "#0"}
			}
		},
		{
			"name": "ts1_32",
			"from": [8.375, 8.5, 7.85],
			"to": [8.5, 8.625, 8.275],
			"rotation": {"angle": 0, "axis": "y", "origin": [0.5, -1, 8]},
			"faces": {
				"north": {"uv": [8, 6.375, 7.875, 6.5], "texture": "#0"},
				"east": {"uv": [7.875, 6.375, 8, 6.5], "texture": "#0"},
				"south": {"uv": [7.875, 6.375, 8, 6.5], "texture": "#0"},
				"up": {"uv": [7.875, 6.375, 8, 6.5], "texture": "#0"},
				"down": {"uv": [7.875, 6.375, 8, 6.5], "texture": "#0"}
			}
		},
		{
			"name": "ts1_33",
			"from": [8.125, 8.25, 7.85],
			"to": [8.25, 8.5, 8.275],
			"rotation": {"angle": 0, "axis": "y", "origin": [0.5, -1, 8]},
			"faces": {
				"north": {"uv": [7.75, 6.5, 7.625, 6.75], "texture": "#0"},
				"east": {"uv": [7.625, 6.5, 7.75, 6.75], "texture": "#0"},
				"south": {"uv": [7.625, 6.5, 7.75, 6.75], "texture": "#0"},
				"west": {"uv": [7.625, 6.5, 7.75, 6.75], "texture": "#0"},
				"up": {"uv": [7.625, 6.5, 7.75, 6.625], "texture": "#0"},
				"down": {"uv": [7.625, 6.625, 7.75, 6.75], "texture": "#0"}
			}
		},
		{
			"name": "ts1_34",
			"from": [8, 8.125, 7.85],
			"to": [8.125, 8.25, 8.275],
			"rotation": {"angle": 0, "axis": "y", "origin": [0.5, -1, 8]},
			"faces": {
				"north": {"uv": [7.625, 6.75, 7.5, 6.875], "texture": "#0"},
				"east": {"uv": [7.5, 6.75, 7.625, 6.875], "texture": "#0"},
				"south": {"uv": [7.5, 6.75, 7.625, 6.875], "texture": "#0"},
				"west": {"uv": [7.5, 6.75, 7.625, 6.875], "texture": "#0"},
				"up": {"uv": [7.5, 6.75, 7.625, 6.875], "texture": "#0"},
				"down": {"uv": [7.5, 6.75, 7.625, 6.875], "texture": "#0"}
			}
		},
		{
			"name": "ts1_35",
			"from": [7.75, 2.625, 7.8],
			"to": [8.375, 2.75, 8.325],
			"rotation": {"angle": 0, "axis": "y", "origin": [0.5, -1, 8]},
			"faces": {
				"north": {"uv": [7.875, 12.25, 7.25, 12.375], "texture": "#0"},
				"east": {"uv": [7.75, 12.25, 7.875, 12.375], "texture": "#0"},
				"south": {"uv": [7.25, 12.25, 7.875, 12.375], "texture": "#0"},
				"west": {"uv": [7.25, 12.25, 7.375, 12.375], "texture": "#0"},
				"up": {"uv": [7.25, 12.25, 7.875, 12.375], "texture": "#0"}
			}
		},
		{
			"name": "ts1_36",
			"from": [7.75, 2.375, 7.8],
			"to": [8.375, 2.5, 8.325],
			"rotation": {"angle": 0, "axis": "y", "origin": [0.5, -1, 8]},
			"faces": {
				"north": {"uv": [7.875, 12.5, 7.25, 12.625], "texture": "#0"},
				"east": {"uv": [7.75, 12.5, 7.875, 12.625], "texture": "#0"},
				"south": {"uv": [7.25, 12.5, 7.875, 12.625], "texture": "#0"},
				"west": {"uv": [7.25, 12.5, 7.375, 12.625], "texture": "#0"},
				"down": {"uv": [7.25, 12.5, 7.875, 12.625], "texture": "#0"}
			}
		},
		{
			"name": "ts1_37",
			"from": [7.75, 1.875, 7.8],
			"to": [8.375, 2.125, 8.325],
			"rotation": {"angle": 0, "axis": "y", "origin": [0.5, -1, 8]},
			"faces": {
				"north": {"uv": [7.875, 12.875, 7.25, 13.125], "texture": "#0"},
				"east": {"uv": [7.75, 12.875, 7.875, 13.125], "texture": "#0"},
				"south": {"uv": [7.25, 12.875, 7.875, 13.125], "texture": "#0"},
				"west": {"uv": [7.25, 12.875, 7.375, 13.125], "texture": "#0"},
				"up": {"uv": [7.25, 12.875, 7.875, 13], "texture": "#0"},
				"down": {"uv": [7.25, 13, 7.875, 13.125], "texture": "#0"}
			}
		},
		{
			"name": "ts1_38",
			"from": [8.125, 1.25, 7.95],
			"to": [8.375, 1.375, 8.175],
			"rotation": {"angle": 0, "axis": "y", "origin": [0.5, -1, 8]},
			"faces": {
				"north": {"uv": [7.875, 13.625, 7.625, 13.75], "texture": "#0"},
				"south": {"uv": [7.625, 13.625, 7.875, 13.75], "texture": "#0"}
			}
		},
		{
			"name": "ts1_39",
			"from": [7.875, 1, 7.95],
			"to": [8.25, 1.25, 8.175],
			"rotation": {"angle": 0, "axis": "y", "origin": [0.5, -1, 8]},
			"faces": {
				"north": {"uv": [7.75, 13.75, 7.375, 14], "texture": "#0"},
				"east": {"uv": [7.625, 13.75, 7.75, 14], "texture": "#0"},
				"south": {"uv": [7.375, 13.75, 7.75, 14], "texture": "#0"},
				"west": {"uv": [7.375, 13.75, 7.5, 14], "texture": "#0"},
				"up": {"uv": [7.375, 13.75, 7.75, 13.875], "texture": "#0"},
				"down": {"uv": [7.375, 13.875, 7.75, 14], "texture": "#0"}
			}
		},
		{
			"name": "ts1_40",
			"from": [7.75, 0.875, 7.95],
			"to": [7.875, 1.125, 8.175],
			"rotation": {"angle": 0, "axis": "y", "origin": [0.5, -1, 8]},
			"faces": {
				"north": {"uv": [7.375, 13.875, 7.25, 14.125], "texture": "#0"},
				"south": {"uv": [7.25, 13.875, 7.375, 14.125], "texture": "#0"},
				"west": {"uv": [7.25, 13.875, 7.375, 14.125], "texture": "#0"},
				"up": {"uv": [7.25, 13.875, 7.375, 14], "texture": "#0"},
				"down": {"uv": [7.25, 14, 7.375, 14.125], "texture": "#0"}
			}
		},
		{
			"name": "ts1_41",
			"from": [7.625, 0.625, 7.95],
			"to": [7.75, 1, 8.175],
			"rotation": {"angle": 0, "axis": "y", "origin": [0.5, -1, 8]},
			"faces": {
				"north": {"uv": [7.25, 14, 7.125, 14.375], "texture": "#0"},
				"east": {"uv": [7.125, 14, 7.25, 14.375], "texture": "#0"},
				"south": {"uv": [7.125, 14, 7.25, 14.375], "texture": "#0"},
				"west": {"uv": [7.125, 14, 7.25, 14.375], "texture": "#0"},
				"up": {"uv": [7.125, 14, 7.25, 14.125], "texture": "#0"},
				"down": {"uv": [7.125, 14.25, 7.25, 14.375], "texture": "#0"}
			}
		},
		{
			"name": "ts1_42",
			"from": [7.875, 0.875, 7.95],
			"to": [8.125, 1, 8.175],
			"rotation": {"angle": 0, "axis": "y", "origin": [0.5, -1, 8]},
			"faces": {
				"north": {"uv": [7.625, 14, 7.375, 14.125], "texture": "#0"},
				"east": {"uv": [7.5, 14, 7.625, 14.125], "texture": "#0"},
				"south": {"uv": [7.375, 14, 7.625, 14.125], "texture": "#0"},
				"down": {"uv": [7.375, 14, 7.625, 14.125], "texture": "#0"}
			}
		},
		{
			"name": "ts1_43",
			"from": [7.5, 0.75, 7.95],
			"to": [7.625, 0.875, 8.175],
			"rotation": {"angle": 0, "axis": "y", "origin": [0.5, -1, 8]},
			"faces": {
				"north": {"uv": [7.125, 14.125, 7, 14.25], "texture": "#0"},
				"south": {"uv": [7, 14.125, 7.125, 14.25], "texture": "#0"},
				"west": {"uv": [7, 14.125, 7.125, 14.25], "texture": "#0"},
				"up": {"uv": [7, 14.125, 7.125, 14.25], "texture": "#0"},
				"down": {"uv": [7, 14.125, 7.125, 14.25], "texture": "#0"}
			}
		},
		{
			"name": "ts1_44",
			"from": [7.875, 0.75, 7.95],
			"to": [8, 0.875, 8.175],
			"rotation": {"angle": 0, "axis": "y", "origin": [0.5, -1, 8]},
			"faces": {
				"north": {"uv": [7.5, 14.125, 7.375, 14.25], "texture": "#0"},
				"east": {"uv": [7.375, 14.125, 7.5, 14.25], "texture": "#0"},
				"south": {"uv": [7.375, 14.125, 7.5, 14.25], "texture": "#0"},
				"west": {"uv": [7.375, 14.125, 7.5, 14.25], "texture": "#0"},
				"down": {"uv": [7.375, 14.125, 7.5, 14.25], "texture": "#0"}
			}
		},
		{
			"name": "ts3_0",
			"from": [7.625, 10.75, 7.75],
			"to": [8.5, 11, 8.375],
			"rotation": {"angle": 0, "axis": "y", "origin": [0.5, -1, 8]},
			"faces": {
				"north": {"uv": [8, 4, 7.125, 4.25], "texture": "#0"},
				"east": {"uv": [7.875, 4, 8, 4.25], "texture": "#0"},
				"south": {"uv": [7.125, 4, 8, 4.25], "texture": "#0"},
				"west": {"uv": [7.125, 4, 7.25, 4.25], "texture": "#0"},
				"up": {"uv": [7.125, 4, 8, 4.125], "texture": "#0"},
				"down": {"uv": [7.125, 4.125, 8, 4.25], "texture": "#0"}
			}
		}
	],
	"gui_light": "front",
	"display": {
		"thirdperson_righthand": {
			"rotation": [0, -90, 0],
			"translation": [0, 1.75, 1],
			"scale": [3, 3, 3]
		},
		"thirdperson_lefthand": {
			"rotation": [0, 90, 0],
			"translation": [0, 1.75, 1],
			"scale": [3, 3, 3]
		},
		"firstperson_righthand": {
			"rotation": [8, -90, 0],
			"translation": [0, 5, 0.75],
			"scale": [1.8, 1.8, 1.8]
		},
		"firstperson_lefthand": {
			"rotation": [8, 90, 0],
			"translation": [0, 5, 0.75],
			"scale": [1.8, 1.8, 1.8]
		},
		"ground": {
			"translation": [0, 7, 0.5],
			"scale": [2, 2, 2]
		},
		"gui": {
			"rotation": [0, 0, -43],
			"translation": [1.5, 1.5, 0],
			"scale": [1.8, 1.8, 1.8]
		},
		"head": {
			"rotation": [0, 0, 144],
			"translation": [-2.5, -19, 3.75],
			"scale": [4, 4, 4]
		},
		"fixed": {
			"rotation": [0, 179, -45],
			"translation": [-4.75, 6, -0.75],
			"scale": [4, 4, 4]
		}
	},
	"groups": [
		{
			"name": "ts2",
			"origin": [8, 8, 8],
			"color": 0,
			"children": [0, 1, 2, 3, 4, 5, 6, 7, 8, 9, 10, 11, 12, 13, 14, 15, 16, 17, 18, 19, 20, 21, 22, 23, 24, 25, 26, 27, 28, 29, 30, 31, 32, 33, 34, 35, 36, 37, 38, 39, 40, 41, 42]
		},
		{
			"name": "ts1",
			"origin": [8, 8, 8],
			"color": 0,
			"children": [43, 44, 45, 46, 47, 48, 49, 50, 51, 52, 53, 54, 55, 56, 57, 58, 59, 60, 61, 62, 63, 64, 65, 66, 67, 68, 69, 70, 71, 72, 73, 74, 75, 76, 77, 78, 79, 80, 81, 82, 83, 84, 85, 86, 87]
		},
		{
			"name": "ts3",
			"origin": [8, 8, 8],
			"color": 0,
			"children": [88]
		}
	]
}