{
	"credit": "Made with Blockbench",
	"textures": {
		"0": "archon:item/void_scepter",
		"particle": "archon:item/void_scepter"
	},
	"elements": [
		{
			"name": "vs2_0",
			"from": [7.625, 14.875, 7.95],
			"to": [7.75, 15.375, 8.175],
			"rotation": {"angle": 0, "axis": "y", "origin": [0, 0, 8]},
			"faces": {
				"north": {"uv": [7.75, 0.625, 7.625, 1.125], "texture": "#0"},
				"east": {"uv": [7.625, 0.625, 7.75, 1.125], "texture": "#0"},
				"south": {"uv": [7.625, 0.625, 7.75, 1.125], "texture": "#0"},
				"west": {"uv": [7.625, 0.625, 7.75, 1.125], "texture": "#0"},
				"up": {"uv": [7.625, 0.625, 7.75, 0.75], "texture": "#0"}
			}
		},
		{
			"name": "vs2_1",
			"from": [7.5, 14.5, 7.95],
			"to": [7.625, 14.875, 8.175],
			"rotation": {"angle": 0, "axis": "y", "origin": [0, 0, 8]},
			"faces": {
				"north": {"uv": [7.625, 1.125, 7.5, 1.5], "texture": "#0"},
				"south": {"uv": [7.5, 1.125, 7.625, 1.5], "texture": "#0"},
				"west": {"uv": [7.5, 1.125, 7.625, 1.5], "texture": "#0"},
				"up": {"uv": [7.5, 1.125, 7.625, 1.25], "texture": "#0"}
			}
		},
		{
			"name": "vs2_2",
			"from": [7.75, 14.5, 7.95],
			"to": [7.875, 14.875, 8.175],
			"rotation": {"angle": 0, "axis": "y", "origin": [0, 0, 8]},
			"faces": {
				"north": {"uv": [7.875, 1.125, 7.75, 1.5], "texture": "#0"},
				"east": {"uv": [7.75, 1.125, 7.875, 1.5], "texture": "#0"},
				"south": {"uv": [7.75, 1.125, 7.875, 1.5], "texture": "#0"},
				"up": {"uv": [7.75, 1.125, 7.875, 1.25], "texture": "#0"}
			}
		},
		{
			"name": "vs2_3",
			"from": [6.75, 14.5, 7.95],
			"to": [6.875, 14.625, 8.175],
			"rotation": {"angle": 0, "axis": "y", "origin": [0, 0, 8]},
			"faces": {
				"north": {"uv": [6.875, 1.375, 6.75, 1.5], "texture": "#0"},
				"east": {"uv": [6.75, 1.375, 6.875, 1.5], "texture": "#0"},
				"south": {"uv": [6.75, 1.375, 6.875, 1.5], "texture": "#0"},
				"west": {"uv": [6.75, 1.375, 6.875, 1.5], "texture": "#0"},
				"up": {"uv": [6.75, 1.375, 6.875, 1.5], "texture": "#0"},
				"down": {"uv": [6.75, 1.375, 6.875, 1.5], "texture": "#0"}
			}
		},
		{
			"name": "vs2_4",
			"from": [8.5, 14.5, 7.95],
			"to": [8.625, 14.625, 8.175],
			"rotation": {"angle": 0, "axis": "y", "origin": [0, 0, 8]},
			"faces": {
				"north": {"uv": [8.625, 1.375, 8.5, 1.5], "texture": "#0"},
				"east": {"uv": [8.5, 1.375, 8.625, 1.5], "texture": "#0"},
				"south": {"uv": [8.5, 1.375, 8.625, 1.5], "texture": "#0"},
				"west": {"uv": [8.5, 1.375, 8.625, 1.5], "texture": "#0"},
				"up": {"uv": [8.5, 1.375, 8.625, 1.5], "texture": "#0"},
				"down": {"uv": [8.5, 1.375, 8.625, 1.5], "texture": "#0"}
			}
		},
		{
			"name": "vs2_5",
			"from": [6.875, 14.25, 7.95],
			"to": [7.125, 14.5, 8.175],
			"rotation": {"angle": 0, "axis": "y", "origin": [0, 0, 8]},
			"faces": {
				"north": {"uv": [7.125, 1.5, 6.875, 1.75], "texture": "#0"},
				"east": {"uv": [7, 1.5, 7.125, 1.75], "texture": "#0"},
				"south": {"uv": [6.875, 1.5, 7.125, 1.75], "texture": "#0"},
				"west": {"uv": [6.875, 1.5, 7, 1.75], "texture": "#0"},
				"up": {"uv": [6.875, 1.5, 7.125, 1.625], "texture": "#0"},
				"down": {"uv": [6.875, 1.625, 7.125, 1.75], "texture": "#0"}
			}
		},
		{
			"name": "vs2_6",
			"from": [7.375, 14.375, 7.95],
			"to": [7.5, 14.5, 8.175],
			"rotation": {"angle": 0, "axis": "y", "origin": [0, 0, 8]},
			"faces": {
				"north": {"uv": [7.5, 1.5, 7.375, 1.625], "texture": "#0"},
				"south": {"uv": [7.375, 1.5, 7.5, 1.625], "texture": "#0"},
				"west": {"uv": [7.375, 1.5, 7.5, 1.625], "texture": "#0"},
				"up": {"uv": [7.375, 1.5, 7.5, 1.625], "texture": "#0"}
			}
		},
		{
			"name": "vs2_7",
			"from": [7.875, 14.375, 7.95],
			"to": [8, 14.5, 8.175],
			"rotation": {"angle": 0, "axis": "y", "origin": [0, 0, 8]},
			"faces": {
				"north": {"uv": [8, 1.5, 7.875, 1.625], "texture": "#0"},
				"east": {"uv": [7.875, 1.5, 8, 1.625], "texture": "#0"},
				"south": {"uv": [7.875, 1.5, 8, 1.625], "texture": "#0"},
				"up": {"uv": [7.875, 1.5, 8, 1.625], "texture": "#0"}
			}
		},
		{
			"name": "vs2_8",
			"from": [8.25, 14.25, 7.95],
			"to": [8.5, 14.5, 8.175],
			"rotation": {"angle": 0, "axis": "y", "origin": [0, 0, 8]},
			"faces": {
				"north": {"uv": [8.5, 1.5, 8.25, 1.75], "texture": "#0"},
				"east": {"uv": [8.375, 1.5, 8.5, 1.75], "texture": "#0"},
				"south": {"uv": [8.25, 1.5, 8.5, 1.75], "texture": "#0"},
				"west": {"uv": [8.25, 1.5, 8.375, 1.75], "texture": "#0"},
				"up": {"uv": [8.25, 1.5, 8.5, 1.625], "texture": "#0"},
				"down": {"uv": [8.25, 1.625, 8.5, 1.75], "texture": "#0"}
			}
		},
		{
			"name": "vs2_9",
			"from": [7.125, 14.25, 7.95],
			"to": [7.375, 14.375, 8.175],
			"rotation": {"angle": 0, "axis": "y", "origin": [0, 0, 8]},
			"faces": {
				"north": {"uv": [7.375, 1.625, 7.125, 1.75], "texture": "#0"},
				"south": {"uv": [7.125, 1.625, 7.375, 1.75], "texture": "#0"},
				"up": {"uv": [7.125, 1.625, 7.375, 1.75], "texture": "#0"}
			}
		},
		{
			"name": "vs2_10",
			"from": [8, 14.25, 7.95],
			"to": [8.25, 14.375, 8.175],
			"rotation": {"angle": 0, "axis": "y", "origin": [0, 0, 8]},
			"faces": {
				"north": {"uv": [8.25, 1.625, 8, 1.75], "texture": "#0"},
				"south": {"uv": [8, 1.625, 8.25, 1.75], "texture": "#0"},
				"up": {"uv": [8, 1.625, 8.25, 1.75], "texture": "#0"}
			}
		},
		{
			"name": "vs2_11",
			"from": [7, 14, 7.95],
			"to": [7.125, 14.25, 8.175],
			"rotation": {"angle": 0, "axis": "y", "origin": [0, 0, 8]},
			"faces": {
				"north": {"uv": [7.125, 1.75, 7, 2], "texture": "#0"},
				"south": {"uv": [7, 1.75, 7.125, 2], "texture": "#0"},
				"west": {"uv": [7, 1.75, 7.125, 2], "texture": "#0"}
			}
		},
		{
			"name": "vs2_12",
			"from": [8.25, 14, 7.95],
			"to": [8.375, 14.25, 8.175],
			"rotation": {"angle": 0, "axis": "y", "origin": [0, 0, 8]},
			"faces": {
				"north": {"uv": [8.375, 1.75, 8.25, 2], "texture": "#0"},
				"east": {"uv": [8.25, 1.75, 8.375, 2], "texture": "#0"},
				"south": {"uv": [8.25, 1.75, 8.375, 2], "texture": "#0"}
			}
		},
		{
			"name": "vs2_13",
			"from": [7.625, 14, 8],
			"to": [7.75, 14.125, 8.125],
			"rotation": {"angle": 0, "axis": "y", "origin": [0, 0, 8]},
			"faces": {
				"north": {"uv": [7.75, 1.875, 7.625, 2], "texture": "#0"},
				"east": {"uv": [7.625, 1.875, 7.75, 2], "texture": "#0"},
				"south": {"uv": [7.625, 1.875, 7.75, 2], "texture": "#0"},
				"west": {"uv": [7.625, 1.875, 7.75, 2], "texture": "#0"}
			}
		},
		{
			"name": "vs2_14",
			"from": [6.875, 13.875, 7.95],
			"to": [7, 14, 8.175],
			"rotation": {"angle": 0, "axis": "y", "origin": [0, 0, 8]},
			"faces": {
				"north": {"uv": [7, 2, 6.875, 2.125], "texture": "#0"},
				"south": {"uv": [6.875, 2, 7, 2.125], "texture": "#0"},
				"west": {"uv": [6.875, 2, 7, 2.125], "texture": "#0"},
				"up": {"uv": [6.875, 2, 7, 2.125], "texture": "#0"}
			}
		},
		{
			"name": "vs2_15",
			"from": [8.375, 13.875, 7.95],
			"to": [8.5, 14, 8.175],
			"rotation": {"angle": 0, "axis": "y", "origin": [0, 0, 8]},
			"faces": {
				"north": {"uv": [8.5, 2, 8.375, 2.125], "texture": "#0"},
				"east": {"uv": [8.375, 2, 8.5, 2.125], "texture": "#0"},
				"south": {"uv": [8.375, 2, 8.5, 2.125], "texture": "#0"},
				"up": {"uv": [8.375, 2, 8.5, 2.125], "texture": "#0"}
			}
		},
		{
			"name": "vs2_16",
			"from": [6.5, 13.75, 7.95],
			"to": [6.875, 13.875, 8.175],
			"rotation": {"angle": 0, "axis": "y", "origin": [0, 0, 8]},
			"faces": {
				"north": {"uv": [6.875, 2.125, 6.5, 2.25], "texture": "#0"},
				"south": {"uv": [6.5, 2.125, 6.875, 2.25], "texture": "#0"},
				"west": {"uv": [6.5, 2.125, 6.625, 2.25], "texture": "#0"},
				"up": {"uv": [6.5, 2.125, 6.875, 2.25], "texture": "#0"}
			}
		},
		{
			"name": "vs2_17",
			"from": [8.5, 13.75, 7.95],
			"to": [8.875, 13.875, 8.175],
			"rotation": {"angle": 0, "axis": "y", "origin": [0, 0, 8]},
			"faces": {
				"north": {"uv": [8.875, 2.125, 8.5, 2.25], "texture": "#0"},
				"east": {"uv": [8.75, 2.125, 8.875, 2.25], "texture": "#0"},
				"south": {"uv": [8.5, 2.125, 8.875, 2.25], "texture": "#0"},
				"up": {"uv": [8.5, 2.125, 8.875, 2.25], "texture": "#0"}
			}
		},
		{
			"name": "vs2_18",
			"from": [6, 13.625, 7.95],
			"to": [6.5, 13.75, 8.175],
			"rotation": {"angle": 0, "axis": "y", "origin": [0, 0, 8]},
			"faces": {
				"north": {"uv": [6.5, 2.25, 6, 2.375], "texture": "#0"},
				"south": {"uv": [6, 2.25, 6.5, 2.375], "texture": "#0"},
				"west": {"uv": [6, 2.25, 6.125, 2.375], "texture": "#0"},
				"up": {"uv": [6, 2.25, 6.5, 2.375], "texture": "#0"},
				"down": {"uv": [6, 2.25, 6.5, 2.375], "texture": "#0"}
			}
		},
		{
			"name": "vs2_19",
			"from": [7.25, 13.625, 8],
			"to": [7.375, 13.75, 8.125],
			"rotation": {"angle": 0, "axis": "y", "origin": [0, 0, 8]},
			"faces": {
				"north": {"uv": [7.375, 2.25, 7.25, 2.375], "texture": "#0"},
				"south": {"uv": [7.25, 2.25, 7.375, 2.375], "texture": "#0"},
				"up": {"uv": [7.25, 2.25, 7.375, 2.375], "texture": "#0"},
				"down": {"uv": [7.25, 2.25, 7.375, 2.375], "texture": "#0"}
			}
		},
		{
			"name": "vs2_20",
			"from": [8, 13.625, 8],
			"to": [8.125, 13.75, 8.125],
			"rotation": {"angle": 0, "axis": "y", "origin": [0, 0, 8]},
			"faces": {
				"north": {"uv": [8.125, 2.25, 8, 2.375], "texture": "#0"},
				"south": {"uv": [8, 2.25, 8.125, 2.375], "texture": "#0"},
				"up": {"uv": [8, 2.25, 8.125, 2.375], "texture": "#0"},
				"down": {"uv": [8, 2.25, 8.125, 2.375], "texture": "#0"}
			}
		},
		{
			"name": "vs2_21",
			"from": [8.875, 13.625, 7.95],
			"to": [9.375, 13.75, 8.175],
			"rotation": {"angle": 0, "axis": "y", "origin": [0, 0, 8]},
			"faces": {
				"north": {"uv": [9.375, 2.25, 8.875, 2.375], "texture": "#0"},
				"east": {"uv": [9.25, 2.25, 9.375, 2.375], "texture": "#0"},
				"south": {"uv": [8.875, 2.25, 9.375, 2.375], "texture": "#0"},
				"up": {"uv": [8.875, 2.25, 9.375, 2.375], "texture": "#0"},
				"down": {"uv": [8.875, 2.25, 9.375, 2.375], "texture": "#0"}
			}
		},
		{
			"name": "vs2_22",
			"from": [6.5, 13.5, 7.95],
			"to": [6.875, 13.625, 8.175],
			"rotation": {"angle": 0, "axis": "y", "origin": [0, 0, 8]},
			"faces": {
				"north": {"uv": [6.875, 2.375, 6.5, 2.5], "texture": "#0"},
				"south": {"uv": [6.5, 2.375, 6.875, 2.5], "texture": "#0"},
				"west": {"uv": [6.5, 2.375, 6.625, 2.5], "texture": "#0"},
				"down": {"uv": [6.5, 2.375, 6.875, 2.5], "texture": "#0"}
			}
		},
		{
			"name": "vs2_23",
			"from": [8.5, 13.5, 7.95],
			"to": [8.875, 13.625, 8.175],
			"rotation": {"angle": 0, "axis": "y", "origin": [0, 0, 8]},
			"faces": {
				"north": {"uv": [8.875, 2.375, 8.5, 2.5], "texture": "#0"},
				"east": {"uv": [8.75, 2.375, 8.875, 2.5], "texture": "#0"},
				"south": {"uv": [8.5, 2.375, 8.875, 2.5], "texture": "#0"},
				"down": {"uv": [8.5, 2.375, 8.875, 2.5], "texture": "#0"}
			}
		},
		{
			"name": "vs2_24",
			"from": [6.875, 13.375, 7.95],
			"to": [7, 13.5, 8.175],
			"rotation": {"angle": 0, "axis": "y", "origin": [0, 0, 8]},
			"faces": {
				"north": {"uv": [7, 2.5, 6.875, 2.625], "texture": "#0"},
				"south": {"uv": [6.875, 2.5, 7, 2.625], "texture": "#0"},
				"west": {"uv": [6.875, 2.5, 7, 2.625], "texture": "#0"},
				"down": {"uv": [6.875, 2.5, 7, 2.625], "texture": "#0"}
			}
		},
		{
			"name": "vs2_25",
			"from": [8.375, 13.375, 7.95],
			"to": [8.5, 13.5, 8.175],
			"rotation": {"angle": 0, "axis": "y", "origin": [0, 0, 8]},
			"faces": {
				"north": {"uv": [8.5, 2.5, 8.375, 2.625], "texture": "#0"},
				"east": {"uv": [8.375, 2.5, 8.5, 2.625], "texture": "#0"},
				"south": {"uv": [8.375, 2.5, 8.5, 2.625], "texture": "#0"},
				"down": {"uv": [8.375, 2.5, 8.5, 2.625], "texture": "#0"}
			}
		},
		{
			"name": "vs2_26",
			"from": [7, 12.875, 7.95],
			"to": [7.125, 13.375, 8.175],
			"rotation": {"angle": 0, "axis": "y", "origin": [0, 0, 8]},
			"faces": {
				"north": {"uv": [7.125, 2.625, 7, 3.125], "texture": "#0"},
				"east": {"uv": [7, 2.625, 7.125, 3.125], "texture": "#0"},
				"south": {"uv": [7, 2.625, 7.125, 3.125], "texture": "#0"},
				"west": {"uv": [7, 2.625, 7.125, 3.125], "texture": "#0"},
				"down": {"uv": [7, 3, 7.125, 3.125], "texture": "#0"}
			}
		},
		{
			"name": "vs2_27",
			"from": [7.625, 13.25, 8],
			"to": [7.75, 13.375, 8.125],
			"rotation": {"angle": 0, "axis": "y", "origin": [0, 0, 8]},
			"faces": {
				"north": {"uv": [7.75, 2.625, 7.625, 2.75], "texture": "#0"},
				"east": {"uv": [7.625, 2.625, 7.75, 2.75], "texture": "#0"},
				"south": {"uv": [7.625, 2.625, 7.75, 2.75], "texture": "#0"},
				"west": {"uv": [7.625, 2.625, 7.75, 2.75], "texture": "#0"}
			}
		},
		{
			"name": "vs2_28",
			"from": [8.25, 12.875, 7.95],
			"to": [8.375, 13.375, 8.175],
			"rotation": {"angle": 0, "axis": "y", "origin": [0, 0, 8]},
			"faces": {
				"north": {"uv": [8.375, 2.625, 8.25, 3.125], "texture": "#0"},
				"east": {"uv": [8.25, 2.625, 8.375, 3.125], "texture": "#0"},
				"south": {"uv": [8.25, 2.625, 8.375, 3.125], "texture": "#0"},
				"west": {"uv": [8.25, 2.625, 8.375, 3.125], "texture": "#0"},
				"down": {"uv": [8.25, 3, 8.375, 3.125], "texture": "#0"}
			}
		},
		{
			"name": "vs2_29",
			"from": [6.875, 12.875, 7.95],
			"to": [7, 13.125, 8.175],
			"rotation": {"angle": 0, "axis": "y", "origin": [0, 0, 8]},
			"faces": {
				"north": {"uv": [7, 2.875, 6.875, 3.125], "texture": "#0"},
				"south": {"uv": [6.875, 2.875, 7, 3.125], "texture": "#0"},
				"west": {"uv": [6.875, 2.875, 7, 3.125], "texture": "#0"},
				"up": {"uv": [6.875, 2.875, 7, 3], "texture": "#0"},
				"down": {"uv": [6.875, 3, 7, 3.125], "texture": "#0"}
			}
		},
		{
			"name": "vs2_30",
			"from": [7.125, 13, 7.95],
			"to": [7.375, 13.125, 8.175],
			"rotation": {"angle": 0, "axis": "y", "origin": [0, 0, 8]},
			"faces": {
				"north": {"uv": [7.375, 2.875, 7.125, 3], "texture": "#0"},
				"south": {"uv": [7.125, 2.875, 7.375, 3], "texture": "#0"},
				"down": {"uv": [7.125, 2.875, 7.375, 3], "texture": "#0"}
			}
		},
		{
			"name": "vs2_31",
			"from": [8, 13, 7.95],
			"to": [8.25, 13.125, 8.175],
			"rotation": {"angle": 0, "axis": "y", "origin": [0, 0, 8]},
			"faces": {
				"north": {"uv": [8.25, 2.875, 8, 3], "texture": "#0"},
				"south": {"uv": [8, 2.875, 8.25, 3], "texture": "#0"},
				"down": {"uv": [8, 2.875, 8.25, 3], "texture": "#0"}
			}
		},
		{
			"name": "vs2_32",
			"from": [8.375, 12.875, 7.95],
			"to": [8.5, 13.125, 8.175],
			"rotation": {"angle": 0, "axis": "y", "origin": [0, 0, 8]},
			"faces": {
				"north": {"uv": [8.5, 2.875, 8.375, 3.125], "texture": "#0"},
				"east": {"uv": [8.375, 2.875, 8.5, 3.125], "texture": "#0"},
				"south": {"uv": [8.375, 2.875, 8.5, 3.125], "texture": "#0"},
				"up": {"uv": [8.375, 2.875, 8.5, 3], "texture": "#0"},
				"down": {"uv": [8.375, 3, 8.5, 3.125], "texture": "#0"}
			}
		},
		{
			"name": "vs2_33",
			"from": [6.75, 12.75, 7.95],
			"to": [6.875, 12.875, 8.175],
			"rotation": {"angle": 0, "axis": "y", "origin": [0, 0, 8]},
			"faces": {
				"north": {"uv": [6.875, 3.125, 6.75, 3.25], "texture": "#0"},
				"east": {"uv": [6.75, 3.125, 6.875, 3.25], "texture": "#0"},
				"south": {"uv": [6.75, 3.125, 6.875, 3.25], "texture": "#0"},
				"west": {"uv": [6.75, 3.125, 6.875, 3.25], "texture": "#0"},
				"up": {"uv": [6.75, 3.125, 6.875, 3.25], "texture": "#0"},
				"down": {"uv": [6.75, 3.125, 6.875, 3.25], "texture": "#0"}
			}
		},
		{
			"name": "vs2_34",
			"from": [7.5, 12.625, 7.9],
			"to": [7.875, 12.875, 8.225],
			"rotation": {"angle": 0, "axis": "y", "origin": [0, 0, 8]},
			"faces": {
				"north": {"uv": [7.875, 3.125, 7.5, 3.375], "texture": "#0"},
				"east": {"uv": [7.75, 3.125, 7.875, 3.375], "texture": "#0"},
				"south": {"uv": [7.5, 3.125, 7.875, 3.375], "texture": "#0"},
				"west": {"uv": [7.5, 3.125, 7.625, 3.375], "texture": "#0"}
			}
		},
		{
			"name": "vs2_35",
			"from": [8.5, 12.75, 7.95],
			"to": [8.625, 12.875, 8.175],
			"rotation": {"angle": 0, "axis": "y", "origin": [0, 0, 8]},
			"faces": {
				"north": {"uv": [8.625, 3.125, 8.5, 3.25], "texture": "#0"},
				"east": {"uv": [8.5, 3.125, 8.625, 3.25], "texture": "#0"},
				"south": {"uv": [8.5, 3.125, 8.625, 3.25], "texture": "#0"},
				"west": {"uv": [8.5, 3.125, 8.625, 3.25], "texture": "#0"},
				"up": {"uv": [8.5, 3.125, 8.625, 3.25], "texture": "#0"},
				"down": {"uv": [8.5, 3.125, 8.625, 3.25], "texture": "#0"}
			}
		},
		{
			"name": "vs2_36",
			"from": [7.5, 12.25, 7.9],
			"to": [7.875, 12.375, 8.225],
			"rotation": {"angle": 0, "axis": "y", "origin": [0, 0, 8]},
			"faces": {
				"north": {"uv": [7.875, 3.625, 7.5, 3.75], "texture": "#0"},
				"east": {"uv": [7.75, 3.625, 7.875, 3.75], "texture": "#0"},
				"south": {"uv": [7.5, 3.625, 7.875, 3.75], "texture": "#0"},
				"west": {"uv": [7.5, 3.625, 7.625, 3.75], "texture": "#0"}
			}
		},
		{
			"name": "vs2_37",
			"from": [7.5, 11.875, 7.9],
			"to": [7.875, 12, 8.225],
			"rotation": {"angle": 0, "axis": "y", "origin": [0, 0, 8]},
			"faces": {
				"north": {"uv": [7.875, 4, 7.5, 4.125], "texture": "#0"},
				"east": {"uv": [7.75, 4, 7.875, 4.125], "texture": "#0"},
				"south": {"uv": [7.5, 4, 7.875, 4.125], "texture": "#0"},
				"west": {"uv": [7.5, 4, 7.625, 4.125], "texture": "#0"}
			}
		},
		{
			"name": "vs2_38",
			"from": [7.5, 1.875, 7.9],
			"to": [7.875, 11.625, 8.225],
			"rotation": {"angle": 0, "axis": "y", "origin": [0, 0, 8]},
			"faces": {
				"north": {"uv": [7.875, 4.375, 7.5, 14.125], "texture": "#0"},
				"east": {"uv": [7.75, 4.375, 7.875, 14.125], "texture": "#0"},
				"south": {"uv": [7.5, 4.375, 7.875, 14.125], "texture": "#0"},
				"west": {"uv": [7.5, 4.375, 7.625, 14.125], "texture": "#0"}
			}
		},
		{
			"name": "vs2_39",
			"from": [7.625, 1.375, 7.8],
			"to": [7.75, 1.75, 8.325],
			"rotation": {"angle": 0, "axis": "y", "origin": [0, 0, 8]},
			"faces": {
				"north": {"uv": [7.75, 14.25, 7.625, 14.625], "texture": "#0"},
				"east": {"uv": [7.625, 14.25, 7.75, 14.625], "texture": "#0"},
				"south": {"uv": [7.625, 14.25, 7.75, 14.625], "texture": "#0"},
				"west": {"uv": [7.625, 14.25, 7.75, 14.625], "texture": "#0"},
				"up": {"uv": [7.625, 14.25, 7.75, 14.375], "texture": "#0"},
				"down": {"uv": [7.625, 14.5, 7.75, 14.625], "texture": "#0"}
			}
		},
		{
			"name": "vs2_40",
			"from": [7.125, 1.5, 8],
			"to": [7.25, 1.625, 8.125],
			"rotation": {"angle": 0, "axis": "y", "origin": [0, 0, 8]},
			"faces": {
				"north": {"uv": [7.25, 14.375, 7.125, 14.5], "texture": "#0"},
				"south": {"uv": [7.125, 14.375, 7.25, 14.5], "texture": "#0"},
				"up": {"uv": [7.125, 14.375, 7.25, 14.5], "texture": "#0"},
				"down": {"uv": [7.125, 14.375, 7.25, 14.5], "texture": "#0"}
			}
		},
		{
			"name": "vs2_41",
			"from": [7.5, 1.5, 7.8],
			"to": [7.625, 1.625, 8.325],
			"rotation": {"angle": 0, "axis": "y", "origin": [0, 0, 8]},
			"faces": {
				"north": {"uv": [7.625, 14.375, 7.5, 14.5], "texture": "#0"},
				"south": {"uv": [7.5, 14.375, 7.625, 14.5], "texture": "#0"},
				"west": {"uv": [7.5, 14.375, 7.625, 14.5], "texture": "#0"},
				"up": {"uv": [7.5, 14.375, 7.625, 14.5], "texture": "#0"},
				"down": {"uv": [7.5, 14.375, 7.625, 14.5], "texture": "#0"}
			}
		},
		{
			"name": "vs2_42",
			"from": [7.75, 1.5, 7.8],
			"to": [7.875, 1.625, 8.325],
			"rotation": {"angle": 0, "axis": "y", "origin": [0, 0, 8]},
			"faces": {
				"north": {"uv": [7.875, 14.375, 7.75, 14.5], "texture": "#0"},
				"east": {"uv": [7.75, 14.375, 7.875, 14.5], "texture": "#0"},
				"south": {"uv": [7.75, 14.375, 7.875, 14.5], "texture": "#0"},
				"up": {"uv": [7.75, 14.375, 7.875, 14.5], "texture": "#0"},
				"down": {"uv": [7.75, 14.375, 7.875, 14.5], "texture": "#0"}
			}
		},
		{
			"name": "vs2_43",
			"from": [8.125, 1.5, 8],
			"to": [8.25, 1.625, 8.125],
			"rotation": {"angle": 0, "axis": "y", "origin": [0, 0, 8]},
			"faces": {
				"north": {"uv": [8.25, 14.375, 8.125, 14.5], "texture": "#0"},
				"south": {"uv": [8.125, 14.375, 8.25, 14.5], "texture": "#0"},
				"up": {"uv": [8.125, 14.375, 8.25, 14.5], "texture": "#0"},
				"down": {"uv": [8.125, 14.375, 8.25, 14.5], "texture": "#0"}
			}
		},
		{
			"name": "vs2_44",
			"from": [7.625, 1, 8],
			"to": [7.75, 1.125, 8.125],
			"rotation": {"angle": 0, "axis": "y", "origin": [0, 0, 8]},
			"faces": {
				"north": {"uv": [7.75, 14.875, 7.625, 15], "texture": "#0"},
				"east": {"uv": [7.625, 14.875, 7.75, 15], "texture": "#0"},
				"south": {"uv": [7.625, 14.875, 7.75, 15], "texture": "#0"},
				"west": {"uv": [7.625, 14.875, 7.75, 15], "texture": "#0"}
			}
		},
		{
			"name": "vs1_0",
			"from": [7.625, 14.125, 7.85],
			"to": [7.75, 14.875, 8.275],
			"rotation": {"angle": 0, "axis": "y", "origin": [0, 0, 8]},
			"faces": {
				"north": {"uv": [7.75, 1.125, 7.625, 1.875], "texture": "#0"},
				"east": {"uv": [7.625, 1.125, 7.75, 1.875], "texture": "#0"},
				"south": {"uv": [7.625, 1.125, 7.75, 1.875], "texture": "#0"},
				"west": {"uv": [7.625, 1.125, 7.75, 1.875], "texture": "#0"},
				"up": {"uv": [7.625, 1.125, 7.75, 1.25], "texture": "#0"},
				"down": {"uv": [7.625, 1.75, 7.75, 1.875], "texture": "#0"}
			}
		},
		{
			"name": "vs1_1",
			"from": [7.5, 14.125, 7.85],
			"to": [7.625, 14.5, 8.275],
			"rotation": {"angle": 0, "axis": "y", "origin": [0, 0, 8]},
			"faces": {
				"north": {"uv": [7.625, 1.5, 7.5, 1.875], "texture": "#0"},
				"south": {"uv": [7.5, 1.5, 7.625, 1.875], "texture": "#0"},
				"west": {"uv": [7.5, 1.5, 7.625, 1.875], "texture": "#0"},
				"up": {"uv": [7.5, 1.5, 7.625, 1.625], "texture": "#0"},
				"down": {"uv": [7.5, 1.75, 7.625, 1.875], "texture": "#0"}
			}
		},
		{
			"name": "vs1_2",
			"from": [7.75, 14.125, 7.85],
			"to": [7.875, 14.5, 8.275],
			"rotation": {"angle": 0, "axis": "y", "origin": [0, 0, 8]},
			"faces": {
				"north": {"uv": [7.875, 1.5, 7.75, 1.875], "texture": "#0"},
				"east": {"uv": [7.75, 1.5, 7.875, 1.875], "texture": "#0"},
				"south": {"uv": [7.75, 1.5, 7.875, 1.875], "texture": "#0"},
				"up": {"uv": [7.75, 1.5, 7.875, 1.625], "texture": "#0"},
				"down": {"uv": [7.75, 1.75, 7.875, 1.875], "texture": "#0"}
			}
		},
		{
			"name": "vs1_3",
			"from": [7.375, 14.125, 7.85],
			"to": [7.5, 14.375, 8.275],
			"rotation": {"angle": 0, "axis": "y", "origin": [0, 0, 8]},
			"faces": {
				"north": {"uv": [7.5, 1.625, 7.375, 1.875], "texture": "#0"},
				"south": {"uv": [7.375, 1.625, 7.5, 1.875], "texture": "#0"},
				"west": {"uv": [7.375, 1.625, 7.5, 1.875], "texture": "#0"},
				"up": {"uv": [7.375, 1.625, 7.5, 1.75], "texture": "#0"},
				"down": {"uv": [7.375, 1.75, 7.5, 1.875], "texture": "#0"}
			}
		},
		{
			"name": "vs1_4",
			"from": [7.875, 14.125, 7.85],
			"to": [8, 14.375, 8.275],
			"rotation": {"angle": 0, "axis": "y", "origin": [0, 0, 8]},
			"faces": {
				"north": {"uv": [8, 1.625, 7.875, 1.875], "texture": "#0"},
				"east": {"uv": [7.875, 1.625, 8, 1.875], "texture": "#0"},
				"south": {"uv": [7.875, 1.625, 8, 1.875], "texture": "#0"},
				"up": {"uv": [7.875, 1.625, 8, 1.75], "texture": "#0"},
				"down": {"uv": [7.875, 1.75, 8, 1.875], "texture": "#0"}
			}
		},
		{
			"name": "vs1_5",
			"from": [7.125, 14, 7.85],
			"to": [7.375, 14.25, 8.275],
			"rotation": {"angle": 0, "axis": "y", "origin": [0, 0, 8]},
			"faces": {
				"north": {"uv": [7.375, 1.75, 7.125, 2], "texture": "#0"},
				"east": {"uv": [7.25, 1.75, 7.375, 2], "texture": "#0"},
				"south": {"uv": [7.125, 1.75, 7.375, 2], "texture": "#0"},
				"west": {"uv": [7.125, 1.75, 7.25, 2], "texture": "#0"},
				"up": {"uv": [7.125, 1.75, 7.375, 1.875], "texture": "#0"},
				"down": {"uv": [7.125, 1.875, 7.375, 2], "texture": "#0"}
			}
		},
		{
			"name": "vs1_6",
			"from": [8, 14, 7.85],
			"to": [8.25, 14.25, 8.275],
			"rotation": {"angle": 0, "axis": "y", "origin": [0, 0, 8]},
			"faces": {
				"north": {"uv": [8.25, 1.75, 8, 2], "texture": "#0"},
				"east": {"uv": [8.125, 1.75, 8.25, 2], "texture": "#0"},
				"south": {"uv": [8, 1.75, 8.25, 2], "texture": "#0"},
				"west": {"uv": [8, 1.75, 8.125, 2], "texture": "#0"},
				"up": {"uv": [8, 1.75, 8.25, 1.875], "texture": "#0"},
				"down": {"uv": [8, 1.875, 8.25, 2], "texture": "#0"}
			}
		},
		{
			"name": "vs1_7",
			"from": [7, 13.375, 7.85],
			"to": [7.25, 14, 8.275],
			"rotation": {"angle": 0, "axis": "y", "origin": [0, 0, 8]},
			"faces": {
				"north": {"uv": [7.25, 2, 7, 2.625], "texture": "#0"},
				"east": {"uv": [7.125, 2, 7.25, 2.625], "texture": "#0"},
				"south": {"uv": [7, 2, 7.25, 2.625], "texture": "#0"},
				"west": {"uv": [7, 2, 7.125, 2.625], "texture": "#0"},
				"up": {"uv": [7, 2, 7.25, 2.125], "texture": "#0"},
				"down": {"uv": [7, 2.5, 7.25, 2.625], "texture": "#0"}
			}
		},
		{
			"name": "vs1_8",
			"from": [8.125, 13.375, 7.85],
			"to": [8.375, 14, 8.275],
			"rotation": {"angle": 0, "axis": "y", "origin": [0, 0, 8]},
			"faces": {
				"north": {"uv": [8.375, 2, 8.125, 2.625], "texture": "#0"},
				"east": {"uv": [8.25, 2, 8.375, 2.625], "texture": "#0"},
				"south": {"uv": [8.125, 2, 8.375, 2.625], "texture": "#0"},
				"west": {"uv": [8.125, 2, 8.25, 2.625], "texture": "#0"},
				"up": {"uv": [8.125, 2, 8.375, 2.125], "texture": "#0"},
				"down": {"uv": [8.125, 2.5, 8.375, 2.625], "texture": "#0"}
			}
		},
		{
			"name": "vs1_9",
			"from": [6.875, 13.5, 7.85],
			"to": [7, 13.875, 8.275],
			"rotation": {"angle": 0, "axis": "y", "origin": [0, 0, 8]},
			"faces": {
				"north": {"uv": [7, 2.125, 6.875, 2.5], "texture": "#0"},
				"south": {"uv": [6.875, 2.125, 7, 2.5], "texture": "#0"},
				"west": {"uv": [6.875, 2.125, 7, 2.5], "texture": "#0"},
				"up": {"uv": [6.875, 2.125, 7, 2.25], "texture": "#0"},
				"down": {"uv": [6.875, 2.375, 7, 2.5], "texture": "#0"}
			}
		},
		{
			"name": "vs1_10",
			"from": [8.375, 13.5, 7.85],
			"to": [8.5, 13.875, 8.275],
			"rotation": {"angle": 0, "axis": "y", "origin": [0, 0, 8]},
			"faces": {
				"north": {"uv": [8.5, 2.125, 8.375, 2.5], "texture": "#0"},
				"east": {"uv": [8.375, 2.125, 8.5, 2.5], "texture": "#0"},
				"south": {"uv": [8.375, 2.125, 8.5, 2.5], "texture": "#0"},
				"up": {"uv": [8.375, 2.125, 8.5, 2.25], "texture": "#0"},
				"down": {"uv": [8.375, 2.375, 8.5, 2.5], "texture": "#0"}
			}
		},
		{
			"name": "vs1_11",
			"from": [6.5, 13.625, 7.85],
			"to": [6.875, 13.75, 8.275],
			"rotation": {"angle": 0, "axis": "y", "origin": [0, 0, 8]},
			"faces": {
				"north": {"uv": [6.875, 2.25, 6.5, 2.375], "texture": "#0"},
				"south": {"uv": [6.5, 2.25, 6.875, 2.375], "texture": "#0"},
				"west": {"uv": [6.5, 2.25, 6.625, 2.375], "texture": "#0"},
				"up": {"uv": [6.5, 2.25, 6.875, 2.375], "texture": "#0"},
				"down": {"uv": [6.5, 2.25, 6.875, 2.375], "texture": "#0"}
			}
		},
		{
			"name": "vs1_12",
			"from": [8.5, 13.625, 7.85],
			"to": [8.875, 13.75, 8.275],
			"rotation": {"angle": 0, "axis": "y", "origin": [0, 0, 8]},
			"faces": {
				"north": {"uv": [8.875, 2.25, 8.5, 2.375], "texture": "#0"},
				"east": {"uv": [8.75, 2.25, 8.875, 2.375], "texture": "#0"},
				"south": {"uv": [8.5, 2.25, 8.875, 2.375], "texture": "#0"},
				"up": {"uv": [8.5, 2.25, 8.875, 2.375], "texture": "#0"},
				"down": {"uv": [8.5, 2.25, 8.875, 2.375], "texture": "#0"}
			}
		},
		{
			"name": "vs1_13",
			"from": [7.125, 13.125, 7.85],
			"to": [7.375, 13.375, 8.275],
			"rotation": {"angle": 0, "axis": "y", "origin": [0, 0, 8]},
			"faces": {
				"north": {"uv": [7.375, 2.625, 7.125, 2.875], "texture": "#0"},
				"east": {"uv": [7.25, 2.625, 7.375, 2.875], "texture": "#0"},
				"south": {"uv": [7.125, 2.625, 7.375, 2.875], "texture": "#0"},
				"west": {"uv": [7.125, 2.625, 7.25, 2.875], "texture": "#0"},
				"up": {"uv": [7.125, 2.625, 7.375, 2.75], "texture": "#0"},
				"down": {"uv": [7.125, 2.75, 7.375, 2.875], "texture": "#0"}
			}
		},
		{
			"name": "vs1_14",
			"from": [8, 13.125, 7.85],
			"to": [8.25, 13.375, 8.275],
			"rotation": {"angle": 0, "axis": "y", "origin": [0, 0, 8]},
			"faces": {
				"north": {"uv": [8.25, 2.625, 8, 2.875], "texture": "#0"},
				"east": {"uv": [8.125, 2.625, 8.25, 2.875], "texture": "#0"},
				"south": {"uv": [8, 2.625, 8.25, 2.875], "texture": "#0"},
				"west": {"uv": [8, 2.625, 8.125, 2.875], "texture": "#0"},
				"up": {"uv": [8, 2.625, 8.25, 2.75], "texture": "#0"},
				"down": {"uv": [8, 2.75, 8.25, 2.875], "texture": "#0"}
			}
		},
		{
			"name": "vs1_15",
			"from": [7.375, 12.875, 7.85],
			"to": [8, 13.25, 8.275],
			"rotation": {"angle": 0, "axis": "y", "origin": [0, 0, 8]},
			"faces": {
				"north": {"uv": [8, 2.75, 7.375, 3.125], "texture": "#0"},
				"east": {"uv": [7.875, 2.75, 8, 3.125], "texture": "#0"},
				"south": {"uv": [7.375, 2.75, 8, 3.125], "texture": "#0"},
				"west": {"uv": [7.375, 2.75, 7.5, 3.125], "texture": "#0"},
				"up": {"uv": [7.375, 2.75, 8, 2.875], "texture": "#0"},
				"down": {"uv": [7.375, 3, 8, 3.125], "texture": "#0"}
			}
		},
		{
			"name": "vs1_16",
			"from": [7.375, 12.375, 7.8],
			"to": [8, 12.625, 8.325],
			"rotation": {"angle": 0, "axis": "y", "origin": [0, 0, 8]},
			"faces": {
				"north": {"uv": [8, 3.375, 7.375, 3.625], "texture": "#0"},
				"east": {"uv": [7.875, 3.375, 8, 3.625], "texture": "#0"},
				"south": {"uv": [7.375, 3.375, 8, 3.625], "texture": "#0"},
				"west": {"uv": [7.375, 3.375, 7.5, 3.625], "texture": "#0"},
				"up": {"uv": [7.375, 3.375, 8, 3.5], "texture": "#0"},
				"down": {"uv": [7.375, 3.5, 8, 3.625], "texture": "#0"}
			}
		},
		{
			"name": "vs1_17",
			"from": [7.375, 12, 7.8],
			"to": [8, 12.25, 8.325],
			"rotation": {"angle": 0, "axis": "y", "origin": [0, 0, 8]},
			"faces": {
				"north": {"uv": [8, 3.75, 7.375, 4], "texture": "#0"},
				"east": {"uv": [7.875, 3.75, 8, 4], "texture": "#0"},
				"south": {"uv": [7.375, 3.75, 8, 4], "texture": "#0"},
				"west": {"uv": [7.375, 3.75, 7.5, 4], "texture": "#0"},
				"up": {"uv": [7.375, 3.75, 8, 3.875], "texture": "#0"},
				"down": {"uv": [7.375, 3.875, 8, 4], "texture": "#0"}
			}
		},
		{
			"name": "vs1_18",
			"from": [7.375, 11.625, 7.8],
			"to": [8, 11.875, 8.325],
			"rotation": {"angle": 0, "axis": "y", "origin": [0, 0, 8]},
			"faces": {
				"north": {"uv": [8, 4.125, 7.375, 4.375], "texture": "#0"},
				"east": {"uv": [7.875, 4.125, 8, 4.375], "texture": "#0"},
				"south": {"uv": [7.375, 4.125, 8, 4.375], "texture": "#0"},
				"west": {"uv": [7.375, 4.125, 7.5, 4.375], "texture": "#0"},
				"up": {"uv": [7.375, 4.125, 8, 4.25], "texture": "#0"},
				"down": {"uv": [7.375, 4.25, 8, 4.375], "texture": "#0"}
			}
		},
		{
			"name": "vs1_19",
			"from": [7.5, 1.75, 7.85],
			"to": [7.875, 1.875, 8.275],
			"rotation": {"angle": 0, "axis": "y", "origin": [0, 0, 8]},
			"faces": {
				"north": {"uv": [7.875, 14.125, 7.5, 14.25], "texture": "#0"},
				"east": {"uv": [7.75, 14.125, 7.875, 14.25], "texture": "#0"},
				"south": {"uv": [7.5, 14.125, 7.875, 14.25], "texture": "#0"},
				"west": {"uv": [7.5, 14.125, 7.625, 14.25], "texture": "#0"},
				"up": {"uv": [7.5, 14.125, 7.875, 14.25], "texture": "#0"}
			}
		},
		{
			"name": "vs1_20",
			"from": [7, 1.375, 7.9],
			"to": [7.125, 1.75, 8.225],
			"rotation": {"angle": 0, "axis": "y", "origin": [0, 0, 8]},
			"faces": {
				"north": {"uv": [7.125, 14.25, 7, 14.625], "texture": "#0"},
				"east": {"uv": [7, 14.25, 7.125, 14.625], "texture": "#0"},
				"south": {"uv": [7, 14.25, 7.125, 14.625], "texture": "#0"},
				"west": {"uv": [7, 14.25, 7.125, 14.625], "texture": "#0"},
				"up": {"uv": [7, 14.25, 7.125, 14.375], "texture": "#0"},
				"down": {"uv": [7, 14.5, 7.125, 14.625], "texture": "#0"}
			}
		},
		{
			"name": "vs1_21",
			"from": [7.25, 1.375, 7.85],
			"to": [7.5, 1.75, 8.275],
			"rotation": {"angle": 0, "axis": "y", "origin": [0, 0, 8]},
			"faces": {
				"north": {"uv": [7.5, 14.25, 7.25, 14.625], "texture": "#0"},
				"south": {"uv": [7.25, 14.25, 7.5, 14.625], "texture": "#0"},
				"west": {"uv": [7.25, 14.25, 7.375, 14.625], "texture": "#0"},
				"up": {"uv": [7.25, 14.25, 7.5, 14.375], "texture": "#0"},
				"down": {"uv": [7.25, 14.5, 7.5, 14.625], "texture": "#0"}
			}
		},
		{
			"name": "vs1_22",
			"from": [7.5, 1.625, 7.85],
			"to": [7.625, 1.75, 8.275],
			"rotation": {"angle": 0, "axis": "y", "origin": [0, 0, 8]},
			"faces": {
				"north": {"uv": [7.625, 14.25, 7.5, 14.375], "texture": "#0"},
				"south": {"uv": [7.5, 14.25, 7.625, 14.375], "texture": "#0"}
			}
		},
		{
			"name": "vs1_23",
			"from": [7.75, 1.625, 7.85],
			"to": [8.125, 1.75, 8.275],
			"rotation": {"angle": 0, "axis": "y", "origin": [0, 0, 8]},
			"faces": {
				"north": {"uv": [8.125, 14.25, 7.75, 14.375], "texture": "#0"},
				"east": {"uv": [8, 14.25, 8.125, 14.375], "texture": "#0"},
				"south": {"uv": [7.75, 14.25, 8.125, 14.375], "texture": "#0"},
				"up": {"uv": [7.75, 14.25, 8.125, 14.375], "texture": "#0"}
			}
		},
		{
			"name": "vs1_24",
			"from": [8.25, 1.375, 7.9],
			"to": [8.375, 1.75, 8.225],
			"rotation": {"angle": 0, "axis": "y", "origin": [0, 0, 8]},
			"faces": {
				"north": {"uv": [8.375, 14.25, 8.25, 14.625], "texture": "#0"},
				"east": {"uv": [8.25, 14.25, 8.375, 14.625], "texture": "#0"},
				"south": {"uv": [8.25, 14.25, 8.375, 14.625], "texture": "#0"},
				"west": {"uv": [8.25, 14.25, 8.375, 14.625], "texture": "#0"},
				"up": {"uv": [8.25, 14.25, 8.375, 14.375], "texture": "#0"},
				"down": {"uv": [8.25, 14.5, 8.375, 14.625], "texture": "#0"}
			}
		},
		{
			"name": "vs1_25",
			"from": [7.875, 1.375, 7.85],
			"to": [8.125, 1.625, 8.275],
			"rotation": {"angle": 0, "axis": "y", "origin": [0, 0, 8]},
			"faces": {
				"north": {"uv": [8.125, 14.375, 7.875, 14.625], "texture": "#0"},
				"east": {"uv": [8, 14.375, 8.125, 14.625], "texture": "#0"},
				"south": {"uv": [7.875, 14.375, 8.125, 14.625], "texture": "#0"},
				"down": {"uv": [7.875, 14.5, 8.125, 14.625], "texture": "#0"}
			}
		},
		{
			"name": "vs1_26",
			"from": [7.5, 1.125, 7.85],
			"to": [7.625, 1.5, 8.275],
			"rotation": {"angle": 0, "axis": "y", "origin": [0, 0, 8]},
			"faces": {
				"north": {"uv": [7.625, 14.5, 7.5, 14.875], "texture": "#0"},
				"south": {"uv": [7.5, 14.5, 7.625, 14.875], "texture": "#0"},
				"west": {"uv": [7.5, 14.5, 7.625, 14.875], "texture": "#0"},
				"down": {"uv": [7.5, 14.75, 7.625, 14.875], "texture": "#0"}
			}
		},
		{
			"name": "vs1_27",
			"from": [7.75, 1.125, 7.85],
			"to": [7.875, 1.5, 8.275],
			"rotation": {"angle": 0, "axis": "y", "origin": [0, 0, 8]},
			"faces": {
				"north": {"uv": [7.875, 14.5, 7.75, 14.875], "texture": "#0"},
				"east": {"uv": [7.75, 14.5, 7.875, 14.875], "texture": "#0"},
				"south": {"uv": [7.75, 14.5, 7.875, 14.875], "texture": "#0"},
				"down": {"uv": [7.75, 14.75, 7.875, 14.875], "texture": "#0"}
			}
		},
		{
			"name": "vs1_28",
			"from": [7.625, 1.125, 7.85],
			"to": [7.75, 1.375, 8.275],
			"rotation": {"angle": 0, "axis": "y", "origin": [0, 0, 8]},
			"faces": {
				"north": {"uv": [7.75, 14.625, 7.625, 14.875], "texture": "#0"},
				"south": {"uv": [7.625, 14.625, 7.75, 14.875], "texture": "#0"},
				"down": {"uv": [7.625, 14.75, 7.75, 14.875], "texture": "#0"}
			}
		},
		{
			"name": "vs1_29",
			"from": [7.5, 0.875, 7.9],
			"to": [7.875, 1, 8.225],
			"rotation": {"angle": 0, "axis": "y", "origin": [0, 0, 8]},
			"faces": {
				"north": {"uv": [7.875, 15, 7.5, 15.125], "texture": "#0"},
				"east": {"uv": [7.75, 15, 7.875, 15.125], "texture": "#0"},
				"south": {"uv": [7.5, 15, 7.875, 15.125], "texture": "#0"},
				"west": {"uv": [7.5, 15, 7.625, 15.125], "texture": "#0"},
				"up": {"uv": [7.5, 15, 7.875, 15.125], "texture": "#0"},
				"down": {"uv": [7.5, 15, 7.875, 15.125], "texture": "#0"}
			}
		},
		{
			"name": "vs3_0",
			"from": [7.5, 13.875, 7.9],
			"to": [7.875, 14, 8.225],
			"rotation": {"angle": 0, "axis": "y", "origin": [0, 0, 8]},
			"faces": {
				"north": {"uv": [7.875, 2, 7.5, 2.125], "texture": "#0"},
				"east": {"uv": [7.75, 2, 7.875, 2.125], "texture": "#0"},
				"south": {"uv": [7.5, 2, 7.875, 2.125], "texture": "#0"},
				"west": {"uv": [7.5, 2, 7.625, 2.125], "texture": "#0"},
				"up": {"uv": [7.5, 2, 7.875, 2.125], "texture": "#0"}
			}
		},
		{
			"name": "vs3_1",
			"from": [7.375, 13.5, 7.9],
			"to": [7.5, 13.875, 8.225],
			"rotation": {"angle": 0, "axis": "y", "origin": [0, 0, 8]},
			"faces": {
				"north": {"uv": [7.5, 2.125, 7.375, 2.5], "texture": "#0"},
				"south": {"uv": [7.375, 2.125, 7.5, 2.5], "texture": "#0"},
				"west": {"uv": [7.375, 2.125, 7.5, 2.5], "texture": "#0"},
				"up": {"uv": [7.375, 2.125, 7.5, 2.25], "texture": "#0"},
				"down": {"uv": [7.375, 2.375, 7.5, 2.5], "texture": "#0"}
			}
		},
		{
			"name": "vs3_2",
			"from": [7.875, 13.5, 7.9],
			"to": [8, 13.875, 8.225],
			"rotation": {"angle": 0, "axis": "y", "origin": [0, 0, 8]},
			"faces": {
				"north": {"uv": [8, 2.125, 7.875, 2.5], "texture": "#0"},
				"east": {"uv": [7.875, 2.125, 8, 2.5], "texture": "#0"},
				"south": {"uv": [7.875, 2.125, 8, 2.5], "texture": "#0"},
				"up": {"uv": [7.875, 2.125, 8, 2.25], "texture": "#0"},
				"down": {"uv": [7.875, 2.375, 8, 2.5], "texture": "#0"}
			}
		},
		{
			"name": "vs3_3",
			"from": [7.5, 13.375, 7.9],
			"to": [7.875, 13.5, 8.225],
			"rotation": {"angle": 0, "axis": "y", "origin": [0, 0, 8]},
			"faces": {
				"north": {"uv": [7.875, 2.5, 7.5, 2.625], "texture": "#0"},
				"east": {"uv": [7.75, 2.5, 7.875, 2.625], "texture": "#0"},
				"south": {"uv": [7.5, 2.5, 7.875, 2.625], "texture": "#0"},
				"west": {"uv": [7.5, 2.5, 7.625, 2.625], "texture": "#0"},
				"down": {"uv": [7.5, 2.5, 7.875, 2.625], "texture": "#0"}
			}
		},
		{
			"name": "vs4_0",
			"from": [7.5, 13.5, 7.8],
			"to": [7.875, 13.875, 8.325],
			"rotation": {"angle": 0, "axis": "y", "origin": [0, 0, 8]},
			"faces": {
				"north": {"uv": [7.875, 2.125, 7.5, 2.5], "texture": "#0"},
				"east": {"uv": [7.75, 2.125, 7.875, 2.5], "texture": "#0"},
				"south": {"uv": [7.5, 2.125, 7.875, 2.5], "texture": "#0"},
				"west": {"uv": [7.5, 2.125, 7.625, 2.5], "texture": "#0"},
				"up": {"uv": [7.5, 2.125, 7.875, 2.25], "texture": "#0"},
				"down": {"uv": [7.5, 2.375, 7.875, 2.5], "texture": "#0"}
			}
		}
	],
	"gui_light": "front",
	"display": {
		"thirdperson_righthand": {
			"rotation": [0, -90, 0],
			"translation": [0, -1.25, 2.25],
			"scale": [3, 3, 3]
		},
		"thirdperson_lefthand": {
			"rotation": [0, 90, 0],
			"translation": [-0.25, -1.25, 2.25],
			"scale": [3, 3, 3]
		},
		"firstperson_righthand": {
			"rotation": [8, 90, 0],
			"translation": [0, 0.75, 0.75],
			"scale": [1.8, 1.8, 1.8]
		},
		"firstperson_lefthand": {
			"rotation": [8, -90, 0],
			"translation": [0, 1, 0.75],
			"scale": [1.8, 1.8, 1.8]
		},
		"ground": {
			"translation": [0, 7, 0.5],
			"scale": [2, 2, 2]
		},
		"gui": {
			"rotation": [0, 0, -43],
			"translation": [0.5, -1, 0],
			"scale": [1.8, 1.8, 1.8]
		},
		"head": {
			"rotation": [0, 0, 144],
			"translation": [-2, -15.75, 3.75],
			"scale": [4, 4, 4]
		},
		"fixed": {
			"rotation": [0, 179, -45],
			"translation": [-2.5, 1.75, -0.75],
			"scale": [4, 4, 4]
		}
	},
	"groups": [
		{
			"name": "vs2",
			"origin": [8, 8, 8],
			"color": 0,
			"children": [0, 1, 2, 3, 4, 5, 6, 7, 8, 9, 10, 11, 12, 13, 14, 15, 16, 17, 18, 19, 20, 21, 22, 23, 24, 25, 26, 27, 28, 29, 30, 31, 32, 33, 34, 35, 36, 37, 38, 39, 40, 41, 42, 43, 44]
		},
		{
			"name": "vs1",
			"origin": [8, 8, 8],
			"color": 0,
			"children": [45, 46, 47, 48, 49, 50, 51, 52, 53, 54, 55, 56, 57, 58, 59, 60, 61, 62, 63, 64, 65, 66, 67, 68, 69, 70, 71, 72, 73, 74]
		},
		{
			"name": "vs3",
			"origin": [8, 8, 8],
			"color": 0,
			"children": [75, 76, 77, 78]
		},
		{
			"name": "vs4",
			"origin": [8, 8, 8],
			"color": 0,
			"children": [79]
		}
	]
}