{
	"format_version": "1.21.6",
	"credit": "Made with Blockbench",
	"textures": {
		"2": "archon:item/water_scepter",
		"particle": "archon:item/ws2"
	},
	"elements": [
		{
			"name": "ws2_0",
			"from": [8.1, 8.25, 8],
			"to": [8.35, 8.375, 8.125],
			"rotation": {"angle": 0, "axis": "y", "origin": [0.1, -3, 8]},
			"faces": {
				"north": {"uv": [8.25, 4.625, 8, 4.75], "texture": "#2"},
				"east": {"uv": [8.125, 4.625, 8.25, 4.75], "texture": "#2"},
				"south": {"uv": [8, 4.625, 8.25, 4.75], "texture": "#2"},
				"west": {"uv": [8, 4.625, 8.125, 4.75], "texture": "#2"},
				"up": {"uv": [8, 4.625, 8.25, 4.75], "texture": "#2"},
				"down": {"uv": [8, 4.625, 8.25, 4.75], "texture": "#2"}
			}
		},
		{
			"name": "ws2_1",
			"from": [8.475, 8.25, 8],
			"to": [8.85, 8.375, 8.125],
			"rotation": {"angle": 0, "axis": "y", "origin": [0.1, -3, 8]},
			"faces": {
				"north": {"uv": [8.75, 4.625, 8.375, 4.75], "texture": "#2"},
				"east": {"uv": [8.625, 4.625, 8.75, 4.75], "texture": "#2"},
				"south": {"uv": [8.375, 4.625, 8.75, 4.75], "texture": "#2"},
				"west": {"uv": [8.375, 4.625, 8.5, 4.75], "texture": "#2"},
				"up": {"uv": [8.375, 4.625, 8.75, 4.75], "texture": "#2"}
			}
		},
		{
			"name": "ws2_2",
			"from": [8.35, 8.125, 8],
			"to": [8.475, 8.25, 8.125],
			"rotation": {"angle": 0, "axis": "y", "origin": [0.1, -3, 8]},
			"faces": {
				"north": {"uv": [8.375, 4.75, 8.25, 4.875], "texture": "#2"},
				"south": {"uv": [8.25, 4.75, 8.375, 4.875], "texture": "#2"},
				"up": {"uv": [8.25, 4.75, 8.375, 4.875], "texture": "#2"}
			}
		},
		{
			"name": "ws2_3",
			"from": [8.85, 8, 7.95],
			"to": [8.975, 8.25, 8.175],
			"rotation": {"angle": 0, "axis": "y", "origin": [0.1, -3, 8]},
			"faces": {
				"north": {"uv": [8.875, 4.75, 8.75, 5], "texture": "#2"},
				"east": {"uv": [8.75, 4.75, 8.875, 5], "texture": "#2"},
				"south": {"uv": [8.75, 4.75, 8.875, 5], "texture": "#2"},
				"west": {"uv": [8.75, 4.75, 8.875, 5], "texture": "#2"},
				"up": {"uv": [8.75, 4.75, 8.875, 4.875], "texture": "#2"},
				"down": {"uv": [8.75, 4.875, 8.875, 5], "texture": "#2"}
			}
		},
		{
			"name": "ws2_4",
			"from": [7.85, 7.875, 7.9],
			"to": [8.225, 8, 8.225],
			"rotation": {"angle": 0, "axis": "y", "origin": [0.1, -3, 8]},
			"faces": {
				"north": {"uv": [8.125, 5, 7.75, 5.125], "texture": "#2"},
				"east": {"uv": [8, 5, 8.125, 5.125], "texture": "#2"},
				"south": {"uv": [7.75, 5, 8.125, 5.125], "texture": "#2"},
				"west": {"uv": [7.75, 5, 7.875, 5.125], "texture": "#2"},
				"up": {"uv": [8.125, 5.125, 7.75, 5.5], "texture": "#2"}
			}
		},
		{
			"name": "ws2_5",
			"from": [7.725, 7.5, 7.9],
			"to": [7.85, 7.875, 8.225],
			"rotation": {"angle": 0, "axis": "y", "origin": [0.1, -3, 8]},
			"faces": {
				"north": {"uv": [7.75, 5.125, 7.625, 5.5], "texture": "#2"},
				"south": {"uv": [7.625, 5.125, 7.75, 5.5], "texture": "#2"},
				"west": {"uv": [8.125, 5.125, 7.75, 5.5], "texture": "#2"},
				"up": {"uv": [7.625, 5.125, 7.75, 5.25], "texture": "#2"},
				"down": {"uv": [7.625, 5.375, 7.75, 5.5], "texture": "#2"}
			}
		},
		{
			"name": "ws2_6",
			"from": [8.225, 7.5, 7.9],
			"to": [8.35, 7.875, 8.225],
			"rotation": {"angle": 0, "axis": "y", "origin": [0.1, -3, 8]},
			"faces": {
				"north": {"uv": [8.25, 5.125, 8.125, 5.5], "texture": "#2"},
				"east": {"uv": [8.125, 5.125, 7.75, 5.5], "texture": "#2"},
				"south": {"uv": [8.125, 5.125, 8.25, 5.5], "texture": "#2"},
				"up": {"uv": [8.125, 5.125, 8.25, 5.25], "texture": "#2"},
				"down": {"uv": [8.125, 5.375, 8.25, 5.5], "texture": "#2"}
			}
		},
		{
			"name": "ws2_7",
			"from": [8.475, 7.375, 8],
			"to": [8.6, 7.875, 8.125],
			"rotation": {"angle": 0, "axis": "y", "origin": [0.1, -3, 8]},
			"faces": {
				"north": {"uv": [8.5, 5.125, 8.375, 5.625], "texture": "#2"},
				"east": {"uv": [8.375, 5.125, 8.5, 5.625], "texture": "#2"},
				"south": {"uv": [8.375, 5.125, 8.5, 5.625], "texture": "#2"},
				"up": {"uv": [8.375, 5.125, 8.5, 5.25], "texture": "#2"},
				"down": {"uv": [8.375, 5.5, 8.5, 5.625], "texture": "#2"}
			}
		},
		{
			"name": "ws2_8",
			"from": [7.85, 7.375, 7.9],
			"to": [8.225, 7.5, 8.225],
			"rotation": {"angle": 0, "axis": "y", "origin": [0.1, -3, 8]},
			"faces": {
				"north": {"uv": [8.125, 5.5, 7.75, 5.625], "texture": "#2"},
				"east": {"uv": [8, 5.5, 8.125, 5.625], "texture": "#2"},
				"south": {"uv": [7.75, 5.5, 8.125, 5.625], "texture": "#2"},
				"west": {"uv": [7.75, 5.5, 7.875, 5.625], "texture": "#2"}
			}
		},
		{
			"name": "ws2_9",
			"from": [8.35, 7.25, 8],
			"to": [8.475, 7.375, 8.125],
			"rotation": {"angle": 0, "axis": "y", "origin": [0.1, -3, 8]},
			"faces": {
				"north": {"uv": [8.375, 5.625, 8.25, 5.75], "texture": "#2"},
				"east": {"uv": [8.25, 5.625, 8.375, 5.75], "texture": "#2"},
				"south": {"uv": [8.25, 5.625, 8.375, 5.75], "texture": "#2"},
				"down": {"uv": [8.25, 5.625, 8.375, 5.75], "texture": "#2"}
			}
		},
		{
			"name": "ws2_10",
			"from": [7.475, 6.875, 8],
			"to": [7.6, 7, 8.125],
			"rotation": {"angle": 0, "axis": "y", "origin": [0.1, -3, 8]},
			"faces": {
				"north": {"uv": [7.5, 6, 7.375, 6.125], "texture": "#2"},
				"east": {"uv": [7.375, 6, 7.5, 6.125], "texture": "#2"},
				"south": {"uv": [7.375, 6, 7.5, 6.125], "texture": "#2"},
				"west": {"uv": [7.375, 6, 7.5, 6.125], "texture": "#2"},
				"up": {"uv": [7.375, 6, 7.5, 6.125], "texture": "#2"}
			}
		},
		{
			"name": "ws2_11",
			"from": [7.725, 6.875, 8],
			"to": [7.85, 7, 8.125],
			"rotation": {"angle": 0, "axis": "y", "origin": [0.1, -3, 8]},
			"faces": {
				"north": {"uv": [7.75, 6, 7.625, 6.125], "texture": "#2"},
				"south": {"uv": [7.625, 6, 7.75, 6.125], "texture": "#2"},
				"west": {"uv": [7.625, 6, 7.75, 6.125], "texture": "#2"},
				"up": {"uv": [7.625, 6, 7.75, 6.125], "texture": "#2"}
			}
		},
		{
			"name": "ws2_12",
			"from": [8.225, 6.875, 8],
			"to": [8.35, 7, 8.125],
			"rotation": {"angle": 0, "axis": "y", "origin": [0.1, -3, 8]},
			"faces": {
				"north": {"uv": [8.25, 6, 8.125, 6.125], "texture": "#2"},
				"east": {"uv": [8.125, 6, 8.25, 6.125], "texture": "#2"},
				"south": {"uv": [8.125, 6, 8.25, 6.125], "texture": "#2"},
				"up": {"uv": [8.125, 6, 8.25, 6.125], "texture": "#2"}
			}
		},
		{
			"name": "ws2_13",
			"from": [8.475, 6.875, 8],
			"to": [8.6, 7, 8.125],
			"rotation": {"angle": 0, "axis": "y", "origin": [0.1, -3, 8]},
			"faces": {
				"north": {"uv": [8.5, 6, 8.375, 6.125], "texture": "#2"},
				"east": {"uv": [8.375, 6, 8.5, 6.125], "texture": "#2"},
				"south": {"uv": [8.375, 6, 8.5, 6.125], "texture": "#2"},
				"west": {"uv": [8.375, 6, 8.5, 6.125], "texture": "#2"},
				"up": {"uv": [8.375, 6, 8.5, 6.125], "texture": "#2"}
			}
		},
		{
			"name": "ws2_14",
			"from": [7.6, 6.75, 8],
			"to": [7.725, 6.875, 8.125],
			"rotation": {"angle": 0, "axis": "y", "origin": [0.1, -3, 8]},
			"faces": {
				"north": {"uv": [7.625, 6.125, 7.5, 6.25], "texture": "#2"},
				"south": {"uv": [7.5, 6.125, 7.625, 6.25], "texture": "#2"},
				"up": {"uv": [7.5, 6.125, 7.625, 6.25], "texture": "#2"}
			}
		},
		{
			"name": "ws2_15",
			"from": [8.35, 6.75, 8],
			"to": [8.475, 6.875, 8.125],
			"rotation": {"angle": 0, "axis": "y", "origin": [0.1, -3, 8]},
			"faces": {
				"north": {"uv": [8.375, 6.125, 8.25, 6.25], "texture": "#2"},
				"south": {"uv": [8.25, 6.125, 8.375, 6.25], "texture": "#2"},
				"up": {"uv": [8.25, 6.125, 8.375, 6.25], "texture": "#2"}
			}
		},
		{
			"name": "ws2_16",
			"from": [7.85, 6.5, 7.9],
			"to": [8.225, 6.625, 8.225],
			"rotation": {"angle": 0, "axis": "y", "origin": [0.1, -3, 8]},
			"faces": {
				"north": {"uv": [8.125, 6.375, 7.75, 6.5], "texture": "#2"},
				"east": {"uv": [8, 6.375, 8.125, 6.5], "texture": "#2"},
				"south": {"uv": [7.75, 6.375, 8.125, 6.5], "texture": "#2"},
				"west": {"uv": [7.75, 6.375, 7.875, 6.5], "texture": "#2"}
			}
		},
		{
			"name": "ws2_17",
			"from": [7.85, 2.125, 7.9],
			"to": [8.225, 6.25, 8.225],
			"rotation": {"angle": 0, "axis": "y", "origin": [0.1, -3, 8]},
			"faces": {
				"north": {"uv": [8.125, 6.75, 7.75, 10.875], "texture": "#2"},
				"east": {"uv": [8.125, 6.75, 7.75, 10.875], "texture": "#2"},
				"south": {"uv": [7.75, 6.75, 8.125, 10.875], "texture": "#2"},
				"west": {"uv": [8.125, 6.75, 7.75, 10.875], "texture": "#2"}
			}
		},
		{
			"name": "ws2_18",
			"from": [7.85, 1.625, 7.9],
			"to": [8.225, 1.875, 8.225],
			"rotation": {"angle": 0, "axis": "y", "origin": [0.1, -3, 8]},
			"faces": {
				"north": {"uv": [8.125, 11.125, 7.75, 11.375], "texture": "#2"},
				"east": {"uv": [8, 11.125, 8.125, 11.375], "texture": "#2"},
				"south": {"uv": [7.75, 11.125, 8.125, 11.375], "texture": "#2"},
				"west": {"uv": [7.75, 11.125, 7.875, 11.375], "texture": "#2"},
				"down": {"uv": [7.75, 11.25, 8.125, 11.375], "texture": "#2"}
			}
		},
		{
			"name": "ws1_0",
			"from": [8.225, 7.875, 7.95],
			"to": [8.35, 8.25, 8.175],
			"rotation": {"angle": 0, "axis": "y", "origin": [0.1, -3, 8]},
			"faces": {
				"north": {"uv": [8.25, 4.75, 8.125, 5.125], "texture": "#2"},
				"east": {"uv": [8.125, 4.75, 8.25, 5.125], "texture": "#2"},
				"south": {"uv": [8.125, 4.75, 8.25, 5.125], "texture": "#2"},
				"west": {"uv": [8.125, 4.75, 8.25, 5.125], "texture": "#2"},
				"up": {"uv": [8.125, 4.75, 8.25, 4.875], "texture": "#2"}
			}
		},
		{
			"name": "ws1_1",
			"from": [8.475, 8.125, 7.95],
			"to": [8.85, 8.25, 8.175],
			"rotation": {"angle": 0, "axis": "y", "origin": [0.1, -3, 8]},
			"faces": {
				"north": {"uv": [8.75, 4.75, 8.375, 4.875], "texture": "#2"},
				"south": {"uv": [8.375, 4.75, 8.75, 4.875], "texture": "#2"},
				"west": {"uv": [8.375, 4.75, 8.5, 4.875], "texture": "#2"},
				"up": {"uv": [8.375, 4.75, 8.75, 4.875], "texture": "#2"},
				"down": {"uv": [8.375, 4.75, 8.75, 4.875], "texture": "#2"}
			}
		},
		{
			"name": "ws1_2",
			"from": [7.975, 8, 7.95],
			"to": [8.225, 8.125, 8.175],
			"rotation": {"angle": 0, "axis": "y", "origin": [0.1, -3, 8]},
			"faces": {
				"north": {"uv": [8.125, 4.875, 7.875, 5], "texture": "#2"},
				"south": {"uv": [7.875, 4.875, 8.125, 5], "texture": "#2"},
				"west": {"uv": [7.875, 4.875, 8, 5], "texture": "#2"},
				"up": {"uv": [7.875, 4.875, 8.125, 5], "texture": "#2"}
			}
		},
		{
			"name": "ws1_3",
			"from": [8.35, 8, 7.95],
			"to": [8.6, 8.125, 8.175],
			"rotation": {"angle": 0, "axis": "y", "origin": [0.1, -3, 8]},
			"faces": {
				"north": {"uv": [8.5, 4.875, 8.25, 5], "texture": "#2"},
				"east": {"uv": [8.375, 4.875, 8.5, 5], "texture": "#2"},
				"south": {"uv": [8.25, 4.875, 8.5, 5], "texture": "#2"},
				"up": {"uv": [8.25, 4.875, 8.5, 5], "texture": "#2"},
				"down": {"uv": [8.25, 4.875, 8.5, 5], "texture": "#2"}
			}
		},
		{
			"name": "ws1_5",
			"from": [8.35, 7.375, 7.95],
			"to": [8.475, 8, 8.175],
			"rotation": {"angle": 0, "axis": "y", "origin": [0.1, -3, 8]},
			"faces": {
				"north": {"uv": [8.375, 5, 8.25, 5.625], "texture": "#2"},
				"east": {"uv": [8.25, 5, 8.375, 5.625], "texture": "#2"},
				"south": {"uv": [8.25, 5, 8.375, 5.625], "texture": "#2"},
				"down": {"uv": [8.25, 5.5, 8.375, 5.625], "texture": "#2"}
			}
		},
		{
			"name": "ws1_6",
			"from": [7.85, 7.5, 7.8],
			"to": [8.225, 7.875, 8.325],
			"rotation": {"angle": 0, "axis": "y", "origin": [0.1, -3, 8]},
			"faces": {
				"north": {"uv": [8.125, 5.125, 7.75, 5.5], "texture": "#2"},
				"east": {"uv": [8, 5.125, 8.125, 5.5], "texture": "#2"},
				"south": {"uv": [7.75, 5.125, 8.125, 5.5], "texture": "#2"},
				"west": {"uv": [7.75, 5.125, 7.875, 5.5], "texture": "#2"},
				"up": {"uv": [7.75, 5.125, 8.125, 5.25], "texture": "#2"},
				"down": {"uv": [7.75, 5.375, 8.125, 5.5], "texture": "#2"}
			}
		},
		{
			"name": "ws1_7",
			"from": [8.225, 7.125, 7.95],
			"to": [8.35, 7.5, 8.175],
			"rotation": {"angle": 0, "axis": "y", "origin": [0.1, -3, 8]},
			"faces": {
				"north": {"uv": [8.25, 5.5, 8.125, 5.875], "texture": "#2"},
				"east": {"uv": [8.125, 5.5, 8.25, 5.875], "texture": "#2"},
				"south": {"uv": [8.125, 5.5, 8.25, 5.875], "texture": "#2"},
				"down": {"uv": [8.125, 5.75, 8.25, 5.875], "texture": "#2"}
			}
		},
		{
			"name": "ws1_8",
			"from": [7.725, 7.125, 7.9],
			"to": [8.225, 7.375, 8.225],
			"rotation": {"angle": 0, "axis": "y", "origin": [0.1, -3, 8]},
			"faces": {
				"north": {"uv": [8.125, 5.625, 7.625, 5.875], "texture": "#2"},
				"east": {"uv": [8, 5.625, 8.125, 5.875], "texture": "#2"},
				"south": {"uv": [7.625, 5.625, 8.125, 5.875], "texture": "#2"},
				"west": {"uv": [7.625, 5.625, 7.75, 5.875], "texture": "#2"},
				"up": {"uv": [7.625, 5.625, 8.125, 5.75], "texture": "#2"},
				"down": {"uv": [7.625, 5.75, 8.125, 5.875], "texture": "#2"}
			}
		},
		{
			"name": "ws1_9",
			"from": [7.85, 6.625, 7.85],
			"to": [8.225, 7.125, 8.275],
			"rotation": {"angle": 0, "axis": "y", "origin": [0.1, -3, 8]},
			"faces": {
				"north": {"uv": [8.125, 5.875, 7.75, 6.375], "texture": "#2"},
				"east": {"uv": [8, 5.875, 8.125, 6.375], "texture": "#2"},
				"south": {"uv": [7.75, 5.875, 8.125, 6.375], "texture": "#2"},
				"west": {"uv": [7.75, 5.875, 7.875, 6.375], "texture": "#2"},
				"up": {"uv": [7.75, 5.875, 8.125, 6], "texture": "#2"},
				"down": {"uv": [7.75, 6.25, 8.125, 6.375], "texture": "#2"}
			}
		},
		{
			"name": "ws1_10",
			"from": [7.475, 6.75, 7.95],
			"to": [7.6, 6.875, 8.175],
			"rotation": {"angle": 0, "axis": "y", "origin": [0.1, -3, 8]},
			"faces": {
				"north": {"uv": [7.5, 6.125, 7.375, 6.25], "texture": "#2"},
				"east": {"uv": [7.375, 6.125, 7.5, 6.25], "texture": "#2"},
				"south": {"uv": [7.375, 6.125, 7.5, 6.25], "texture": "#2"},
				"west": {"uv": [7.375, 6.125, 7.5, 6.25], "texture": "#2"},
				"up": {"uv": [7.375, 6.125, 7.5, 6.25], "texture": "#2"},
				"down": {"uv": [7.375, 6.125, 7.5, 6.25], "texture": "#2"}
			}
		},
		{
			"name": "ws1_11",
			"from": [7.725, 6.75, 7.95],
			"to": [7.85, 6.875, 8.175],
			"rotation": {"angle": 0, "axis": "y", "origin": [0.1, -3, 8]},
			"faces": {
				"north": {"uv": [7.75, 6.125, 7.625, 6.25], "texture": "#2"},
				"south": {"uv": [7.625, 6.125, 7.75, 6.25], "texture": "#2"},
				"west": {"uv": [7.625, 6.125, 7.75, 6.25], "texture": "#2"},
				"up": {"uv": [7.625, 6.125, 7.75, 6.25], "texture": "#2"},
				"down": {"uv": [7.625, 6.125, 7.75, 6.25], "texture": "#2"}
			}
		},
		{
			"name": "ws1_12",
			"from": [8.225, 6.75, 7.95],
			"to": [8.35, 6.875, 8.175],
			"rotation": {"angle": 0, "axis": "y", "origin": [0.1, -3, 8]},
			"faces": {
				"north": {"uv": [8.25, 6.125, 8.125, 6.25], "texture": "#2"},
				"east": {"uv": [8.125, 6.125, 8.25, 6.25], "texture": "#2"},
				"south": {"uv": [8.125, 6.125, 8.25, 6.25], "texture": "#2"},
				"up": {"uv": [8.125, 6.125, 8.25, 6.25], "texture": "#2"},
				"down": {"uv": [8.125, 6.125, 8.25, 6.25], "texture": "#2"}
			}
		},
		{
			"name": "ws1_13",
			"from": [8.475, 6.75, 7.95],
			"to": [8.6, 6.875, 8.175],
			"rotation": {"angle": 0, "axis": "y", "origin": [0.1, -3, 8]},
			"faces": {
				"north": {"uv": [8.5, 6.125, 8.375, 6.25], "texture": "#2"},
				"east": {"uv": [8.375, 6.125, 8.5, 6.25], "texture": "#2"},
				"south": {"uv": [8.375, 6.125, 8.5, 6.25], "texture": "#2"},
				"west": {"uv": [8.375, 6.125, 8.5, 6.25], "texture": "#2"},
				"up": {"uv": [8.375, 6.125, 8.5, 6.25], "texture": "#2"},
				"down": {"uv": [8.375, 6.125, 8.5, 6.25], "texture": "#2"}
			}
		},
		{
			"name": "ws1_14",
			"from": [7.6, 6.625, 7.95],
			"to": [7.725, 6.75, 8.175],
			"rotation": {"angle": 0, "axis": "y", "origin": [0.1, -3, 8]},
			"faces": {
				"north": {"uv": [7.625, 6.25, 7.5, 6.375], "texture": "#2"},
				"east": {"uv": [7.5, 6.25, 7.625, 6.375], "texture": "#2"},
				"south": {"uv": [7.5, 6.25, 7.625, 6.375], "texture": "#2"},
				"west": {"uv": [7.5, 6.25, 7.625, 6.375], "texture": "#2"},
				"up": {"uv": [7.5, 6.25, 7.625, 6.375], "texture": "#2"},
				"down": {"uv": [7.5, 6.25, 7.625, 6.375], "texture": "#2"}
			}
		},
		{
			"name": "ws1_15",
			"from": [8.35, 6.625, 7.95],
			"to": [8.475, 6.75, 8.175],
			"rotation": {"angle": 0, "axis": "y", "origin": [0.1, -3, 8]},
			"faces": {
				"north": {"uv": [8.375, 6.25, 8.25, 6.375], "texture": "#2"},
				"east": {"uv": [8.25, 6.25, 8.375, 6.375], "texture": "#2"},
				"south": {"uv": [8.25, 6.25, 8.375, 6.375], "texture": "#2"},
				"west": {"uv": [8.25, 6.25, 8.375, 6.375], "texture": "#2"},
				"up": {"uv": [8.25, 6.25, 8.375, 6.375], "texture": "#2"},
				"down": {"uv": [8.25, 6.25, 8.375, 6.375], "texture": "#2"}
			}
		},
		{
			"name": "ws1_16",
			"from": [7.725, 6.25, 7.8],
			"to": [8.35, 6.5, 8.325],
			"rotation": {"angle": 0, "axis": "y", "origin": [0.1, -3, 8]},
			"faces": {
				"north": {"uv": [8.25, 6.5, 7.625, 6.75], "texture": "#2"},
				"east": {"uv": [8.125, 6.5, 8.25, 6.75], "texture": "#2"},
				"south": {"uv": [7.625, 6.5, 8.25, 6.75], "texture": "#2"},
				"west": {"uv": [7.625, 6.5, 7.75, 6.75], "texture": "#2"},
				"up": {"uv": [7.625, 6.5, 8.25, 6.625], "texture": "#2"},
				"down": {"uv": [7.625, 6.625, 8.25, 6.75], "texture": "#2"}
			}
		},
		{
			"name": "ws1_17",
			"from": [7.725, 1.875, 7.8],
			"to": [8.35, 2.125, 8.325],
			"rotation": {"angle": 0, "axis": "y", "origin": [0.1, -3, 8]},
			"faces": {
				"north": {"uv": [8.25, 10.875, 7.625, 11.125], "texture": "#2"},
				"east": {"uv": [8.125, 10.875, 8.25, 11.125], "texture": "#2"},
				"south": {"uv": [7.625, 10.875, 8.25, 11.125], "texture": "#2"},
				"west": {"uv": [7.625, 10.875, 7.75, 11.125], "texture": "#2"},
				"up": {"uv": [7.625, 10.875, 8.25, 11], "texture": "#2"},
				"down": {"uv": [7.625, 11, 8.25, 11.125], "texture": "#2"}
			}
		},
		{
			"name": "ws1_18",
			"from": [7.975, 1.25, 8],
			"to": [8.1, 1.625, 8.125],
			"rotation": {"angle": 0, "axis": "y", "origin": [0.1, -3, 8]},
			"faces": {
				"north": {"uv": [8, 11.375, 7.875, 11.75], "texture": "#2"},
				"east": {"uv": [7.875, 11.375, 8, 11.75], "texture": "#2"},
				"south": {"uv": [7.875, 11.375, 8, 11.75], "texture": "#2"},
				"west": {"uv": [7.875, 11.375, 8, 11.75], "texture": "#2"},
				"down": {"uv": [7.875, 11.625, 8, 11.75], "texture": "#2"}
			}
		}
	],
	"gui_light": "front",
	"display": {
		"thirdperson_righthand": {
			"rotation": [0, -90, 0],
			"translation": [0, 8.5, 1],
			"scale": [3, 3, 3]
		},
		"thirdperson_lefthand": {
			"rotation": [0, 90, 0],
			"translation": [0, 8.5, 1],
			"scale": [3, 3, 3]
		},
		"firstperson_righthand": {
			"rotation": [8, -82, 0],
			"translation": [0, 9.75, 2],
			"scale": [2, 2, 2]
		},
		"firstperson_lefthand": {
			"rotation": [8, 94, 0],
			"translation": [0, 9.75, 2],
			"scale": [2, 2, 2]
		},
		"ground": {
			"translation": [0, 7, 0.5],
			"scale": [2, 2, 2]
		},
		"gui": {
			"rotation": [0, 0, -44],
			"translation": [6, 7.25, 0],
			"scale": [3, 3, 1.8]
		},
		"head": {
			"rotation": [0, 0, 144],
			"translation": [-5.5, -32.25, 3.75],
			"scale": [4, 4, 4]
		},
		"fixed": {
			"rotation": [0, 179, -45],
			"translation": [-9.5, 9.5, -0.75],
			"scale": [4, 4, 4]
		}
	},
	"groups": [
		{
			"name": "ws2",
			"origin": [8, 8, 8],
			"color": 0,
			"children": [0, 1, 2, 3, 4, 5, 6, 7, 8, 9, 10, 11, 12, 13, 14, 15, 16, 17, 18]
		},
		{
			"name": "ws1",
			"origin": [8, 8, 8],
			"color": 0,
			"children": [19, 20, 21, 22, 23, 24, 25, 26, 27, 28, 29, 30, 31, 32, 33, 34, 35, 36]
		}
	]
}