{
    "id": "tiered:rare_shield_1",
    "verifiers": [
        {
            "tag": "c:shields"
        }
    ],
    "weight": 20,
    "style": {
        "color": "blue"
    },
    "attributes": [
        {
            "type": "generic.armor",
            "modifier": {
                "name": "tiered:rare_shield_1",
                "operation": "ADDITION",
                "amount": 1
            },
            "optional_equipment_slots": [
                "MAINHAND",
                "OFFHAND"
            ]
        },
        {
            "type": "generic.armor_toughness",
            "modifier": {
                "name": "tiered:rare_shield_1",
                "operation": "ADDITION",
                "amount": 1
            },
            "optional_equipment_slots": [
                "MAINHAND",
                "OFFHAND"
            ]
        }
    ]
}