{
	"credit": "Made with Blockbench",
	"render_type": "cutout",
	"texture_size": [64, 64],
	"textures": {
		"1": "graveyard:block/skeleton",
		"2": "graveyard:block/iron_sword",
		"particle": "block/bone_block_top"
	},
	"elements": [
		{
			"name": "spine",
			"from": [4.3, 0.58176, 4.32574],
			"to": [13.3, 3.58176, 11.32574],
			"rotation": {"angle": 0, "axis": "z", "origin": [14, 2.88176, 25.82574]},
			"faces": {
				"north": {"uv": [4, 5, 5, 7.5], "rotation": 270, "texture": "#1"},
				"east": {"uv": [5, 4, 7, 5], "texture": "#1"},
				"south": {"uv": [7, 5, 7.75, 7.5], "rotation": 90, "texture": "#1"},
				"west": {"uv": [5, 4, 7, 5], "texture": "#1"},
				"up": {"uv": [5, 7.5, 7, 5], "rotation": 270, "texture": "#1"},
				"down": {"uv": [10, 5, 8, 7.5], "rotation": 90, "texture": "#1"}
			}
		},
		{
			"name": "spineIN",
			"from": [4.3, 0.58176, 11.32574],
			"to": [13.3, 3.58176, 4.32574],
			"rotation": {"angle": 0, "axis": "z", "origin": [14, 2.88176, 25.82574]},
			"faces": {
				"north": {"uv": [7.75, 5, 7, 7.5], "rotation": 270, "texture": "#1"},
				"east": {"uv": [5, 4, 7, 5], "texture": "#1"},
				"south": {"uv": [4.75, 5, 4, 7.5], "rotation": 90, "texture": "#1"},
				"west": {"uv": [7, 4, 5, 5], "texture": "#1"},
				"up": {"uv": [7, 7.5, 5, 5], "rotation": 270, "texture": "#1"},
				"down": {"uv": [8, 5, 10, 7.5], "rotation": 90, "texture": "#1"}
			}
		},
		{
			"name": "spine",
			"from": [2.2, 0.001, 4.5],
			"to": [4.2, 3.001, 11.5],
			"rotation": {"angle": 0, "axis": "y", "origin": [16, 1.501, 17]},
			"faces": {
				"north": {"uv": [4, 7.5, 5, 8], "rotation": 270, "texture": "#1"},
				"east": {"uv": [5, 4, 7, 5], "texture": "#1"},
				"south": {"uv": [7, 7.5, 7.75, 8], "rotation": 90, "texture": "#1"},
				"west": {"uv": [7, 4, 9, 5], "texture": "#1"},
				"up": {"uv": [5, 8, 7, 7.5], "rotation": 270, "texture": "#1"},
				"down": {"uv": [10, 7.5, 8, 8], "rotation": 90, "texture": "#1"}
			}
		},
		{
			"name": "spineIN",
			"from": [2.2, 0.001, 11.5],
			"to": [4.2, 3.001, 4.5],
			"rotation": {"angle": 0, "axis": "y", "origin": [16, 1.501, 17]},
			"faces": {
				"north": {"uv": [7.75, 7.5, 7, 8], "rotation": 270, "texture": "#1"},
				"east": {"uv": [5, 4, 7, 5], "texture": "#1"},
				"south": {"uv": [4.75, 7.5, 4, 8], "rotation": 90, "texture": "#1"},
				"west": {"uv": [9, 4, 7, 5], "texture": "#1"},
				"up": {"uv": [7, 8, 5, 7.5], "rotation": 270, "texture": "#1"},
				"down": {"uv": [8, 7.5, 10, 8], "rotation": 90, "texture": "#1"}
			}
		},
		{
			"name": "head",
			"from": [12.96116, 0.07282, 4.05557],
			"to": [20.96116, 8.07282, 12.05557],
			"rotation": {"angle": 0, "axis": "y", "origin": [14, 4.24561, 18.05557]},
			"faces": {
				"north": {"uv": [0, 2, 2, 4], "rotation": 270, "texture": "#1"},
				"east": {"uv": [4, 2, 2, 0], "texture": "#1"},
				"south": {"uv": [4, 2, 6, 4], "rotation": 90, "texture": "#1"},
				"west": {"uv": [6, 0, 4, 2], "rotation": 180, "texture": "#1"},
				"up": {"uv": [2, 2, 4, 4], "rotation": 90, "texture": "#1"},
				"down": {"uv": [6, 2, 8, 4], "rotation": 90, "texture": "#1"}
			}
		},
		{
			"name": "headIN",
			"from": [12.96116, 0.07282, 12.05557],
			"to": [20.96116, 8.07282, 4.05557],
			"rotation": {"angle": 0, "axis": "y", "origin": [14, 4.24561, 18.05557]},
			"faces": {
				"north": {"uv": [6, 2, 4, 4], "rotation": 270, "texture": "#1"},
				"east": {"uv": [2, 2, 4, 0], "texture": "#1"},
				"south": {"uv": [2, 2, 0, 4], "rotation": 90, "texture": "#1"},
				"west": {"uv": [4, 0, 6, 2], "rotation": 180, "texture": "#1"},
				"up": {"uv": [4, 2, 2, 4], "rotation": 90, "texture": "#1"},
				"down": {"uv": [8, 2, 6, 4], "rotation": 90, "texture": "#1"}
			}
		},
		{
			"name": "headmid",
			"from": [13.53884, 0.7434, 5.05557],
			"to": [20.53884, 6.4934, 11.05557],
			"rotation": {"angle": 0, "axis": "y", "origin": [14, 4.24561, 18.05557]},
			"faces": {
				"north": {"uv": [8.25, 2, 9.5, 3.75], "rotation": 180, "texture": "#1"},
				"east": {"uv": [9.5, 2, 11, 3.75], "rotation": 180, "texture": "#1"},
				"south": {"uv": [11, 2, 12.25, 3.75], "rotation": 180, "texture": "#1"},
				"west": {"uv": [12.25, 2, 13.75, 3.75], "rotation": 180, "texture": "#1"},
				"up": {"uv": [12.5, 0.75, 11, 2], "rotation": 270, "texture": "#1"},
				"down": {"uv": [11, 2, 9.5, 0.75], "rotation": 90, "texture": "#1"}
			}
		},
		{
			"name": "arm",
			"from": [10.47414, 0.1, 11.68152],
			"to": [12.47414, 12.1, 13.68152],
			"rotation": {"angle": 0, "axis": "y", "origin": [21.47414, 1, 4.18152]},
			"faces": {
				"north": {"uv": [1, 4.5, 0.5, 7.5], "texture": "#1"},
				"east": {"uv": [1.5, 4.5, 1, 7.5], "texture": "#1"},
				"south": {"uv": [2, 4.5, 1.5, 7.5], "texture": "#1"},
				"west": {"uv": [0.5, 4.5, 0, 7.5], "texture": "#1"},
				"up": {"uv": [0.5, 4.5, 1, 4], "texture": "#1"},
				"down": {"uv": [1, 4, 1.5, 4.5], "texture": "#1"}
			}
		},
		{
			"name": "arm",
			"from": [2.37414, 0.3, 1.38152],
			"to": [14.37414, 2.3, 3.38152],
			"rotation": {"angle": -22.5, "axis": "y", "origin": [11.47414, 6.1, -0.31848]},
			"faces": {
				"north": {"uv": [2, 4.5, 1.5, 7.5], "rotation": 90, "texture": "#1"},
				"east": {"uv": [1, 4, 1.5, 4.5], "rotation": 90, "texture": "#1"},
				"south": {"uv": [1, 4.5, 0.5, 7.5], "rotation": 270, "texture": "#1"},
				"west": {"uv": [0.5, 4.5, 1, 4], "rotation": 90, "texture": "#1"},
				"up": {"uv": [0.5, 4.5, 0, 7.5], "rotation": 270, "texture": "#1"},
				"down": {"uv": [1.5, 4.5, 1, 7.5], "rotation": 270, "texture": "#1"}
			}
		},
		{
			"name": "arm",
			"from": [-9.72586, 0.1, 8.98152],
			"to": [2.27414, 2.1, 10.98152],
			"rotation": {"angle": 0, "axis": "z", "origin": [11.47414, 6.1, 12.68152]},
			"faces": {
				"north": {"uv": [1, 4.5, 0.5, 7.5], "rotation": 90, "texture": "#1"},
				"east": {"uv": [1, 4, 1.5, 4.5], "rotation": 270, "texture": "#1"},
				"south": {"uv": [2, 4.5, 1.5, 7.5], "rotation": 270, "texture": "#1"},
				"west": {"uv": [0.5, 4.5, 1, 4], "rotation": 270, "texture": "#1"},
				"up": {"uv": [1.5, 4.5, 1, 7.5], "rotation": 270, "texture": "#1"},
				"down": {"uv": [0.5, 4.5, 0, 7.5], "rotation": 270, "texture": "#1"}
			}
		},
		{
			"name": "arm",
			"from": [-8.72586, 0.1, 4.98152],
			"to": [1.27414, 2.1, 6.98152],
			"rotation": {"angle": 22.5, "axis": "y", "origin": [-3.72586, 1.1, 5.98152]},
			"faces": {
				"north": {"uv": [2, 4.75, 1.5, 7.25], "rotation": 90, "texture": "#1"},
				"east": {"uv": [1, 4, 1.5, 4.5], "rotation": 90, "texture": "#1"},
				"south": {"uv": [1, 4.75, 0.5, 7.25], "rotation": 270, "texture": "#1"},
				"west": {"uv": [0.5, 4.5, 1, 4], "rotation": 90, "texture": "#1"},
				"up": {"uv": [0.5, 4.75, 0, 7.25], "rotation": 270, "texture": "#1"},
				"down": {"uv": [1.5, 4.75, 1, 7.25], "rotation": 270, "texture": "#1"}
			}
		},
		{
			"name": "iron_sword_0",
			"from": [12.85, -3.85, 7.5],
			"to": [15.85, -0.85, 8.5],
			"rotation": {"angle": -22.5, "axis": "z", "origin": [13.5, 4.65, 0.5]},
			"faces": {
				"north": {"uv": [16, 0, 13, 3], "rotation": 270, "texture": "#2"},
				"east": {"uv": [13, 0, 16, 1], "rotation": 90, "texture": "#2"},
				"south": {"uv": [13, 0, 16, 3], "rotation": 90, "texture": "#2"},
				"west": {"uv": [13, 2, 16, 3], "rotation": 90, "texture": "#2"},
				"up": {"uv": [13, 0, 14, 3], "rotation": 90, "texture": "#2"},
				"down": {"uv": [15, 0, 16, 3], "rotation": 90, "texture": "#2"}
			}
		},
		{
			"name": "iron_sword_1",
			"from": [9.85, -0.85, 7.5],
			"to": [14.85, 0.15, 8.5],
			"rotation": {"angle": -22.5, "axis": "z", "origin": [13.5, 4.65, 0.5]},
			"faces": {
				"north": {"uv": [13, 1, 12, 6], "rotation": 270, "texture": "#2"},
				"east": {"uv": [12, 1, 13, 2], "rotation": 90, "texture": "#2"},
				"south": {"uv": [12, 1, 13, 6], "rotation": 90, "texture": "#2"},
				"west": {"uv": [12, 5, 13, 6], "rotation": 90, "texture": "#2"},
				"up": {"uv": [12, 1, 13, 6], "rotation": 90, "texture": "#2"},
				"down": {"uv": [12, 1, 13, 6], "rotation": 90, "texture": "#2"}
			}
		},
		{
			"name": "iron_sword_2",
			"from": [8.85, 0.15, 7.5],
			"to": [13.85, 1.15, 8.5],
			"rotation": {"angle": -22.5, "axis": "z", "origin": [13.5, 4.65, 0.5]},
			"faces": {
				"north": {"uv": [12, 2, 11, 7], "rotation": 270, "texture": "#2"},
				"east": {"uv": [11, 2, 12, 3], "rotation": 90, "texture": "#2"},
				"south": {"uv": [11, 2, 12, 7], "rotation": 90, "texture": "#2"},
				"west": {"uv": [11, 6, 12, 7], "rotation": 90, "texture": "#2"},
				"up": {"uv": [11, 2, 12, 7], "rotation": 90, "texture": "#2"},
				"down": {"uv": [11, 2, 12, 7], "rotation": 90, "texture": "#2"}
			}
		},
		{
			"name": "iron_sword_3",
			"from": [7.85, 1.15, 7.5],
			"to": [12.85, 2.15, 8.5],
			"rotation": {"angle": -22.5, "axis": "z", "origin": [13.5, 4.65, 0.5]},
			"faces": {
				"north": {"uv": [11, 3, 10, 8], "rotation": 270, "texture": "#2"},
				"east": {"uv": [10, 3, 11, 4], "rotation": 90, "texture": "#2"},
				"south": {"uv": [10, 3, 11, 8], "rotation": 90, "texture": "#2"},
				"west": {"uv": [10, 7, 11, 8], "rotation": 90, "texture": "#2"},
				"up": {"uv": [10, 3, 11, 8], "rotation": 90, "texture": "#2"},
				"down": {"uv": [10, 3, 11, 8], "rotation": 90, "texture": "#2"}
			}
		},
		{
			"name": "iron_sword_4",
			"from": [11.85, -2.85, 7.5],
			"to": [12.85, -0.85, 8.5],
			"rotation": {"angle": -22.5, "axis": "z", "origin": [13.5, 4.65, 0.5]},
			"faces": {
				"north": {"uv": [15, 3, 13, 4], "rotation": 270, "texture": "#2"},
				"east": {"uv": [13, 3, 15, 4], "rotation": 90, "texture": "#2"},
				"south": {"uv": [13, 3, 15, 4], "rotation": 90, "texture": "#2"},
				"west": {"uv": [13, 3, 15, 4], "rotation": 90, "texture": "#2"},
				"up": {"uv": [13, 3, 14, 4], "rotation": 90, "texture": "#2"},
				"down": {"uv": [14, 3, 15, 4], "rotation": 90, "texture": "#2"}
			}
		},
		{
			"name": "iron_sword_5",
			"from": [6.85, 2.15, 7.5],
			"to": [11.85, 3.15, 8.5],
			"rotation": {"angle": -22.5, "axis": "z", "origin": [13.5, 4.65, 0.5]},
			"faces": {
				"north": {"uv": [10, 4, 9, 9], "rotation": 270, "texture": "#2"},
				"east": {"uv": [9, 4, 10, 5], "rotation": 90, "texture": "#2"},
				"south": {"uv": [9, 4, 10, 9], "rotation": 90, "texture": "#2"},
				"west": {"uv": [9, 8, 10, 9], "rotation": 90, "texture": "#2"},
				"up": {"uv": [9, 4, 10, 9], "rotation": 90, "texture": "#2"},
				"down": {"uv": [9, 4, 10, 9], "rotation": 90, "texture": "#2"}
			}
		},
		{
			"name": "iron_sword_6",
			"from": [10.85, -1.85, 7.5],
			"to": [11.85, -0.85, 8.5],
			"rotation": {"angle": -22.5, "axis": "z", "origin": [13.5, 4.65, 0.5]},
			"faces": {
				"north": {"uv": [14, 4, 13, 5], "rotation": 270, "texture": "#2"},
				"east": {"uv": [13, 4, 14, 5], "rotation": 90, "texture": "#2"},
				"south": {"uv": [13, 4, 14, 5], "rotation": 90, "texture": "#2"},
				"west": {"uv": [13, 4, 14, 5], "rotation": 90, "texture": "#2"},
				"up": {"uv": [13, 4, 14, 5], "rotation": 90, "texture": "#2"},
				"down": {"uv": [13, 4, 14, 5], "rotation": 90, "texture": "#2"}
			}
		},
		{
			"name": "iron_sword_7",
			"from": [5.85, 3.15, 7.5],
			"to": [10.85, 4.15, 8.5],
			"rotation": {"angle": -22.5, "axis": "z", "origin": [13.5, 4.65, 0.5]},
			"faces": {
				"north": {"uv": [9, 5, 8, 10], "rotation": 270, "texture": "#2"},
				"east": {"uv": [8, 5, 9, 6], "rotation": 90, "texture": "#2"},
				"south": {"uv": [8, 5, 9, 10], "rotation": 90, "texture": "#2"},
				"west": {"uv": [8, 9, 9, 10], "rotation": 90, "texture": "#2"},
				"up": {"uv": [8, 5, 9, 10], "rotation": 90, "texture": "#2"},
				"down": {"uv": [8, 5, 9, 10], "rotation": 90, "texture": "#2"}
			}
		},
		{
			"name": "iron_sword_8",
			"from": [1.85, 4.15, 7.5],
			"to": [9.85, 5.15, 8.5],
			"rotation": {"angle": -22.5, "axis": "z", "origin": [13.5, 4.65, 0.5]},
			"faces": {
				"north": {"uv": [8, 6, 7, 14], "rotation": 270, "texture": "#2"},
				"east": {"uv": [7, 6, 8, 7], "rotation": 90, "texture": "#2"},
				"south": {"uv": [7, 6, 8, 14], "rotation": 90, "texture": "#2"},
				"west": {"uv": [7, 13, 8, 14], "rotation": 90, "texture": "#2"},
				"up": {"uv": [7, 6, 8, 14], "rotation": 90, "texture": "#2"},
				"down": {"uv": [7, 6, 8, 14], "rotation": 90, "texture": "#2"}
			}
		},
		{
			"name": "iron_sword_9",
			"from": [6.85, 8.15, 7.5],
			"to": [8.85, 10.15, 8.5],
			"rotation": {"angle": -22.5, "axis": "z", "origin": [13.5, 4.65, 0.5]},
			"faces": {
				"north": {"uv": [4, 7, 2, 9], "rotation": 270, "texture": "#2"},
				"east": {"uv": [2, 7, 4, 8], "rotation": 90, "texture": "#2"},
				"south": {"uv": [2, 7, 4, 9], "rotation": 90, "texture": "#2"},
				"west": {"uv": [2, 8, 4, 9], "rotation": 90, "texture": "#2"},
				"up": {"uv": [2, 7, 3, 9], "rotation": 90, "texture": "#2"},
				"down": {"uv": [3, 7, 4, 9], "rotation": 90, "texture": "#2"}
			}
		},
		{
			"name": "iron_sword_10",
			"from": [2.85, 5.15, 7.5],
			"to": [8.85, 6.15, 8.5],
			"rotation": {"angle": -22.5, "axis": "z", "origin": [13.5, 4.65, 0.5]},
			"faces": {
				"north": {"uv": [7, 7, 6, 13], "rotation": 270, "texture": "#2"},
				"east": {"uv": [6, 7, 7, 8], "rotation": 90, "texture": "#2"},
				"south": {"uv": [6, 7, 7, 13], "rotation": 90, "texture": "#2"},
				"west": {"uv": [6, 12, 7, 13], "rotation": 90, "texture": "#2"},
				"up": {"uv": [6, 7, 7, 13], "rotation": 90, "texture": "#2"},
				"down": {"uv": [6, 7, 7, 13], "rotation": 90, "texture": "#2"}
			}
		},
		{
			"name": "iron_sword_11",
			"from": [3.85, 6.15, 7.5],
			"to": [7.85, 8.15, 8.5],
			"rotation": {"angle": -22.5, "axis": "z", "origin": [13.5, 4.65, 0.5]},
			"faces": {
				"north": {"uv": [6, 8, 4, 12], "rotation": 270, "texture": "#2"},
				"east": {"uv": [4, 8, 6, 9], "rotation": 90, "texture": "#2"},
				"south": {"uv": [4, 8, 6, 12], "rotation": 90, "texture": "#2"},
				"west": {"uv": [4, 11, 6, 12], "rotation": 90, "texture": "#2"},
				"up": {"uv": [4, 8, 5, 12], "rotation": 90, "texture": "#2"},
				"down": {"uv": [5, 8, 6, 12], "rotation": 90, "texture": "#2"}
			}
		},
		{
			"name": "iron_sword_12",
			"from": [5.85, 8.15, 7.5],
			"to": [6.85, 9.15, 8.5],
			"rotation": {"angle": -22.5, "axis": "z", "origin": [13.5, 4.65, 0.5]},
			"faces": {
				"north": {"uv": [4, 9, 3, 10], "rotation": 270, "texture": "#2"},
				"east": {"uv": [3, 9, 4, 10], "rotation": 90, "texture": "#2"},
				"south": {"uv": [3, 9, 4, 10], "rotation": 90, "texture": "#2"},
				"west": {"uv": [3, 9, 4, 10], "rotation": 90, "texture": "#2"},
				"up": {"uv": [3, 9, 4, 10], "rotation": 90, "texture": "#2"},
				"down": {"uv": [3, 9, 4, 10], "rotation": 90, "texture": "#2"}
			}
		},
		{
			"name": "iron_sword_13",
			"from": [1.85, 8.15, 7.5],
			"to": [4.85, 9.15, 8.5],
			"rotation": {"angle": -22.5, "axis": "z", "origin": [13.5, 4.65, 0.5]},
			"faces": {
				"north": {"uv": [4, 11, 3, 14], "rotation": 270, "texture": "#2"},
				"east": {"uv": [3, 11, 4, 12], "rotation": 90, "texture": "#2"},
				"south": {"uv": [3, 11, 4, 14], "rotation": 90, "texture": "#2"},
				"west": {"uv": [3, 13, 4, 14], "rotation": 90, "texture": "#2"},
				"up": {"uv": [3, 11, 4, 14], "rotation": 90, "texture": "#2"},
				"down": {"uv": [3, 11, 4, 14], "rotation": 90, "texture": "#2"}
			}
		},
		{
			"name": "iron_sword_14",
			"from": [0.85, 9.15, 7.5],
			"to": [3.85, 10.15, 8.5],
			"rotation": {"angle": -22.5, "axis": "z", "origin": [13.5, 4.65, 0.5]},
			"faces": {
				"north": {"uv": [3, 12, 2, 15], "rotation": 270, "texture": "#2"},
				"east": {"uv": [2, 12, 3, 13], "rotation": 90, "texture": "#2"},
				"south": {"uv": [2, 12, 3, 15], "rotation": 90, "texture": "#2"},
				"west": {"uv": [2, 14, 3, 15], "rotation": 90, "texture": "#2"},
				"up": {"uv": [2, 12, 3, 15], "rotation": 90, "texture": "#2"},
				"down": {"uv": [2, 12, 3, 15], "rotation": 90, "texture": "#2"}
			}
		},
		{
			"name": "iron_sword_15",
			"from": [2.85, 7.15, 7.5],
			"to": [3.85, 8.15, 8.5],
			"rotation": {"angle": -22.5, "axis": "z", "origin": [13.5, 4.65, 0.5]},
			"faces": {
				"north": {"uv": [5, 12, 4, 13], "rotation": 270, "texture": "#2"},
				"east": {"uv": [4, 12, 5, 13], "rotation": 90, "texture": "#2"},
				"south": {"uv": [4, 12, 5, 13], "rotation": 90, "texture": "#2"},
				"west": {"uv": [4, 12, 5, 13], "rotation": 90, "texture": "#2"},
				"up": {"uv": [4, 12, 5, 13], "rotation": 90, "texture": "#2"},
				"down": {"uv": [4, 12, 5, 13], "rotation": 90, "texture": "#2"}
			}
		},
		{
			"name": "iron_sword_16",
			"from": [1.85, 3.15, 7.5],
			"to": [3.85, 4.15, 8.5],
			"rotation": {"angle": -22.5, "axis": "z", "origin": [13.5, 4.65, 0.5]},
			"faces": {
				"north": {"uv": [9, 12, 8, 14], "rotation": 270, "texture": "#2"},
				"east": {"uv": [8, 12, 9, 13], "rotation": 90, "texture": "#2"},
				"south": {"uv": [8, 12, 9, 14], "rotation": 90, "texture": "#2"},
				"west": {"uv": [8, 13, 9, 14], "rotation": 90, "texture": "#2"},
				"up": {"uv": [8, 12, 9, 14], "rotation": 90, "texture": "#2"},
				"down": {"uv": [8, 12, 9, 14], "rotation": 90, "texture": "#2"}
			}
		},
		{
			"name": "iron_sword_17",
			"from": [-0.15, 10.15, 7.5],
			"to": [2.85, 11.15, 8.5],
			"rotation": {"angle": -22.5, "axis": "z", "origin": [13.5, 4.65, 0.5]},
			"faces": {
				"north": {"uv": [2, 13, 1, 16], "rotation": 270, "texture": "#2"},
				"east": {"uv": [1, 13, 2, 14], "rotation": 90, "texture": "#2"},
				"south": {"uv": [1, 13, 2, 16], "rotation": 90, "texture": "#2"},
				"west": {"uv": [1, 15, 2, 16], "rotation": 90, "texture": "#2"},
				"up": {"uv": [1, 13, 2, 16], "rotation": 90, "texture": "#2"},
				"down": {"uv": [1, 13, 2, 16], "rotation": 90, "texture": "#2"}
			}
		},
		{
			"name": "iron_sword_18",
			"from": [-0.15, 11.15, 7.5],
			"to": [1.85, 12.15, 8.5],
			"rotation": {"angle": -22.5, "axis": "z", "origin": [13.5, 4.65, 0.5]},
			"faces": {
				"north": {"uv": [1, 14, 0, 16], "rotation": 270, "texture": "#2"},
				"east": {"uv": [0, 14, 1, 15], "rotation": 90, "texture": "#2"},
				"south": {"uv": [0, 14, 1, 16], "rotation": 90, "texture": "#2"},
				"west": {"uv": [0, 15, 1, 16], "rotation": 90, "texture": "#2"},
				"up": {"uv": [0, 14, 1, 16], "rotation": 90, "texture": "#2"},
				"down": {"uv": [0, 14, 1, 16], "rotation": 90, "texture": "#2"}
			}
		}
	],
	"display": {
		"thirdperson_righthand": {
			"rotation": [-62, -89, 0],
			"translation": [0, 0, -2],
			"scale": [0.5, 0.5, 0.5]
		},
		"thirdperson_lefthand": {
			"rotation": [0, 90, -64],
			"translation": [0, 0, -2.75],
			"scale": [0.5, 0.5, 0.5]
		},
		"firstperson_righthand": {
			"rotation": [-90, -90, 0],
			"translation": [3.75, 0, 0],
			"scale": [0.75, 0.75, 0.75]
		},
		"firstperson_lefthand": {
			"rotation": [-90, 90, 0],
			"translation": [3, 0, 0],
			"scale": [0.75, 0.75, 0.75]
		},
		"ground": {
			"scale": [0.5, 0.5, 0.5]
		},
		"gui": {
			"rotation": [90, 90, 0],
			"translation": [0.25, -0.25, 0],
			"scale": [0.75, 0.75, 0.75]
		},
		"head": {
			"rotation": [0, -90, 0],
			"translation": [0, 13.25, 1.5]
		},
		"fixed": {
			"rotation": [-90, -90, 0],
			"translation": [0, 0, -6.5]
		}
	},
	"groups": [
		{
			"name": "Ribs",
			"origin": [8, 8, 8],
			"color": 0,
			"children": [0, 1]
		},
		{
			"name": "Pelvis",
			"origin": [8, 8, 8],
			"color": 0,
			"children": [2, 3]
		},
		{
			"name": "Skull",
			"origin": [8, 8, 8],
			"color": 0,
			"children": [4, 5, 6]
		},
		7,
		8,
		9,
		10,
		{
			"name": "iron_sword",
			"origin": [8, 8, 8],
			"color": 0,
			"children": [11, 12, 13, 14, 15, 16, 17, 18, 19, 20, 21, 22, 23, 24, 25, 26, 27, 28, 29]
		}
	]
}