{
	"credit": "Made with Blockbench",
	"ambientocclusion": false,
	"render_type": "cutout",
	"textures": {
		"": "graveyard:block/skeleton_creeper",
		"particle": "graveyard:block/skeleton_creeper_extra"
	},
	"elements": [
		{
			"name": "head",
			"from": [3.999, 7.999, 0.999],
			"to": [12.001, 16.001, 9.001],
			"rotation": {"angle": -22.5, "axis": "x", "origin": [8, 12, 5.75]},
			"faces": {
				"north": {"uv": [2, 2, 4, 4], "texture": "#"},
				"east": {"uv": [0, 2, 2, 4], "texture": "#"},
				"south": {"uv": [6, 2, 8, 4], "texture": "#"},
				"west": {"uv": [2, 2, 0, 4], "texture": "#"},
				"up": {"uv": [4, 2, 2, 0], "texture": "#"},
				"down": {"uv": [6, 0, 4, 2], "texture": "#"}
			}
		},
		{
			"name": "headIN",
			"from": [11.999, 7.999, 0.999],
			"to": [4.001, 16.001, 9.001],
			"rotation": {"angle": -22.5, "axis": "x", "origin": [8, 12, 5.75]},
			"faces": {
				"north": {"uv": [4, 2, 2, 4], "texture": "#"},
				"east": {"uv": [6, 2, 4, 4], "texture": "#"},
				"south": {"uv": [8, 2, 6, 4], "texture": "#"},
				"west": {"uv": [2, 2, 0, 4], "texture": "#"},
				"up": {"uv": [2, 2, 4, 0], "texture": "#"},
				"down": {"uv": [4, 0, 6, 2], "texture": "#"}
			}
		},
		{
			"name": "inside",
			"from": [5, 5.75, 6],
			"to": [11, 11.75, 12],
			"rotation": {"angle": -22.5, "axis": "x", "origin": [0, 0, 0]},
			"faces": {
				"north": {"uv": [0, 0, 0.25, 0.25], "texture": "#"},
				"east": {"uv": [0, 0, 0.25, 0.25], "texture": "#"},
				"south": {"uv": [0, 0, 0.25, 0.25], "texture": "#"},
				"west": {"uv": [0, 0, 0.25, 0.25], "texture": "#"},
				"up": {"uv": [0.25, 0.25, 0, 0], "texture": "#"},
				"down": {"uv": [0, 0, 0.25, 0.25], "texture": "#"}
			}
		},
		{
			"name": "ribs",
			"from": [4, 0, 6.5],
			"to": [12, 10, 10.5],
			"rotation": {"angle": 0, "axis": "y", "origin": [8, 0, 8]},
			"faces": {
				"north": {"uv": [1, 5, 3, 7.5], "texture": "#"},
				"east": {"uv": [0, 5, 1, 7.5], "texture": "#"},
				"south": {"uv": [4, 5, 6, 7.5], "texture": "#"},
				"west": {"uv": [3, 5, 4, 7.5], "texture": "#"},
				"up": {"uv": [3, 5, 1, 4], "texture": "#"},
				"down": {"uv": [3, 4, 1, 5], "texture": "#"}
			}
		},
		{
			"name": "ribsIN",
			"from": [12, 0, 6.5],
			"to": [4, 10, 10.5],
			"rotation": {"angle": 0, "axis": "y", "origin": [8, 0, 8]},
			"faces": {
				"north": {"uv": [3, 5, 1, 7.5], "texture": "#"},
				"east": {"uv": [4, 5, 3, 7.5], "texture": "#"},
				"south": {"uv": [6, 5, 4, 7.5], "texture": "#"},
				"west": {"uv": [1, 5, 0, 7.5], "texture": "#"},
				"up": {"uv": [1, 5, 3, 4], "texture": "#"},
				"down": {"uv": [1, 4, 3, 5], "texture": "#"}
			}
		},
		{
			"name": "waste",
			"from": [4, 0.001, 4.5],
			"to": [12, 2.001, 8.5],
			"rotation": {"angle": -22.5, "axis": "y", "origin": [8, 0, 8]},
			"faces": {
				"north": {"uv": [1, 7.5, 3, 8], "texture": "#"},
				"east": {"uv": [3, 7.5, 4, 8], "texture": "#"},
				"south": {"uv": [4, 7.5, 6, 8], "texture": "#"},
				"west": {"uv": [0, 7.5, 1, 8], "texture": "#"},
				"up": {"uv": [3, 5, 1, 4], "texture": "#"},
				"down": {"uv": [5, 4, 3, 5], "texture": "#"}
			}
		},
		{
			"name": "wasteIN",
			"from": [12, 0.001, 4.5],
			"to": [4, 2.001, 8.5],
			"rotation": {"angle": -22.5, "axis": "y", "origin": [8, 0, 8]},
			"faces": {
				"north": {"uv": [3, 7.5, 1, 8], "texture": "#"},
				"east": {"uv": [4, 7.5, 3, 8], "texture": "#"},
				"south": {"uv": [6, 7.5, 4, 8], "texture": "#"},
				"west": {"uv": [1, 7.5, 0, 8], "texture": "#"},
				"up": {"uv": [1, 5, 3, 4], "texture": "#"},
				"down": {"uv": [3, 4, 5, 5], "texture": "#"}
			}
		}
	],
	"display": {
		"thirdperson_righthand": {
			"rotation": [23, 0, 0],
			"translation": [0, 0, 0.5],
			"scale": [0.5, 0.5, 0.5]
		},
		"thirdperson_lefthand": {
			"rotation": [41, 0, 0],
			"translation": [0, 0, 0.75],
			"scale": [0.5, 0.5, 0.5]
		},
		"firstperson_righthand": {
			"translation": [3.75, 0, 0],
			"scale": [0.75, 0.75, 0.75]
		},
		"firstperson_lefthand": {
			"translation": [3, 0, 0],
			"scale": [0.75, 0.75, 0.75]
		},
		"ground": {
			"scale": [0.5, 0.5, 0.5]
		},
		"gui": {
			"rotation": [6, 150, 0],
			"translation": [0.25, -0.25, 0],
			"scale": [0.76, 0.76, 0.76]
		},
		"head": {
			"translation": [0, 8.25, 1.5]
		},
		"fixed": {
			"translation": [0, 0, -0.5]
		}
	}
}