{
	"credit": "Made with Blockbench",
	"render_type": "cutout",
	"texture_size": [64, 64],
	"textures": {
		"1": "graveyard:block/hanged_wither_skeleton",
		"particle": "graveyard:block/wither_skeleton_extra"
	},
	"elements": [
		{
			"name": "rope",
			"from": [6, 10, 3],
			"to": [10, 11, 4],
			"rotation": {"angle": 0, "axis": "y", "origin": [1, 0, 0]},
			"faces": {
				"north": {"uv": [10.5, 9.75, 11.5, 10], "texture": "#1"},
				"east": {"uv": [10.25, 9.75, 10.5, 10], "texture": "#1"},
				"south": {"uv": [11.75, 9.75, 12.75, 10], "texture": "#1"},
				"west": {"uv": [11.5, 9.75, 11.75, 10], "texture": "#1"},
				"up": {"uv": [11.5, 9.75, 10.5, 9.5], "texture": "#1"},
				"down": {"uv": [12.5, 9.5, 11.5, 9.75], "texture": "#1"}
			}
		},
		{
			"name": "rope",
			"from": [10, 11, 3],
			"to": [12, 12, 4],
			"rotation": {"angle": 0, "axis": "y", "origin": [1, 0, 0]},
			"faces": {
				"north": {"uv": [9.75, 10.75, 10.25, 11], "texture": "#1"},
				"east": {"uv": [9.5, 10.75, 9.75, 11], "texture": "#1"},
				"south": {"uv": [10.5, 10.75, 11, 11], "texture": "#1"},
				"west": {"uv": [10.25, 10.75, 10.5, 11], "texture": "#1"},
				"up": {"uv": [10.25, 10.75, 9.75, 10.5], "texture": "#1"},
				"down": {"uv": [10.75, 10.5, 10.25, 10.75], "texture": "#1"}
			}
		},
		{
			"name": "rope",
			"from": [5, 11, 3],
			"to": [6, 12, 4],
			"rotation": {"angle": 0, "axis": "y", "origin": [1, 0, 0]},
			"faces": {
				"north": {"uv": [9.75, 10.75, 10, 11], "texture": "#1"},
				"east": {"uv": [9.5, 10.75, 9.75, 11], "texture": "#1"},
				"south": {"uv": [10.25, 10.75, 10.5, 11], "texture": "#1"},
				"west": {"uv": [10, 10.75, 10.25, 11], "texture": "#1"},
				"up": {"uv": [10, 10.75, 9.75, 10.5], "texture": "#1"},
				"down": {"uv": [10.25, 10.5, 10, 10.75], "texture": "#1"}
			}
		},
		{
			"name": "rope",
			"from": [4, 12, 3],
			"to": [5, 13, 4],
			"rotation": {"angle": 0, "axis": "y", "origin": [1, 0, 0]},
			"faces": {
				"north": {"uv": [9.75, 10.75, 10, 11], "texture": "#1"},
				"east": {"uv": [9.5, 10.75, 9.75, 11], "texture": "#1"},
				"south": {"uv": [10.25, 10.75, 10.5, 11], "texture": "#1"},
				"west": {"uv": [10, 10.75, 10.25, 11], "texture": "#1"},
				"up": {"uv": [10, 10.75, 9.75, 10.5], "texture": "#1"},
				"down": {"uv": [10.25, 10.5, 10, 10.75], "texture": "#1"}
			}
		},
		{
			"name": "rope",
			"from": [3, 14, 7],
			"to": [4, 15, 10],
			"rotation": {"angle": 0, "axis": "y", "origin": [1, 0, 0]},
			"faces": {
				"north": {"uv": [10.25, 10.75, 10.5, 11], "texture": "#1"},
				"east": {"uv": [9.5, 10.75, 10.25, 11], "texture": "#1"},
				"south": {"uv": [11.25, 10.75, 11.5, 11], "texture": "#1"},
				"west": {"uv": [10.5, 10.75, 11.25, 11], "texture": "#1"},
				"up": {"uv": [10.5, 10.75, 10.25, 10], "texture": "#1"},
				"down": {"uv": [10.75, 10, 10.5, 10.75], "texture": "#1"}
			}
		},
		{
			"name": "rope",
			"from": [12, 14, 7],
			"to": [13, 15, 10],
			"rotation": {"angle": 0, "axis": "y", "origin": [1, 0, 0]},
			"faces": {
				"north": {"uv": [10, 10.25, 10.25, 10.5], "texture": "#1"},
				"east": {"uv": [9.25, 10.25, 10, 10.5], "texture": "#1"},
				"south": {"uv": [11, 10.25, 11.25, 10.5], "texture": "#1"},
				"west": {"uv": [10.25, 10.25, 11, 10.5], "texture": "#1"},
				"up": {"uv": [10.25, 10.25, 10, 9.5], "texture": "#1"},
				"down": {"uv": [10.5, 9.5, 10.25, 10.25], "texture": "#1"}
			}
		},
		{
			"name": "rope",
			"from": [12, 15, 10],
			"to": [13, 16, 11],
			"rotation": {"angle": 0, "axis": "y", "origin": [1, 0, 0]},
			"faces": {
				"north": {"uv": [10, 10.25, 10.25, 10.5], "texture": "#1"},
				"east": {"uv": [9.75, 10.25, 10, 10.5], "texture": "#1"},
				"south": {"uv": [10.5, 10.25, 10.75, 10.5], "texture": "#1"},
				"west": {"uv": [10.25, 10.25, 10.5, 10.5], "texture": "#1"},
				"up": {"uv": [10.25, 10.25, 10, 10], "texture": "#1"},
				"down": {"uv": [10.5, 10, 10.25, 10.25], "texture": "#1"}
			}
		},
		{
			"name": "rope",
			"from": [3.5, 15, 9.5],
			"to": [4.5, 16, 11.5],
			"rotation": {"angle": 0, "axis": "y", "origin": [1, 0, 0]},
			"faces": {
				"north": {"uv": [10.25, 10.5, 10.5, 10.75], "texture": "#1"},
				"east": {"uv": [9.75, 10.5, 10.25, 10.75], "texture": "#1"},
				"south": {"uv": [11, 10.5, 11.25, 10.75], "texture": "#1"},
				"west": {"uv": [10.5, 10.5, 11, 10.75], "texture": "#1"},
				"up": {"uv": [10.5, 10.5, 10.25, 10], "texture": "#1"},
				"down": {"uv": [10.75, 10, 10.5, 10.5], "texture": "#1"}
			}
		},
		{
			"name": "rope",
			"from": [4, 16, 11],
			"to": [7, 17, 12],
			"rotation": {"angle": 0, "axis": "y", "origin": [1, 0, 0]},
			"faces": {
				"north": {"uv": [10, 10.25, 10.75, 10.5], "texture": "#1"},
				"east": {"uv": [9.75, 10.25, 10, 10.5], "texture": "#1"},
				"south": {"uv": [11, 10.25, 11.75, 10.5], "texture": "#1"},
				"west": {"uv": [10.75, 10.25, 11, 10.5], "texture": "#1"},
				"up": {"uv": [10.75, 10.25, 10, 10], "texture": "#1"},
				"down": {"uv": [11.5, 10, 10.75, 10.25], "texture": "#1"}
			}
		},
		{
			"name": "rope",
			"from": [10, 16, 11],
			"to": [12, 17, 12],
			"rotation": {"angle": 0, "axis": "y", "origin": [1, 0, 0]},
			"faces": {
				"north": {"uv": [10, 10.25, 10.5, 10.5], "texture": "#1"},
				"east": {"uv": [9.75, 10.25, 10, 10.5], "texture": "#1"},
				"south": {"uv": [10.75, 10.25, 11.25, 10.5], "texture": "#1"},
				"west": {"uv": [10.5, 10.25, 10.75, 10.5], "texture": "#1"},
				"up": {"uv": [10.5, 10.25, 10, 10], "texture": "#1"},
				"down": {"uv": [11, 10, 10.5, 10.25], "texture": "#1"}
			}
		},
		{
			"name": "rope",
			"from": [6, 17, 11],
			"to": [8, 18, 12],
			"rotation": {"angle": 0, "axis": "y", "origin": [1, 0, 0]},
			"faces": {
				"north": {"uv": [10, 10.25, 10.5, 10.5], "texture": "#1"},
				"east": {"uv": [9.75, 10.25, 10, 10.5], "texture": "#1"},
				"south": {"uv": [10.75, 10.25, 11.25, 10.5], "texture": "#1"},
				"west": {"uv": [10.5, 10.25, 10.75, 10.5], "texture": "#1"},
				"up": {"uv": [10.5, 10.25, 10, 10], "texture": "#1"},
				"down": {"uv": [11, 10, 10.5, 10.25], "texture": "#1"}
			}
		},
		{
			"name": "rope",
			"from": [9, 17, 11],
			"to": [10, 18, 12],
			"rotation": {"angle": 0, "axis": "y", "origin": [1, 0, 0]},
			"faces": {
				"north": {"uv": [10, 10.25, 10.25, 10.5], "texture": "#1"},
				"east": {"uv": [9.75, 10.25, 10, 10.5], "texture": "#1"},
				"south": {"uv": [10.5, 10.25, 10.75, 10.5], "texture": "#1"},
				"west": {"uv": [10.25, 10.25, 10.5, 10.5], "texture": "#1"},
				"up": {"uv": [10.25, 10.25, 10, 10], "texture": "#1"},
				"down": {"uv": [10.5, 10, 10.25, 10.25], "texture": "#1"}
			}
		},
		{
			"name": "rope",
			"from": [7, 22, 12],
			"to": [8, 23, 13],
			"rotation": {"angle": 0, "axis": "y", "origin": [1, 0, 0]},
			"faces": {
				"north": {"uv": [10, 10.25, 10.25, 10.5], "texture": "#1"},
				"east": {"uv": [9.75, 10.25, 10, 10.5], "texture": "#1"},
				"south": {"uv": [10.5, 10.25, 10.75, 10.5], "texture": "#1"},
				"west": {"uv": [10.25, 10.25, 10.5, 10.5], "texture": "#1"},
				"up": {"uv": [10.25, 10.25, 10, 10], "texture": "#1"},
				"down": {"uv": [10.5, 10, 10.25, 10.25], "texture": "#1"}
			}
		},
		{
			"name": "rope",
			"from": [7, 18, 11],
			"to": [9, 23, 12],
			"rotation": {"angle": 0, "axis": "y", "origin": [1, 0, 0]},
			"faces": {
				"north": {"uv": [9.5, 9.75, 10, 11], "texture": "#1"},
				"east": {"uv": [9.25, 9.75, 9.5, 11], "texture": "#1"},
				"south": {"uv": [10.25, 9.75, 10.75, 11], "texture": "#1"},
				"west": {"uv": [10, 9.75, 10.25, 11], "texture": "#1"},
				"up": {"uv": [10, 9.75, 9.5, 9.5], "texture": "#1"},
				"down": {"uv": [10.5, 9.5, 10, 9.75], "texture": "#1"}
			}
		},
		{
			"name": "rope",
			"from": [6, 23, 12],
			"to": [8, 28, 13],
			"rotation": {"angle": 0, "axis": "y", "origin": [1, 0, 0]},
			"faces": {
				"north": {"uv": [9.75, 9.75, 10.25, 11], "texture": "#1"},
				"east": {"uv": [9.5, 9.75, 9.75, 11], "texture": "#1"},
				"south": {"uv": [10.5, 9.75, 11, 11], "texture": "#1"},
				"west": {"uv": [10.25, 9.75, 10.5, 11], "texture": "#1"},
				"up": {"uv": [10.25, 9.75, 9.75, 9.5], "texture": "#1"},
				"down": {"uv": [10.75, 9.5, 10.25, 9.75], "texture": "#1"}
			}
		},
		{
			"name": "rope",
			"from": [7, 26, 11],
			"to": [8, 31, 12],
			"rotation": {"angle": 0, "axis": "y", "origin": [1, 0, 0]},
			"faces": {
				"north": {"uv": [9.75, 9.75, 10, 11], "texture": "#1"},
				"east": {"uv": [9.5, 9.75, 9.75, 11], "texture": "#1"},
				"south": {"uv": [10.25, 9.75, 10.5, 11], "texture": "#1"},
				"west": {"uv": [10, 9.75, 10.25, 11], "texture": "#1"},
				"up": {"uv": [10, 9.75, 9.75, 9.5], "texture": "#1"},
				"down": {"uv": [10.25, 9.5, 10, 9.75], "texture": "#1"}
			}
		},
		{
			"name": "rope",
			"from": [8, 28, 11],
			"to": [9, 32, 12],
			"rotation": {"angle": 0, "axis": "y", "origin": [1, 0, 0]},
			"faces": {
				"north": {"uv": [9.75, 9.75, 10, 10.75], "texture": "#1"},
				"east": {"uv": [9.5, 9.75, 9.75, 10.75], "texture": "#1"},
				"south": {"uv": [10.25, 9.75, 10.5, 10.75], "texture": "#1"},
				"west": {"uv": [10, 9.75, 10.25, 10.75], "texture": "#1"},
				"up": {"uv": [10, 9.75, 9.75, 9.5], "texture": "#1"},
				"down": {"uv": [10.25, 9.5, 10, 9.75], "texture": "#1"}
			}
		},
		{
			"name": "rope",
			"from": [6, 27, 12],
			"to": [7, 29, 13],
			"rotation": {"angle": 0, "axis": "y", "origin": [1, 0, 0]},
			"faces": {
				"north": {"uv": [10, 9.75, 10.25, 10.25], "texture": "#1"},
				"east": {"uv": [9.75, 9.75, 10, 10.25], "texture": "#1"},
				"south": {"uv": [10.5, 9.75, 10.75, 10.25], "texture": "#1"},
				"west": {"uv": [10.25, 9.75, 10.5, 10.25], "texture": "#1"},
				"up": {"uv": [10.25, 9.75, 10, 9.5], "texture": "#1"},
				"down": {"uv": [10.5, 9.5, 10.25, 9.75], "texture": "#1"}
			}
		},
		{
			"name": "rope",
			"from": [6, 21, 12],
			"to": [7, 23, 13],
			"rotation": {"angle": 0, "axis": "y", "origin": [1, 0, 0]},
			"faces": {
				"north": {"uv": [9.5, 9.75, 9.75, 10.25], "texture": "#1"},
				"east": {"uv": [9.25, 9.75, 9.5, 10.25], "texture": "#1"},
				"south": {"uv": [10, 9.75, 10.25, 10.25], "texture": "#1"},
				"west": {"uv": [9.75, 9.75, 10, 10.25], "texture": "#1"},
				"up": {"uv": [9.75, 9.75, 9.5, 9.5], "texture": "#1"},
				"down": {"uv": [10, 9.5, 9.75, 9.75], "texture": "#1"}
			}
		},
		{
			"name": "rope",
			"from": [6, 22, 12],
			"to": [7, 24, 13],
			"rotation": {"angle": 0, "axis": "y", "origin": [1, 0, 0]},
			"faces": {
				"north": {"uv": [9.5, 9.75, 9.75, 10.25], "texture": "#1"},
				"east": {"uv": [9.25, 9.75, 9.5, 10.25], "texture": "#1"},
				"south": {"uv": [10, 9.75, 10.25, 10.25], "texture": "#1"},
				"west": {"uv": [9.75, 9.75, 10, 10.25], "texture": "#1"},
				"up": {"uv": [9.75, 9.75, 9.5, 9.5], "texture": "#1"},
				"down": {"uv": [10, 9.5, 9.75, 9.75], "texture": "#1"}
			}
		},
		{
			"name": "rope",
			"from": [7, 23, 11],
			"to": [8, 25, 12],
			"rotation": {"angle": 0, "axis": "y", "origin": [1, 0, 0]},
			"faces": {
				"north": {"uv": [9.5, 9.75, 9.75, 10.25], "texture": "#1"},
				"east": {"uv": [9.25, 9.75, 9.5, 10.25], "texture": "#1"},
				"south": {"uv": [10, 9.75, 10.25, 10.25], "texture": "#1"},
				"west": {"uv": [9.75, 9.75, 10, 10.25], "texture": "#1"},
				"up": {"uv": [9.75, 9.75, 9.5, 9.5], "texture": "#1"},
				"down": {"uv": [10, 9.5, 9.75, 9.75], "texture": "#1"}
			}
		},
		{
			"name": "rope",
			"from": [12, 12, 3],
			"to": [13, 13, 5],
			"rotation": {"angle": 0, "axis": "y", "origin": [1, 0, 0]},
			"faces": {
				"north": {"uv": [10, 10.75, 10.25, 11], "texture": "#1"},
				"east": {"uv": [9.5, 10.75, 10, 11], "texture": "#1"},
				"south": {"uv": [10.75, 10.75, 11, 11], "texture": "#1"},
				"west": {"uv": [10.25, 10.75, 10.75, 11], "texture": "#1"},
				"up": {"uv": [10.25, 10.75, 10, 10.25], "texture": "#1"},
				"down": {"uv": [10.5, 10.25, 10.25, 10.75], "texture": "#1"}
			}
		},
		{
			"name": "rope",
			"from": [11, 12, 3],
			"to": [12, 13, 4],
			"rotation": {"angle": 0, "axis": "y", "origin": [1, 0, 0]},
			"faces": {
				"north": {"uv": [9.75, 10.75, 10, 11], "texture": "#1"},
				"east": {"uv": [9.5, 10.75, 9.75, 11], "texture": "#1"},
				"south": {"uv": [10.25, 10.75, 10.5, 11], "texture": "#1"},
				"west": {"uv": [10, 10.75, 10.25, 11], "texture": "#1"},
				"up": {"uv": [10, 10.75, 9.75, 10.5], "texture": "#1"},
				"down": {"uv": [10.25, 10.5, 10, 10.75], "texture": "#1"}
			}
		},
		{
			"name": "rope",
			"from": [12, 13, 4],
			"to": [13, 14, 8],
			"rotation": {"angle": 0, "axis": "y", "origin": [1, 0, 0]},
			"faces": {
				"north": {"uv": [10.25, 10.5, 10.5, 10.75], "texture": "#1"},
				"east": {"uv": [9.25, 10.5, 10.25, 10.75], "texture": "#1"},
				"south": {"uv": [11.5, 10.5, 11.75, 10.75], "texture": "#1"},
				"west": {"uv": [10.5, 10.5, 11.5, 10.75], "texture": "#1"},
				"up": {"uv": [10.5, 10.5, 10.25, 9.5], "texture": "#1"},
				"down": {"uv": [10.75, 9.5, 10.5, 10.5], "texture": "#1"}
			}
		},
		{
			"name": "rope",
			"from": [3, 13, 4],
			"to": [4, 14, 8],
			"rotation": {"angle": 0, "axis": "y", "origin": [1, 0, 0]},
			"faces": {
				"north": {"uv": [10.75, 10.5, 11, 10.75], "texture": "#1"},
				"east": {"uv": [9.75, 10.5, 10.75, 10.75], "texture": "#1"},
				"south": {"uv": [12, 10.5, 12.25, 10.75], "texture": "#1"},
				"west": {"uv": [11, 10.5, 12, 10.75], "texture": "#1"},
				"up": {"uv": [11, 10.5, 10.75, 9.5], "texture": "#1"},
				"down": {"uv": [11.25, 9.5, 11, 10.5], "texture": "#1"}
			}
		},
		{
			"name": "head",
			"from": [3.95, 13.201, 1.7],
			"to": [11.95, 21.201, 9.7],
			"rotation": {"angle": -22.5, "axis": "x", "origin": [7.95, 17.326, 6.0125]},
			"faces": {
				"north": {"uv": [2, 2, 4, 4], "texture": "#1"},
				"east": {"uv": [0, 2, 2, 4], "texture": "#1"},
				"south": {"uv": [6, 2, 8, 4], "texture": "#1"},
				"west": {"uv": [4, 2, 6, 4], "texture": "#1"},
				"up": {"uv": [4, 2, 2, 0], "texture": "#1"},
				"down": {"uv": [6, 0, 4, 2], "texture": "#1"}
			}
		},
		{
			"name": "headIN",
			"from": [11.95, 13.201, 1.7],
			"to": [3.95, 21.201, 9.7],
			"rotation": {"angle": -22.5, "axis": "x", "origin": [7.95, 17.326, 6.0125]},
			"faces": {
				"north": {"uv": [4, 2, 2, 4], "texture": "#1"},
				"east": {"uv": [6, 2, 4, 4], "texture": "#1"},
				"south": {"uv": [8, 2, 6, 4], "texture": "#1"},
				"west": {"uv": [2, 2, 0, 4], "texture": "#1"},
				"up": {"uv": [2, 2, 4, 0], "texture": "#1"},
				"down": {"uv": [4, 0, 6, 2], "texture": "#1"}
			}
		},
		{
			"name": "headmid",
			"from": [4.95, 13.951, 3.45],
			"to": [10.95, 20.951, 9.2],
			"rotation": {"angle": -22.5, "axis": "x", "origin": [7.95, 17.326, 6.0125]},
			"faces": {
				"north": {"uv": [9.5, 2, 11, 3.75], "texture": "#1"},
				"east": {"uv": [8.25, 2, 9.5, 3.75], "texture": "#1"},
				"south": {"uv": [12.25, 2, 13.75, 3.75], "texture": "#1"},
				"west": {"uv": [11, 2, 12.25, 3.75], "texture": "#1"},
				"up": {"uv": [11, 2, 9.5, 0.75], "texture": "#1"},
				"down": {"uv": [12.5, 0.75, 11, 2], "texture": "#1"}
			}
		},
		{
			"name": "spine",
			"from": [4.5, 3, 6.099],
			"to": [11.5, 14, 9.099],
			"rotation": {"angle": 0, "axis": "x", "origin": [8, 8.5, 7.6]},
			"faces": {
				"north": {"uv": [5, 8, 7, 5], "rotation": 180, "texture": "#1"},
				"east": {"uv": [4, 5, 5, 8], "texture": "#1"},
				"south": {"uv": [10, 5, 8, 8], "texture": "#1"},
				"west": {"uv": [7, 5, 7.75, 8], "texture": "#1"},
				"up": {"uv": [5, 4, 7, 5], "texture": "#1"},
				"down": {"uv": [7, 4, 9, 5], "rotation": 180, "texture": "#1"}
			}
		},
		{
			"name": "spineIN",
			"from": [11.5, 3, 6.099],
			"to": [4.5, 14, 9.099],
			"rotation": {"angle": 0, "axis": "x", "origin": [15, 8.5, 7.6]},
			"faces": {
				"north": {"uv": [7, 8, 5, 5], "rotation": 180, "texture": "#1"},
				"east": {"uv": [7.75, 5, 7, 8], "texture": "#1"},
				"south": {"uv": [8, 5, 10, 8], "texture": "#1"},
				"west": {"uv": [4.75, 5, 4, 8], "texture": "#1"},
				"up": {"uv": [5, 4, 7, 5], "texture": "#1"},
				"down": {"uv": [9, 4, 7, 5], "rotation": 180, "texture": "#1"}
			}
		},
		{
			"name": "arm",
			"from": [11.97414, 0.9, 6.68152],
			"to": [13.97414, 12.9, 8.68152],
			"rotation": {"angle": 22.5, "axis": "y", "origin": [12.97414, 0.9, 7.68152]},
			"faces": {
				"north": {"uv": [0.5, 4.5, 0, 7.5], "texture": "#1"},
				"east": {"uv": [1, 4.5, 0.5, 7.5], "texture": "#1"},
				"south": {"uv": [1.5, 4.5, 1, 7.5], "texture": "#1"},
				"west": {"uv": [2, 4.5, 1.5, 7.5], "texture": "#1"},
				"up": {"uv": [0.5, 4.5, 1, 4], "rotation": 90, "texture": "#1"},
				"down": {"uv": [1, 4, 1.5, 4.5], "rotation": 270, "texture": "#1"}
			}
		},
		{
			"name": "arm",
			"from": [1.97414, 0.9, 6.58152],
			"to": [3.97414, 12.9, 8.58152],
			"rotation": {"angle": 0, "axis": "y", "origin": [2.97414, 0.9, 7.58152]},
			"faces": {
				"north": {"uv": [1.5, 4.5, 1, 7.5], "texture": "#1"},
				"east": {"uv": [2, 4.5, 1.5, 7.5], "texture": "#1"},
				"south": {"uv": [0.5, 4.5, 0, 7.5], "texture": "#1"},
				"west": {"uv": [1, 4.5, 0.5, 7.5], "texture": "#1"},
				"up": {"uv": [0.5, 4.5, 1, 4], "rotation": 270, "texture": "#1"},
				"down": {"uv": [1, 4, 1.5, 4.5], "rotation": 90, "texture": "#1"}
			}
		},
		{
			"name": "arm",
			"from": [5.27414, -9.1, 6.58152],
			"to": [7.27414, 2.9, 8.58152],
			"rotation": {"angle": -22.5, "axis": "y", "origin": [6.27414, -9.1, 7.58152]},
			"faces": {
				"north": {"uv": [1.5, 4.5, 1, 7.5], "texture": "#1"},
				"east": {"uv": [2, 4.5, 1.5, 7.5], "texture": "#1"},
				"south": {"uv": [0.5, 4.5, 0, 7.5], "texture": "#1"},
				"west": {"uv": [1, 4.5, 0.5, 7.5], "texture": "#1"},
				"up": {"uv": [0.5, 4.5, 1, 4], "rotation": 270, "texture": "#1"},
				"down": {"uv": [1, 4, 1.5, 4.5], "rotation": 90, "texture": "#1"}
			}
		},
		{
			"name": "arm",
			"from": [8.77414, -9.1, 6.58152],
			"to": [10.77414, 2.9, 8.58152],
			"rotation": {"angle": 0, "axis": "y", "origin": [9.77414, -9.1, 7.58152]},
			"faces": {
				"north": {"uv": [0.5, 4.5, 0, 7.5], "texture": "#1"},
				"east": {"uv": [1, 4.5, 0.5, 7.5], "texture": "#1"},
				"south": {"uv": [1.5, 4.5, 1, 7.5], "texture": "#1"},
				"west": {"uv": [2, 4.5, 1.5, 7.5], "texture": "#1"},
				"up": {"uv": [0.5, 4.5, 1, 4], "rotation": 90, "texture": "#1"},
				"down": {"uv": [1, 4, 1.5, 4.5], "rotation": 270, "texture": "#1"}
			}
		},
		{
			"name": "main_head",
			"from": [7.95, 19.2, 5.45],
			"to": [7.95, 29.2, 17.45],
			"rotation": {"angle": -22.5, "axis": "x", "origin": [11, 9, 13]},
			"faces": {
				"north": {"uv": [11.75, 11.25, 11.75, 13.75], "texture": "#1"},
				"east": {"uv": [8.75, 11.25, 11.75, 13.75], "texture": "#1"},
				"south": {"uv": [14.75, 11.25, 14.75, 13.75], "texture": "#1"},
				"west": {"uv": [11.75, 11.25, 8.75, 13.75], "texture": "#1"},
				"up": {"uv": [11.75, 11.25, 11.75, 8.25], "texture": "#1"},
				"down": {"uv": [11.75, 8.25, 11.75, 11.25], "texture": "#1"}
			}
		}
	],
	"display": {
		"thirdperson_righthand": {
			"translation": [0, 3, 1.75],
			"scale": [0.5, 0.5, 0.5]
		},
		"thirdperson_lefthand": {
			"translation": [0, 3, 1.75],
			"scale": [0.5, 0.5, 0.5]
		},
		"firstperson_righthand": {
			"translation": [5.5, 0, 0]
		},
		"firstperson_lefthand": {
			"translation": [4.5, 0, 0]
		},
		"ground": {
			"translation": [0, 7.5, 0],
			"scale": [0.5, 0.5, 0.5]
		},
		"gui": {
			"rotation": [0, -180, 0],
			"translation": [0, 5, 0],
			"scale": [0.6, 0.6, 0.99]
		},
		"head": {
			"translation": [-0.75, 22, 4.75]
		},
		"fixed": {
			"translation": [0, 12.5, 4.25]
		}
	},
	"groups": [
		{
			"name": "rope",
			"origin": [0, 0, 0],
			"color": 1,
			"children": [0, 1, 2, 3, 4, 5, 6, 7, 8, 9, 10, 11, 12, 13, 14, 15, 16, 17, 18, 19, 20, 21, 22, 23, 24]
		},
		{
			"name": "Skull",
			"origin": [8, 8, 8],
			"color": 0,
			"children": [25, 26, 27]
		},
		{
			"name": "Body",
			"origin": [8, 8, 8],
			"color": 0,
			"children": [28, 29]
		},
		30,
		31,
		32,
		33,
		34
	]
}