{
	"credit": "Made with Blockbench",
	"ambientocclusion": false,
	"render_type": "cutout",
	"texture_size": [64, 64],
	"textures": {
		"1": "graveyard:block/skeleton",
		"particle": "block/bone_block_top"
	},
	"elements": [
		{
			"name": "spine",
			"from": [5.3, -0.11824, 3.82574],
			"to": [8.3, 6.88176, 12.82574],
			"rotation": {"angle": 0, "axis": "y", "origin": [6.8, 3.38176, 8.32574]},
			"faces": {
				"north": {"uv": [5, 4, 7, 5], "rotation": 270, "texture": "#1"},
				"east": {"uv": [5, 7.5, 7, 5], "rotation": 90, "texture": "#1"},
				"south": {"uv": [5, 4, 7, 5], "rotation": 90, "texture": "#1"},
				"west": {"uv": [10, 5, 8, 7.5], "rotation": 90, "texture": "#1"},
				"up": {"uv": [7, 5, 7.75, 7.5], "rotation": 180, "texture": "#1"},
				"down": {"uv": [4, 5, 5, 7.5], "texture": "#1"}
			}
		},
		{
			"name": "spineIN",
			"from": [5.3, 6.88176, 3.82574],
			"to": [8.3, -0.11824, 12.82574],
			"rotation": {"angle": 0, "axis": "y", "origin": [6.8, 3.38176, 8.32574]},
			"faces": {
				"north": {"uv": [7, 4, 5, 5], "rotation": 270, "texture": "#1"},
				"east": {"uv": [7, 7.5, 5, 5], "rotation": 90, "texture": "#1"},
				"south": {"uv": [5, 4, 7, 5], "rotation": 90, "texture": "#1"},
				"west": {"uv": [8, 5, 10, 7.5], "rotation": 90, "texture": "#1"},
				"up": {"uv": [4.75, 5, 4, 7.5], "rotation": 180, "texture": "#1"},
				"down": {"uv": [7.75, 5, 7, 7.5], "texture": "#1"}
			}
		},
		{
			"name": "spine",
			"from": [5.3, -0.099, 2],
			"to": [8.3, 6.901, 4],
			"rotation": {"angle": 0, "axis": "z", "origin": [6.8, 3.401, 3]},
			"faces": {
				"north": {"uv": [7, 4, 9, 5], "rotation": 270, "texture": "#1"},
				"east": {"uv": [5, 8, 7, 7.5], "rotation": 90, "texture": "#1"},
				"south": {"uv": [5, 4, 7, 5], "rotation": 90, "texture": "#1"},
				"west": {"uv": [10, 7.5, 8, 8], "rotation": 90, "texture": "#1"},
				"up": {"uv": [7, 7.5, 7.75, 8], "rotation": 180, "texture": "#1"},
				"down": {"uv": [4, 7.5, 5, 8], "texture": "#1"}
			}
		},
		{
			"name": "spineIN",
			"from": [5.3, 6.901, 2],
			"to": [8.3, -0.099, 4],
			"rotation": {"angle": 0, "axis": "z", "origin": [6.8, 3.401, 3]},
			"faces": {
				"north": {"uv": [9, 4, 7, 5], "rotation": 270, "texture": "#1"},
				"east": {"uv": [7, 8, 5, 7.5], "rotation": 90, "texture": "#1"},
				"south": {"uv": [5, 4, 7, 5], "rotation": 90, "texture": "#1"},
				"west": {"uv": [8, 7.5, 10, 8], "rotation": 90, "texture": "#1"},
				"up": {"uv": [4.75, 7.5, 4, 8], "rotation": 180, "texture": "#1"},
				"down": {"uv": [7.75, 7.5, 7, 8], "texture": "#1"}
			}
		},
		{
			"name": "head",
			"from": [3.02721, -0.15439, 13.01673],
			"to": [11.02721, 7.84561, 21.01673],
			"rotation": {"angle": 0, "axis": "y", "origin": [6.8, 3.84561, 17.05557]},
			"faces": {
				"north": {"uv": [6, 0, 4, 2], "rotation": 90, "texture": "#1"},
				"east": {"uv": [2, 2, 4, 4], "rotation": 270, "texture": "#1"},
				"south": {"uv": [4, 2, 2, 0], "rotation": 90, "texture": "#1"},
				"west": {"uv": [6, 2, 8, 4], "rotation": 90, "texture": "#1"},
				"up": {"uv": [4, 2, 6, 4], "rotation": 180, "texture": "#1"},
				"down": {"uv": [0, 2, 2, 4], "texture": "#1"}
			}
		},
		{
			"name": "headIN",
			"from": [3.02721, 7.84561, 13.01673],
			"to": [11.02721, -0.15439, 21.01673],
			"rotation": {"angle": 0, "axis": "y", "origin": [6.8, 3.84561, 17.05557]},
			"faces": {
				"north": {"uv": [4, 0, 6, 2], "rotation": 90, "texture": "#1"},
				"east": {"uv": [4, 2, 2, 4], "rotation": 270, "texture": "#1"},
				"south": {"uv": [2, 2, 4, 0], "rotation": 90, "texture": "#1"},
				"west": {"uv": [8, 2, 6, 4], "rotation": 90, "texture": "#1"},
				"up": {"uv": [2, 2, 0, 4], "rotation": 180, "texture": "#1"},
				"down": {"uv": [6, 2, 4, 4], "texture": "#1"}
			}
		},
		{
			"name": "headmid",
			"from": [4.15221, 0.84561, 13.59441],
			"to": [9.90221, 6.84561, 20.59441],
			"rotation": {"angle": 0, "axis": "y", "origin": [6.8, 3.84561, 17.05557]},
			"faces": {
				"north": {"uv": [12.5, 0.75, 11, 2], "rotation": 90, "texture": "#1"},
				"east": {"uv": [9.5, 2, 11, 3.75], "rotation": 270, "texture": "#1"},
				"south": {"uv": [11, 2, 9.5, 0.75], "rotation": 90, "texture": "#1"},
				"west": {"uv": [12.25, 2, 13.75, 3.75], "rotation": 90, "texture": "#1"},
				"up": {"uv": [11, 2, 12.25, 3.75], "rotation": 180, "texture": "#1"},
				"down": {"uv": [8.25, 2, 9.5, 3.75], "texture": "#1"}
			}
		},
		{
			"name": "arm",
			"from": [1.37414, 0, -9.01848],
			"to": [3.37414, 2, 2.98152],
			"rotation": {"angle": 22.5, "axis": "y", "origin": [2.37414, 1, -9.01848]},
			"faces": {
				"north": {"uv": [1, 4, 1.5, 4.5], "texture": "#1"},
				"east": {"uv": [0.5, 4.5, 0, 7.5], "rotation": 270, "texture": "#1"},
				"south": {"uv": [0.5, 4.5, 1, 4], "rotation": 180, "texture": "#1"},
				"west": {"uv": [1.5, 4.5, 1, 7.5], "rotation": 90, "texture": "#1"},
				"up": {"uv": [2, 4.5, 1.5, 7.5], "rotation": 180, "texture": "#1"},
				"down": {"uv": [1, 4.5, 0.5, 7.5], "texture": "#1"}
			}
		},
		{
			"name": "arm",
			"from": [8.67414, 0, 6.13152],
			"to": [20.67414, 2, 8.13152],
			"rotation": {"angle": 22.5, "axis": "y", "origin": [20.67414, 1, 7.13152]},
			"faces": {
				"north": {"uv": [1.5, 4.5, 1, 7.5], "rotation": 90, "texture": "#1"},
				"east": {"uv": [1, 4, 1.5, 4.5], "texture": "#1"},
				"south": {"uv": [0.5, 4.5, 0, 7.5], "rotation": 270, "texture": "#1"},
				"west": {"uv": [0.5, 4.5, 1, 4], "rotation": 180, "texture": "#1"},
				"up": {"uv": [2, 4.5, 1.5, 7.5], "rotation": 270, "texture": "#1"},
				"down": {"uv": [1, 4.5, 0.5, 7.5], "rotation": 270, "texture": "#1"}
			}
		},
		{
			"name": "arm",
			"from": [5.67414, -0.2, -9.21848],
			"to": [7.67414, 1.8, 2.78152],
			"rotation": {"angle": -22.5, "axis": "x", "origin": [6.67414, 0.8, -9.21848]},
			"faces": {
				"north": {"uv": [1, 4, 1.5, 4.5], "rotation": 180, "texture": "#1"},
				"east": {"uv": [1.5, 4.5, 1, 7.5], "rotation": 270, "texture": "#1"},
				"south": {"uv": [0.5, 4.5, 1, 4], "texture": "#1"},
				"west": {"uv": [0.5, 4.5, 0, 7.5], "rotation": 90, "texture": "#1"},
				"up": {"uv": [1, 4.5, 0.5, 7.5], "rotation": 180, "texture": "#1"},
				"down": {"uv": [2, 4.5, 1.5, 7.5], "texture": "#1"}
			}
		},
		{
			"name": "arm",
			"from": [3.77414, -0.6, 10.53152],
			"to": [15.77414, 1.4, 12.53152],
			"rotation": {"angle": -45, "axis": "z", "origin": [15.77414, 0.4, 11.53152]},
			"faces": {
				"north": {"uv": [1.5, 4.5, 1, 7.5], "rotation": 90, "texture": "#1"},
				"east": {"uv": [1, 4, 1.5, 4.5], "texture": "#1"},
				"south": {"uv": [0.5, 4.5, 0, 7.5], "rotation": 270, "texture": "#1"},
				"west": {"uv": [0.5, 4.5, 1, 4], "rotation": 180, "texture": "#1"},
				"up": {"uv": [2, 4.5, 1.5, 7.5], "rotation": 270, "texture": "#1"},
				"down": {"uv": [1, 4.5, 0.5, 7.5], "rotation": 270, "texture": "#1"}
			}
		}
	],
	"display": {
		"thirdperson_righthand": {
			"rotation": [0, 0, 79],
			"translation": [-1.75, 0.25, -3.75],
			"scale": [0.5, 0.5, 0.5]
		},
		"thirdperson_lefthand": {
			"rotation": [0, 0, -83],
			"translation": [2, 0.25, -3],
			"scale": [0.5, 0.5, 0.5]
		},
		"firstperson_righthand": {
			"rotation": [-120, 0, 82],
			"translation": [3.75, 0, 0],
			"scale": [0.75, 0.75, 0.75]
		},
		"firstperson_lefthand": {
			"rotation": [-96, 0, -71],
			"translation": [3, 0, 0],
			"scale": [0.75, 0.75, 0.75]
		},
		"ground": {
			"scale": [0.5, 0.5, 0.5]
		},
		"gui": {
			"rotation": [0, -90, 0],
			"translation": [0.25, 1.5, 0],
			"scale": [0.75, 0.75, 0.75]
		},
		"head": {
			"translation": [0, 13.5, 1.5]
		},
		"fixed": {
			"rotation": [-90, 0, 90],
			"translation": [-4, 0, -0.5]
		}
	},
	"groups": [
		{
			"name": "Ribs",
			"origin": [8, 8, 8],
			"color": 0,
			"children": [0, 1]
		},
		{
			"name": "Pelvis",
			"origin": [8, 8, 8],
			"color": 0,
			"children": [2, 3]
		},
		{
			"name": "Skull",
			"origin": [8, 8, 8],
			"color": 0,
			"children": [4, 5, 6]
		},
		7,
		8,
		9,
		10
	]
}