{
	"credit": "Made with Blockbench",
	"ambientocclusion": false,
	"render_type": "cutout",
	"texture_size": [64, 64],
	"textures": {
		"1": "graveyard:block/wither_skeleton",
		"particle": "graveyard:block/wither_skeleton_extra"
	},
	"elements": [
		{
			"name": "leg_part",
			"from": [9.25, 0, 1],
			"to": [11.25, 2, 5],
			"rotation": {"angle": 0, "axis": "y", "origin": [-0.75, 1, 0]},
			"faces": {
				"north": {"uv": [10.5, 4, 11, 4.5], "texture": "#1"},
				"east": {"uv": [11.5, 4.5, 12, 5.5], "rotation": 90, "texture": "#1"},
				"south": {"uv": [11, 4, 11.5, 4.5], "texture": "#1"},
				"west": {"uv": [11, 4.5, 11.5, 5.5], "rotation": 90, "texture": "#1"},
				"up": {"uv": [10.5, 5.5, 10, 4.5], "texture": "#1"},
				"down": {"uv": [11, 4.5, 10.5, 5.5], "texture": "#1"}
			}
		},
		{
			"name": "leg_part",
			"from": [3.25, 0, 2],
			"to": [5.25, 2, 7],
			"rotation": {"angle": 22.5, "axis": "y", "origin": [1.25, 0, 0]},
			"faces": {
				"north": {"uv": [10.5, 4, 11, 4.5], "texture": "#1"},
				"east": {"uv": [11, 4.5, 11.5, 5.75], "rotation": 90, "texture": "#1"},
				"south": {"uv": [11, 4, 11.5, 4.5], "texture": "#1"},
				"west": {"uv": [11.5, 4.5, 12, 5.75], "rotation": 90, "texture": "#1"},
				"up": {"uv": [10.5, 5.75, 10, 4.5], "texture": "#1"},
				"down": {"uv": [11, 4.5, 10.5, 5.75], "texture": "#1"}
			}
		},
		{
			"name": "upper_arm",
			"from": [-2.75, 0, 7],
			"to": [-0.75, 2, 13],
			"rotation": {"angle": 22.5, "axis": "y", "origin": [0.25, 0, 0]},
			"faces": {
				"north": {"uv": [0.5, 4, 1, 4.5], "texture": "#1"},
				"east": {"uv": [1, 4.5, 1.5, 6], "rotation": 90, "texture": "#1"},
				"south": {"uv": [1, 4, 1.5, 4.5], "texture": "#1"},
				"west": {"uv": [1.5, 4.5, 2, 6], "rotation": 90, "texture": "#1"},
				"up": {"uv": [0.5, 6, 0, 4.5], "texture": "#1"},
				"down": {"uv": [1, 4.5, 0.5, 6], "texture": "#1"}
			}
		},
		{
			"from": [9, 0, 3.75],
			"to": [13, 2, 5.75],
			"rotation": {"angle": 22.5, "axis": "y", "origin": [-1, 0, -2.25]},
			"faces": {
				"north": {"uv": [0.5, 6, 1, 7], "rotation": 90, "texture": "#1"},
				"east": {"uv": [0.5, 4, 1, 4.5], "texture": "#1"},
				"south": {"uv": [1.5, 6, 2, 7], "rotation": 90, "texture": "#1"},
				"west": {"uv": [1, 4, 1.5, 4.5], "texture": "#1"},
				"up": {"uv": [1.5, 7, 1, 6], "rotation": 90, "texture": "#1"},
				"down": {"uv": [0, 7, 0.5, 6], "rotation": 90, "texture": "#1"}
			}
		},
		{
			"name": "head",
			"from": [4, 4.001, 9.5],
			"to": [12, 12.001, 17.5],
			"rotation": {"angle": -22.5, "axis": "x", "origin": [-4, 4, 2]},
			"faces": {
				"north": {"uv": [2, 2, 4, 4], "texture": "#1"},
				"east": {"uv": [0, 2, 2, 4], "texture": "#1"},
				"south": {"uv": [6, 2, 8, 4], "texture": "#1"},
				"west": {"uv": [4, 2, 6, 4], "texture": "#1"},
				"up": {"uv": [4, 2, 2, 0], "texture": "#1"},
				"down": {"uv": [6, 0, 4, 2], "texture": "#1"}
			}
		},
		{
			"name": "headIN",
			"from": [12, 4.001, 9.5],
			"to": [4, 12.001, 17.5],
			"rotation": {"angle": -22.5, "axis": "x", "origin": [4, 4, 2]},
			"faces": {
				"north": {"uv": [4, 2, 2, 4], "texture": "#1"},
				"east": {"uv": [6, 2, 4, 4], "texture": "#1"},
				"south": {"uv": [8, 2, 6, 4], "texture": "#1"},
				"west": {"uv": [2, 2, 0, 4], "texture": "#1"},
				"up": {"uv": [2, 2, 4, 0], "texture": "#1"},
				"down": {"uv": [4, 0, 6, 2], "texture": "#1"}
			}
		},
		{
			"name": "headmid",
			"from": [5, 4.751, 11.25],
			"to": [11, 11.751, 17],
			"rotation": {"angle": -22.5, "axis": "x", "origin": [-4, 3.75, 2.5]},
			"faces": {
				"north": {"uv": [9.5, 2, 11, 3.75], "texture": "#1"},
				"east": {"uv": [8.25, 2, 9.5, 3.75], "texture": "#1"},
				"south": {"uv": [12.25, 2, 13.75, 3.75], "texture": "#1"},
				"west": {"uv": [11, 2, 12.25, 3.75], "texture": "#1"},
				"up": {"uv": [11, 2, 9.5, 0.75], "texture": "#1"},
				"down": {"uv": [12.5, 0.75, 11, 2], "texture": "#1"}
			}
		},
		{
			"name": "spine",
			"from": [4.5, 4, 4.999],
			"to": [11.5, 13, 7.999],
			"rotation": {"angle": 45, "axis": "x", "origin": [5.5, 1.5, 5.5]},
			"faces": {
				"north": {"uv": [5, 7.5, 7, 5], "rotation": 180, "texture": "#1"},
				"east": {"uv": [4, 5, 5, 7.5], "texture": "#1"},
				"south": {"uv": [10, 5, 8, 7.5], "texture": "#1"},
				"west": {"uv": [7, 5, 7.75, 7.5], "texture": "#1"},
				"up": {"uv": [5, 4, 7, 5], "texture": "#1"},
				"down": {"uv": [5, 4, 7, 5], "rotation": 180, "texture": "#1"}
			}
		},
		{
			"name": "spineIN",
			"from": [11.5, 4, 4.999],
			"to": [4.5, 13, 7.999],
			"rotation": {"angle": 45, "axis": "x", "origin": [12.5, 1.5, 5.5]},
			"faces": {
				"north": {"uv": [7, 8, 5, 5], "rotation": 180, "texture": "#1"},
				"east": {"uv": [7.75, 5, 7, 7.5], "texture": "#1"},
				"south": {"uv": [8, 5, 10, 7.5], "texture": "#1"},
				"west": {"uv": [4.75, 5, 4, 7.5], "texture": "#1"},
				"up": {"uv": [5, 4, 7, 5], "texture": "#1"},
				"down": {"uv": [7, 4, 5, 5], "rotation": 180, "texture": "#1"}
			}
		},
		{
			"name": "spine",
			"from": [5, 0.001, 5.5],
			"to": [12, 3.001, 7.5],
			"rotation": {"angle": -22.5, "axis": "x", "origin": [5.5, 1.5, 6]},
			"faces": {
				"north": {"uv": [7, 4, 9, 5], "texture": "#1"},
				"east": {"uv": [4, 7.5, 5, 8], "rotation": 270, "texture": "#1"},
				"south": {"uv": [5, 4, 7, 5], "texture": "#1"},
				"west": {"uv": [7, 7.5, 7.75, 8], "rotation": 90, "texture": "#1"},
				"up": {"uv": [5, 8, 7, 7.5], "texture": "#1"},
				"down": {"uv": [10, 7.5, 8, 8], "texture": "#1"}
			}
		},
		{
			"name": "spineIN",
			"from": [12, 0.001, 5.5],
			"to": [5, 3.001, 7.5],
			"rotation": {"angle": -22.5, "axis": "x", "origin": [12.5, 1.5, 6]},
			"faces": {
				"north": {"uv": [9, 4, 7, 5], "texture": "#1"},
				"east": {"uv": [7.75, 7.5, 7, 8], "rotation": 270, "texture": "#1"},
				"south": {"uv": [5, 4, 7, 5], "texture": "#1"},
				"west": {"uv": [4.75, 7.5, 4, 8], "rotation": 90, "texture": "#1"},
				"up": {"uv": [7, 8, 5, 7.5], "texture": "#1"},
				"down": {"uv": [8, 7.5, 10, 8], "texture": "#1"}
			}
		},
		{
			"name": "arm",
			"from": [12.22414, 0, 12.43152],
			"to": [14.22414, 9, 14.43152],
			"rotation": {"angle": 22.5, "axis": "y", "origin": [13.22414, 6, 13.43152]},
			"faces": {
				"north": {"uv": [1, 4.5, 1.5, 6.75], "texture": "#1"},
				"east": {"uv": [2, 6.75, 1.5, 4.5], "rotation": 180, "texture": "#1"},
				"south": {"uv": [0, 4.5, 0.5, 6.75], "texture": "#1"},
				"west": {"uv": [0.5, 6.75, 1, 4.5], "texture": "#1"},
				"up": {"uv": [0.5, 4, 1, 4.5], "rotation": 90, "texture": "#1"},
				"down": {"uv": [1, 4, 1.5, 4.5], "rotation": 90, "texture": "#1"}
			}
		},
		{
			"name": "main_head",
			"from": [8, 13.3, 4.6],
			"to": [8, 23.3, 16.6],
			"rotation": {"angle": -22.5, "axis": "x", "origin": [8, 19, 13]},
			"faces": {
				"north": {"uv": [11.75, 11.25, 11.75, 13.75], "texture": "#1"},
				"east": {"uv": [8.75, 11.25, 11.75, 13.75], "texture": "#1"},
				"south": {"uv": [14.75, 11.25, 14.75, 13.75], "texture": "#1"},
				"west": {"uv": [11.75, 11.25, 8.75, 13.75], "texture": "#1"},
				"up": {"uv": [11.75, 11.25, 11.75, 8.25], "texture": "#1"},
				"down": {"uv": [11.75, 8.25, 11.75, 11.25], "texture": "#1"}
			}
		}
	],
	"display": {
		"thirdperson_righthand": {
			"translation": [0.25, 1, -1],
			"scale": [0.5, 0.5, 0.5]
		},
		"thirdperson_lefthand": {
			"translation": [0.25, 2.25, 0],
			"scale": [0.5, 0.5, 0.51]
		},
		"firstperson_righthand": {
			"translation": [2.25, 1.25, 0],
			"scale": [0.5, 0.5, 0.5]
		},
		"firstperson_lefthand": {
			"rotation": [10, 0, 0],
			"translation": [0, 1.75, 0],
			"scale": [0.5, 0.5, 0.5]
		},
		"ground": {
			"scale": [0.5, 0.5, 0.5]
		},
		"gui": {
			"rotation": [-1, -155, 0],
			"translation": [0.75, 0, 0],
			"scale": [0.75, 0.75, 0.75]
		},
		"head": {
			"translation": [0, 13, 0]
		},
		"fixed": {
			"rotation": [-66, 0, 0],
			"translation": [0, 1.25, -7.25]
		}
	},
	"groups": [
		0,
		1,
		2,
		3,
		{
			"name": "Skull",
			"origin": [8, 8, 8],
			"color": 0,
			"children": [4, 5, 6]
		},
		{
			"name": "Ribs",
			"origin": [8, 8, 8],
			"color": 0,
			"children": [7, 8]
		},
		{
			"name": "Pelvis",
			"origin": [8, 8, 8],
			"color": 0,
			"children": [9, 10]
		},
		11,
		12
	]
}