{
	"credit": "Made with Blockbench",
	"ambientocclusion": false,
	"render_type": "cutout",
	"texture_size": [64, 64],
	"textures": {
		"1": "graveyard:block/skeleton",
		"particle": "block/bone_block_top"
	},
	"elements": [
		{
			"name": "arm",
			"from": [0, 0, -3],
			"to": [2, 2, 6],
			"rotation": {"angle": 22.5, "axis": "y", "origin": [0, 0, -4]},
			"faces": {
				"north": {"uv": [0, 6.75, 0.5, 7.25], "texture": "#1"},
				"east": {"uv": [1.5, 4.5, 2, 6.75], "rotation": 90, "texture": "#1"},
				"south": {"uv": [0.5, 6.75, 1, 7.25], "texture": "#1"},
				"west": {"uv": [1, 4.5, 1.5, 6.75], "rotation": 90, "texture": "#1"},
				"up": {"uv": [0.5, 6.75, 0, 4.5], "texture": "#1"},
				"down": {"uv": [1, 4.5, 0.5, 6.75], "texture": "#1"}
			}
		},
		{
			"name": "spine",
			"from": [5.5, 0.999, 3.25],
			"to": [12.5, 3.999, 12.25],
			"rotation": {"angle": 22.5, "axis": "x", "origin": [9, 2.5, 8.75]},
			"faces": {
				"north": {"uv": [5, 4, 7, 5], "rotation": 180, "texture": "#1"},
				"east": {"uv": [4, 5, 5, 7.5], "rotation": 90, "texture": "#1"},
				"south": {"uv": [5, 4, 7, 5], "rotation": 180, "texture": "#1"},
				"west": {"uv": [7, 5, 7.75, 7.5], "rotation": 270, "texture": "#1"},
				"up": {"uv": [10, 5, 8, 7.5], "texture": "#1"},
				"down": {"uv": [5, 7.5, 7, 5], "texture": "#1"}
			}
		},
		{
			"name": "spineIN",
			"from": [12.5, 0.999, 3.25],
			"to": [5.5, 3.999, 12.25],
			"rotation": {"angle": 22.5, "axis": "x", "origin": [16, 2.5, 8.75]},
			"faces": {
				"north": {"uv": [5, 4, 7, 5], "rotation": 180, "texture": "#1"},
				"east": {"uv": [7.75, 5, 7, 7.5], "rotation": 90, "texture": "#1"},
				"south": {"uv": [7, 4, 5, 5], "rotation": 180, "texture": "#1"},
				"west": {"uv": [4.75, 5, 4, 7.5], "rotation": 270, "texture": "#1"},
				"up": {"uv": [8, 5, 10, 7.5], "texture": "#1"},
				"down": {"uv": [7, 7.5, 5, 5], "texture": "#1"}
			}
		},
		{
			"name": "spine",
			"from": [5.5, 0.001, 12],
			"to": [12.5, 3.001, 14],
			"rotation": {"angle": 0, "axis": "x", "origin": [9, 1.5, 8.5]},
			"faces": {
				"north": {"uv": [5, 4, 7, 5], "rotation": 180, "texture": "#1"},
				"east": {"uv": [4, 7.5, 5, 8], "rotation": 90, "texture": "#1"},
				"south": {"uv": [7, 4, 9, 5], "rotation": 180, "texture": "#1"},
				"west": {"uv": [7, 7.5, 7.75, 8], "rotation": 270, "texture": "#1"},
				"up": {"uv": [10, 7.5, 8, 8], "texture": "#1"},
				"down": {"uv": [5, 8, 7, 7.5], "texture": "#1"}
			}
		},
		{
			"name": "spineIN",
			"from": [12.5, 0.001, 12],
			"to": [5.5, 3.001, 14],
			"rotation": {"angle": 0, "axis": "x", "origin": [16, 1.5, 8.5]},
			"faces": {
				"north": {"uv": [5, 4, 7, 5], "rotation": 180, "texture": "#1"},
				"east": {"uv": [7.75, 7.5, 7, 8], "rotation": 90, "texture": "#1"},
				"south": {"uv": [9, 4, 7, 5], "rotation": 180, "texture": "#1"},
				"west": {"uv": [4.75, 7.5, 4, 8], "rotation": 270, "texture": "#1"},
				"up": {"uv": [8, 7.5, 10, 8], "texture": "#1"},
				"down": {"uv": [7, 8, 5, 7.5], "texture": "#1"}
			}
		},
		{
			"name": "head",
			"from": [5, 0.0184, -3.90559],
			"to": [13, 8.0184, 4.09441],
			"rotation": {"angle": 0, "axis": "x", "origin": [9, 4.22719, 0.05557]},
			"faces": {
				"north": {"uv": [4, 2, 2, 0], "rotation": 180, "texture": "#1"},
				"east": {"uv": [0, 2, 2, 4], "rotation": 90, "texture": "#1"},
				"south": {"uv": [6, 0, 4, 2], "texture": "#1"},
				"west": {"uv": [4, 2, 6, 4], "rotation": 270, "texture": "#1"},
				"up": {"uv": [6, 2, 8, 4], "texture": "#1"},
				"down": {"uv": [2, 2, 4, 4], "rotation": 180, "texture": "#1"}
			}
		},
		{
			"name": "headIN",
			"from": [13, 0.0184, -3.90559],
			"to": [5, 8.0184, 4.09441],
			"rotation": {"angle": 0, "axis": "x", "origin": [9, 4.22719, 0.05557]},
			"faces": {
				"north": {"uv": [2, 2, 4, 0], "rotation": 180, "texture": "#1"},
				"east": {"uv": [6, 2, 4, 4], "rotation": 90, "texture": "#1"},
				"south": {"uv": [4, 0, 6, 2], "texture": "#1"},
				"west": {"uv": [2, 2, 0, 4], "rotation": 270, "texture": "#1"},
				"up": {"uv": [8, 2, 6, 4], "texture": "#1"},
				"down": {"uv": [4, 2, 2, 4], "rotation": 180, "texture": "#1"}
			}
		},
		{
			"name": "headmid",
			"from": [6, 1.59782, -3.48327],
			"to": [12, 7.34782, 3.51673],
			"rotation": {"angle": 0, "axis": "x", "origin": [9, 4.22719, 0.05557]},
			"faces": {
				"north": {"uv": [10, 2.5, 11.5, 3.75], "texture": "#1"},
				"east": {"uv": [8.25, 2.5, 10, 3.75], "texture": "#1"},
				"south": {"uv": [13.25, 2.5, 14.75, 3.75], "texture": "#1"},
				"west": {"uv": [11.5, 2.5, 13.25, 3.75], "texture": "#1"},
				"up": {"uv": [11.5, 2.5, 10, 0.75], "texture": "#1"},
				"down": {"uv": [13, 0.75, 11.5, 2.5], "texture": "#1"}
			}
		},
		{
			"name": "arm",
			"from": [14.72414, 0, -5.81848],
			"to": [16.72414, 2, 6.18152],
			"rotation": {"angle": -22.5, "axis": "y", "origin": [15.72414, 1, 0.18152]},
			"faces": {
				"north": {"uv": [0.5, 4, 1, 4.5], "texture": "#1"},
				"east": {"uv": [1, 4.5, 1.5, 7.5], "rotation": 90, "texture": "#1"},
				"south": {"uv": [1, 4, 1.5, 4.5], "texture": "#1"},
				"west": {"uv": [1.5, 4.5, 2, 7.5], "rotation": 90, "texture": "#1"},
				"up": {"uv": [0.5, 7.5, 0, 4.5], "texture": "#1"},
				"down": {"uv": [0.5, 7.5, 1, 4.5], "rotation": 180, "texture": "#1"}
			}
		},
		{
			"name": "arm",
			"from": [9.72414, 0, 14.18152],
			"to": [11.72414, 2, 24.18152],
			"rotation": {"angle": 0, "axis": "y", "origin": [10.72414, 1, 20.18152]},
			"faces": {
				"north": {"uv": [1, 4, 1.5, 4.5], "texture": "#1"},
				"east": {"uv": [1.5, 4.5, 2, 7], "rotation": 90, "texture": "#1"},
				"south": {"uv": [0.5, 4, 1, 4.5], "texture": "#1"},
				"west": {"uv": [1, 4.5, 1.5, 7], "rotation": 90, "texture": "#1"},
				"up": {"uv": [0.5, 7, 0, 4.5], "rotation": 180, "texture": "#1"},
				"down": {"uv": [0.5, 7, 1, 4.5], "texture": "#1"}
			}
		},
		{
			"name": "arm",
			"from": [9.72414, 0, 14.18152],
			"to": [11.72414, 2, 24.18152],
			"rotation": {"angle": 0, "axis": "y", "origin": [10.72414, 1, 20.18152]},
			"faces": {
				"north": {"uv": [1, 4, 1.5, 4.5], "texture": "#1"},
				"east": {"uv": [1.5, 4.5, 2, 7], "rotation": 90, "texture": "#1"},
				"south": {"uv": [0.5, 4, 1, 4.5], "texture": "#1"},
				"west": {"uv": [1, 4.5, 1.5, 7], "rotation": 90, "texture": "#1"},
				"up": {"uv": [0.5, 7, 0, 4.5], "rotation": 180, "texture": "#1"},
				"down": {"uv": [0.5, 7, 1, 4.5], "texture": "#1"}
			}
		},
		{
			"name": "arm",
			"from": [3.97414, 0, 13.18152],
			"to": [5.97414, 2, 25.18152],
			"rotation": {"angle": -22.5, "axis": "y", "origin": [4.97414, 1, 19.18152]},
			"faces": {
				"north": {"uv": [1, 4, 1.5, 4.5], "texture": "#1"},
				"east": {"uv": [1.5, 4.5, 2, 7.5], "rotation": 90, "texture": "#1"},
				"south": {"uv": [0.5, 4, 1, 4.5], "texture": "#1"},
				"west": {"uv": [1, 4.5, 1.5, 7.5], "rotation": 90, "texture": "#1"},
				"up": {"uv": [0.5, 7.5, 0, 4.5], "rotation": 180, "texture": "#1"},
				"down": {"uv": [0.5, 7.5, 1, 4.5], "texture": "#1"}
			}
		}
	],
	"display": {
		"thirdperson_righthand": {
			"rotation": [72, 0, 0],
			"translation": [0, 0, 1.25],
			"scale": [0.5, 0.5, 0.5]
		},
		"thirdperson_lefthand": {
			"rotation": [72, 0, 0],
			"translation": [0, 0, 1.75],
			"scale": [0.5, 0.5, 0.5]
		},
		"firstperson_righthand": {
			"rotation": [0, 91, 0],
			"translation": [4.5, 3.25, -3.25],
			"scale": [0.46, 0.46, 0.46]
		},
		"firstperson_lefthand": {
			"rotation": [0, 91, 0],
			"translation": [4.5, 3.25, -3.25],
			"scale": [0.46, 0.46, 0.46]
		},
		"ground": {
			"translation": [0, 2.5, 0],
			"scale": [0.5, 0.5, 0.5]
		},
		"gui": {
			"rotation": [39, 151, 2],
			"translation": [0.75, 2.25, 0],
			"scale": [0.55, 0.55, 0.55]
		},
		"head": {
			"translation": [-1, 14.25, 0]
		},
		"fixed": {
			"rotation": [-90, 0, 0],
			"translation": [-0.75, -1.75, -8.25]
		}
	},
	"groups": [
		0,
		{
			"name": "Ribs",
			"origin": [8, 8, 8],
			"color": 0,
			"children": [1, 2]
		},
		{
			"name": "Pelvis",
			"origin": [8, 8, 8],
			"color": 0,
			"children": [3, 4]
		},
		{
			"name": "Skull",
			"origin": [8, 8, 8],
			"color": 0,
			"children": [5, 6, 7]
		},
		8,
		9,
		10,
		11
	]
}