{
	"credit": "Made with Blockbench",
	"ambientocclusion": false,
	"render_type": "cutout",
	"texture_size": [32, 32],
	"textures": {
		"1": "graveyard:block/skeleton",
		"2": "graveyard:block/dirt",
		"particle": "block/bone_block_top"
	},
	"elements": [
		{
			"name": "arm",
			"from": [6.97414, -1.25, 0.68152],
			"to": [8.97414, 10.75, 2.68152],
			"rotation": {"angle": -22.5, "axis": "y", "origin": [7.97414, 4.75, 1.68152]},
			"faces": {
				"north": {"uv": [1, 7.5, 0.5, 4.5], "texture": "#1"},
				"east": {"uv": [1, 4.5, 1.5, 7.5], "rotation": 180, "texture": "#1"},
				"south": {"uv": [1.5, 7.5, 2, 4.5], "texture": "#1"},
				"west": {"uv": [0, 4.5, 0.5, 7.5], "texture": "#1"},
				"up": {"uv": [0.5, 4, 1, 4.5], "texture": "#1"},
				"down": {"uv": [1, 4, 1.5, 4.5], "rotation": 180, "texture": "#1"}
			}
		},
		{
			"name": "arm",
			"from": [1.96414, 1.24, 13.42152],
			"to": [7.95828, 3.26, 15.44152],
			"rotation": {"angle": 22.5, "axis": "z", "origin": [7.97414, 2.25, 14.43152]},
			"faces": {
				"north": {"uv": [1, 7.5, 0.5, 6.00646], "rotation": 90, "texture": "#1"},
				"east": {"uv": [1.25, 5.75, 1.75, 6.25], "rotation": 90, "texture": "#1"},
				"south": {"uv": [1.5, 7.5, 2, 6.00646], "rotation": 270, "texture": "#1"},
				"west": {"uv": [0.5, 4, 1, 4.5], "rotation": 270, "texture": "#1"},
				"up": {"uv": [1, 6.00646, 1.5, 7.5], "rotation": 90, "texture": "#1"},
				"down": {"uv": [0, 4.5, 0.5, 5.99354], "rotation": 270, "texture": "#1"}
			}
		},
		{
			"name": "arm",
			"from": [6.97414, -3.75, 13.43152],
			"to": [8.97414, 2.27586, 15.43152],
			"rotation": {"angle": 0, "axis": "z", "origin": [7.97414, 2.25, 14.43152]},
			"faces": {
				"north": {"uv": [1, 6.00646, 0.5, 4.5], "texture": "#1"},
				"east": {"uv": [1, 4.5, 1.5, 6.00646], "rotation": 180, "texture": "#1"},
				"south": {"uv": [1.5, 6.00646, 2, 4.5], "texture": "#1"},
				"west": {"uv": [0, 5.99354, 0.5, 7.5], "texture": "#1"},
				"up": {"uv": [0.5, 5.75, 1, 6.25], "texture": "#1"},
				"down": {"uv": [1, 4, 1.5, 4.5], "rotation": 180, "texture": "#1"}
			}
		},
		{
			"from": [7, -1.5, 1.5],
			"to": [9, 0.5, 3.5],
			"rotation": {"angle": 0, "axis": "y", "origin": [8, -0.5, 2.5]},
			"faces": {
				"north": {"uv": [2, 2, 4, 4], "texture": "#2"},
				"east": {"uv": [0, 2, 2, 4], "texture": "#2"},
				"south": {"uv": [6, 2, 8, 4], "texture": "#2"},
				"west": {"uv": [4, 2, 6, 4], "texture": "#2"},
				"up": {"uv": [2, 0, 4, 2], "texture": "#2"},
				"down": {"uv": [4, 0, 6, 2], "texture": "#2"}
			}
		},
		{
			"from": [8, -1.5, 2.25],
			"to": [10, 0.5, 4.25],
			"rotation": {"angle": -22.5, "axis": "z", "origin": [9, -0.5, 3.25]},
			"faces": {
				"north": {"uv": [3, 12, 5, 14], "texture": "#2"},
				"east": {"uv": [1, 12, 3, 14], "texture": "#2"},
				"south": {"uv": [7, 12, 9, 14], "texture": "#2"},
				"west": {"uv": [5, 12, 7, 14], "texture": "#2"},
				"up": {"uv": [3, 10, 5, 12], "texture": "#2"},
				"down": {"uv": [5, 10, 7, 12], "texture": "#2"}
			}
		},
		{
			"from": [8, -1.5, 2.25],
			"to": [10, 0.5, 4.25],
			"rotation": {"angle": -22.5, "axis": "z", "origin": [9, -0.5, 3.25]},
			"faces": {
				"north": {"uv": [2, 2, 4, 4], "texture": "#2"},
				"east": {"uv": [0, 2, 2, 4], "texture": "#2"},
				"south": {"uv": [6, 2, 8, 4], "texture": "#2"},
				"west": {"uv": [4, 2, 6, 4], "texture": "#2"},
				"up": {"uv": [2, 0, 4, 2], "texture": "#2"},
				"down": {"uv": [4, 0, 6, 2], "texture": "#2"}
			}
		},
		{
			"from": [5, -1.5, 0.5],
			"to": [7, 0.5, 2.5],
			"rotation": {"angle": 22.5, "axis": "z", "origin": [6, -0.5, 1.5]},
			"faces": {
				"north": {"uv": [2, 2, 4, 4], "texture": "#2"},
				"east": {"uv": [0, 2, 2, 4], "texture": "#2"},
				"south": {"uv": [6, 2, 8, 4], "texture": "#2"},
				"west": {"uv": [4, 2, 6, 4], "texture": "#2"},
				"up": {"uv": [2, 0, 4, 2], "texture": "#2"},
				"down": {"uv": [4, 0, 6, 2], "texture": "#2"}
			}
		},
		{
			"from": [3, -1.5, 3.5],
			"to": [5, 0.5, 5.5],
			"rotation": {"angle": -22.5, "axis": "x", "origin": [4, -0.5, 4.5]},
			"faces": {
				"north": {"uv": [2, 2, 4, 4], "texture": "#2"},
				"east": {"uv": [0, 2, 2, 4], "texture": "#2"},
				"south": {"uv": [6, 2, 8, 4], "texture": "#2"},
				"west": {"uv": [4, 2, 6, 4], "texture": "#2"},
				"up": {"uv": [2, 0, 4, 2], "texture": "#2"},
				"down": {"uv": [4, 0, 6, 2], "texture": "#2"}
			}
		},
		{
			"from": [3, -1.5, 5],
			"to": [5, 0.5, 7],
			"rotation": {"angle": 22.5, "axis": "y", "origin": [4, -0.5, 6]},
			"faces": {
				"north": {"uv": [2, 2, 4, 4], "texture": "#2"},
				"east": {"uv": [0, 2, 2, 4], "texture": "#2"},
				"south": {"uv": [6, 2, 8, 4], "texture": "#2"},
				"west": {"uv": [4, 2, 6, 4], "texture": "#2"},
				"up": {"uv": [2, 0, 4, 2], "texture": "#2"},
				"down": {"uv": [4, 0, 6, 2], "texture": "#2"}
			}
		},
		{
			"from": [3, -1.5, 8.5],
			"to": [5, 0.5, 10.5],
			"rotation": {"angle": 22.5, "axis": "x", "origin": [4, -0.5, 9.5]},
			"faces": {
				"north": {"uv": [2, 2, 4, 4], "texture": "#2"},
				"east": {"uv": [0, 2, 2, 4], "texture": "#2"},
				"south": {"uv": [6, 2, 8, 4], "texture": "#2"},
				"west": {"uv": [4, 2, 6, 4], "texture": "#2"},
				"up": {"uv": [2, 0, 4, 2], "texture": "#2"},
				"down": {"uv": [4, 0, 6, 2], "texture": "#2"}
			}
		},
		{
			"from": [10, -1.5, 2.5],
			"to": [12, 0.5, 4.5],
			"rotation": {"angle": 0, "axis": "y", "origin": [11, -0.5, 3.5]},
			"faces": {
				"north": {"uv": [2, 2, 4, 4], "texture": "#2"},
				"east": {"uv": [0, 2, 2, 4], "texture": "#2"},
				"south": {"uv": [6, 2, 8, 4], "texture": "#2"},
				"west": {"uv": [4, 2, 6, 4], "texture": "#2"},
				"up": {"uv": [2, 0, 4, 2], "texture": "#2"},
				"down": {"uv": [4, 0, 6, 2], "texture": "#2"}
			}
		},
		{
			"from": [12.5, -1.5, 3.5],
			"to": [14.5, 0.5, 5.5],
			"rotation": {"angle": 22.5, "axis": "y", "origin": [13.5, -0.5, 4.5]},
			"faces": {
				"north": {"uv": [2, 2, 4, 4], "texture": "#2"},
				"east": {"uv": [0, 2, 2, 4], "texture": "#2"},
				"south": {"uv": [6, 2, 8, 4], "texture": "#2"},
				"west": {"uv": [4, 2, 6, 4], "texture": "#2"},
				"up": {"uv": [2, 0, 4, 2], "texture": "#2"},
				"down": {"uv": [4, 0, 6, 2], "texture": "#2"}
			}
		},
		{
			"from": [12.25, -1.5, 9.25],
			"to": [14.25, 0.5, 11.25],
			"rotation": {"angle": -22.5, "axis": "z", "origin": [13.25, -0.5, 10.25]},
			"faces": {
				"north": {"uv": [2, 2, 4, 4], "texture": "#2"},
				"east": {"uv": [0, 2, 2, 4], "texture": "#2"},
				"south": {"uv": [6, 2, 8, 4], "texture": "#2"},
				"west": {"uv": [4, 2, 6, 4], "texture": "#2"},
				"up": {"uv": [2, 0, 4, 2], "texture": "#2"},
				"down": {"uv": [4, 0, 6, 2], "texture": "#2"}
			}
		},
		{
			"from": [11.5, -1.5, 10.5],
			"to": [13.5, 0.5, 12.5],
			"rotation": {"angle": -22.5, "axis": "y", "origin": [12.5, -0.5, 11.5]},
			"faces": {
				"north": {"uv": [2, 2, 4, 4], "texture": "#2"},
				"east": {"uv": [0, 2, 2, 4], "texture": "#2"},
				"south": {"uv": [6, 2, 8, 4], "texture": "#2"},
				"west": {"uv": [4, 2, 6, 4], "texture": "#2"},
				"up": {"uv": [2, 0, 4, 2], "texture": "#2"},
				"down": {"uv": [4, 0, 6, 2], "texture": "#2"}
			}
		},
		{
			"from": [9, -1.5, 10.5],
			"to": [11, 0.5, 12.5],
			"rotation": {"angle": 22.5, "axis": "y", "origin": [10, -0.5, 11.5]},
			"faces": {
				"north": {"uv": [2, 2, 4, 4], "texture": "#2"},
				"east": {"uv": [0, 2, 2, 4], "texture": "#2"},
				"south": {"uv": [6, 2, 8, 4], "texture": "#2"},
				"west": {"uv": [4, 2, 6, 4], "texture": "#2"},
				"up": {"uv": [2, 0, 4, 2], "texture": "#2"},
				"down": {"uv": [4, 0, 6, 2], "texture": "#2"}
			}
		},
		{
			"from": [13, -1.5, 6.75],
			"to": [15, 0.5, 8.75],
			"rotation": {"angle": -22.5, "axis": "y", "origin": [14, -0.5, 7.75]},
			"faces": {
				"north": {"uv": [2, 2, 4, 4], "texture": "#2"},
				"east": {"uv": [0, 2, 2, 4], "texture": "#2"},
				"south": {"uv": [6, 2, 8, 4], "texture": "#2"},
				"west": {"uv": [4, 2, 6, 4], "texture": "#2"},
				"up": {"uv": [2, 0, 4, 2], "texture": "#2"},
				"down": {"uv": [4, 0, 6, 2], "texture": "#2"}
			}
		},
		{
			"from": [7, -1.5, -1.25],
			"to": [9, 0.5, 0.75],
			"rotation": {"angle": -45, "axis": "x", "origin": [8, -0.5, -0.25]},
			"faces": {
				"north": {"uv": [6, 6, 8, 8], "texture": "#2"},
				"east": {"uv": [8, 8, 10, 10], "rotation": 90, "texture": "#2"},
				"south": {"uv": [8, 6, 10, 8], "rotation": 180, "texture": "#2"},
				"west": {"uv": [4, 8, 6, 10], "rotation": 270, "texture": "#2"},
				"up": {"uv": [6, 8, 8, 10], "texture": "#2"},
				"down": {"uv": [10, 8, 12, 10], "rotation": 180, "texture": "#2"}
			}
		},
		{
			"from": [8.25, -1.5, -0.25],
			"to": [10.25, 0.5, 1.75],
			"rotation": {"angle": -22.5, "axis": "z", "origin": [9.25, -0.5, 0.75]},
			"faces": {
				"north": {"uv": [10, 2, 12, 4], "rotation": 270, "texture": "#2"},
				"east": {"uv": [10, 4, 12, 6], "rotation": 90, "texture": "#2"},
				"south": {"uv": [12, 2, 14, 4], "rotation": 270, "texture": "#2"},
				"west": {"uv": [14, 4, 16, 6], "rotation": 270, "texture": "#2"},
				"up": {"uv": [8, 4, 10, 6], "texture": "#2"},
				"down": {"uv": [12, 4, 14, 6], "rotation": 180, "texture": "#2"}
			}
		},
		{
			"from": [8, -1.5, 1],
			"to": [10, 0.5, 3],
			"rotation": {"angle": 22.5, "axis": "y", "origin": [9, -0.5, 2]},
			"faces": {
				"north": {"uv": [2, 0, 4, 2], "rotation": 270, "texture": "#2"},
				"east": {"uv": [2, 2, 4, 4], "rotation": 90, "texture": "#2"},
				"south": {"uv": [4, 0, 6, 2], "rotation": 270, "texture": "#2"},
				"west": {"uv": [6, 2, 8, 4], "rotation": 270, "texture": "#2"},
				"up": {"uv": [0, 2, 2, 4], "texture": "#2"},
				"down": {"uv": [4, 2, 6, 4], "rotation": 180, "texture": "#2"}
			}
		},
		{
			"from": [6, -1.5, 2.5],
			"to": [8, 0.5, 4.5],
			"rotation": {"angle": 22.5, "axis": "x", "origin": [7, -0.5, 3.5]},
			"faces": {
				"north": {"uv": [5, 4, 7, 6], "texture": "#2"},
				"east": {"uv": [3, 4, 5, 6], "texture": "#2"},
				"south": {"uv": [9, 4, 11, 6], "texture": "#2"},
				"west": {"uv": [7, 4, 9, 6], "texture": "#2"},
				"up": {"uv": [5, 2, 7, 4], "texture": "#2"},
				"down": {"uv": [7, 2, 9, 4], "texture": "#2"}
			}
		},
		{
			"from": [5.5, -1.5, 1.75],
			"to": [7.5, 0.5, 3.75],
			"rotation": {"angle": -45, "axis": "x", "origin": [6.5, -0.5, 2.75]},
			"faces": {
				"north": {"uv": [2, 0, 4, 2], "texture": "#2"},
				"east": {"uv": [4, 2, 6, 4], "rotation": 90, "texture": "#2"},
				"south": {"uv": [4, 0, 6, 2], "rotation": 180, "texture": "#2"},
				"west": {"uv": [0, 2, 2, 4], "rotation": 270, "texture": "#2"},
				"up": {"uv": [2, 2, 4, 4], "texture": "#2"},
				"down": {"uv": [6, 2, 8, 4], "rotation": 180, "texture": "#2"}
			}
		},
		{
			"from": [6, -1.5, -0.5],
			"to": [8, 0.5, 1.5],
			"rotation": {"angle": 22.5, "axis": "y", "origin": [7, -0.5, 0.5]},
			"faces": {
				"north": {"uv": [2, 0, 4, 2], "texture": "#2"},
				"east": {"uv": [4, 2, 6, 4], "rotation": 90, "texture": "#2"},
				"south": {"uv": [4, 0, 6, 2], "rotation": 180, "texture": "#2"},
				"west": {"uv": [0, 2, 2, 4], "rotation": 270, "texture": "#2"},
				"up": {"uv": [2, 2, 4, 4], "texture": "#2"},
				"down": {"uv": [6, 2, 8, 4], "rotation": 180, "texture": "#2"}
			}
		},
		{
			"from": [6.8, -1.5, 14.75],
			"to": [8.8, 0.5, 16.75],
			"rotation": {"angle": 0, "axis": "y", "origin": [7.8, -0.5, 15.75]},
			"faces": {
				"north": {"uv": [2, 2, 4, 4], "texture": "#2"},
				"east": {"uv": [0, 2, 2, 4], "texture": "#2"},
				"south": {"uv": [6, 2, 8, 4], "texture": "#2"},
				"west": {"uv": [4, 2, 6, 4], "texture": "#2"},
				"up": {"uv": [2, 0, 4, 2], "texture": "#2"},
				"down": {"uv": [4, 0, 6, 2], "texture": "#2"}
			}
		},
		{
			"from": [8, -1.5, 14.5],
			"to": [10, 0.5, 16.5],
			"rotation": {"angle": -22.5, "axis": "z", "origin": [9, -0.5, 15.5]},
			"faces": {
				"north": {"uv": [3, 12, 5, 14], "texture": "#2"},
				"east": {"uv": [1, 12, 3, 14], "texture": "#2"},
				"south": {"uv": [7, 12, 9, 14], "texture": "#2"},
				"west": {"uv": [5, 12, 7, 14], "texture": "#2"},
				"up": {"uv": [3, 10, 5, 12], "texture": "#2"},
				"down": {"uv": [5, 10, 7, 12], "texture": "#2"}
			}
		},
		{
			"from": [7, -0.5, 13.5],
			"to": [9, 1.5, 15.5],
			"rotation": {"angle": -22.5, "axis": "z", "origin": [8, 0.5, 14.5]},
			"faces": {
				"north": {"uv": [3, 12, 5, 14], "texture": "#2"},
				"east": {"uv": [1, 12, 3, 14], "texture": "#2"},
				"south": {"uv": [7, 12, 9, 14], "texture": "#2"},
				"west": {"uv": [5, 12, 7, 14], "texture": "#2"},
				"up": {"uv": [3, 10, 5, 12], "texture": "#2"},
				"down": {"uv": [5, 10, 7, 12], "texture": "#2"}
			}
		},
		{
			"from": [5.1, 0.15, 3.8],
			"to": [13.25, 0.05, 11.7],
			"rotation": {"angle": 0, "axis": "y", "origin": [6.05, 1.1, 4.75]},
			"faces": {
				"north": {"uv": [0, 0, 0, 0], "texture": "#2"},
				"east": {"uv": [0, 0, 0.05, 0.1], "texture": "#2"},
				"south": {"uv": [0, 0, 0.05, 0.1], "texture": "#2"},
				"west": {"uv": [0, 0, 0, 0], "texture": "#2"},
				"up": {"uv": [0, 0, 8, 8], "texture": "#2"},
				"down": {"uv": [0, 0, 8, 8], "texture": "#2"}
			}
		},
		{
			"from": [8, -1.5, 14.5],
			"to": [10, 0.5, 16.5],
			"rotation": {"angle": -22.5, "axis": "z", "origin": [9, -0.5, 15.5]},
			"faces": {
				"north": {"uv": [2, 2, 4, 4], "texture": "#2"},
				"east": {"uv": [0, 2, 2, 4], "texture": "#2"},
				"south": {"uv": [6, 2, 8, 4], "texture": "#2"},
				"west": {"uv": [4, 2, 6, 4], "texture": "#2"},
				"up": {"uv": [2, 0, 4, 2], "texture": "#2"},
				"down": {"uv": [4, 0, 6, 2], "texture": "#2"}
			}
		},
		{
			"from": [5.4, -1.5, 12.75],
			"to": [7.4, 0.5, 14.75],
			"rotation": {"angle": 22.5, "axis": "z", "origin": [6.4, -0.5, 13.75]},
			"faces": {
				"north": {"uv": [2, 2, 4, 4], "texture": "#2"},
				"east": {"uv": [0, 2, 2, 4], "texture": "#2"},
				"south": {"uv": [6, 2, 8, 4], "texture": "#2"},
				"west": {"uv": [4, 2, 6, 4], "texture": "#2"},
				"up": {"uv": [2, 0, 4, 2], "texture": "#2"},
				"down": {"uv": [4, 0, 6, 2], "texture": "#2"}
			}
		},
		{
			"from": [7, -1.5, 11.6],
			"to": [9, 0.5, 13.6],
			"rotation": {"angle": -45, "axis": "x", "origin": [8, -0.5, 12.6]},
			"faces": {
				"north": {"uv": [6, 6, 8, 8], "texture": "#2"},
				"east": {"uv": [8, 8, 10, 10], "rotation": 90, "texture": "#2"},
				"south": {"uv": [8, 6, 10, 8], "rotation": 180, "texture": "#2"},
				"west": {"uv": [4, 8, 6, 10], "rotation": 270, "texture": "#2"},
				"up": {"uv": [6, 8, 8, 10], "texture": "#2"},
				"down": {"uv": [10, 8, 12, 10], "rotation": 180, "texture": "#2"}
			}
		},
		{
			"from": [7.75, -1.5, 12.2],
			"to": [9.75, 0.5, 14.2],
			"rotation": {"angle": -22.5, "axis": "z", "origin": [8.75, -0.5, 13.2]},
			"faces": {
				"north": {"uv": [10, 2, 12, 4], "rotation": 270, "texture": "#2"},
				"east": {"uv": [10, 4, 12, 6], "rotation": 90, "texture": "#2"},
				"south": {"uv": [12, 2, 14, 4], "rotation": 270, "texture": "#2"},
				"west": {"uv": [14, 4, 16, 6], "rotation": 270, "texture": "#2"},
				"up": {"uv": [8, 4, 10, 6], "texture": "#2"},
				"down": {"uv": [12, 4, 14, 6], "rotation": 180, "texture": "#2"}
			}
		},
		{
			"from": [8, -1.5, 13.25],
			"to": [10, 0.5, 15.25],
			"rotation": {"angle": 22.5, "axis": "y", "origin": [9, -0.5, 14.25]},
			"faces": {
				"north": {"uv": [2, 0, 4, 2], "rotation": 270, "texture": "#2"},
				"east": {"uv": [2, 2, 4, 4], "rotation": 90, "texture": "#2"},
				"south": {"uv": [4, 0, 6, 2], "rotation": 270, "texture": "#2"},
				"west": {"uv": [6, 2, 8, 4], "rotation": 270, "texture": "#2"},
				"up": {"uv": [0, 2, 2, 4], "texture": "#2"},
				"down": {"uv": [4, 2, 6, 4], "rotation": 180, "texture": "#2"}
			}
		},
		{
			"from": [8, -1.5, 13.75],
			"to": [10, 0.5, 15.75],
			"rotation": {"angle": 22.5, "axis": "x", "origin": [9, -0.5, 14.75]},
			"faces": {
				"north": {"uv": [5, 4, 7, 6], "texture": "#2"},
				"east": {"uv": [3, 4, 5, 6], "texture": "#2"},
				"south": {"uv": [9, 4, 11, 6], "texture": "#2"},
				"west": {"uv": [7, 4, 9, 6], "texture": "#2"},
				"up": {"uv": [5, 2, 7, 4], "texture": "#2"},
				"down": {"uv": [7, 2, 9, 4], "texture": "#2"}
			}
		},
		{
			"from": [5.5, -1.5, 14],
			"to": [7.5, 0.5, 16],
			"rotation": {"angle": -45, "axis": "x", "origin": [6.5, -0.5, 15]},
			"faces": {
				"north": {"uv": [2, 0, 4, 2], "texture": "#2"},
				"east": {"uv": [4, 2, 6, 4], "rotation": 90, "texture": "#2"},
				"south": {"uv": [4, 0, 6, 2], "rotation": 180, "texture": "#2"},
				"west": {"uv": [0, 2, 2, 4], "rotation": 270, "texture": "#2"},
				"up": {"uv": [2, 2, 4, 4], "texture": "#2"},
				"down": {"uv": [6, 2, 8, 4], "rotation": 180, "texture": "#2"}
			}
		},
		{
			"from": [6, -1.5, 11.75],
			"to": [8, 0.5, 13.75],
			"rotation": {"angle": 22.5, "axis": "y", "origin": [7, -0.5, 12.75]},
			"faces": {
				"north": {"uv": [2, 0, 4, 2], "texture": "#2"},
				"east": {"uv": [4, 2, 6, 4], "rotation": 90, "texture": "#2"},
				"south": {"uv": [4, 0, 6, 2], "rotation": 180, "texture": "#2"},
				"west": {"uv": [0, 2, 2, 4], "rotation": 270, "texture": "#2"},
				"up": {"uv": [2, 2, 4, 4], "texture": "#2"},
				"down": {"uv": [6, 2, 8, 4], "rotation": 180, "texture": "#2"}
			}
		},
		{
			"name": "head",
			"from": [6, -6, 3.751],
			"to": [14, 2, 11.751],
			"rotation": {"angle": 22.5, "axis": "z", "origin": [10.4, -2.1875, 7.751]},
			"faces": {
				"north": {"uv": [0, 2, 2, 4], "rotation": 270, "texture": "#1"},
				"east": {"uv": [4, 2, 2, 0], "texture": "#1"},
				"south": {"uv": [4, 2, 6, 4], "rotation": 90, "texture": "#1"},
				"west": {"uv": [6, 0, 4, 2], "rotation": 180, "texture": "#1"},
				"up": {"uv": [2, 2, 4, 4], "rotation": 90, "texture": "#1"},
				"down": {"uv": [6, 2, 8, 4], "rotation": 90, "texture": "#1"}
			}
		},
		{
			"name": "headIN",
			"from": [6, -6, 11.751],
			"to": [14, 2, 3.751],
			"rotation": {"angle": 22.5, "axis": "z", "origin": [10.5, -2.1875, 7.751]},
			"faces": {
				"north": {"uv": [6, 2, 4, 4], "rotation": 270, "texture": "#1"},
				"east": {"uv": [2, 2, 4, 0], "texture": "#1"},
				"south": {"uv": [2, 2, 0, 4], "rotation": 90, "texture": "#1"},
				"west": {"uv": [4, 0, 6, 2], "rotation": 180, "texture": "#1"},
				"up": {"uv": [4, 2, 2, 4], "rotation": 90, "texture": "#1"},
				"down": {"uv": [8, 2, 6, 4], "rotation": 90, "texture": "#1"}
			}
		},
		{
			"name": "headmid",
			"from": [6.5, -5.25, 4.751],
			"to": [13.5, 0.5, 10.751],
			"rotation": {"angle": 22.5, "axis": "z", "origin": [9.5, -2.1875, 7.751]},
			"faces": {
				"north": {"uv": [8.25, 2, 9.5, 3.75], "rotation": 270, "texture": "#1"},
				"east": {"uv": [11, 2, 9.5, 0.75], "texture": "#1"},
				"south": {"uv": [11, 2, 12.25, 3.75], "rotation": 90, "texture": "#1"},
				"west": {"uv": [12.5, 0.75, 11, 2], "rotation": 180, "texture": "#1"},
				"up": {"uv": [9.5, 2, 11, 3.75], "rotation": 90, "texture": "#1"},
				"down": {"uv": [12.25, 2, 13.75, 3.75], "rotation": 90, "texture": "#1"}
			}
		}
	],
	"display": {
		"thirdperson_righthand": {
			"translation": [0, 3, 0],
			"scale": [0.75, 0.75, 0.75]
		},
		"thirdperson_lefthand": {
			"rotation": [0, 159, 0],
			"translation": [0, 3, 0],
			"scale": [0.75, 0.75, 0.75]
		},
		"firstperson_righthand": {
			"rotation": [-20, 38, 0]
		},
		"firstperson_lefthand": {
			"rotation": [-28, 173, 0],
			"scale": [0.75, 0.75, 0.75]
		},
		"ground": {
			"rotation": [-89, -178, 0],
			"translation": [0, -0.75, 0],
			"scale": [0.75, 0.75, 0.75]
		},
		"gui": {
			"rotation": [0, 107, 0],
			"translation": [0.75, 0, 0],
			"scale": [0.75, 0.75, 0.75]
		},
		"head": {
			"rotation": [0, -74, 0],
			"translation": [0, 11, -2.25]
		},
		"fixed": {
			"rotation": [0, -74, 0],
			"translation": [0, 0, -1]
		}
	},
	"groups": [
		0,
		1,
		2,
		{
			"name": "dirt",
			"origin": [8, 8, 8],
			"color": 0,
			"children": [
				3,
				4,
				5,
				6,
				7,
				8,
				9,
				10,
				11,
				12,
				13,
				14,
				15,
				16,
				17,
				18,
				19,
				20,
				21,
				{
					"name": "dirt",
					"origin": [8, 8, 8],
					"color": 0,
					"children": [22, 23, 24, 25, 26, 27, 28, 29, 30, 31, 32, 33]
				}
			]
		},
		{
			"name": "Skull",
			"origin": [8, 8, 8],
			"color": 0,
			"children": [34, 35, 36]
		}
	]
}