{
	"credit": "Made with Blockbench",
	"ambientocclusion": false,
	"render_type": "cutout",
	"texture_size": [64, 64],
	"textures": {
		"1": "graveyard:block/skeleton",
		"particle": "block/bone_block_top"
	},
	"elements": [
		{
			"name": "head",
			"from": [7, 0.001, 7],
			"to": [15, 8.001, 15],
			"rotation": {"angle": 0, "axis": "y", "origin": [-1, 0, 0]},
			"faces": {
				"north": {"uv": [2, 2, 4, 4], "texture": "#1"},
				"east": {"uv": [0, 2, 2, 4], "texture": "#1"},
				"south": {"uv": [6, 2, 8, 4], "texture": "#1"},
				"west": {"uv": [4, 2, 6, 4], "texture": "#1"},
				"up": {"uv": [4, 2, 2, 0], "texture": "#1"},
				"down": {"uv": [6, 0, 4, 2], "texture": "#1"}
			}
		},
		{
			"name": "headIN",
			"from": [15, 0.001, 7],
			"to": [7, 8.001, 15],
			"rotation": {"angle": 0, "axis": "y", "origin": [7, 0, 0]},
			"faces": {
				"north": {"uv": [4, 2, 2, 4], "texture": "#1"},
				"east": {"uv": [6, 2, 4, 4], "texture": "#1"},
				"south": {"uv": [8, 2, 6, 4], "texture": "#1"},
				"west": {"uv": [2, 2, 0, 4], "texture": "#1"},
				"up": {"uv": [2, 2, 4, 0], "texture": "#1"},
				"down": {"uv": [4, 0, 6, 2], "texture": "#1"}
			}
		},
		{
			"name": "headmid",
			"from": [7.75, 0.751, 8.75],
			"to": [14.25, 7.751, 14.5],
			"rotation": {"angle": 0, "axis": "y", "origin": [-1.25, -0.25, 0.5]},
			"faces": {
				"north": {"uv": [9.5, 2, 11, 3.75], "texture": "#1"},
				"east": {"uv": [8.25, 2, 9.5, 3.75], "texture": "#1"},
				"south": {"uv": [12.25, 2, 13.75, 3.75], "texture": "#1"},
				"west": {"uv": [11, 2, 12.25, 3.75], "texture": "#1"},
				"up": {"uv": [11, 2, 9.5, 0.75], "texture": "#1"},
				"down": {"uv": [12.5, 0.75, 11, 2], "texture": "#1"}
			}
		},
		{
			"name": "arm",
			"from": [1.25, 2, 12],
			"to": [3.25, 14, 14],
			"rotation": {"angle": -22.5, "axis": "z", "origin": [-1.75, 0, 0]},
			"faces": {
				"north": {"uv": [0.5, 4.5, 1, 7.5], "texture": "#1"},
				"east": {"uv": [0, 4.5, 0.5, 7.5], "texture": "#1"},
				"south": {"uv": [1.5, 4.5, 2, 7.5], "texture": "#1"},
				"west": {"uv": [1, 4.5, 1.5, 7.5], "texture": "#1"},
				"up": {"uv": [1, 4.5, 0.5, 4], "texture": "#1"},
				"down": {"uv": [1.5, 4, 1, 4.5], "texture": "#1"}
			}
		},
		{
			"name": "arm",
			"from": [3.25, 0, 8],
			"to": [15.25, 2, 10],
			"rotation": {"angle": 22.5, "axis": "y", "origin": [-1.75, 0, 1]},
			"faces": {
				"north": {"uv": [1.5, 4.5, 2, 7.5], "rotation": 90, "texture": "#1"},
				"east": {"uv": [0.5, 4, 1, 4.5], "texture": "#1"},
				"south": {"uv": [1, 4.5, 1.5, 7.5], "rotation": 90, "texture": "#1"},
				"west": {"uv": [1, 4, 1.5, 4.5], "texture": "#1"},
				"up": {"uv": [0.5, 7.5, 0, 4.5], "rotation": 90, "texture": "#1"},
				"down": {"uv": [0.5, 7.5, 1, 4.5], "rotation": 90, "texture": "#1"}
			}
		},
		{
			"name": "spine",
			"from": [-1, 0.001, 2],
			"to": [6, 3.001, 11],
			"rotation": {"angle": 0, "axis": "y", "origin": [2.5, 1.5, 5.5]},
			"faces": {
				"north": {"uv": [5, 4, 7, 5], "texture": "#1"},
				"east": {"uv": [4, 5, 5, 7.5], "rotation": 270, "texture": "#1"},
				"south": {"uv": [5, 4, 7, 5], "texture": "#1"},
				"west": {"uv": [7, 5, 7.75, 7.5], "rotation": 90, "texture": "#1"},
				"up": {"uv": [5, 7.5, 7, 5], "texture": "#1"},
				"down": {"uv": [10, 5, 8, 7.5], "texture": "#1"}
			}
		},
		{
			"name": "spineIN",
			"from": [6, 0.001, 2],
			"to": [-1, 3.001, 11],
			"rotation": {"angle": 0, "axis": "y", "origin": [9.5, 1.5, 5.5]},
			"faces": {
				"north": {"uv": [7, 4, 5, 5], "texture": "#1"},
				"east": {"uv": [7.75, 5, 7, 7.5], "rotation": 270, "texture": "#1"},
				"south": {"uv": [5, 4, 7, 5], "texture": "#1"},
				"west": {"uv": [4.75, 5, 4, 7.5], "rotation": 90, "texture": "#1"},
				"up": {"uv": [7, 8, 5, 5], "texture": "#1"},
				"down": {"uv": [8, 5, 10, 7.5], "texture": "#1"}
			}
		}
	],
	"display": {
		"thirdperson_righthand": {
			"rotation": [27, 0, 0],
			"translation": [-0.75, 4.25, 0.25],
			"scale": [0.5, 0.5, 0.5]
		},
		"thirdperson_lefthand": {
			"rotation": [18, -24, 20],
			"translation": [0, 5, 1.25],
			"scale": [0.5, 0.5, 0.5]
		},
		"firstperson_righthand": {
			"translation": [2.25, 5.5, 0]
		},
		"firstperson_lefthand": {
			"rotation": [0, 0, -1],
			"translation": [7, 5, -0.75]
		},
		"ground": {
			"translation": [0, 0.25, 0],
			"scale": [0.5, 0.5, 0.5]
		},
		"gui": {
			"rotation": [30, -180, 0],
			"translation": [0.25, 2.5, -0.25],
			"scale": [0.75, 0.75, 0.75]
		},
		"head": {
			"translation": [-0.5, 14, -1.5]
		},
		"fixed": {
			"rotation": [-89, 0, 0],
			"translation": [-0.75, -0.5, -9]
		}
	},
	"groups": [
		{
			"name": "Skull",
			"origin": [8, 8, 8],
			"color": 0,
			"children": [0, 1, 2]
		},
		{
			"name": "Body",
			"origin": [8, 8, 8],
			"color": 0,
			"children": []
		},
		3,
		4,
		{
			"name": "Ribs",
			"origin": [8, 8, 8],
			"color": 0,
			"children": [5, 6]
		}
	]
}