{
	"credit": "Made with Blockbench",
	"ambientocclusion": false,
	"render_type": "cutout",
	"texture_size": [64, 64],
	"textures": {
		"0": "graveyard:block/wither_skeleton",
		"particle": "graveyard:block/wither_skeleton_extra"
	},
	"elements": [
		{
			"name": "head",
			"from": [-0.0625, 0.002, 7.0625],
			"to": [7.9375, 8.002, 15.0625],
			"rotation": {"angle": 22.5, "axis": "y", "origin": [4.25, 4.126, 11.0625]},
			"faces": {
				"north": {"uv": [0, 2, 2, 4], "texture": "#0"},
				"east": {"uv": [6, 2, 8, 4], "texture": "#0"},
				"south": {"uv": [4, 2, 6, 4], "texture": "#0"},
				"west": {"uv": [2, 2, 4, 4], "texture": "#0"},
				"up": {"uv": [4, 2, 2, 0], "rotation": 270, "texture": "#0"},
				"down": {"uv": [6, 0, 4, 2], "rotation": 90, "texture": "#0"}
			}
		},
		{
			"name": "headIN",
			"from": [-0.0625, 0.002, 15.0625],
			"to": [7.9375, 8.002, 7.0625],
			"rotation": {"angle": 22.5, "axis": "y", "origin": [4.25, 4.126, 11.0625]},
			"faces": {
				"north": {"uv": [6, 2, 4, 4], "texture": "#0"},
				"east": {"uv": [8, 2, 6, 4], "texture": "#0"},
				"south": {"uv": [2, 2, 0, 4], "texture": "#0"},
				"west": {"uv": [4, 2, 2, 4], "texture": "#0"},
				"up": {"uv": [2, 2, 4, 0], "rotation": 270, "texture": "#0"},
				"down": {"uv": [4, 0, 6, 2], "rotation": 90, "texture": "#0"}
			}
		},
		{
			"name": "headmid",
			"from": [1.6875, 0.002, 8.0625],
			"to": [7.4375, 7.002, 14.0625],
			"rotation": {"angle": 22.5, "axis": "y", "origin": [4.25, 4.126, 11.0625]},
			"faces": {
				"north": {"uv": [8.25, 2, 9.5, 3.75], "texture": "#0"},
				"east": {"uv": [12.25, 2, 13.75, 3.75], "texture": "#0"},
				"south": {"uv": [11, 2, 12.25, 3.75], "texture": "#0"},
				"west": {"uv": [9.5, 2, 11, 3.75], "texture": "#0"},
				"up": {"uv": [11, 2, 9.5, 0.75], "rotation": 270, "texture": "#0"},
				"down": {"uv": [12.5, 0.75, 11, 2], "rotation": 90, "texture": "#0"}
			}
		},
		{
			"name": "head",
			"from": [1.5, 0.001, 1.25],
			"to": [9.5, 8.001, 9.25],
			"rotation": {"angle": 22.5, "axis": "y", "origin": [5.5, 4.126, 5.5625]},
			"faces": {
				"north": {"uv": [2, 2, 4, 4], "texture": "#0"},
				"east": {"uv": [0, 2, 2, 4], "texture": "#0"},
				"south": {"uv": [6, 2, 8, 4], "texture": "#0"},
				"west": {"uv": [4, 2, 6, 4], "texture": "#0"},
				"up": {"uv": [4, 2, 2, 0], "texture": "#0"},
				"down": {"uv": [6, 0, 4, 2], "texture": "#0"}
			}
		},
		{
			"name": "headIN",
			"from": [9.5, 0.001, 1.25],
			"to": [1.5, 8.001, 9.25],
			"rotation": {"angle": 22.5, "axis": "y", "origin": [5.5, 4.126, 5.5625]},
			"faces": {
				"north": {"uv": [4, 2, 2, 4], "texture": "#0"},
				"east": {"uv": [6, 2, 4, 4], "texture": "#0"},
				"south": {"uv": [8, 2, 6, 4], "texture": "#0"},
				"west": {"uv": [2, 2, 0, 4], "texture": "#0"},
				"up": {"uv": [2, 2, 4, 0], "texture": "#0"},
				"down": {"uv": [4, 0, 6, 2], "texture": "#0"}
			}
		},
		{
			"name": "headmid",
			"from": [2.5, 0.751, 3],
			"to": [8.5, 7.751, 8.75],
			"rotation": {"angle": 22.5, "axis": "y", "origin": [5.5, 4.126, 5.5625]},
			"faces": {
				"north": {"uv": [9.5, 2, 11, 3.75], "texture": "#0"},
				"east": {"uv": [8.25, 2, 9.5, 3.75], "texture": "#0"},
				"south": {"uv": [12.25, 2, 13.75, 3.75], "texture": "#0"},
				"west": {"uv": [11, 2, 12.25, 3.75], "texture": "#0"},
				"up": {"uv": [11, 2, 9.5, 0.75], "texture": "#0"},
				"down": {"uv": [12.5, 0.75, 11, 2], "texture": "#0"}
			}
		},
		{
			"name": "head",
			"from": [2.1875, 8.003, 2.5625],
			"to": [10.1875, 16.003, 10.5625],
			"rotation": {"angle": -22.5, "axis": "y", "origin": [4.25, 12.126, 10.8125]},
			"faces": {
				"north": {"uv": [0, 2, 2, 4], "texture": "#0"},
				"east": {"uv": [6, 2, 8, 4], "texture": "#0"},
				"south": {"uv": [4, 2, 6, 4], "texture": "#0"},
				"west": {"uv": [2, 2, 4, 4], "texture": "#0"},
				"up": {"uv": [4, 2, 2, 0], "rotation": 270, "texture": "#0"},
				"down": {"uv": [6, 0, 4, 2], "rotation": 90, "texture": "#0"}
			}
		},
		{
			"name": "headIN",
			"from": [2.1875, 8.003, 10.5625],
			"to": [10.1875, 16.003, 2.5625],
			"rotation": {"angle": -22.5, "axis": "y", "origin": [4.25, 12.126, 10.8125]},
			"faces": {
				"north": {"uv": [6, 2, 4, 4], "texture": "#0"},
				"east": {"uv": [8, 2, 6, 4], "texture": "#0"},
				"south": {"uv": [2, 2, 0, 4], "texture": "#0"},
				"west": {"uv": [4, 2, 2, 4], "texture": "#0"},
				"up": {"uv": [2, 2, 4, 0], "rotation": 270, "texture": "#0"},
				"down": {"uv": [4, 0, 6, 2], "rotation": 90, "texture": "#0"}
			}
		},
		{
			"name": "headmid",
			"from": [3.9375, 8.003, 3.5625],
			"to": [9.6875, 15.003, 9.5625],
			"rotation": {"angle": -22.5, "axis": "y", "origin": [4.25, 12.126, 10.8125]},
			"faces": {
				"north": {"uv": [8.25, 2, 9.5, 3.75], "texture": "#0"},
				"east": {"uv": [12.25, 2, 13.75, 3.75], "texture": "#0"},
				"south": {"uv": [11, 2, 12.25, 3.75], "texture": "#0"},
				"west": {"uv": [9.5, 2, 11, 3.75], "texture": "#0"},
				"up": {"uv": [11, 2, 9.5, 0.75], "rotation": 270, "texture": "#0"},
				"down": {"uv": [12.5, 0.75, 11, 2], "rotation": 90, "texture": "#0"}
			}
		},
		{
			"name": "head",
			"from": [8.3125, 0.002, 2.3125],
			"to": [16.3125, 8.002, 10.3125],
			"rotation": {"angle": 22.5, "axis": "y", "origin": [12, 4.126, 6.3125]},
			"faces": {
				"north": {"uv": [4, 2, 6, 4], "texture": "#0"},
				"east": {"uv": [2, 2, 4, 4], "texture": "#0"},
				"south": {"uv": [0, 2, 2, 4], "texture": "#0"},
				"west": {"uv": [6, 2, 8, 4], "texture": "#0"},
				"up": {"uv": [4, 2, 2, 0], "rotation": 90, "texture": "#0"},
				"down": {"uv": [6, 0, 4, 2], "rotation": 270, "texture": "#0"}
			}
		},
		{
			"name": "headIN",
			"from": [8.3125, 0.002, 10.3125],
			"to": [16.3125, 8.002, 2.3125],
			"rotation": {"angle": 22.5, "axis": "y", "origin": [12, 4.126, 6.3125]},
			"faces": {
				"north": {"uv": [2, 2, 0, 4], "texture": "#0"},
				"east": {"uv": [4, 2, 2, 4], "texture": "#0"},
				"south": {"uv": [6, 2, 4, 4], "texture": "#0"},
				"west": {"uv": [8, 2, 6, 4], "texture": "#0"},
				"up": {"uv": [2, 2, 4, 0], "rotation": 90, "texture": "#0"},
				"down": {"uv": [4, 0, 6, 2], "rotation": 270, "texture": "#0"}
			}
		},
		{
			"name": "headmid",
			"from": [8.8125, 0.002, 3.3125],
			"to": [14.5625, 7.002, 9.3125],
			"rotation": {"angle": 22.5, "axis": "y", "origin": [12, 4.126, 6.3125]},
			"faces": {
				"north": {"uv": [11, 2, 12.25, 3.75], "texture": "#0"},
				"east": {"uv": [9.5, 2, 11, 3.75], "texture": "#0"},
				"south": {"uv": [8.25, 2, 9.5, 3.75], "texture": "#0"},
				"west": {"uv": [12.25, 2, 13.75, 3.75], "texture": "#0"},
				"up": {"uv": [11, 2, 9.5, 0.75], "rotation": 90, "texture": "#0"},
				"down": {"uv": [12.5, 0.75, 11, 2], "rotation": 270, "texture": "#0"}
			}
		},
		{
			"name": "head",
			"from": [5.75, 0.001, 7.125],
			"to": [13.75, 8.001, 15.125],
			"rotation": {"angle": 22.5, "axis": "y", "origin": [9.75, 4.126, 10.8125]},
			"faces": {
				"north": {"uv": [6, 2, 8, 4], "texture": "#0"},
				"east": {"uv": [4, 2, 6, 4], "texture": "#0"},
				"south": {"uv": [2, 2, 4, 4], "texture": "#0"},
				"west": {"uv": [0, 2, 2, 4], "texture": "#0"},
				"up": {"uv": [4, 2, 2, 0], "rotation": 180, "texture": "#0"},
				"down": {"uv": [6, 0, 4, 2], "rotation": 180, "texture": "#0"}
			}
		},
		{
			"name": "headIN",
			"from": [13.75, 0.001, 7.125],
			"to": [5.75, 8.001, 15.125],
			"rotation": {"angle": 22.5, "axis": "y", "origin": [9.75, 4.126, 10.8125]},
			"faces": {
				"north": {"uv": [8, 2, 6, 4], "texture": "#0"},
				"east": {"uv": [2, 2, 0, 4], "texture": "#0"},
				"south": {"uv": [4, 2, 2, 4], "texture": "#0"},
				"west": {"uv": [6, 2, 4, 4], "texture": "#0"},
				"up": {"uv": [2, 2, 4, 0], "rotation": 180, "texture": "#0"},
				"down": {"uv": [4, 0, 6, 2], "rotation": 180, "texture": "#0"}
			}
		},
		{
			"name": "headmid",
			"from": [6.75, 0.751, 7.625],
			"to": [12.75, 7.751, 13.375],
			"rotation": {"angle": 22.5, "axis": "y", "origin": [9.75, 4.126, 10.8125]},
			"faces": {
				"north": {"uv": [12.25, 2, 13.75, 3.75], "texture": "#0"},
				"east": {"uv": [11, 2, 12.25, 3.75], "texture": "#0"},
				"south": {"uv": [9.5, 2, 11, 3.75], "texture": "#0"},
				"west": {"uv": [8.25, 2, 9.5, 3.75], "texture": "#0"},
				"up": {"uv": [11, 2, 9.5, 0.75], "rotation": 180, "texture": "#0"},
				"down": {"uv": [12.5, 0.75, 11, 2], "rotation": 180, "texture": "#0"}
			}
		},
		{
			"name": "main_head",
			"from": [1.8, 12, 9.3],
			"to": [13.8, 22, 9.3],
			"rotation": {"angle": -22.5, "axis": "y", "origin": [11, 9, 13]},
			"faces": {
				"north": {"uv": [8.75, 11.25, 11.75, 13.75], "texture": "#0"},
				"east": {"uv": [14.75, 11.25, 14.75, 13.75], "texture": "#0"},
				"south": {"uv": [11.75, 11.25, 8.75, 13.75], "texture": "#0"},
				"west": {"uv": [11.75, 11.25, 11.75, 13.75], "texture": "#0"},
				"up": {"uv": [11.75, 11.25, 11.75, 8.25], "rotation": 270, "texture": "#0"},
				"down": {"uv": [11.75, 8.25, 11.75, 11.25], "rotation": 90, "texture": "#0"}
			}
		},
		{
			"name": "main_head",
			"from": [6.8, 4, 7.1],
			"to": [18.8, 14, 7.1],
			"rotation": {"angle": 22.5, "axis": "y", "origin": [11, 9, 13]},
			"faces": {
				"north": {"uv": [11.75, 11.25, 8.75, 13.75], "texture": "#0"},
				"east": {"uv": [11.75, 11.25, 11.75, 13.75], "texture": "#0"},
				"south": {"uv": [8.75, 11.25, 11.75, 13.75], "texture": "#0"},
				"west": {"uv": [14.75, 11.25, 14.75, 13.75], "texture": "#0"},
				"up": {"uv": [11.75, 11.25, 11.75, 8.25], "rotation": 90, "texture": "#0"},
				"down": {"uv": [11.75, 8.25, 11.75, 11.25], "rotation": 270, "texture": "#0"}
			}
		},
		{
			"name": "main_head",
			"from": [1.2, 4, 8.6],
			"to": [13.2, 14, 8.6],
			"rotation": {"angle": 22.5, "axis": "y", "origin": [11, 9, 13]},
			"faces": {
				"north": {"uv": [8.75, 11.25, 11.75, 13.75], "texture": "#0"},
				"east": {"uv": [14.75, 11.25, 14.75, 13.75], "texture": "#0"},
				"south": {"uv": [11.75, 11.25, 8.75, 13.75], "texture": "#0"},
				"west": {"uv": [11.75, 11.25, 11.75, 13.75], "texture": "#0"},
				"up": {"uv": [11.75, 11.25, 11.75, 8.25], "rotation": 270, "texture": "#0"},
				"down": {"uv": [11.75, 8.25, 11.75, 11.25], "rotation": 90, "texture": "#0"}
			}
		},
		{
			"name": "main_head",
			"from": [10.7, 4, 2.9],
			"to": [10.7, 14, 14.9],
			"rotation": {"angle": 22.5, "axis": "y", "origin": [11, 9, 13]},
			"faces": {
				"north": {"uv": [14.75, 11.25, 14.75, 13.75], "texture": "#0"},
				"east": {"uv": [11.75, 11.25, 8.75, 13.75], "texture": "#0"},
				"south": {"uv": [11.75, 11.25, 11.75, 13.75], "texture": "#0"},
				"west": {"uv": [8.75, 11.25, 11.75, 13.75], "texture": "#0"},
				"up": {"uv": [11.75, 11.25, 11.75, 8.25], "rotation": 180, "texture": "#0"},
				"down": {"uv": [11.75, 8.25, 11.75, 11.25], "rotation": 180, "texture": "#0"}
			}
		},
		{
			"name": "main_head",
			"from": [8.8, 4, -0.3],
			"to": [8.8, 14, 11.7],
			"rotation": {"angle": 22.5, "axis": "y", "origin": [11, 9, 13]},
			"faces": {
				"north": {"uv": [11.75, 11.25, 11.75, 13.75], "texture": "#0"},
				"east": {"uv": [8.75, 11.25, 11.75, 13.75], "texture": "#0"},
				"south": {"uv": [14.75, 11.25, 14.75, 13.75], "texture": "#0"},
				"west": {"uv": [11.75, 11.25, 8.75, 13.75], "texture": "#0"},
				"up": {"uv": [11.75, 11.25, 11.75, 8.25], "texture": "#0"},
				"down": {"uv": [11.75, 8.25, 11.75, 11.25], "texture": "#0"}
			}
		}
	],
	"display": {
		"thirdperson_righthand": {
			"translation": [0, 3, 0],
			"scale": [0.5, 0.5, 0.5]
		},
		"thirdperson_lefthand": {
			"translation": [0, 3, 0],
			"scale": [0.5, 0.5, 0.5]
		},
		"firstperson_righthand": {
			"rotation": [3, 11, 0],
			"scale": [0.5, 0.5, 0.5]
		},
		"firstperson_lefthand": {
			"rotation": [0, -180, 0],
			"scale": [0.5, 0.5, 0.5]
		},
		"ground": {
			"scale": [0.5, 0.5, 0.5]
		},
		"gui": {
			"rotation": [0, 148, 0],
			"translation": [0.25, -0.25, 0],
			"scale": [0.5, 0.5, 0.5]
		},
		"head": {
			"rotation": [0, -87, 0],
			"translation": [0, 14.5, 0]
		},
		"fixed": {
			"rotation": [0, -48, 0],
			"translation": [1, 0, 0]
		}
	},
	"groups": [
		{
			"name": "Skull",
			"origin": [8, 8, 8],
			"color": 0,
			"children": [0, 1, 2]
		},
		{
			"name": "Skull",
			"origin": [8, 8, 8],
			"color": 0,
			"children": [3, 4, 5]
		},
		{
			"name": "Skull",
			"origin": [8, 8, 8],
			"color": 0,
			"children": [6, 7, 8]
		},
		{
			"name": "Skull",
			"origin": [8, 8, 8],
			"color": 0,
			"children": [9, 10, 11]
		},
		{
			"name": "Skull",
			"origin": [8, 8, 8],
			"color": 0,
			"children": [12, 13, 14]
		},
		15,
		16,
		17,
		18,
		19
	]
}