{
	"credit": "Made with Blockbench",
	"ambientocclusion": false,
	"render_type": "cutout",
	"texture_size": [64, 64],
	"textures": {
		"1": "graveyard:block/wither_skeleton",
		"particle": "graveyard:block/wither_skeleton_extra"
	},
	"elements": [
		{
			"name": "spine",
			"from": [8, 0.001, 3.75],
			"to": [15, 3.001, 14.75],
			"rotation": {"angle": 22.5, "axis": "y", "origin": [11.5, 1.501, 5.5]},
			"faces": {
				"north": {"uv": [7, 4, 9, 5], "texture": "#1"},
				"east": {"uv": [4, 5, 5, 8], "rotation": 270, "texture": "#1"},
				"south": {"uv": [5, 4, 7, 5], "texture": "#1"},
				"west": {"uv": [7, 5, 7.75, 8], "rotation": 90, "texture": "#1"},
				"up": {"uv": [5, 8, 7, 5], "texture": "#1"},
				"down": {"uv": [10, 5, 8, 8], "texture": "#1"}
			}
		},
		{
			"name": "spineIN",
			"from": [15, 0.001, 3.75],
			"to": [8, 3.001, 14.75],
			"rotation": {"angle": 22.5, "axis": "y", "origin": [11.5, 1.501, 5.5]},
			"faces": {
				"north": {"uv": [9, 4, 7, 5], "texture": "#1"},
				"east": {"uv": [7.75, 5, 7, 8], "rotation": 270, "texture": "#1"},
				"south": {"uv": [5, 4, 7, 5], "texture": "#1"},
				"west": {"uv": [4.75, 5, 4, 8], "rotation": 90, "texture": "#1"},
				"up": {"uv": [7, 8, 5, 5], "texture": "#1"},
				"down": {"uv": [8, 5, 10, 8], "texture": "#1"}
			}
		},
		{
			"name": "spine",
			"from": [1, 0.002, 3],
			"to": [10, 3.002, 10],
			"rotation": {"angle": -22.5, "axis": "y", "origin": [5.5, 1.501, 6.5]},
			"faces": {
				"north": {"uv": [7, 5, 7.75, 7.5], "rotation": 90, "texture": "#1"},
				"east": {"uv": [5, 4, 7, 5], "texture": "#1"},
				"south": {"uv": [4, 5, 5, 7.5], "rotation": 270, "texture": "#1"},
				"west": {"uv": [5, 4, 7, 5], "texture": "#1"},
				"up": {"uv": [5, 7.5, 7, 5], "rotation": 90, "texture": "#1"},
				"down": {"uv": [10, 5, 8, 7.5], "rotation": 270, "texture": "#1"}
			}
		},
		{
			"name": "spineIN",
			"from": [1, 0.002, 10],
			"to": [10, 3.002, 3],
			"rotation": {"angle": -22.5, "axis": "y", "origin": [5.5, 1.501, 6.5]},
			"faces": {
				"north": {"uv": [4.75, 5, 4, 7.5], "rotation": 90, "texture": "#1"},
				"east": {"uv": [7, 4, 5, 5], "texture": "#1"},
				"south": {"uv": [7.75, 5, 7, 7.5], "rotation": 270, "texture": "#1"},
				"west": {"uv": [5, 4, 7, 5], "texture": "#1"},
				"up": {"uv": [7, 7.5, 5, 5], "rotation": 90, "texture": "#1"},
				"down": {"uv": [8, 5, 10, 7.5], "rotation": 270, "texture": "#1"}
			}
		},
		{
			"name": "spine",
			"from": [6.5, 3.003, 3.05],
			"to": [13.5, 6.003, 12.05],
			"rotation": {"angle": -45, "axis": "y", "origin": [6.5, 1.501, 7.3]},
			"faces": {
				"north": {"uv": [5, 4, 7, 5], "texture": "#1"},
				"east": {"uv": [7, 5, 7.75, 7.5], "rotation": 90, "texture": "#1"},
				"south": {"uv": [5, 4, 7, 5], "texture": "#1"},
				"west": {"uv": [4, 5, 5, 7.5], "rotation": 270, "texture": "#1"},
				"up": {"uv": [5, 7.5, 7, 5], "rotation": 180, "texture": "#1"},
				"down": {"uv": [10, 5, 8, 7.5], "rotation": 180, "texture": "#1"}
			}
		},
		{
			"name": "spineIN",
			"from": [13.5, 3.003, 3.05],
			"to": [6.5, 6.003, 12.05],
			"rotation": {"angle": -45, "axis": "y", "origin": [6.5, 1.501, 7.3]},
			"faces": {
				"north": {"uv": [5, 4, 7, 5], "texture": "#1"},
				"east": {"uv": [4.75, 5, 4, 7.5], "rotation": 90, "texture": "#1"},
				"south": {"uv": [7, 4, 5, 5], "texture": "#1"},
				"west": {"uv": [7.75, 5, 7, 7.5], "rotation": 270, "texture": "#1"},
				"up": {"uv": [7, 7.5, 5, 5], "rotation": 180, "texture": "#1"},
				"down": {"uv": [8, 5, 10, 7.5], "rotation": 180, "texture": "#1"}
			}
		},
		{
			"name": "spine",
			"from": [1.75901, 0.001, 9.48546],
			"to": [4.75901, 2.001, 16.48546],
			"rotation": {"angle": 45, "axis": "y", "origin": [3.90901, 3.101, 12.98546]},
			"faces": {
				"north": {"uv": [4, 7.5, 5, 8], "texture": "#1"},
				"east": {"uv": [10, 7.5, 8, 8], "texture": "#1"},
				"south": {"uv": [7, 7.5, 7.75, 8], "texture": "#1"},
				"west": {"uv": [5, 8, 7, 7.5], "rotation": 180, "texture": "#1"},
				"up": {"uv": [5, 4, 7, 5], "rotation": 270, "texture": "#1"},
				"down": {"uv": [7, 4, 9, 5], "rotation": 270, "texture": "#1"}
			}
		},
		{
			"name": "spineIN",
			"from": [1.75901, 0.001, 16.48546],
			"to": [4.75901, 2.001, 9.48546],
			"rotation": {"angle": 45, "axis": "y", "origin": [3.90901, 3.101, 12.98546]},
			"faces": {
				"north": {"uv": [7.75, 7.5, 7, 8], "texture": "#1"},
				"east": {"uv": [8, 7.5, 10, 8], "texture": "#1"},
				"south": {"uv": [4.75, 7.5, 4, 8], "texture": "#1"},
				"west": {"uv": [7, 8, 5, 7.5], "rotation": 180, "texture": "#1"},
				"up": {"uv": [5, 4, 7, 5], "rotation": 270, "texture": "#1"},
				"down": {"uv": [9, 4, 7, 5], "rotation": 270, "texture": "#1"}
			}
		},
		{
			"name": "arm",
			"from": [6.97414, -0.45, 12.18152],
			"to": [8.97414, 11.55, 14.18152],
			"rotation": {"angle": -22.5, "axis": "x", "origin": [7.97414, 6.8, 13.18152]},
			"faces": {
				"north": {"uv": [1, 4.5, 0.5, 7.5], "texture": "#1"},
				"east": {"uv": [1.5, 4.5, 1, 7.5], "texture": "#1"},
				"south": {"uv": [2, 4.5, 1.5, 7.5], "texture": "#1"},
				"west": {"uv": [0.5, 4.5, 0, 7.5], "texture": "#1"},
				"up": {"uv": [0.5, 4.5, 1, 4], "texture": "#1"},
				"down": {"uv": [1, 4, 1.5, 4.5], "texture": "#1"}
			}
		},
		{
			"name": "arm",
			"from": [3.22414, 3, 2.18152],
			"to": [15.22414, 5, 4.18152],
			"rotation": {"angle": 0, "axis": "x", "origin": [7.97414, 4, 3.18152]},
			"faces": {
				"north": {"uv": [1, 4.5, 0.5, 7.5], "rotation": 90, "texture": "#1"},
				"east": {"uv": [1, 4, 1.5, 4.5], "rotation": 270, "texture": "#1"},
				"south": {"uv": [2, 4.5, 1.5, 7.5], "rotation": 270, "texture": "#1"},
				"west": {"uv": [0.5, 4.5, 1, 4], "rotation": 270, "texture": "#1"},
				"up": {"uv": [1.5, 4.5, 1, 7.5], "rotation": 270, "texture": "#1"},
				"down": {"uv": [0.5, 4.5, 0, 7.5], "rotation": 270, "texture": "#1"}
			}
		},
		{
			"name": "arm",
			"from": [3.22414, 6, 7.18152],
			"to": [15.22414, 8, 9.18152],
			"rotation": {"angle": -45, "axis": "y", "origin": [7.97414, 7, 8.18152]},
			"faces": {
				"north": {"uv": [1.5, 4.5, 1, 7.5], "rotation": 90, "texture": "#1"},
				"east": {"uv": [1, 4, 1.5, 4.5], "texture": "#1"},
				"south": {"uv": [0.5, 4.5, 0, 7.5], "rotation": 270, "texture": "#1"},
				"west": {"uv": [0.5, 4.5, 1, 4], "rotation": 180, "texture": "#1"},
				"up": {"uv": [2, 4.5, 1.5, 7.5], "rotation": 270, "texture": "#1"},
				"down": {"uv": [1, 4.5, 0.5, 7.5], "rotation": 270, "texture": "#1"}
			}
		}
	],
	"display": {
		"thirdperson_righthand": {
			"rotation": [23, 0, 0],
			"translation": [0, 1.5, 0.5],
			"scale": [0.5, 0.5, 0.5]
		},
		"thirdperson_lefthand": {
			"rotation": [41, 0, 0],
			"translation": [0.25, 1.75, 0.75],
			"scale": [0.5, 0.5, 0.5]
		},
		"firstperson_righthand": {
			"translation": [3.75, 3.25, 0],
			"scale": [0.75, 0.75, 0.75]
		},
		"firstperson_lefthand": {
			"translation": [3, 3.5, 0],
			"scale": [0.75, 0.75, 0.75]
		},
		"ground": {
			"scale": [0.5, 0.5, 0.5]
		},
		"gui": {
			"rotation": [90, -180, 0],
			"translation": [0.25, -0.25, 0],
			"scale": [0.75, 0.75, 0.75]
		},
		"head": {
			"translation": [0, 14.25, -0.25]
		},
		"fixed": {
			"rotation": [-90, 0, 0],
			"translation": [-0.5, -0.5, -7.25]
		}
	},
	"groups": [
		{
			"name": "Body",
			"origin": [8, 8, 8],
			"color": 0,
			"children": [0, 1]
		},
		{
			"name": "Ribs",
			"origin": [8, 8, 8],
			"color": 0,
			"children": [2, 3]
		},
		{
			"name": "Body",
			"origin": [8, 8, 8],
			"color": 0,
			"children": [
				{
					"name": "Ribs",
					"origin": [8, 8, 8],
					"color": 0,
					"children": [4, 5]
				}
			]
		},
		{
			"name": "Pelvis",
			"origin": [8, 8, 8],
			"color": 0,
			"children": [6, 7]
		},
		8,
		9,
		10
	]
}