{
	"credit": "Made with Blockbench",
	"ambientocclusion": false,
	"render_type": "cutout",
	"texture_size": [64, 64],
	"textures": {
		"1": "graveyard:block/wither_skeleton",
		"2": "graveyard:block/stick",
		"particle": "graveyard:block/wither_skeleton_extra"
	},
	"elements": [
		{
			"from": [-1, 0, 11],
			"to": [1, 16, 13],
			"rotation": {"angle": 22.5, "axis": "y", "origin": [0, 0, 0]},
			"faces": {
				"north": {"uv": [7, 0, 9, 16], "texture": "#2"},
				"east": {"uv": [7, 0, 9, 16], "texture": "#2"},
				"south": {"uv": [7, 0, 9, 16], "texture": "#2"},
				"west": {"uv": [7, 0, 9, 16], "texture": "#2"},
				"up": {"uv": [2, 2, 0, 0], "texture": "#2"},
				"down": {"uv": [2, 0, 0, 2], "texture": "#2"}
			}
		},
		{
			"name": "head",
			"from": [8, 8.001, 0.625],
			"to": [16, 16.001, 8.625],
			"rotation": {"angle": 0, "axis": "y", "origin": [12, 12.126, 4.3125]},
			"faces": {
				"north": {"uv": [6, 2, 8, 4], "texture": "#1"},
				"east": {"uv": [4, 2, 6, 4], "texture": "#1"},
				"south": {"uv": [2, 2, 4, 4], "texture": "#1"},
				"west": {"uv": [0, 2, 2, 4], "texture": "#1"},
				"up": {"uv": [4, 2, 2, 0], "rotation": 180, "texture": "#1"},
				"down": {"uv": [6, 0, 4, 2], "rotation": 180, "texture": "#1"}
			}
		},
		{
			"name": "headIN",
			"from": [16, 8.001, 0.625],
			"to": [8, 16.001, 8.625],
			"rotation": {"angle": 0, "axis": "y", "origin": [12, 12.126, 4.3125]},
			"faces": {
				"north": {"uv": [8, 2, 6, 4], "texture": "#1"},
				"east": {"uv": [2, 2, 0, 4], "texture": "#1"},
				"south": {"uv": [4, 2, 2, 4], "texture": "#1"},
				"west": {"uv": [6, 2, 4, 4], "texture": "#1"},
				"up": {"uv": [2, 2, 4, 0], "rotation": 180, "texture": "#1"},
				"down": {"uv": [4, 0, 6, 2], "rotation": 180, "texture": "#1"}
			}
		},
		{
			"name": "headmid",
			"from": [9, 8.751, 1.125],
			"to": [15, 15.751, 6.875],
			"rotation": {"angle": 0, "axis": "y", "origin": [12, 12.126, 4.3125]},
			"faces": {
				"north": {"uv": [12.25, 2, 13.75, 3.75], "texture": "#1"},
				"east": {"uv": [11, 2, 12.25, 3.75], "texture": "#1"},
				"south": {"uv": [9.5, 2, 11, 3.75], "texture": "#1"},
				"west": {"uv": [8.25, 2, 9.5, 3.75], "texture": "#1"},
				"up": {"uv": [11, 2, 9.5, 0.75], "rotation": 180, "texture": "#1"},
				"down": {"uv": [12.5, 0.75, 11, 2], "rotation": 180, "texture": "#1"}
			}
		},
		{
			"name": "head",
			"from": [-1.5, 16.001, 3.725],
			"to": [6.5, 24.001, 11.725],
			"rotation": {"angle": 22.5, "axis": "y", "origin": [12, 20.126, 4.3125]},
			"faces": {
				"north": {"uv": [6, 2, 8, 4], "texture": "#1"},
				"east": {"uv": [4, 2, 6, 4], "texture": "#1"},
				"south": {"uv": [2, 2, 4, 4], "texture": "#1"},
				"west": {"uv": [0, 2, 2, 4], "texture": "#1"},
				"up": {"uv": [4, 2, 2, 0], "rotation": 180, "texture": "#1"},
				"down": {"uv": [6, 0, 4, 2], "rotation": 180, "texture": "#1"}
			}
		},
		{
			"name": "headIN",
			"from": [6.5, 16.001, 3.725],
			"to": [-1.5, 24.001, 11.725],
			"rotation": {"angle": 22.5, "axis": "y", "origin": [12, 20.126, 4.3125]},
			"faces": {
				"north": {"uv": [8, 2, 6, 4], "texture": "#1"},
				"east": {"uv": [2, 2, 0, 4], "texture": "#1"},
				"south": {"uv": [4, 2, 2, 4], "texture": "#1"},
				"west": {"uv": [6, 2, 4, 4], "texture": "#1"},
				"up": {"uv": [2, 2, 4, 0], "rotation": 180, "texture": "#1"},
				"down": {"uv": [4, 0, 6, 2], "rotation": 180, "texture": "#1"}
			}
		},
		{
			"name": "headmid",
			"from": [-0.5, 16.751, 4.225],
			"to": [5.5, 23.751, 9.975],
			"rotation": {"angle": 22.5, "axis": "y", "origin": [12, 20.126, 4.3125]},
			"faces": {
				"north": {"uv": [12.25, 2, 13.75, 3.75], "texture": "#1"},
				"east": {"uv": [11, 2, 12.25, 3.75], "texture": "#1"},
				"south": {"uv": [9.5, 2, 11, 3.75], "texture": "#1"},
				"west": {"uv": [8.25, 2, 9.5, 3.75], "texture": "#1"},
				"up": {"uv": [11, 2, 9.5, 0.75], "rotation": 180, "texture": "#1"},
				"down": {"uv": [12.5, 0.75, 11, 2], "rotation": 180, "texture": "#1"}
			}
		},
		{
			"from": [-1, 16, 11],
			"to": [1, 25, 13],
			"rotation": {"angle": 22.5, "axis": "y", "origin": [0, 0, 0]},
			"faces": {
				"north": {"uv": [7, 7, 9, 16], "texture": "#2"},
				"east": {"uv": [7, 7, 9, 16], "texture": "#2"},
				"south": {"uv": [7, 7, 9, 16], "texture": "#2"},
				"west": {"uv": [7, 7, 9, 16], "texture": "#2"},
				"up": {"uv": [2, 2, 0, 0], "texture": "#2"},
				"down": {"uv": [2, 0, 0, 2], "texture": "#2"}
			}
		},
		{
			"from": [10.98324, 16, 3.62509],
			"to": [12.98324, 17, 5.62509],
			"rotation": {"angle": 0, "axis": "y", "origin": [11.98324, 14.25, 8.02509]},
			"faces": {
				"north": {"uv": [7, 15, 9, 16], "texture": "#2"},
				"east": {"uv": [7, 15, 9, 16], "texture": "#2"},
				"south": {"uv": [7, 15, 9, 16], "texture": "#2"},
				"west": {"uv": [7, 15, 9, 16], "texture": "#2"},
				"up": {"uv": [2, 2, 0, 0], "texture": "#2"},
				"down": {"uv": [2, 0, 0, 2], "texture": "#2"}
			}
		},
		{
			"from": [11.48324, 17, 4.12509],
			"to": [12.48324, 19, 5.12509],
			"rotation": {"angle": 0, "axis": "y", "origin": [11.98324, 14.25, 8.02509]},
			"faces": {
				"north": {"uv": [0, 0, 1, 2], "texture": "#2"},
				"east": {"uv": [0, 0, 1, 2], "texture": "#2"},
				"south": {"uv": [0, 0, 1, 2], "texture": "#2"},
				"west": {"uv": [0, 0, 1, 2], "texture": "#2"},
				"up": {"uv": [1, 1, 0, 0], "texture": "#2"},
				"down": {"uv": [1, 0, 0, 1], "texture": "#2"}
			}
		},
		{
			"from": [2.18324, 25, 7.22509],
			"to": [3.18324, 27, 8.22509],
			"rotation": {"angle": 22.5, "axis": "y", "origin": [11.98324, 25, 4.62509]},
			"faces": {
				"north": {"uv": [0, 0, 1, 2], "texture": "#2"},
				"east": {"uv": [0, 0, 1, 2], "texture": "#2"},
				"south": {"uv": [0, 0, 1, 2], "texture": "#2"},
				"west": {"uv": [0, 0, 1, 2], "texture": "#2"},
				"up": {"uv": [1, 1, 0, 0], "texture": "#2"},
				"down": {"uv": [1, 0, 0, 1], "texture": "#2"}
			}
		},
		{
			"from": [10.98324, 0, 3.62509],
			"to": [12.98324, 16, 5.62509],
			"rotation": {"angle": 0, "axis": "y", "origin": [11.98324, 14.25, 8.02509]},
			"faces": {
				"north": {"uv": [7, 0, 9, 16], "texture": "#2"},
				"east": {"uv": [7, 0, 9, 16], "texture": "#2"},
				"south": {"uv": [7, 0, 9, 16], "texture": "#2"},
				"west": {"uv": [7, 0, 9, 16], "texture": "#2"},
				"up": {"uv": [2, 2, 0, 0], "texture": "#2"},
				"down": {"uv": [2, 0, 0, 2], "texture": "#2"}
			}
		},
		{
			"name": "main_head",
			"from": [11.95, 12, -3.3],
			"to": [11.95, 22, 8.7],
			"rotation": {"angle": 0, "axis": "y", "origin": [11, 9, 13]},
			"faces": {
				"north": {"uv": [14.75, 11.25, 14.75, 13.75], "texture": "#1"},
				"east": {"uv": [11.75, 11.25, 8.75, 13.75], "texture": "#1"},
				"south": {"uv": [11.75, 11.25, 11.75, 13.75], "texture": "#1"},
				"west": {"uv": [8.75, 11.25, 11.75, 13.75], "texture": "#1"},
				"up": {"uv": [11.75, 11.25, 11.75, 8.25], "rotation": 180, "texture": "#1"},
				"down": {"uv": [11.75, 8.25, 11.75, 11.25], "rotation": 180, "texture": "#1"}
			}
		},
		{
			"name": "main_head",
			"from": [5.8, 20, 0.75],
			"to": [5.8, 30, 12.75],
			"rotation": {"angle": 22.5, "axis": "y", "origin": [11, 9, 13]},
			"faces": {
				"north": {"uv": [14.75, 11.25, 14.75, 13.75], "texture": "#1"},
				"east": {"uv": [11.75, 11.25, 8.75, 13.75], "texture": "#1"},
				"south": {"uv": [11.75, 11.25, 11.75, 13.75], "texture": "#1"},
				"west": {"uv": [8.75, 11.25, 11.75, 13.75], "texture": "#1"},
				"up": {"uv": [11.75, 11.25, 11.75, 8.25], "rotation": 180, "texture": "#1"},
				"down": {"uv": [11.75, 8.25, 11.75, 11.25], "rotation": 180, "texture": "#1"}
			}
		}
	],
	"display": {
		"thirdperson_righthand": {
			"rotation": [0, 143, 0],
			"translation": [0, 0, 0.5],
			"scale": [0.5, 0.5, 0.5]
		},
		"thirdperson_lefthand": {
			"rotation": [0, 180, 0],
			"translation": [0, 0, 0.75],
			"scale": [0.5, 0.5, 0.5]
		},
		"firstperson_righthand": {
			"rotation": [0, 180, 0],
			"translation": [3.75, 0, 0],
			"scale": [0.75, 0.75, 0.75]
		},
		"firstperson_lefthand": {
			"rotation": [0, -169, 0],
			"translation": [3, 0, 0],
			"scale": [0.75, 0.75, 0.75]
		},
		"ground": {
			"scale": [0.5, 0.5, 0.5]
		},
		"gui": {
			"translation": [0.25, -2.25, 0],
			"scale": [0.6, 0.6, 0.6]
		},
		"head": {
			"rotation": [0, 180, 0],
			"translation": [0, 8.25, -0.5]
		},
		"fixed": {
			"rotation": [0, 171, 0],
			"translation": [0, -1.25, -3.25]
		}
	},
	"groups": [
		0,
		{
			"name": "Skull",
			"origin": [8, 8, 8],
			"color": 0,
			"children": [1, 2, 3]
		},
		{
			"name": "Skull",
			"origin": [8, 8, 8],
			"color": 0,
			"children": [4, 5, 6]
		},
		7,
		8,
		9,
		10,
		11,
		12,
		13
	]
}