{
	"credit": "Made with Blockbench",
	"parent": "block/block",
	"ambientocclusion": false,
	"textures": {
		"particle": "block/end_rod",
		"end_rod": "block/end_rod"
	},
	"elements": [
		{
			"from": [7, 1, 7],
			"to": [9, 16, 9],
			"faces": {
				"north": {"uv": [0, 0, 2, 15], "texture": "#end_rod"},
				"east": {"uv": [0, 0, 2, 15], "texture": "#end_rod"},
				"south": {"uv": [0, 0, 2, 15], "texture": "#end_rod"},
				"west": {"uv": [0, 0, 2, 15], "texture": "#end_rod"},
				"up": {"uv": [0, 0, 2, 2], "texture": "#end_rod", "cullface": "up"}
			}
		},
		{
			"from": [6, 0, 6],
			"to": [10, 2, 10],
			"rotation": {"angle": 0, "axis": "y", "origin": [7, 0, 8]},
			"faces": {
				"north": {"uv": [2, 2, 6, 4], "texture": "#end_rod"},
				"east": {"uv": [2, 2, 6, 4], "texture": "#end_rod"},
				"south": {"uv": [2, 2, 6, 4], "texture": "#end_rod"},
				"west": {"uv": [2, 2, 6, 4], "texture": "#end_rod"},
				"up": {"uv": [2, 4, 6, 8], "texture": "#end_rod"},
				"down": {"uv": [2, 4, 6, 8], "texture": "#end_rod"}
			}
		},
		{
			"from": [7, 2, 10],
			"to": [9, 3, 10],
			"rotation": {"angle": 0, "axis": "y", "origin": [7, 2, 8]},
			"faces": {
				"north": {"uv": [3, 1, 5, 2], "texture": "#end_rod"},
				"east": {"uv": [0, 0, 0, 1], "texture": "#end_rod"},
				"south": {"uv": [3, 1, 5, 2], "texture": "#end_rod"},
				"west": {"uv": [0, 0, 0, 1], "texture": "#end_rod"},
				"up": {"uv": [0, 0, 2, 0], "texture": "#end_rod"},
				"down": {"uv": [0, 0, 2, 0], "texture": "#end_rod"}
			}
		},
		{
			"from": [6, 3, 10],
			"to": [7, 4, 10],
			"rotation": {"angle": 0, "axis": "y", "origin": [6, 3, 8]},
			"faces": {
				"north": {"uv": [5, 0, 6, 1], "texture": "#end_rod"},
				"east": {"uv": [0, 0, 0, 1], "texture": "#end_rod"},
				"south": {"uv": [2, 0, 3, 1], "texture": "#end_rod"},
				"west": {"uv": [0, 0, 0, 1], "texture": "#end_rod"},
				"up": {"uv": [0, 0, 1, 0], "texture": "#end_rod"},
				"down": {"uv": [0, 0, 1, 0], "texture": "#end_rod"}
			}
		},
		{
			"from": [9, 3, 10],
			"to": [10, 4, 10],
			"rotation": {"angle": 0, "axis": "y", "origin": [9, 3, 8]},
			"faces": {
				"north": {"uv": [2, 0, 3, 1], "texture": "#end_rod"},
				"east": {"uv": [0, 0, 0, 1], "texture": "#end_rod"},
				"south": {"uv": [5, 0, 6, 1], "texture": "#end_rod"},
				"west": {"uv": [0, 0, 0, 1], "texture": "#end_rod"},
				"up": {"uv": [0, 0, 1, 0], "texture": "#end_rod"},
				"down": {"uv": [0, 0, 1, 0], "texture": "#end_rod"}
			}
		},
		{
			"from": [6, 3, 6],
			"to": [7, 4, 6],
			"rotation": {"angle": 0, "axis": "y", "origin": [6, 3, 4]},
			"faces": {
				"north": {"uv": [5, 0, 6, 1], "texture": "#end_rod"},
				"east": {"uv": [0, 0, 0, 1], "texture": "#end_rod"},
				"south": {"uv": [2, 0, 3, 1], "texture": "#end_rod"},
				"west": {"uv": [0, 0, 0, 1], "texture": "#end_rod"},
				"up": {"uv": [0, 0, 1, 0], "texture": "#end_rod"},
				"down": {"uv": [0, 0, 1, 0], "texture": "#end_rod"}
			}
		},
		{
			"from": [7, 2, 6],
			"to": [9, 3, 6],
			"rotation": {"angle": 0, "axis": "y", "origin": [7, 2, 4]},
			"faces": {
				"north": {"uv": [3, 1, 5, 2], "texture": "#end_rod"},
				"east": {"uv": [0, 0, 0, 1], "texture": "#end_rod"},
				"south": {"uv": [3, 1, 5, 2], "texture": "#end_rod"},
				"west": {"uv": [0, 0, 0, 1], "texture": "#end_rod"},
				"up": {"uv": [0, 0, 2, 0], "texture": "#end_rod"},
				"down": {"uv": [0, 0, 2, 0], "texture": "#end_rod"}
			}
		},
		{
			"from": [9, 3, 6],
			"to": [10, 4, 6],
			"rotation": {"angle": 0, "axis": "y", "origin": [9, 3, 4]},
			"faces": {
				"north": {"uv": [2, 0, 3, 1], "texture": "#end_rod"},
				"east": {"uv": [0, 0, 0, 1], "texture": "#end_rod"},
				"south": {"uv": [5, 0, 6, 1], "texture": "#end_rod"},
				"west": {"uv": [0, 0, 0, 1], "texture": "#end_rod"},
				"up": {"uv": [0, 0, 1, 0], "texture": "#end_rod"},
				"down": {"uv": [0, 0, 1, 0], "texture": "#end_rod"}
			}
		},
		{
			"from": [6, 3, 9],
			"to": [6, 4, 10],
			"rotation": {"angle": 0, "axis": "y", "origin": [8, 3, 8]},
			"faces": {
				"north": {"uv": [0, 0, 0, 1], "texture": "#end_rod"},
				"east": {"uv": [2, 0, 3, 1], "texture": "#end_rod"},
				"south": {"uv": [0, 0, 0, 1], "texture": "#end_rod"},
				"west": {"uv": [5, 0, 6, 1], "texture": "#end_rod"},
				"up": {"uv": [0, 0, 1, 0], "rotation": 270, "texture": "#end_rod"},
				"down": {"uv": [0, 0, 1, 0], "rotation": 90, "texture": "#end_rod"}
			}
		},
		{
			"from": [6, 2, 7],
			"to": [6, 3, 9],
			"rotation": {"angle": 0, "axis": "y", "origin": [8, 3, 8]},
			"faces": {
				"north": {"uv": [0, 0, 0, 1], "texture": "#end_rod"},
				"east": {"uv": [3, 1, 5, 2], "texture": "#end_rod"},
				"south": {"uv": [0, 0, 0, 1], "texture": "#end_rod"},
				"west": {"uv": [3, 1, 5, 2], "texture": "#end_rod"},
				"up": {"uv": [0, 0, 2, 0], "rotation": 270, "texture": "#end_rod"},
				"down": {"uv": [0, 0, 2, 0], "rotation": 90, "texture": "#end_rod"}
			}
		},
		{
			"from": [6, 3, 6],
			"to": [6, 4, 7],
			"rotation": {"angle": 0, "axis": "y", "origin": [8, 3, 8]},
			"faces": {
				"north": {"uv": [0, 0, 0, 1], "texture": "#end_rod"},
				"east": {"uv": [5, 0, 6, 1], "texture": "#end_rod"},
				"south": {"uv": [0, 0, 0, 1], "texture": "#end_rod"},
				"west": {"uv": [2, 0, 3, 1], "texture": "#end_rod"},
				"up": {"uv": [0, 0, 1, 0], "rotation": 270, "texture": "#end_rod"},
				"down": {"uv": [0, 0, 1, 0], "rotation": 90, "texture": "#end_rod"}
			}
		},
		{
			"from": [10, 3, 6],
			"to": [10, 4, 7],
			"rotation": {"angle": 0, "axis": "y", "origin": [8, 3, 8]},
			"faces": {
				"north": {"uv": [0, 0, 0, 1], "texture": "#end_rod"},
				"east": {"uv": [5, 0, 6, 1], "texture": "#end_rod"},
				"south": {"uv": [0, 0, 0, 1], "texture": "#end_rod"},
				"west": {"uv": [2, 0, 3, 1], "texture": "#end_rod"},
				"up": {"uv": [0, 0, 1, 0], "rotation": 270, "texture": "#end_rod"},
				"down": {"uv": [0, 0, 1, 0], "rotation": 90, "texture": "#end_rod"}
			}
		},
		{
			"from": [10, 3, 9],
			"to": [10, 4, 10],
			"rotation": {"angle": 0, "axis": "y", "origin": [8, 3, 8]},
			"faces": {
				"north": {"uv": [0, 0, 0, 1], "texture": "#end_rod"},
				"east": {"uv": [2, 0, 3, 1], "texture": "#end_rod"},
				"south": {"uv": [0, 0, 0, 1], "texture": "#end_rod"},
				"west": {"uv": [5, 0, 6, 1], "texture": "#end_rod"},
				"up": {"uv": [0, 0, 1, 0], "rotation": 270, "texture": "#end_rod"},
				"down": {"uv": [0, 0, 1, 0], "rotation": 90, "texture": "#end_rod"}
			}
		},
		{
			"from": [10, 2, 7],
			"to": [10, 3, 9],
			"rotation": {"angle": 0, "axis": "y", "origin": [8, 3, 8]},
			"faces": {
				"north": {"uv": [0, 0, 0, 1], "texture": "#end_rod"},
				"east": {"uv": [3, 1, 5, 2], "texture": "#end_rod"},
				"south": {"uv": [0, 0, 0, 1], "texture": "#end_rod"},
				"west": {"uv": [3, 1, 5, 2], "texture": "#end_rod"},
				"up": {"uv": [0, 0, 2, 0], "rotation": 270, "texture": "#end_rod"},
				"down": {"uv": [0, 0, 2, 0], "rotation": 90, "texture": "#end_rod"}
			}
		}
	],
	"display": {
		"thirdperson_righthand": {
			"scale": [0.375, 0.375, 0.375]
		},
		"head": {
			"rotation": [-60, 0, 0],
			"translation": [0, 5, -9]
		}
	}
}