{
	"parent": "block/block",
    "textures": {
        "particle": "#lantern"
	},
	"elements": [
		{
			"from": [5, 0, 5],
			"to": [11, 8, 11],
			"faces": {
				"north": {"uv": [0, 2, 6, 10], "texture": "#lantern"},
				"east": {"uv": [0, 2, 6, 10], "texture": "#lantern"},
				"south": {"uv": [0, 2, 6, 10], "texture": "#lantern"},
				"west": {"uv": [0, 2, 6, 10], "texture": "#lantern"},
				"up": {"uv": [0, 10, 6, 16], "texture": "#lantern"},
				"down": {"uv": [0, 10, 6, 16], "texture": "#lantern", "cullface": "down"}
			}
		},
		{
			"from": [6, 8, 6],
			"to": [10, 10, 10],
			"faces": {
				"north": {"uv": [1, 0, 5, 2], "texture": "#lantern"},
				"east": {"uv": [1, 0, 5, 2], "texture": "#lantern"},
				"south": {"uv": [1, 0, 5, 2], "texture": "#lantern"},
				"west": {"uv": [1, 0, 5, 2], "texture": "#lantern"},
				"up": {"uv": [1, 11, 5, 15], "texture": "#lantern"}
			}
		},
		{
			"from": [4.5, 7, 4.5],
			"to": [11.5, 9, 11.5],
			"faces": {
				"north": {"uv": [0, 0, 7, 2], "texture": "#lantern"},
				"east": {"uv": [0, 0, 7, 2], "texture": "#lantern"},
				"south": {"uv": [0, 0, 7, 2], "texture": "#lantern"},
				"west": {"uv": [0, 0, 7, 2], "texture": "#lantern"},
				"up": {"uv": [9, 0, 16, 7], "texture": "#lantern"},
				"down": {"uv": [9, 0, 16, 7], "texture": "#lantern"}
			}
		},
		{
			"from": [8, 10, 6.5],
			"to": [8, 16, 9.5],
			"shade": false,
			"rotation": {"angle": 45, "axis": "y", "origin": [8, 8, 8]},
			"faces": {
				"east": {"uv": [6, 7, 9, 13], "texture": "#lantern"},
				"west": {"uv": [9, 7, 6, 13], "texture": "#lantern"}
			}
		},
		{
			"from": [6.5, 11, 8],
			"to": [9.5, 15, 8],
			"shade": false,
			"rotation": {"angle": 45, "axis": "y", "origin": [8, 8, 8]},
			"faces": {
				"north": {"uv": [9, 2, 6, 6], "texture": "#lantern"},
				"south": {"uv": [6, 2, 9, 6], "texture": "#lantern"}
			}
		}
	]
}