{
    "id": "tiered:epic_elytra_1",
    "verifiers": [
        {
            "id": "minecraft:elytra"
        }
    ],
    "weight": 10,
    "style": {
        "color": "dark_purple"
    },
    "attributes": [
        {
            "type": "generic.movement_speed",
            "modifier": {
                "name": "tiered:epic_elytra_1",
                "operation": "MULTIPLY_BASE",
                "amount": 0.03
            },
            "optional_equipment_slots": [
                "CHEST"
            ]
        },
        {
            "type": "generic.armor",
            "modifier": {
                "name": "tiered:epic_elytra_1",
                "operation": "ADDITION",
                "amount": 2
            },
            "optional_equipment_slots": [
                "CHEST"
            ]
        }
    ]
}