{
    "id": "tiered:legendary_elytra_2",
    "verifiers": [
        {
            "id": "minecraft:elytra"
        }
    ],
    "weight": 5,
    "style": {
        "color": "gold"
    },
    "attributes": [
        {
            "type": "generic.armor",
            "modifier": {
                "name": "tiered:legendary_elytra_2",
                "operation": "ADDITION",
                "amount": 3
            },
            "optional_equipment_slots": [
                "CHEST"
            ]
        },
        {
            "type": "generic.armor_toughness",
            "modifier": {
                "name": "tiered:legendary_elytra_2",
                "operation": "ADDITION",
                "amount": 1
            },
            "optional_equipment_slots": [
                "CHEST"
            ]
        }
    ]
}