{"callbacks":"immersiveengineering:railgun","display":{"firstperson_lefthand":{"right_rotation":[0.0,0.0,0.0],"rotation":[0.0,-84.374954,0.0],"scale":[0.125,0.12499999,0.125],"translation":[-3.5,3.25,1.7500002]},"firstperson_righthand":{"right_rotation":[0.0,0.0,0.0],"rotation":[0.0,84.374954,0.0],"scale":[0.125,0.12499999,0.125],"translation":[-0.99999976,3.0,0.9999995]},"fixed":{"right_rotation":[0.0,0.0,0.0],"rotation":[0.0,0.0,-44.999996],"scale":[0.12500001,0.12500001,0.12500001],"translation":[3.0000005,1.0,1.0000001]},"ground":{"right_rotation":[0.0,0.0,0.0],"scale":[0.125,0.125,0.125],"translation":[2.0,2.0,1.0]},"gui":{"right_rotation":[0.0,0.0,0.0],"rotation":[179.99998,-56.250034,146.25],"scale":[0.18750003,0.1875,0.18750003],"translation":[-2.9999998,0.0,-1.1920929E-7]},"thirdperson_lefthand":{"right_rotation":[0.0,0.0,0.0],"rotation":[0.00003484178,-84.374855,-44.999863],"scale":[0.18750003,0.1875,0.1875],"translation":[-3.0000005,8.0,-5.0]},"thirdperson_righthand":{"right_rotation":[0.0,0.0,0.0],"rotation":[-179.99995,84.374855,-134.99992],"scale":[0.18750003,0.1875,0.1875],"translation":[1.0000005,8.0,-5.0]}},"dynamic":true,"layers":["translucent"],"loader":"immersiveengineering:ie_obj","model":"immersiveengineering:models/item/stick.obj.ie"}